p (Pa)	B'g	B'c	Temp (K)	hw (J/kg)
1.01325E+05	1.00000E+01	9.21228E+01	3.90000E+03	2.95720E+07
1.01325E+05	1.00000E+01	4.48454E+01	3.85000E+03	2.93068E+07
1.01325E+05	1.00000E+01	2.61083E+01	3.80000E+03	2.87065E+07
1.01325E+05	1.00000E+01	1.65676E+01	3.75000E+03	2.78197E+07
1.01325E+05	1.00000E+01	1.10471E+01	3.70000E+03	2.67059E+07
1.01325E+05	1.00000E+01	7.59755E+00	3.65000E+03	2.54322E+07
1.01325E+05	1.00000E+01	5.32831E+00	3.60000E+03	2.40639E+07
1.01325E+05	1.00000E+01	3.77760E+00	3.55000E+03	2.26573E+07
1.01325E+05	1.00000E+01	2.68411E+00	3.50000E+03	2.12560E+07
1.01325E+05	1.00000E+01	1.89043E+00	3.45000E+03	1.98906E+07
1.01325E+05	1.00000E+01	1.29748E+00	3.40000E+03	1.85814E+07
1.01325E+05	1.00000E+01	8.41003E-01	3.35000E+03	1.73404E+07
1.01325E+05	1.00000E+01	4.78590E-01	3.30000E+03	1.61735E+07
1.01325E+05	1.00000E+01	1.81957E-01	3.25000E+03	1.50825E+07
1.01325E+05	1.00000E+01	0.00000E+00	3.20000E+03	1.40724E+07
1.01325E+05	1.00000E+01	0.00000E+00	3.15000E+03	1.31617E+07
1.01325E+05	1.00000E+01	0.00000E+00	3.10000E+03	1.23359E+07
1.01325E+05	1.00000E+01	0.00000E+00	3.05000E+03	1.15878E+07
1.01325E+05	1.00000E+01	0.00000E+00	3.00000E+03	1.09102E+07
1.01325E+05	1.00000E+01	0.00000E+00	2.95000E+03	1.02958E+07
1.01325E+05	1.00000E+01	0.00000E+00	2.90000E+03	9.73786E+06
1.01325E+05	1.00000E+01	0.00000E+00	2.85000E+03	9.23008E+06
1.01325E+05	1.00000E+01	0.00000E+00	2.80000E+03	8.76681E+06
1.01325E+05	1.00000E+01	0.00000E+00	2.75000E+03	8.34299E+06
1.01325E+05	1.00000E+01	0.00000E+00	2.70000E+03	7.95408E+06
1.01325E+05	1.00000E+01	0.00000E+00	2.65000E+03	7.59601E+06
1.01325E+05	1.00000E+01	0.00000E+00	2.60000E+03	7.26512E+06
1.01325E+05	1.00000E+01	0.00000E+00	2.55000E+03	6.95814E+06
1.01325E+05	1.00000E+01	0.00000E+00	2.50000E+03	6.67209E+06
1.01325E+05	1.00000E+01	0.00000E+00	2.45000E+03	6.40429E+06
1.01325E+05	1.00000E+01	0.00000E+00	2.40000E+03	6.15232E+06
1.01325E+05	1.00000E+01	0.00000E+00	2.35000E+03	5.91397E+06
1.01325E+05	1.00000E+01	0.00000E+00	2.30000E+03	5.68724E+06
1.01325E+05	1.00000E+01	0.00000E+00	2.25000E+03	5.47031E+06
1.01325E+05	1.00000E+01	0.00000E+00	2.20000E+03	5.26150E+06
1.01325E+05	1.00000E+01	0.00000E+00	2.15000E+03	5.05924E+06
1.01325E+05	1.00000E+01	0.00000E+00	2.10000E+03	4.86202E+06
1.01325E+05	1.00000E+01	0.00000E+00	2.05000E+03	4.66831E+06
1.01325E+05	1.00000E+01	0.00000E+00	2.00000E+03	4.47647E+06
1.01325E+05	1.00000E+01	0.00000E+00	1.95000E+03	4.28457E+06
1.01325E+05	1.00000E+01	0.00000E+00	1.90000E+03	4.09012E+06
1.01325E+05	1.00000E+01	0.00000E+00	1.85000E+03	3.88965E+06
1.01325E+05	1.00000E+01	0.00000E+00	1.80000E+03	3.67782E+06
1.01325E+05	1.00000E+01	0.00000E+00	1.75000E+03	3.44580E+06
1.01325E+05	1.00000E+01	0.00000E+00	1.70000E+03	3.17769E+06
1.01325E+05	1.00000E+01	0.00000E+00	1.65000E+03	2.84488E+06
1.01325E+05	1.00000E+01	0.00000E+00	1.60000E+03	2.41017E+06
1.01325E+05	1.00000E+01	0.00000E+00	1.55000E+03	1.87483E+06
1.01325E+05	1.00000E+01	0.00000E+00	1.50000E+03	1.30974E+06
1.01325E+05	1.00000E+01	0.00000E+00	1.45000E+03	7.80315E+05
1.01325E+05	1.00000E+01	0.00000E+00	1.40000E+03	3.02066E+05
1.01325E+05	1.00000E+01	0.00000E+00	1.35000E+03	-1.35235E+05
1.01325E+05	1.00000E+01	0.00000E+00	1.30000E+03	-5.40692E+05
1.01325E+05	1.00000E+01	0.00000E+00	1.25000E+03	-9.04424E+05
1.01325E+05	1.00000E+01	0.00000E+00	1.20000E+03	-1.18504E+06
1.01325E+05	1.00000E+01	0.00000E+00	1.15000E+03	-1.37504E+06
1.01325E+05	1.00000E+01	0.00000E+00	1.10000E+03	-1.53894E+06
1.01325E+05	1.00000E+01	0.00000E+00	1.05000E+03	-1.71601E+06
1.01325E+05	1.00000E+01	0.00000E+00	1.00000E+03	-1.96231E+06
1.01325E+05	1.00000E+01	0.00000E+00	9.50000E+02	-2.40496E+06
1.01325E+05	1.00000E+01	0.00000E+00	9.00000E+02	-3.12649E+06
1.01325E+05	1.00000E+01	0.00000E+00	8.50000E+02	-3.97624E+06
1.01325E+05	1.00000E+01	0.00000E+00	8.00000E+02	-4.73368E+06
1.01325E+05	1.00000E+01	0.00000E+00	7.50000E+02	-5.29527E+06
1.01325E+05	1.00000E+01	0.00000E+00	7.00000E+02	-5.67047E+06
1.01325E+05	1.00000E+01	0.00000E+00	6.50000E+02	-5.91879E+06
1.01325E+05	1.00000E+01	0.00000E+00	6.00000E+02	-6.09600E+06
1.01325E+05	1.00000E+01	0.00000E+00	5.50000E+02	-6.23437E+06
1.01325E+05	1.00000E+01	0.00000E+00	5.00000E+02	-6.35003E+06
1.01325E+05	1.00000E+01	0.00000E+00	4.50000E+02	-6.45161E+06
1.01325E+05	1.00000E+01	0.00000E+00	4.00000E+02	-6.54400E+06
1.01325E+05	1.00000E+01	0.00000E+00	3.50000E+02	-6.62991E+06
1.01325E+05	1.00000E+01	0.00000E+00	3.00000E+02	-6.71089E+06
1.01325E+05	1.00000E+01	0.00000E+00	2.50000E+02	-6.78805E+06
p (Pa)	B'g	B'c	Temp (K)	hw (J/kg)
1.01325E+05	5.00000E+00	4.79364E+01	3.90000E+03	2.95122E+07
1.01325E+05	5.00000E+00	2.34091E+01	3.85000E+03	2.92099E+07
1.01325E+05	5.00000E+00	1.36981E+01	3.80000E+03	2.85671E+07
1.01325E+05	5.00000E+00	8.75712E+00	3.75000E+03	2.76318E+07
1.01325E+05	5.00000E+00	5.90017E+00	3.70000E+03	2.64635E+07
1.01325E+05	5.00000E+00	4.11613E+00	3.65000E+03	2.51288E+07
1.01325E+05	5.00000E+00	2.94303E+00	3.60000E+03	2.36933E+07
1.01325E+05	5.00000E+00	2.14146E+00	3.55000E+03	2.22149E+07
1.01325E+05	5.00000E+00	1.57599E+00	3.50000E+03	2.07409E+07
1.01325E+05	5.00000E+00	1.16517E+00	3.45000E+03	1.93068E+07
1.01325E+05	5.00000E+00	8.57789E-01	3.40000E+03	1.79373E+07
1.01325E+05	5.00000E+00	6.20704E-01	3.35000E+03	1.66479E+07
1.01325E+05	5.00000E+00	4.32038E-01	3.30000E+03	1.54465E+07
1.01325E+05	5.00000E+00	2.77195E-01	3.25000E+03	1.43350E+07
1.01325E+05	5.00000E+00	1.46402E-01	3.20000E+03	1.33113E+07
1.01325E+05	5.00000E+00	3.31245E-02	3.15000E+03	1.23703E+07
1.01325E+05	5.00000E+00	0.00000E+00	3.10000E+03	1.15391E+07
1.01325E+05	5.00000E+00	0.00000E+00	3.05000E+03	1.08039E+07
1.01325E+05	5.00000E+00	0.00000E+00	3.00000E+03	1.01426E+07
1.01325E+05	5.00000E+00	0.00000E+00	2.95000E+03	9.54682E+06
1.01325E+05	5.00000E+00	0.00000E+00	2.90000E+03	9.00867E+06
1.01325E+05	5.00000E+00	0.00000E+00	2.85000E+03	8.52113E+06
1.01325E+05	5.00000E+00	0.00000E+00	2.80000E+03	8.07798E+06
1.01325E+05	5.00000E+00	0.00000E+00	2.75000E+03	7.67374E+06
1.01325E+05	5.00000E+00	0.00000E+00	2.70000E+03	7.30363E+06
1.01325E+05	5.00000E+00	0.00000E+00	2.65000E+03	6.96343E+06
1.01325E+05	5.00000E+00	0.00000E+00	2.60000E+03	6.64942E+06
1.01325E+05	5.00000E+00	0.00000E+00	2.55000E+03	6.35833E+06
1.01325E+05	5.00000E+00	0.00000E+00	2.50000E+03	6.08722E+06
1.01325E+05	5.00000E+00	0.00000E+00	2.45000E+03	5.83348E+06
1.01325E+05	5.00000E+00	0.00000E+00	2.40000E+03	5.59478E+06
1.01325E+05	5.00000E+00	0.00000E+00	2.35000E+03	5.36900E+06
1.01325E+05	5.00000E+00	0.00000E+00	2.30000E+03	5.15426E+06
1.01325E+05	5.00000E+00	0.00000E+00	2.25000E+03	4.94883E+06
1.01325E+05	5.00000E+00	0.00000E+00	2.20000E+03	4.75114E+06
1.01325E+05	5.00000E+00	0.00000E+00	2.15000E+03	4.55973E+06
1.01325E+05	5.00000E+00	0.00000E+00	2.10000E+03	4.37322E+06
1.01325E+05	5.00000E+00	0.00000E+00	2.05000E+03	4.19023E+06
1.01325E+05	5.00000E+00	0.00000E+00	2.00000E+03	4.00928E+06
1.01325E+05	5.00000E+00	0.00000E+00	1.95000E+03	3.82871E+06
1.01325E+05	5.00000E+00	0.00000E+00	1.90000E+03	3.64638E+06
1.01325E+05	5.00000E+00	0.00000E+00	1.85000E+03	3.45940E+06
1.01325E+05	5.00000E+00	0.00000E+00	1.80000E+03	3.26341E+06
1.01325E+05	5.00000E+00	0.00000E+00	1.75000E+03	3.05149E+06
1.01325E+05	5.00000E+00	0.00000E+00	1.70000E+03	2.81176E+06
1.01325E+05	5.00000E+00	0.00000E+00	1.65000E+03	2.52339E+06
1.01325E+05	5.00000E+00	0.00000E+00	1.60000E+03	2.15641E+06
1.01325E+05	5.00000E+00	0.00000E+00	1.55000E+03	1.69949E+06
1.01325E+05	5.00000E+00	0.00000E+00	1.50000E+03	1.19862E+06
1.01325E+05	5.00000E+00	0.00000E+00	1.45000E+03	7.14945E+05
1.01325E+05	5.00000E+00	0.00000E+00	1.40000E+03	2.72297E+05
1.01325E+05	5.00000E+00	0.00000E+00	1.35000E+03	-1.31883E+05
1.01325E+05	5.00000E+00	0.00000E+00	1.30000E+03	-5.00533E+05
1.01325E+05	5.00000E+00	0.00000E+00	1.25000E+03	-8.16392E+05
1.01325E+05	5.00000E+00	0.00000E+00	1.20000E+03	-1.04511E+06
1.01325E+05	5.00000E+00	0.00000E+00	1.15000E+03	-1.21259E+06
1.01325E+05	5.00000E+00	0.00000E+00	1.10000E+03	-1.36870E+06
1.01325E+05	5.00000E+00	0.00000E+00	1.05000E+03	-1.54252E+06
1.01325E+05	5.00000E+00	0.00000E+00	1.00000E+03	-1.79331E+06
1.01325E+05	5.00000E+00	0.00000E+00	9.50000E+02	-2.24491E+06
1.01325E+05	5.00000E+00	0.00000E+00	9.00000E+02	-2.95691E+06
1.01325E+05	5.00000E+00	0.00000E+00	8.50000E+02	-3.77648E+06
1.01325E+05	5.00000E+00	0.00000E+00	8.00000E+02	-4.50040E+06
1.01325E+05	5.00000E+00	0.00000E+00	7.50000E+02	-5.03493E+06
1.01325E+05	5.00000E+00	0.00000E+00	7.00000E+02	-5.39204E+06
1.01325E+05	5.00000E+00	0.00000E+00	6.50000E+02	-5.62980E+06
1.01325E+05	5.00000E+00	0.00000E+00	6.00000E+02	-5.80056E+06
1.01325E+05	5.00000E+00	0.00000E+00	5.50000E+02	-5.93417E+06
1.01325E+05	5.00000E+00	0.00000E+00	5.00000E+02	-6.04581E+06
1.01325E+05	5.00000E+00	0.00000E+00	4.50000E+02	-6.14384E+06
1.01325E+05	5.00000E+00	0.00000E+00	4.00000E+02	-6.23310E+06
1.01325E+05	5.00000E+00	0.00000E+00	3.50000E+02	-6.31628E+06
1.01325E+05	5.00000E+00	0.00000E+00	3.00000E+02	-6.39489E+06
1.01325E+05	5.00000E+00	0.00000E+00	2.50000E+02	-6.46998E+06
p (Pa)	B'g	B'c	Temp (K)	hw (J/kg)
1.01325E+05	3.00000E+00	3.02861E+01	3.90000E+03	2.94349E+07
1.01325E+05	3.00000E+00	1.48533E+01	3.85000E+03	2.90803E+07
1.01325E+05	3.00000E+00	8.74658E+00	3.80000E+03	2.83749E+07
1.01325E+05	3.00000E+00	5.64004E+00	3.75000E+03	2.73665E+07
1.01325E+05	3.00000E+00	3.84353E+00	3.70000E+03	2.61161E+07
1.01325E+05	3.00000E+00	2.72109E+00	3.65000E+03	2.46935E+07
1.01325E+05	3.00000E+00	1.98230E+00	3.60000E+03	2.31688E+07
1.01325E+05	3.00000E+00	1.47678E+00	3.55000E+03	2.16055E+07
1.01325E+05	3.00000E+00	1.11963E+00	3.50000E+03	2.00557E+07
1.01325E+05	3.00000E+00	8.59795E-01	3.45000E+03	1.85585E+07
1.01325E+05	3.00000E+00	6.65205E-01	3.40000E+03	1.71406E+07
1.01325E+05	3.00000E+00	5.15053E-01	3.35000E+03	1.58179E+07
1.01325E+05	3.00000E+00	3.95558E-01	3.30000E+03	1.45978E+07
1.01325E+05	3.00000E+00	2.97484E-01	3.25000E+03	1.34809E+07
1.01325E+05	3.00000E+00	2.14617E-01	3.20000E+03	1.24631E+07
1.01325E+05	3.00000E+00	1.42780E-01	3.15000E+03	1.15377E+07
1.01325E+05	3.00000E+00	7.91894E-02	3.10000E+03	1.06961E+07
1.01325E+05	3.00000E+00	2.20022E-02	3.05000E+03	9.92959E+06
1.01325E+05	3.00000E+00	0.00000E+00	3.00000E+03	9.26738E+06
1.01325E+05	3.00000E+00	0.00000E+00	2.95000E+03	8.69635E+06
1.01325E+05	3.00000E+00	0.00000E+00	2.90000E+03	8.18324E+06
1.01325E+05	3.00000E+00	0.00000E+00	2.85000E+03	7.72044E+06
1.01325E+05	3.00000E+00	0.00000E+00	2.80000E+03	7.30131E+06
1.01325E+05	3.00000E+00	0.00000E+00	2.75000E+03	6.92008E+06
1.01325E+05	3.00000E+00	0.00000E+00	2.70000E+03	6.57182E+06
1.01325E+05	3.00000E+00	0.00000E+00	2.65000E+03	6.25222E+06
1.01325E+05	3.00000E+00	0.00000E+00	2.60000E+03	5.95757E+06
1.01325E+05	3.00000E+00	0.00000E+00	2.55000E+03	5.68463E+06
1.01325E+05	3.00000E+00	0.00000E+00	2.50000E+03	5.43056E+06
1.01325E+05	3.00000E+00	0.00000E+00	2.45000E+03	5.19285E+06
1.01325E+05	3.00000E+00	0.00000E+00	2.40000E+03	4.96925E+06
1.01325E+05	3.00000E+00	0.00000E+00	2.35000E+03	4.75779E+06
1.01325E+05	3.00000E+00	0.00000E+00	2.30000E+03	4.55668E+06
1.01325E+05	3.00000E+00	0.00000E+00	2.25000E+03	4.36432E+06
1.01325E+05	3.00000E+00	0.00000E+00	2.20000E+03	4.17927E+06
1.01325E+05	3.00000E+00	0.00000E+00	2.15000E+03	4.00018E+06
1.01325E+05	3.00000E+00	0.00000E+00	2.10000E+03	3.82581E+06
1.01325E+05	3.00000E+00	0.00000E+00	2.05000E+03	3.65492E+06
1.01325E+05	3.00000E+00	0.00000E+00	2.00000E+03	3.48625E+06
1.01325E+05	3.00000E+00	0.00000E+00	1.95000E+03	3.31837E+06
1.01325E+05	3.00000E+00	0.00000E+00	1.90000E+03	3.14953E+06
1.01325E+05	3.00000E+00	0.00000E+00	1.85000E+03	2.97739E+06
1.01325E+05	3.00000E+00	0.00000E+00	1.80000E+03	2.79855E+06
1.01325E+05	3.00000E+00	0.00000E+00	1.75000E+03	2.60777E+06
1.01325E+05	3.00000E+00	0.00000E+00	1.70000E+03	2.39656E+06
1.01325E+05	3.00000E+00	0.00000E+00	1.65000E+03	2.15082E+06
1.01325E+05	3.00000E+00	0.00000E+00	1.60000E+03	1.84941E+06
1.01325E+05	3.00000E+00	0.00000E+00	1.55000E+03	1.47642E+06
1.01325E+05	3.00000E+00	0.00000E+00	1.50000E+03	1.05291E+06
1.01325E+05	3.00000E+00	0.00000E+00	1.45000E+03	6.27910E+05
1.01325E+05	3.00000E+00	0.00000E+00	1.40000E+03	2.31634E+05
1.01325E+05	3.00000E+00	0.00000E+00	1.35000E+03	-1.29054E+05
1.01325E+05	3.00000E+00	0.00000E+00	1.30000E+03	-4.47778E+05
1.01325E+05	3.00000E+00	0.00000E+00	1.25000E+03	-7.01156E+05
1.01325E+05	3.00000E+00	0.00000E+00	1.20000E+03	-8.82933E+05
1.01325E+05	3.00000E+00	0.00000E+00	1.15000E+03	-1.03393E+06
1.01325E+05	3.00000E+00	0.00000E+00	1.10000E+03	-1.18272E+06
1.01325E+05	3.00000E+00	0.00000E+00	1.05000E+03	-1.35493E+06
1.01325E+05	3.00000E+00	0.00000E+00	1.00000E+03	-1.61476E+06
1.01325E+05	3.00000E+00	0.00000E+00	9.50000E+02	-2.07797E+06
1.01325E+05	3.00000E+00	0.00000E+00	9.00000E+02	-2.77641E+06
1.01325E+05	3.00000E+00	0.00000E+00	8.50000E+02	-3.55962E+06
1.01325E+05	3.00000E+00	0.00000E+00	8.00000E+02	-4.24478E+06
1.01325E+05	3.00000E+00	0.00000E+00	7.50000E+02	-4.74875E+06
1.01325E+05	3.00000E+00	0.00000E+00	7.00000E+02	-5.08589E+06
1.01325E+05	3.00000E+00	0.00000E+00	6.50000E+02	-5.31211E+06
1.01325E+05	3.00000E+00	0.00000E+00	6.00000E+02	-5.47573E+06
1.01325E+05	3.00000E+00	0.00000E+00	5.50000E+02	-5.60403E+06
1.01325E+05	3.00000E+00	0.00000E+00	5.00000E+02	-5.71120E+06
1.01325E+05	3.00000E+00	0.00000E+00	4.50000E+02	-5.80531E+06
1.01325E+05	3.00000E+00	0.00000E+00	4.00000E+02	-5.89112E+06
1.01325E+05	3.00000E+00	0.00000E+00	3.50000E+02	-5.97130E+06
1.01325E+05	3.00000E+00	0.00000E+00	3.00000E+02	-6.04730E+06
1.01325E+05	3.00000E+00	0.00000E+00	2.50000E+02	-6.12011E+06
p (Pa)	B'g	B'c	Temp (K)	hw (J/kg)
1.01325E+05	2.00000E+00	2.14796E+01	3.90000E+03	2.93433E+07
1.01325E+05	2.00000E+00	1.05894E+01	3.85000E+03	2.89217E+07
1.01325E+05	2.00000E+00	6.27939E+00	3.80000E+03	2.81345E+07
1.01325E+05	2.00000E+00	4.08521E+00	3.75000E+03	2.70308E+07
1.01325E+05	2.00000E+00	2.81479E+00	3.70000E+03	2.56771E+07
1.01325E+05	2.00000E+00	2.01977E+00	3.65000E+03	2.41515E+07
1.01325E+05	2.00000E+00	1.49554E+00	3.60000E+03	2.25321E+07
1.01325E+05	2.00000E+00	1.13624E+00	3.55000E+03	2.08886E+07
1.01325E+05	2.00000E+00	8.82090E-01	3.50000E+03	1.92758E+07
1.01325E+05	2.00000E+00	6.97124E-01	3.45000E+03	1.77330E+07
1.01325E+05	2.00000E+00	5.58682E-01	3.40000E+03	1.62857E+07
1.01325E+05	2.00000E+00	4.52011E-01	3.35000E+03	1.49478E+07
1.01325E+05	2.00000E+00	3.67290E-01	3.30000E+03	1.37246E+07
1.01325E+05	2.00000E+00	2.97907E-01	3.25000E+03	1.26151E+07
1.01325E+05	2.00000E+00	2.39385E-01	3.20000E+03	1.16135E+07
1.01325E+05	2.00000E+00	1.88704E-01	3.15000E+03	1.07112E+07
1.01325E+05	2.00000E+00	1.43842E-01	3.10000E+03	9.89835E+06
1.01325E+05	2.00000E+00	1.03457E-01	3.05000E+03	9.16448E+06
1.01325E+05	2.00000E+00	6.66738E-02	3.00000E+03	8.49977E+06
1.01325E+05	2.00000E+00	3.29252E-02	2.95000E+03	7.89537E+06
1.01325E+05	2.00000E+00	1.84623E-03	2.90000E+03	7.34360E+06
1.01325E+05	2.00000E+00	0.00000E+00	2.85000E+03	6.90302E+06
1.01325E+05	2.00000E+00	0.00000E+00	2.80000E+03	6.50924E+06
1.01325E+05	2.00000E+00	0.00000E+00	2.75000E+03	6.15209E+06
1.01325E+05	2.00000E+00	0.00000E+00	2.70000E+03	5.82653E+06
1.01325E+05	2.00000E+00	0.00000E+00	2.65000E+03	5.52826E+06
1.01325E+05	2.00000E+00	0.00000E+00	2.60000E+03	5.25360E+06
1.01325E+05	2.00000E+00	0.00000E+00	2.55000E+03	4.99939E+06
1.01325E+05	2.00000E+00	0.00000E+00	2.50000E+03	4.76286E+06
1.01325E+05	2.00000E+00	0.00000E+00	2.45000E+03	4.54162E+06
1.01325E+05	2.00000E+00	0.00000E+00	2.40000E+03	4.33356E+06
1.01325E+05	2.00000E+00	0.00000E+00	2.35000E+03	4.13682E+06
1.01325E+05	2.00000E+00	0.00000E+00	2.30000E+03	3.94973E+06
1.01325E+05	2.00000E+00	0.00000E+00	2.25000E+03	3.77082E+06
1.01325E+05	2.00000E+00	0.00000E+00	2.20000E+03	3.59875E+06
1.01325E+05	2.00000E+00	0.00000E+00	2.15000E+03	3.43231E+06
1.01325E+05	2.00000E+00	0.00000E+00	2.10000E+03	3.27038E+06
1.01325E+05	2.00000E+00	0.00000E+00	2.05000E+03	3.11189E+06
1.01325E+05	2.00000E+00	0.00000E+00	2.00000E+03	2.95575E+06
1.01325E+05	2.00000E+00	0.00000E+00	1.95000E+03	2.80079E+06
1.01325E+05	2.00000E+00	0.00000E+00	1.90000E+03	2.64560E+06
1.01325E+05	2.00000E+00	0.00000E+00	1.85000E+03	2.48836E+06
1.01325E+05	2.00000E+00	0.00000E+00	1.80000E+03	2.32653E+06
1.01325E+05	2.00000E+00	0.00000E+00	1.75000E+03	2.15627E+06
1.01325E+05	2.00000E+00	0.00000E+00	1.70000E+03	1.97171E+06
1.01325E+05	2.00000E+00	0.00000E+00	1.65000E+03	1.76368E+06
1.01325E+05	2.00000E+00	0.00000E+00	1.60000E+03	1.51889E+06
1.01325E+05	2.00000E+00	0.00000E+00	1.55000E+03	1.22410E+06
1.01325E+05	2.00000E+00	0.00000E+00	1.50000E+03	8.83364E+05
1.01325E+05	2.00000E+00	0.00000E+00	1.45000E+03	5.27366E+05
1.01325E+05	2.00000E+00	0.00000E+00	1.40000E+03	1.87697E+05
1.01325E+05	2.00000E+00	0.00000E+00	1.35000E+03	-1.17897E+05
1.01325E+05	2.00000E+00	0.00000E+00	1.30000E+03	-3.72473E+05
1.01325E+05	2.00000E+00	0.00000E+00	1.25000E+03	-5.64568E+05
1.01325E+05	2.00000E+00	0.00000E+00	1.20000E+03	-7.16825E+05
1.01325E+05	2.00000E+00	0.00000E+00	1.15000E+03	-8.56104E+05
1.01325E+05	2.00000E+00	0.00000E+00	1.10000E+03	-9.99184E+05
1.01325E+05	2.00000E+00	0.00000E+00	1.05000E+03	-1.17372E+06
1.01325E+05	2.00000E+00	0.00000E+00	1.00000E+03	-1.44901E+06
1.01325E+05	2.00000E+00	0.00000E+00	9.50000E+02	-1.92458E+06
1.01325E+05	2.00000E+00	0.00000E+00	9.00000E+02	-2.60428E+06
1.01325E+05	2.00000E+00	0.00000E+00	8.50000E+02	-3.34676E+06
1.01325E+05	2.00000E+00	0.00000E+00	8.00000E+02	-3.99068E+06
1.01325E+05	2.00000E+00	0.00000E+00	7.50000E+02	-4.46307E+06
1.01325E+05	2.00000E+00	0.00000E+00	7.00000E+02	-4.78008E+06
1.01325E+05	2.00000E+00	0.00000E+00	6.50000E+02	-4.99471E+06
1.01325E+05	2.00000E+00	0.00000E+00	6.00000E+02	-5.15109E+06
1.01325E+05	2.00000E+00	0.00000E+00	5.50000E+02	-5.27399E+06
1.01325E+05	2.00000E+00	0.00000E+00	5.00000E+02	-5.37663E+06
1.01325E+05	2.00000E+00	0.00000E+00	4.50000E+02	-5.46679E+06
1.01325E+05	2.00000E+00	0.00000E+00	4.00000E+02	-5.54914E+06
1.01325E+05	2.00000E+00	0.00000E+00	3.50000E+02	-5.62631E+06
1.01325E+05	2.00000E+00	0.00000E+00	3.00000E+02	-5.69971E+06
1.01325E+05	2.00000E+00	0.00000E+00	2.50000E+02	-5.77023E+06
p (Pa)	B'g	B'c	Temp (K)	hw (J/kg)
1.01325E+05	1.50000E+00	1.70869E+01	3.90000E+03	2.92576E+07
1.01325E+05	1.50000E+00	8.46478E+00	3.85000E+03	2.87701E+07
1.01325E+05	1.50000E+00	5.04961E+00	3.80000E+03	2.79020E+07
1.01325E+05	1.50000E+00	3.30857E+00	3.75000E+03	2.67058E+07
1.01325E+05	1.50000E+00	2.29883E+00	3.70000E+03	2.52566E+07
1.01325E+05	1.50000E+00	1.66583E+00	3.65000E+03	2.36422E+07
1.01325E+05	1.50000E+00	1.24780E+00	3.60000E+03	2.19485E+07
1.01325E+05	1.50000E+00	9.60991E-01	3.55000E+03	2.02483E+07
1.01325E+05	1.50000E+00	7.58060E-01	3.50000E+03	1.85964E+07
1.01325E+05	1.50000E+00	6.10462E-01	3.45000E+03	1.70299E+07
1.01325E+05	1.50000E+00	5.00161E-01	3.40000E+03	1.55714E+07
1.01325E+05	1.50000E+00	4.15372E-01	3.35000E+03	1.42321E+07
1.01325E+05	1.50000E+00	3.48226E-01	3.30000E+03	1.30156E+07
1.01325E+05	1.50000E+00	2.93401E-01	3.25000E+03	1.19192E+07
1.01325E+05	1.50000E+00	2.47280E-01	3.20000E+03	1.09361E+07
1.01325E+05	1.50000E+00	2.07416E-01	3.15000E+03	1.00565E+07
1.01325E+05	1.50000E+00	1.72163E-01	3.10000E+03	9.26958E+06
1.01325E+05	1.50000E+00	1.40429E-01	3.05000E+03	8.56393E+06
1.01325E+05	1.50000E+00	1.11500E-01	3.00000E+03	7.92881E+06
1.01325E+05	1.50000E+00	8.49150E-02	2.95000E+03	7.35457E+06
1.01325E+05	1.50000E+00	6.03812E-02	2.90000E+03	6.83288E+06
1.01325E+05	1.50000E+00	3.77106E-02	2.85000E+03	6.35674E+06
1.01325E+05	1.50000E+00	1.67799E-02	2.80000E+03	5.92034E+06
1.01325E+05	1.50000E+00	0.00000E+00	2.75000E+03	5.52754E+06
1.01325E+05	1.50000E+00	0.00000E+00	2.70000E+03	5.22068E+06
1.01325E+05	1.50000E+00	0.00000E+00	2.65000E+03	4.93994E+06
1.01325E+05	1.50000E+00	0.00000E+00	2.60000E+03	4.68168E+06
1.01325E+05	1.50000E+00	0.00000E+00	2.55000E+03	4.44280E+06
1.01325E+05	1.50000E+00	0.00000E+00	2.50000E+03	4.22065E+06
1.01325E+05	1.50000E+00	0.00000E+00	2.45000E+03	4.01292E+06
1.01325E+05	1.50000E+00	0.00000E+00	2.40000E+03	3.81760E+06
1.01325E+05	1.50000E+00	0.00000E+00	2.35000E+03	3.63292E+06
1.01325E+05	1.50000E+00	0.00000E+00	2.30000E+03	3.45732E+06
1.01325E+05	1.50000E+00	0.00000E+00	2.25000E+03	3.28942E+06
1.01325E+05	1.50000E+00	0.00000E+00	2.20000E+03	3.12799E+06
1.01325E+05	1.50000E+00	0.00000E+00	2.15000E+03	2.97191E+06
1.01325E+05	1.50000E+00	0.00000E+00	2.10000E+03	2.82017E+06
1.01325E+05	1.50000E+00	0.00000E+00	2.05000E+03	2.67182E+06
1.01325E+05	1.50000E+00	0.00000E+00	2.00000E+03	2.52592E+06
1.01325E+05	1.50000E+00	0.00000E+00	1.95000E+03	2.38148E+06
1.01325E+05	1.50000E+00	0.00000E+00	1.90000E+03	2.23738E+06
1.01325E+05	1.50000E+00	0.00000E+00	1.85000E+03	2.09221E+06
1.01325E+05	1.50000E+00	0.00000E+00	1.80000E+03	1.94403E+06
1.01325E+05	1.50000E+00	0.00000E+00	1.75000E+03	1.79004E+06
1.01325E+05	1.50000E+00	0.00000E+00	1.70000E+03	1.62606E+06
1.01325E+05	1.50000E+00	0.00000E+00	1.65000E+03	1.44588E+06
1.01325E+05	1.50000E+00	0.00000E+00	1.60000E+03	1.24097E+06
1.01325E+05	1.50000E+00	0.00000E+00	1.55000E+03	1.00244E+06
1.01325E+05	1.50000E+00	0.00000E+00	1.50000E+03	7.29189E+05
1.01325E+05	1.50000E+00	0.00000E+00	1.45000E+03	4.37936E+05
1.01325E+05	1.50000E+00	0.00000E+00	1.40000E+03	1.56311E+05
1.01325E+05	1.50000E+00	0.00000E+00	1.35000E+03	-9.10575E+04
1.01325E+05	1.50000E+00	0.00000E+00	1.30000E+03	-2.89239E+05
1.01325E+05	1.50000E+00	0.00000E+00	1.25000E+03	-4.46562E+05
1.01325E+05	1.50000E+00	0.00000E+00	1.20000E+03	-5.83663E+05
1.01325E+05	1.50000E+00	0.00000E+00	1.15000E+03	-7.15381E+05
1.01325E+05	1.50000E+00	0.00000E+00	1.10000E+03	-8.56308E+05
1.01325E+05	1.50000E+00	0.00000E+00	1.05000E+03	-1.03847E+06
1.01325E+05	1.50000E+00	0.00000E+00	1.00000E+03	-1.33252E+06
1.01325E+05	1.50000E+00	0.00000E+00	9.50000E+02	-1.81603E+06
1.01325E+05	1.50000E+00	0.00000E+00	9.00000E+02	-2.47471E+06
1.01325E+05	1.50000E+00	0.00000E+00	8.50000E+02	-3.18035E+06
1.01325E+05	1.50000E+00	0.00000E+00	8.00000E+02	-3.78898E+06
1.01325E+05	1.50000E+00	0.00000E+00	7.50000E+02	-4.23515E+06
1.01325E+05	1.50000E+00	0.00000E+00	7.00000E+02	-4.53582E+06
1.01325E+05	1.50000E+00	0.00000E+00	6.50000E+02	-4.74109E+06
1.01325E+05	1.50000E+00	0.00000E+00	6.00000E+02	-4.89157E+06
1.01325E+05	1.50000E+00	0.00000E+00	5.50000E+02	-5.01004E+06
1.01325E+05	1.50000E+00	0.00000E+00	5.00000E+02	-5.10901E+06
1.01325E+05	1.50000E+00	0.00000E+00	4.50000E+02	-5.19599E+06
1.01325E+05	1.50000E+00	0.00000E+00	4.00000E+02	-5.27556E+06
1.01325E+05	1.50000E+00	0.00000E+00	3.50000E+02	-5.35032E+06
1.01325E+05	1.50000E+00	0.00000E+00	3.00000E+02	-5.42163E+06
1.01325E+05	1.50000E+00	0.00000E+00	2.50000E+02	-5.49033E+06
p (Pa)	B'g	B'c	Temp (K)	hw (J/kg)
1.01325E+05	1.25000E+00	1.48947E+01	3.90000E+03	2.91934E+07
1.01325E+05	1.25000E+00	7.40516E+00	3.85000E+03	2.86550E+07
1.01325E+05	1.25000E+00	4.43577E+00	3.80000E+03	2.77247E+07
1.01325E+05	1.25000E+00	2.91998E+00	3.75000E+03	2.64591E+07
1.01325E+05	1.25000E+00	2.03964E+00	3.70000E+03	2.49411E+07
1.01325E+05	1.25000E+00	1.48707E+00	3.65000E+03	2.32660E+07
1.01325E+05	1.25000E+00	1.12182E+00	3.60000E+03	2.15248E+07
1.01325E+05	1.25000E+00	8.71121E-01	3.55000E+03	1.97914E+07
1.01325E+05	1.25000E+00	6.93776E-01	3.50000E+03	1.81194E+07
1.01325E+05	1.25000E+00	5.64901E-01	3.45000E+03	1.65431E+07
1.01325E+05	1.25000E+00	4.68740E-01	3.40000E+03	1.50825E+07
1.01325E+05	1.25000E+00	3.94978E-01	3.35000E+03	1.37471E+07
1.01325E+05	1.25000E+00	3.36712E-01	3.30000E+03	1.25389E+07
1.01325E+05	1.25000E+00	2.89262E-01	3.25000E+03	1.14543E+07
1.01325E+05	1.25000E+00	2.49441E-01	3.20000E+03	1.04858E+07
1.01325E+05	1.25000E+00	2.15086E-01	3.15000E+03	9.62306E+06
1.01325E+05	1.25000E+00	1.84738E-01	3.10000E+03	8.85466E+06
1.01325E+05	1.25000E+00	1.57430E-01	3.05000E+03	8.16870E+06
1.01325E+05	1.25000E+00	1.32529E-01	3.00000E+03	7.55392E+06
1.01325E+05	1.25000E+00	1.09626E-01	2.95000E+03	7.00020E+06
1.01325E+05	1.25000E+00	8.84633E-02	2.90000E+03	6.49881E+06
1.01325E+05	1.25000E+00	6.88770E-02	2.85000E+03	6.04245E+06
1.01325E+05	1.25000E+00	5.07618E-02	2.80000E+03	5.62508E+06
1.01325E+05	1.25000E+00	3.40457E-02	2.75000E+03	5.24180E+06
1.01325E+05	1.25000E+00	1.86736E-02	2.70000E+03	4.88856E+06
1.01325E+05	1.25000E+00	4.59697E-03	2.65000E+03	4.56206E+06
1.01325E+05	1.25000E+00	0.00000E+00	2.60000E+03	4.29538E+06
1.01325E+05	1.25000E+00	0.00000E+00	2.55000E+03	4.06692E+06
1.01325E+05	1.25000E+00	0.00000E+00	2.50000E+03	3.85453E+06
1.01325E+05	1.25000E+00	0.00000E+00	2.45000E+03	3.65596E+06
1.01325E+05	1.25000E+00	0.00000E+00	2.40000E+03	3.46929E+06
1.01325E+05	1.25000E+00	0.00000E+00	2.35000E+03	3.29280E+06
1.01325E+05	1.25000E+00	0.00000E+00	2.30000E+03	3.12502E+06
1.01325E+05	1.25000E+00	0.00000E+00	2.25000E+03	2.96461E+06
1.01325E+05	1.25000E+00	0.00000E+00	2.20000E+03	2.81041E+06
1.01325E+05	1.25000E+00	0.00000E+00	2.15000E+03	2.66138E+06
1.01325E+05	1.25000E+00	0.00000E+00	2.10000E+03	2.51657E+06
1.01325E+05	1.25000E+00	0.00000E+00	2.05000E+03	2.37511E+06
1.01325E+05	1.25000E+00	0.00000E+00	2.00000E+03	2.23616E+06
1.01325E+05	1.25000E+00	0.00000E+00	1.95000E+03	2.09888E+06
1.01325E+05	1.25000E+00	0.00000E+00	1.90000E+03	1.96231E+06
1.01325E+05	1.25000E+00	0.00000E+00	1.85000E+03	1.82532E+06
1.01325E+05	1.25000E+00	0.00000E+00	1.80000E+03	1.68639E+06
1.01325E+05	1.25000E+00	0.00000E+00	1.75000E+03	1.54336E+06
1.01325E+05	1.25000E+00	0.00000E+00	1.70000E+03	1.39310E+06
1.01325E+05	1.25000E+00	0.00000E+00	1.65000E+03	1.23107E+06
1.01325E+05	1.25000E+00	0.00000E+00	1.60000E+03	1.05129E+06
1.01325E+05	1.25000E+00	0.00000E+00	1.55000E+03	8.47694E+05
1.01325E+05	1.25000E+00	0.00000E+00	1.50000E+03	6.19110E+05
1.01325E+05	1.25000E+00	0.00000E+00	1.45000E+03	3.76582E+05
1.01325E+05	1.25000E+00	0.00000E+00	1.40000E+03	1.42889E+05
1.01325E+05	1.25000E+00	0.00000E+00	1.35000E+03	-5.99577E+04
1.01325E+05	1.25000E+00	0.00000E+00	1.30000E+03	-2.26066E+05
1.01325E+05	1.25000E+00	0.00000E+00	1.25000E+03	-3.66755E+05
1.01325E+05	1.25000E+00	0.00000E+00	1.20000E+03	-4.95595E+05
1.01325E+05	1.25000E+00	0.00000E+00	1.15000E+03	-6.23463E+05
1.01325E+05	1.25000E+00	0.00000E+00	1.10000E+03	-7.65846E+05
1.01325E+05	1.25000E+00	0.00000E+00	1.05000E+03	-9.58544E+05
1.01325E+05	1.25000E+00	0.00000E+00	1.00000E+03	-1.26819E+06
1.01325E+05	1.25000E+00	0.00000E+00	9.50000E+02	-1.75349E+06
1.01325E+05	1.25000E+00	0.00000E+00	9.00000E+02	-2.39364E+06
1.01325E+05	1.25000E+00	0.00000E+00	8.50000E+02	-3.07192E+06
1.01325E+05	1.25000E+00	0.00000E+00	8.00000E+02	-3.65558E+06
1.01325E+05	1.25000E+00	0.00000E+00	7.50000E+02	-4.08367E+06
1.01325E+05	1.25000E+00	0.00000E+00	7.00000E+02	-4.37327E+06
1.01325E+05	1.25000E+00	0.00000E+00	6.50000E+02	-4.57220E+06
1.01325E+05	1.25000E+00	0.00000E+00	6.00000E+02	-4.71866E+06
1.01325E+05	1.25000E+00	0.00000E+00	5.50000E+02	-4.83413E+06
1.01325E+05	1.25000E+00	0.00000E+00	5.00000E+02	-4.93062E+06
1.01325E+05	1.25000E+00	0.00000E+00	4.50000E+02	-5.01546E+06
1.01325E+05	1.25000E+00	0.00000E+00	4.00000E+02	-5.09318E+06
1.01325E+05	1.25000E+00	0.00000E+00	3.50000E+02	-5.16633E+06
1.01325E+05	1.25000E+00	0.00000E+00	3.00000E+02	-5.23625E+06
1.01325E+05	1.25000E+00	0.00000E+00	2.50000E+02	-5.30373E+06
p (Pa)	B'g	B'c	Temp (K)	hw (J/kg)
1.01325E+05	1.00000E+00	1.27062E+01	3.90000E+03	2.91041E+07
1.01325E+05	1.00000E+00	6.34753E+00	3.85000E+03	2.84934E+07
1.01325E+05	1.00000E+00	3.82228E+00	3.80000E+03	2.74758E+07
1.01325E+05	1.00000E+00	2.53054E+00	3.75000E+03	2.61150E+07
1.01325E+05	1.00000E+00	1.77882E+00	3.70000E+03	2.45061E+07
1.01325E+05	1.00000E+00	1.30625E+00	3.65000E+03	2.27549E+07
1.01325E+05	1.00000E+00	9.93590E-01	3.60000E+03	2.09576E+07
1.01325E+05	1.00000E+00	7.78961E-01	3.55000E+03	1.91885E+07
1.01325E+05	1.00000E+00	6.27240E-01	3.50000E+03	1.74977E+07
1.01325E+05	1.00000E+00	5.17162E-01	3.45000E+03	1.59155E+07
1.01325E+05	1.00000E+00	4.35232E-01	3.40000E+03	1.44582E+07
1.01325E+05	1.00000E+00	3.72593E-01	3.35000E+03	1.31326E+07
1.01325E+05	1.00000E+00	3.23305E-01	3.30000E+03	1.19386E+07
1.01325E+05	1.00000E+00	2.83328E-01	3.25000E+03	1.08718E+07
1.01325E+05	1.00000E+00	2.49903E-01	3.20000E+03	9.92382E+06
1.01325E+05	1.00000E+00	2.21153E-01	3.15000E+03	9.08392E+06
1.01325E+05	1.00000E+00	1.95808E-01	3.10000E+03	8.33996E+06
1.01325E+05	1.00000E+00	1.73023E-01	3.05000E+03	7.67954E+06
1.01325E+05	1.00000E+00	1.52246E-01	3.00000E+03	7.09084E+06
1.01325E+05	1.00000E+00	1.33120E-01	2.95000E+03	6.56323E+06
1.01325E+05	1.00000E+00	1.15422E-01	2.90000E+03	6.08754E+06
1.01325E+05	1.00000E+00	9.90111E-02	2.85000E+03	5.65610E+06
1.01325E+05	1.00000E+00	8.38002E-02	2.80000E+03	5.26263E+06
1.01325E+05	1.00000E+00	6.97308E-02	2.75000E+03	4.90204E+06
1.01325E+05	1.00000E+00	5.67605E-02	2.70000E+03	4.57020E+06
1.01325E+05	1.00000E+00	4.48532E-02	2.65000E+03	4.26374E+06
1.01325E+05	1.00000E+00	3.39731E-02	2.60000E+03	3.97986E+06
1.01325E+05	1.00000E+00	2.40824E-02	2.55000E+03	3.71617E+06
1.01325E+05	1.00000E+00	1.51394E-02	2.50000E+03	3.47063E+06
1.01325E+05	1.00000E+00	7.09825E-03	2.45000E+03	3.24141E+06
1.01325E+05	1.00000E+00	0.00000E+00	2.40000E+03	3.02734E+06
1.01325E+05	1.00000E+00	0.00000E+00	2.35000E+03	2.86129E+06
1.01325E+05	1.00000E+00	0.00000E+00	2.30000E+03	2.70345E+06
1.01325E+05	1.00000E+00	0.00000E+00	2.25000E+03	2.55259E+06
1.01325E+05	1.00000E+00	0.00000E+00	2.20000E+03	2.40763E+06
1.01325E+05	1.00000E+00	0.00000E+00	2.15000E+03	2.26760E+06
1.01325E+05	1.00000E+00	0.00000E+00	2.10000E+03	2.13165E+06
1.01325E+05	1.00000E+00	0.00000E+00	2.05000E+03	1.99902E+06
1.01325E+05	1.00000E+00	0.00000E+00	2.00000E+03	1.86899E+06
1.01325E+05	1.00000E+00	0.00000E+00	1.95000E+03	1.74089E+06
1.01325E+05	1.00000E+00	0.00000E+00	1.90000E+03	1.61402E+06
1.01325E+05	1.00000E+00	0.00000E+00	1.85000E+03	1.48760E+06
1.01325E+05	1.00000E+00	0.00000E+00	1.80000E+03	1.36064E+06
1.01325E+05	1.00000E+00	0.00000E+00	1.75000E+03	1.23187E+06
1.01325E+05	1.00000E+00	0.00000E+00	1.70000E+03	1.09945E+06
1.01325E+05	1.00000E+00	0.00000E+00	1.65000E+03	9.60907E+05
1.01325E+05	1.00000E+00	0.00000E+00	1.60000E+03	8.13168E+05
1.01325E+05	1.00000E+00	0.00000E+00	1.55000E+03	6.53562E+05
1.01325E+05	1.00000E+00	0.00000E+00	1.50000E+03	4.82488E+05
1.01325E+05	1.00000E+00	0.00000E+00	1.45000E+03	3.06955E+05
1.01325E+05	1.00000E+00	0.00000E+00	1.40000E+03	1.39565E+05
1.01325E+05	1.00000E+00	0.00000E+00	1.35000E+03	-1.05982E+04
1.01325E+05	1.00000E+00	0.00000E+00	1.30000E+03	-1.44303E+05
1.01325E+05	1.00000E+00	0.00000E+00	1.25000E+03	-2.67891E+05
1.01325E+05	1.00000E+00	0.00000E+00	1.20000E+03	-3.88574E+05
1.01325E+05	1.00000E+00	0.00000E+00	1.15000E+03	-5.15929E+05
1.01325E+05	1.00000E+00	0.00000E+00	1.10000E+03	-6.69010E+05
1.01325E+05	1.00000E+00	0.00000E+00	1.05000E+03	-8.84516E+05
1.01325E+05	1.00000E+00	0.00000E+00	1.00000E+03	-1.21234E+06
1.01325E+05	1.00000E+00	0.00000E+00	9.50000E+02	-1.69058E+06
1.01325E+05	1.00000E+00	0.00000E+00	9.00000E+02	-2.30013E+06
1.01325E+05	1.00000E+00	0.00000E+00	8.50000E+02	-2.94009E+06
1.01325E+05	1.00000E+00	0.00000E+00	8.00000E+02	-3.49046E+06
1.01325E+05	1.00000E+00	0.00000E+00	7.50000E+02	-3.89508E+06
1.01325E+05	1.00000E+00	0.00000E+00	7.00000E+02	-4.17052E+06
1.01325E+05	1.00000E+00	0.00000E+00	6.50000E+02	-4.36137E+06
1.01325E+05	1.00000E+00	0.00000E+00	6.00000E+02	-4.50268E+06
1.01325E+05	1.00000E+00	0.00000E+00	5.50000E+02	-4.61432E+06
1.01325E+05	1.00000E+00	0.00000E+00	5.00000E+02	-4.70765E+06
1.01325E+05	1.00000E+00	0.00000E+00	4.50000E+02	-4.78981E+06
1.01325E+05	1.00000E+00	0.00000E+00	4.00000E+02	-4.86520E+06
1.01325E+05	1.00000E+00	0.00000E+00	3.50000E+02	-4.93634E+06
1.01325E+05	1.00000E+00	0.00000E+00	3.00000E+02	-5.00452E+06
1.01325E+05	1.00000E+00	0.00000E+00	2.50000E+02	-5.07048E+06
p (Pa)	B'g	B'c	Temp (K)	hw (J/kg)
1.01325E+05	9.00000E-01	1.18319E+01	3.90000E+03	2.90578E+07
1.01325E+05	9.00000E-01	5.92499E+00	3.85000E+03	2.84093E+07
1.01325E+05	9.00000E-01	3.57681E+00	3.80000E+03	2.73464E+07
1.01325E+05	9.00000E-01	2.37428E+00	3.75000E+03	2.59375E+07
1.01325E+05	9.00000E-01	1.67377E+00	3.70000E+03	2.42839E+07
1.01325E+05	9.00000E-01	1.23309E+00	3.65000E+03	2.24969E+07
1.01325E+05	9.00000E-01	9.41430E-01	3.60000E+03	2.06746E+07
1.01325E+05	9.00000E-01	7.41235E-01	3.55000E+03	1.88908E+07
1.01325E+05	9.00000E-01	5.99791E-01	3.50000E+03	1.71936E+07
1.01325E+05	9.00000E-01	4.97267E-01	3.45000E+03	1.56111E+07
1.01325E+05	9.00000E-01	4.21066E-01	3.40000E+03	1.41575E+07
1.01325E+05	9.00000E-01	3.62914E-01	3.35000E+03	1.28382E+07
1.01325E+05	9.00000E-01	3.17253E-01	3.30000E+03	1.16524E+07
1.01325E+05	9.00000E-01	2.80301E-01	3.25000E+03	1.05951E+07
1.01325E+05	9.00000E-01	2.49471E-01	3.20000E+03	9.65774E+06
1.01325E+05	9.00000E-01	2.22998E-01	3.15000E+03	8.82927E+06
1.01325E+05	9.00000E-01	1.99689E-01	3.10000E+03	8.09737E+06
1.01325E+05	9.00000E-01	1.78749E-01	3.05000E+03	7.44939E+06
1.01325E+05	9.00000E-01	1.59656E-01	3.00000E+03	6.87331E+06
1.01325E+05	9.00000E-01	1.42076E-01	2.95000E+03	6.35825E+06
1.01325E+05	9.00000E-01	1.25797E-01	2.90000E+03	5.89486E+06
1.01325E+05	9.00000E-01	1.10690E-01	2.85000E+03	5.47532E+06
1.01325E+05	9.00000E-01	9.66732E-02	2.80000E+03	5.09324E+06
1.01325E+05	9.00000E-01	8.36936E-02	2.75000E+03	4.74344E+06
1.01325E+05	9.00000E-01	7.17137E-02	2.70000E+03	4.42175E+06
1.01325E+05	9.00000E-01	6.07021E-02	2.65000E+03	4.12479E+06
1.01325E+05	9.00000E-01	5.06282E-02	2.60000E+03	3.84975E+06
1.01325E+05	9.00000E-01	4.14590E-02	2.55000E+03	3.59429E+06
1.01325E+05	9.00000E-01	3.31580E-02	2.50000E+03	3.35637E+06
1.01325E+05	9.00000E-01	2.56850E-02	2.45000E+03	3.13420E+06
1.01325E+05	9.00000E-01	1.89957E-02	2.40000E+03	2.92619E+06
1.01325E+05	9.00000E-01	1.30430E-02	2.35000E+03	2.73086E+06
1.01325E+05	9.00000E-01	7.77749E-03	2.30000E+03	2.54688E+06
1.01325E+05	9.00000E-01	3.14831E-03	2.25000E+03	2.37298E+06
1.01325E+05	9.00000E-01	0.00000E+00	2.20000E+03	2.21346E+06
1.01325E+05	9.00000E-01	0.00000E+00	2.15000E+03	2.07778E+06
1.01325E+05	9.00000E-01	0.00000E+00	2.10000E+03	1.94612E+06
1.01325E+05	9.00000E-01	0.00000E+00	2.05000E+03	1.81778E+06
1.01325E+05	9.00000E-01	0.00000E+00	2.00000E+03	1.69211E+06
1.01325E+05	9.00000E-01	0.00000E+00	1.95000E+03	1.56852E+06
1.01325E+05	9.00000E-01	0.00000E+00	1.90000E+03	1.44644E+06
1.01325E+05	9.00000E-01	0.00000E+00	1.85000E+03	1.32529E+06
1.01325E+05	9.00000E-01	0.00000E+00	1.80000E+03	1.20438E+06
1.01325E+05	9.00000E-01	0.00000E+00	1.75000E+03	1.08288E+06
1.01325E+05	9.00000E-01	0.00000E+00	1.70000E+03	9.59670E+05
1.01325E+05	9.00000E-01	0.00000E+00	1.65000E+03	8.33322E+05
1.01325E+05	9.00000E-01	0.00000E+00	1.60000E+03	7.02207E+05
1.01325E+05	9.00000E-01	0.00000E+00	1.55000E+03	5.65197E+05
1.01325E+05	9.00000E-01	0.00000E+00	1.50000E+03	4.23188E+05
1.01325E+05	9.00000E-01	0.00000E+00	1.45000E+03	2.80506E+05
1.01325E+05	9.00000E-01	0.00000E+00	1.40000E+03	1.43288E+05
1.01325E+05	9.00000E-01	0.00000E+00	1.35000E+03	1.48797E+04
1.01325E+05	9.00000E-01	0.00000E+00	1.30000E+03	-1.05997E+05
1.01325E+05	9.00000E-01	0.00000E+00	1.25000E+03	-2.23356E+05
1.01325E+05	9.00000E-01	0.00000E+00	1.20000E+03	-3.43206E+05
1.01325E+05	9.00000E-01	0.00000E+00	1.15000E+03	-4.76081E+05
1.01325E+05	9.00000E-01	0.00000E+00	1.10000E+03	-6.41231E+05
1.01325E+05	9.00000E-01	0.00000E+00	1.05000E+03	-8.69034E+05
1.01325E+05	9.00000E-01	0.00000E+00	1.00000E+03	-1.19983E+06
1.01325E+05	9.00000E-01	0.00000E+00	9.50000E+02	-1.66846E+06
1.01325E+05	9.00000E-01	0.00000E+00	9.00000E+02	-2.25964E+06
1.01325E+05	9.00000E-01	0.00000E+00	8.50000E+02	-2.87943E+06
1.01325E+05	9.00000E-01	0.00000E+00	8.00000E+02	-3.41305E+06
1.01325E+05	9.00000E-01	0.00000E+00	7.50000E+02	-3.80613E+06
1.01325E+05	9.00000E-01	0.00000E+00	7.00000E+02	-4.07471E+06
1.01325E+05	9.00000E-01	0.00000E+00	6.50000E+02	-4.26164E+06
1.01325E+05	9.00000E-01	0.00000E+00	6.00000E+02	-4.40044E+06
1.01325E+05	9.00000E-01	0.00000E+00	5.50000E+02	-4.51023E+06
1.01325E+05	9.00000E-01	0.00000E+00	5.00000E+02	-4.60205E+06
1.01325E+05	9.00000E-01	0.00000E+00	4.50000E+02	-4.68292E+06
1.01325E+05	9.00000E-01	0.00000E+00	4.00000E+02	-4.75721E+06
1.01325E+05	9.00000E-01	0.00000E+00	3.50000E+02	-4.82740E+06
1.01325E+05	9.00000E-01	0.00000E+00	3.00000E+02	-4.89475E+06
1.01325E+05	9.00000E-01	0.00000E+00	2.50000E+02	-4.95999E+06
p (Pa)	B'g	B'c	Temp (K)	hw (J/kg)
1.01325E+05	8.50000E-01	1.13950E+01	3.90000E+03	2.90317E+07
1.01325E+05	8.50000E-01	5.71380E+00	3.85000E+03	2.83617E+07
1.01325E+05	8.50000E-01	3.45401E+00	3.80000E+03	2.72733E+07
1.01325E+05	8.50000E-01	2.29599E+00	3.75000E+03	2.58375E+07
1.01325E+05	8.50000E-01	1.62104E+00	3.70000E+03	2.41595E+07
1.01325E+05	8.50000E-01	1.19627E+00	3.65000E+03	2.23531E+07
1.01325E+05	8.50000E-01	9.15114E-01	3.60000E+03	2.05178E+07
1.01325E+05	8.50000E-01	7.22142E-01	3.55000E+03	1.87267E+07
1.01325E+05	8.50000E-01	5.85845E-01	3.50000E+03	1.70267E+07
1.01325E+05	8.50000E-01	4.87109E-01	3.45000E+03	1.54446E+07
1.01325E+05	8.50000E-01	4.13783E-01	3.40000E+03	1.39936E+07
1.01325E+05	8.50000E-01	3.57885E-01	3.35000E+03	1.26782E+07
1.01325E+05	8.50000E-01	3.14048E-01	3.30000E+03	1.14972E+07
1.01325E+05	8.50000E-01	2.78618E-01	3.25000E+03	1.04453E+07
1.01325E+05	8.50000E-01	2.49094E-01	3.20000E+03	9.51388E+06
1.01325E+05	8.50000E-01	2.23768E-01	3.15000E+03	8.69174E+06
1.01325E+05	8.50000E-01	2.01487E-01	3.10000E+03	7.96648E+06
1.01325E+05	8.50000E-01	1.81478E-01	3.05000E+03	7.32533E+06
1.01325E+05	8.50000E-01	1.63237E-01	3.00000E+03	6.75613E+06
1.01325E+05	8.50000E-01	1.46438E-01	2.95000E+03	6.24791E+06
1.01325E+05	8.50000E-01	1.30879E-01	2.90000E+03	5.79121E+06
1.01325E+05	8.50000E-01	1.16432E-01	2.85000E+03	5.37813E+06
1.01325E+05	8.50000E-01	1.03020E-01	2.80000E+03	5.00222E+06
1.01325E+05	8.50000E-01	9.05937E-02	2.75000E+03	4.65827E+06
1.01325E+05	8.50000E-01	7.91168E-02	2.70000E+03	4.34208E+06
1.01325E+05	8.50000E-01	6.85604E-02	2.65000E+03	4.05026E+06
1.01325E+05	8.50000E-01	5.88965E-02	2.60000E+03	3.78001E+06
1.01325E+05	8.50000E-01	5.00945E-02	2.55000E+03	3.52898E+06
1.01325E+05	8.50000E-01	4.21207E-02	2.50000E+03	3.29518E+06
1.01325E+05	8.50000E-01	3.49373E-02	2.45000E+03	3.07683E+06
1.01325E+05	8.50000E-01	2.85030E-02	2.40000E+03	2.87235E+06
1.01325E+05	8.50000E-01	2.27734E-02	2.35000E+03	2.68030E+06
1.01325E+05	8.50000E-01	1.77019E-02	2.30000E+03	2.49936E+06
1.01325E+05	8.50000E-01	1.32403E-02	2.25000E+03	2.32832E+06
1.01325E+05	8.50000E-01	9.34021E-03	2.20000E+03	2.16603E+06
1.01325E+05	8.50000E-01	5.95312E-03	2.15000E+03	2.01148E+06
1.01325E+05	8.50000E-01	3.03164E-03	2.10000E+03	1.86369E+06
1.01325E+05	8.50000E-01	5.29858E-04	2.05000E+03	1.72182E+06
1.01325E+05	8.50000E-01	0.00000E+00	2.00000E+03	1.59518E+06
1.01325E+05	8.50000E-01	0.00000E+00	1.95000E+03	1.47410E+06
1.01325E+05	8.50000E-01	0.00000E+00	1.90000E+03	1.35471E+06
1.01325E+05	8.50000E-01	0.00000E+00	1.85000E+03	1.23655E+06
1.01325E+05	8.50000E-01	0.00000E+00	1.80000E+03	1.11912E+06
1.01325E+05	8.50000E-01	0.00000E+00	1.75000E+03	1.00186E+06
1.01325E+05	8.50000E-01	0.00000E+00	1.70000E+03	8.84093E+05
1.01325E+05	8.50000E-01	0.00000E+00	1.65000E+03	7.64996E+05
1.01325E+05	8.50000E-01	0.00000E+00	1.60000E+03	6.43732E+05
1.01325E+05	8.50000E-01	0.00000E+00	1.55000E+03	5.19857E+05
1.01325E+05	8.50000E-01	0.00000E+00	1.50000E+03	3.94094E+05
1.01325E+05	8.50000E-01	0.00000E+00	1.45000E+03	2.68736E+05
1.01325E+05	8.50000E-01	0.00000E+00	1.40000E+03	1.46488E+05
1.01325E+05	8.50000E-01	0.00000E+00	1.35000E+03	2.83736E+04
1.01325E+05	8.50000E-01	0.00000E+00	1.30000E+03	-8.69932E+04
1.01325E+05	8.50000E-01	0.00000E+00	1.25000E+03	-2.03060E+05
1.01325E+05	8.50000E-01	0.00000E+00	1.20000E+03	-3.25799E+05
1.01325E+05	8.50000E-01	0.00000E+00	1.15000E+03	-4.65224E+05
1.01325E+05	8.50000E-01	0.00000E+00	1.10000E+03	-6.37595E+05
1.01325E+05	8.50000E-01	0.00000E+00	1.05000E+03	-8.69148E+05
1.01325E+05	8.50000E-01	0.00000E+00	1.00000E+03	-1.19800E+06
1.01325E+05	8.50000E-01	0.00000E+00	9.50000E+02	-1.65903E+06
1.01325E+05	8.50000E-01	0.00000E+00	9.00000E+02	-2.23898E+06
1.01325E+05	8.50000E-01	0.00000E+00	8.50000E+02	-2.84721E+06
1.01325E+05	8.50000E-01	0.00000E+00	8.00000E+02	-3.37146E+06
1.01325E+05	8.50000E-01	0.00000E+00	7.50000E+02	-3.75817E+06
1.01325E+05	8.50000E-01	0.00000E+00	7.00000E+02	-4.02299E+06
1.01325E+05	8.50000E-01	0.00000E+00	6.50000E+02	-4.20777E+06
1.01325E+05	8.50000E-01	0.00000E+00	6.00000E+02	-4.34520E+06
1.01325E+05	8.50000E-01	0.00000E+00	5.50000E+02	-4.45397E+06
1.01325E+05	8.50000E-01	0.00000E+00	5.00000E+02	-4.54497E+06
1.01325E+05	8.50000E-01	0.00000E+00	4.50000E+02	-4.62515E+06
1.01325E+05	8.50000E-01	0.00000E+00	4.00000E+02	-4.69884E+06
1.01325E+05	8.50000E-01	0.00000E+00	3.50000E+02	-4.76851E+06
1.01325E+05	8.50000E-01	0.00000E+00	3.00000E+02	-4.83542E+06
1.01325E+05	8.50000E-01	0.00000E+00	2.50000E+02	-4.90027E+06
p (Pa)	B'g	B'c	Temp (K)	hw (J/kg)
1.01325E+05	8.20000E-01	1.11329E+01	3.90000E+03	2.90149E+07
1.01325E+05	8.20000E-01	5.58711E+00	3.85000E+03	2.83311E+07
1.01325E+05	8.20000E-01	3.38031E+00	3.80000E+03	2.72263E+07
1.01325E+05	8.20000E-01	2.24895E+00	3.75000E+03	2.57734E+07
1.01325E+05	8.20000E-01	1.58932E+00	3.70000E+03	2.40799E+07
1.01325E+05	8.20000E-01	1.17410E+00	3.65000E+03	2.22616E+07
1.01325E+05	8.20000E-01	8.99241E-01	3.60000E+03	2.04183E+07
1.01325E+05	8.20000E-01	7.10605E-01	3.55000E+03	1.86228E+07
1.01325E+05	8.20000E-01	5.77400E-01	3.50000E+03	1.69213E+07
1.01325E+05	8.20000E-01	4.80940E-01	3.45000E+03	1.53397E+07
1.01325E+05	8.20000E-01	4.09343E-01	3.40000E+03	1.38904E+07
1.01325E+05	8.20000E-01	3.54801E-01	3.35000E+03	1.25776E+07
1.01325E+05	8.20000E-01	3.12061E-01	3.30000E+03	1.13998E+07
1.01325E+05	8.20000E-01	2.77548E-01	3.25000E+03	1.03514E+07
1.01325E+05	8.20000E-01	2.48810E-01	3.20000E+03	9.42373E+06
1.01325E+05	8.20000E-01	2.24177E-01	3.15000E+03	8.60562E+06
1.01325E+05	8.20000E-01	2.02515E-01	3.10000E+03	7.88456E+06
1.01325E+05	8.20000E-01	1.83069E-01	3.05000E+03	7.24772E+06
1.01325E+05	8.20000E-01	1.65341E-01	3.00000E+03	6.68286E+06
1.01325E+05	8.20000E-01	1.49015E-01	2.95000E+03	6.17894E+06
1.01325E+05	8.20000E-01	1.33890E-01	2.90000E+03	5.72645E+06
1.01325E+05	8.20000E-01	1.19843E-01	2.85000E+03	5.31743E+06
1.01325E+05	8.20000E-01	1.06797E-01	2.80000E+03	4.94540E+06
1.01325E+05	8.20000E-01	9.47050E-02	2.75000E+03	4.60512E+06
1.01325E+05	8.20000E-01	8.35326E-02	2.70000E+03	4.29238E+06
1.01325E+05	8.20000E-01	7.32520E-02	2.65000E+03	4.00377E+06
1.01325E+05	8.20000E-01	6.38365E-02	2.60000E+03	3.73652E+06
1.01325E+05	8.20000E-01	5.52572E-02	2.55000E+03	3.48828E+06
1.01325E+05	8.20000E-01	4.74817E-02	2.50000E+03	3.25705E+06
1.01325E+05	8.20000E-01	4.04741E-02	2.45000E+03	3.04109E+06
1.01325E+05	8.20000E-01	3.41946E-02	2.40000E+03	2.83882E+06
1.01325E+05	8.20000E-01	2.86005E-02	2.35000E+03	2.64882E+06
1.01325E+05	8.20000E-01	2.36469E-02	2.30000E+03	2.46979E+06
1.01325E+05	8.20000E-01	1.92874E-02	2.25000E+03	2.30053E+06
1.01325E+05	8.20000E-01	1.54748E-02	2.20000E+03	2.13991E+06
1.01325E+05	8.20000E-01	1.21624E-02	2.15000E+03	1.98693E+06
1.01325E+05	8.20000E-01	9.30420E-03	2.10000E+03	1.84063E+06
1.01325E+05	8.20000E-01	6.85560E-03	2.05000E+03	1.70018E+06
1.01325E+05	8.20000E-01	4.77395E-03	2.00000E+03	1.56479E+06
1.01325E+05	8.20000E-01	3.01888E-03	1.95000E+03	1.43378E+06
1.01325E+05	8.20000E-01	1.55256E-03	1.90000E+03	1.30655E+06
1.01325E+05	8.20000E-01	3.39888E-04	1.85000E+03	1.18255E+06
1.01325E+05	8.20000E-01	0.00000E+00	1.80000E+03	1.06529E+06
1.01325E+05	8.20000E-01	0.00000E+00	1.75000E+03	9.50883E+05
1.01325E+05	8.20000E-01	0.00000E+00	1.70000E+03	8.36810E+05
1.01325E+05	8.20000E-01	0.00000E+00	1.65000E+03	7.22650E+05
1.01325E+05	8.20000E-01	0.00000E+00	1.60000E+03	6.08020E+05
1.01325E+05	8.20000E-01	0.00000E+00	1.55000E+03	4.92743E+05
1.01325E+05	8.20000E-01	0.00000E+00	1.50000E+03	3.77119E+05
1.01325E+05	8.20000E-01	0.00000E+00	1.45000E+03	2.61940E+05
1.01325E+05	8.20000E-01	0.00000E+00	1.40000E+03	1.47900E+05
1.01325E+05	8.20000E-01	0.00000E+00	1.35000E+03	3.47398E+04
1.01325E+05	8.20000E-01	0.00000E+00	1.30000E+03	-7.91663E+04
1.01325E+05	8.20000E-01	0.00000E+00	1.25000E+03	-1.96897E+05
1.01325E+05	8.20000E-01	0.00000E+00	1.20000E+03	-3.23370E+05
1.01325E+05	8.20000E-01	0.00000E+00	1.15000E+03	-4.66753E+05
1.01325E+05	8.20000E-01	0.00000E+00	1.10000E+03	-6.41530E+05
1.01325E+05	8.20000E-01	0.00000E+00	1.05000E+03	-8.72985E+05
1.01325E+05	8.20000E-01	0.00000E+00	1.00000E+03	-1.19887E+06
1.01325E+05	8.20000E-01	0.00000E+00	9.50000E+02	-1.65413E+06
1.01325E+05	8.20000E-01	0.00000E+00	9.00000E+02	-2.22652E+06
1.01325E+05	8.20000E-01	0.00000E+00	8.50000E+02	-2.82725E+06
1.01325E+05	8.20000E-01	0.00000E+00	8.00000E+02	-3.34551E+06
1.01325E+05	8.20000E-01	0.00000E+00	7.50000E+02	-3.72818E+06
1.01325E+05	8.20000E-01	0.00000E+00	7.00000E+02	-3.99062E+06
1.01325E+05	8.20000E-01	0.00000E+00	6.50000E+02	-4.17404E+06
1.01325E+05	8.20000E-01	0.00000E+00	6.00000E+02	-4.31061E+06
1.01325E+05	8.20000E-01	0.00000E+00	5.50000E+02	-4.41874E+06
1.01325E+05	8.20000E-01	0.00000E+00	5.00000E+02	-4.50922E+06
1.01325E+05	8.20000E-01	0.00000E+00	4.50000E+02	-4.58896E+06
1.01325E+05	8.20000E-01	0.00000E+00	4.00000E+02	-4.66228E+06
1.01325E+05	8.20000E-01	0.00000E+00	3.50000E+02	-4.73162E+06
1.01325E+05	8.20000E-01	0.00000E+00	3.00000E+02	-4.79825E+06
1.01325E+05	8.20000E-01	0.00000E+00	2.50000E+02	-4.86286E+06
p (Pa)	B'g	B'c	Temp (K)	hw (J/kg)
1.01325E+05	8.00000E-01	1.09582E+01	3.90000E+03	2.90032E+07
1.01325E+05	8.00000E-01	5.50265E+00	3.85000E+03	2.83098E+07
1.01325E+05	8.00000E-01	3.33115E+00	3.80000E+03	2.71935E+07
1.01325E+05	8.00000E-01	2.21757E+00	3.75000E+03	2.57288E+07
1.01325E+05	8.00000E-01	1.56814E+00	3.70000E+03	2.40247E+07
1.01325E+05	8.00000E-01	1.15928E+00	3.65000E+03	2.21981E+07
1.01325E+05	8.00000E-01	8.88621E-01	3.60000E+03	2.03494E+07
1.01325E+05	8.00000E-01	7.02877E-01	3.55000E+03	1.85510E+07
1.01325E+05	8.00000E-01	5.71735E-01	3.50000E+03	1.68486E+07
1.01325E+05	8.00000E-01	4.76794E-01	3.45000E+03	1.52675E+07
1.01325E+05	8.00000E-01	4.06352E-01	3.40000E+03	1.38195E+07
1.01325E+05	8.00000E-01	3.52715E-01	3.35000E+03	1.25086E+07
1.01325E+05	8.00000E-01	3.10709E-01	3.30000E+03	1.13329E+07
1.01325E+05	8.00000E-01	2.76808E-01	3.25000E+03	1.02870E+07
1.01325E+05	8.00000E-01	2.48597E-01	3.20000E+03	9.36195E+06
1.01325E+05	8.00000E-01	2.24426E-01	3.15000E+03	8.54663E+06
1.01325E+05	8.00000E-01	2.03179E-01	3.10000E+03	7.82846E+06
1.01325E+05	8.00000E-01	1.84108E-01	3.05000E+03	7.19458E+06
1.01325E+05	8.00000E-01	1.66725E-01	3.00000E+03	6.63271E+06
1.01325E+05	8.00000E-01	1.50715E-01	2.95000E+03	6.13175E+06
1.01325E+05	8.00000E-01	1.35881E-01	2.90000E+03	5.68215E+06
1.01325E+05	8.00000E-01	1.22101E-01	2.85000E+03	5.27592E+06
1.01325E+05	8.00000E-01	1.09301E-01	2.80000E+03	4.90654E+06
1.01325E+05	8.00000E-01	9.74332E-02	2.75000E+03	4.56878E+06
1.01325E+05	8.00000E-01	8.64650E-02	2.70000E+03	4.25840E+06
1.01325E+05	8.00000E-01	7.63694E-02	2.65000E+03	3.97201E+06
1.01325E+05	8.00000E-01	6.71206E-02	2.60000E+03	3.70681E+06
1.01325E+05	8.00000E-01	5.86907E-02	2.55000E+03	3.46048E+06
1.01325E+05	8.00000E-01	5.10485E-02	2.50000E+03	3.23102E+06
1.01325E+05	8.00000E-01	4.41589E-02	2.45000E+03	3.01669E+06
1.01325E+05	8.00000E-01	3.79834E-02	2.40000E+03	2.81593E+06
1.01325E+05	8.00000E-01	3.24804E-02	2.35000E+03	2.62734E+06
1.01325E+05	8.00000E-01	2.76061E-02	2.30000E+03	2.44962E+06
1.01325E+05	8.00000E-01	2.33151E-02	2.25000E+03	2.28157E+06
1.01325E+05	8.00000E-01	1.95614E-02	2.20000E+03	2.12210E+06
1.01325E+05	8.00000E-01	1.62993E-02	2.15000E+03	1.97019E+06
1.01325E+05	8.00000E-01	1.34837E-02	2.10000E+03	1.82491E+06
1.01325E+05	8.00000E-01	1.10710E-02	2.05000E+03	1.68542E+06
1.01325E+05	8.00000E-01	9.01918E-03	2.00000E+03	1.55096E+06
1.01325E+05	8.00000E-01	7.28878E-03	1.95000E+03	1.42085E+06
1.01325E+05	8.00000E-01	5.84262E-03	1.90000E+03	1.29448E+06
1.01325E+05	8.00000E-01	4.64620E-03	1.85000E+03	1.17131E+06
1.01325E+05	8.00000E-01	3.66777E-03	1.80000E+03	1.05089E+06
1.01325E+05	8.00000E-01	2.87836E-03	1.75000E+03	9.32806E+05
1.01325E+05	8.00000E-01	2.25169E-03	1.70000E+03	8.16694E+05
1.01325E+05	8.00000E-01	1.76396E-03	1.65000E+03	7.02239E+05
1.01325E+05	8.00000E-01	1.39350E-03	1.60000E+03	5.89149E+05
1.01325E+05	8.00000E-01	1.11995E-03	1.55000E+03	4.77134E+05
1.01325E+05	8.00000E-01	9.22837E-04	1.50000E+03	3.65884E+05
1.01325E+05	8.00000E-01	7.78426E-04	1.45000E+03	2.55010E+05
1.01325E+05	8.00000E-01	6.53366E-04	1.40000E+03	1.43959E+05
1.01325E+05	8.00000E-01	4.90880E-04	1.35000E+03	3.18436E+04
1.01325E+05	8.00000E-01	1.80413E-04	1.30000E+03	-8.29081E+04
1.01325E+05	8.00000E-01	0.00000E+00	1.25000E+03	-2.02032E+05
1.01325E+05	8.00000E-01	0.00000E+00	1.20000E+03	-3.29461E+05
1.01325E+05	8.00000E-01	0.00000E+00	1.15000E+03	-4.73233E+05
1.01325E+05	8.00000E-01	0.00000E+00	1.10000E+03	-6.47557E+05
1.01325E+05	8.00000E-01	0.00000E+00	1.05000E+03	-8.77472E+05
1.01325E+05	8.00000E-01	0.00000E+00	1.00000E+03	-1.20043E+06
1.01325E+05	8.00000E-01	0.00000E+00	9.50000E+02	-1.65125E+06
1.01325E+05	8.00000E-01	0.00000E+00	9.00000E+02	-2.21822E+06
1.01325E+05	8.00000E-01	0.00000E+00	8.50000E+02	-2.81369E+06
1.01325E+05	8.00000E-01	0.00000E+00	8.00000E+02	-3.32778E+06
1.01325E+05	8.00000E-01	0.00000E+00	7.50000E+02	-3.70766E+06
1.01325E+05	8.00000E-01	0.00000E+00	7.00000E+02	-3.96846E+06
1.01325E+05	8.00000E-01	0.00000E+00	6.50000E+02	-4.15094E+06
1.01325E+05	8.00000E-01	0.00000E+00	6.00000E+02	-4.28691E+06
1.01325E+05	8.00000E-01	0.00000E+00	5.50000E+02	-4.39460E+06
1.01325E+05	8.00000E-01	0.00000E+00	5.00000E+02	-4.48473E+06
1.01325E+05	8.00000E-01	0.00000E+00	4.50000E+02	-4.56417E+06
1.01325E+05	8.00000E-01	0.00000E+00	4.00000E+02	-4.63722E+06
1.01325E+05	8.00000E-01	0.00000E+00	3.50000E+02	-4.70635E+06
1.01325E+05	8.00000E-01	0.00000E+00	3.00000E+02	-4.77279E+06
1.01325E+05	8.00000E-01	0.00000E+00	2.50000E+02	-4.83723E+06
p (Pa)	B'g	B'c	Temp (K)	hw (J/kg)
1.01325E+05	7.95000E-01	1.09146E+01	3.90000E+03	2.90002E+07
1.01325E+05	7.95000E-01	5.48154E+00	3.85000E+03	2.83043E+07
1.01325E+05	7.95000E-01	3.31886E+00	3.80000E+03	2.71852E+07
1.01325E+05	7.95000E-01	2.20972E+00	3.75000E+03	2.57174E+07
1.01325E+05	7.95000E-01	1.56284E+00	3.70000E+03	2.40106E+07
1.01325E+05	7.95000E-01	1.15557E+00	3.65000E+03	2.21820E+07
1.01325E+05	7.95000E-01	8.85961E-01	3.60000E+03	2.03319E+07
1.01325E+05	7.95000E-01	7.00940E-01	3.55000E+03	1.85328E+07
1.01325E+05	7.95000E-01	5.70314E-01	3.50000E+03	1.68302E+07
1.01325E+05	7.95000E-01	4.75753E-01	3.45000E+03	1.52491E+07
1.01325E+05	7.95000E-01	4.05600E-01	3.40000E+03	1.38015E+07
1.01325E+05	7.95000E-01	3.52190E-01	3.35000E+03	1.24910E+07
1.01325E+05	7.95000E-01	3.10367E-01	3.30000E+03	1.13160E+07
1.01325E+05	7.95000E-01	2.76619E-01	3.25000E+03	1.02706E+07
1.01325E+05	7.95000E-01	2.48540E-01	3.20000E+03	9.34629E+06
1.01325E+05	7.95000E-01	2.24485E-01	3.15000E+03	8.53167E+06
1.01325E+05	7.95000E-01	2.03342E-01	3.10000E+03	7.81424E+06
1.01325E+05	7.95000E-01	1.84365E-01	3.05000E+03	7.18112E+06
1.01325E+05	7.95000E-01	1.67068E-01	3.00000E+03	6.62000E+06
1.01325E+05	7.95000E-01	1.51137E-01	2.95000E+03	6.11980E+06
1.01325E+05	7.95000E-01	1.36376E-01	2.90000E+03	5.67093E+06
1.01325E+05	7.95000E-01	1.22664E-01	2.85000E+03	5.26540E+06
1.01325E+05	7.95000E-01	1.09925E-01	2.80000E+03	4.89670E+06
1.01325E+05	7.95000E-01	9.81136E-02	2.75000E+03	4.55958E+06
1.01325E+05	7.95000E-01	8.71966E-02	2.70000E+03	4.24980E+06
1.01325E+05	7.95000E-01	7.71474E-02	2.65000E+03	3.96397E+06
1.01325E+05	7.95000E-01	6.79404E-02	2.60000E+03	3.69929E+06
1.01325E+05	7.95000E-01	5.95480E-02	2.55000E+03	3.45344E+06
1.01325E+05	7.95000E-01	5.19392E-02	2.50000E+03	3.22443E+06
1.01325E+05	7.95000E-01	4.50792E-02	2.45000E+03	3.01051E+06
1.01325E+05	7.95000E-01	3.89299E-02	2.40000E+03	2.81014E+06
1.01325E+05	7.95000E-01	3.34498E-02	2.35000E+03	2.62191E+06
1.01325E+05	7.95000E-01	2.85953E-02	2.30000E+03	2.44451E+06
1.01325E+05	7.95000E-01	2.43215E-02	2.25000E+03	2.27678E+06
1.01325E+05	7.95000E-01	2.05827E-02	2.20000E+03	2.11759E+06
1.01325E+05	7.95000E-01	1.73332E-02	2.15000E+03	1.96595E+06
1.01325E+05	7.95000E-01	1.45283E-02	2.10000E+03	1.82093E+06
1.01325E+05	7.95000E-01	1.21246E-02	2.05000E+03	1.68169E+06
1.01325E+05	7.95000E-01	1.00803E-02	2.00000E+03	1.54747E+06
1.01325E+05	7.95000E-01	8.35610E-03	1.95000E+03	1.41758E+06
1.01325E+05	7.95000E-01	6.91501E-03	1.90000E+03	1.29143E+06
1.01325E+05	7.95000E-01	5.72268E-03	1.85000E+03	1.16848E+06
1.01325E+05	7.95000E-01	4.74749E-03	1.80000E+03	1.04826E+06
1.01325E+05	7.95000E-01	3.96059E-03	1.75000E+03	9.30376E+05
1.01325E+05	7.95000E-01	3.33579E-03	1.70000E+03	8.14464E+05
1.01325E+05	7.95000E-01	2.84939E-03	1.65000E+03	7.00206E+05
1.01325E+05	7.95000E-01	2.47975E-03	1.60000E+03	5.87311E+05
1.01325E+05	7.95000E-01	2.20660E-03	1.55000E+03	4.75490E+05
1.01325E+05	7.95000E-01	2.00948E-03	1.50000E+03	3.64433E+05
1.01325E+05	7.95000E-01	1.86469E-03	1.45000E+03	2.53753E+05
1.01325E+05	7.95000E-01	1.73893E-03	1.40000E+03	1.42899E+05
1.01325E+05	7.95000E-01	1.57554E-03	1.35000E+03	3.09856E+04
1.01325E+05	7.95000E-01	1.26422E-03	1.30000E+03	-8.35545E+04
1.01325E+05	7.95000E-01	5.73203E-04	1.25000E+03	-2.03682E+05
1.01325E+05	7.95000E-01	0.00000E+00	1.20000E+03	-3.32301E+05
1.01325E+05	7.95000E-01	0.00000E+00	1.15000E+03	-4.75674E+05
1.01325E+05	7.95000E-01	0.00000E+00	1.10000E+03	-6.49546E+05
1.01325E+05	7.95000E-01	0.00000E+00	1.05000E+03	-8.78861E+05
1.01325E+05	7.95000E-01	0.00000E+00	1.00000E+03	-1.20095E+06
1.01325E+05	7.95000E-01	0.00000E+00	9.50000E+02	-1.65058E+06
1.01325E+05	7.95000E-01	0.00000E+00	9.00000E+02	-2.21614E+06
1.01325E+05	7.95000E-01	0.00000E+00	8.50000E+02	-2.81026E+06
1.01325E+05	7.95000E-01	0.00000E+00	8.00000E+02	-3.32330E+06
1.01325E+05	7.95000E-01	0.00000E+00	7.50000E+02	-3.70246E+06
1.01325E+05	7.95000E-01	0.00000E+00	7.00000E+02	-3.96284E+06
1.01325E+05	7.95000E-01	0.00000E+00	6.50000E+02	-4.14509E+06
1.01325E+05	7.95000E-01	0.00000E+00	6.00000E+02	-4.28091E+06
1.01325E+05	7.95000E-01	0.00000E+00	5.50000E+02	-4.38848E+06
1.01325E+05	7.95000E-01	0.00000E+00	5.00000E+02	-4.47852E+06
1.01325E+05	7.95000E-01	0.00000E+00	4.50000E+02	-4.55788E+06
1.01325E+05	7.95000E-01	0.00000E+00	4.00000E+02	-4.63087E+06
1.01325E+05	7.95000E-01	0.00000E+00	3.50000E+02	-4.69994E+06
1.01325E+05	7.95000E-01	0.00000E+00	3.00000E+02	-4.76634E+06
1.01325E+05	7.95000E-01	0.00000E+00	2.50000E+02	-4.83073E+06
p (Pa)	B'g	B'c	Temp (K)	hw (J/kg)
1.01325E+05	7.90000E-01	1.08709E+01	3.90000E+03	2.89972E+07
1.01325E+05	7.90000E-01	5.46042E+00	3.85000E+03	2.82988E+07
1.01325E+05	7.90000E-01	3.30657E+00	3.80000E+03	2.71767E+07
1.01325E+05	7.90000E-01	2.20186E+00	3.75000E+03	2.57059E+07
1.01325E+05	7.90000E-01	1.55754E+00	3.70000E+03	2.39964E+07
1.01325E+05	7.90000E-01	1.15186E+00	3.65000E+03	2.21657E+07
1.01325E+05	7.90000E-01	8.83299E-01	3.60000E+03	2.03142E+07
1.01325E+05	7.90000E-01	6.99002E-01	3.55000E+03	1.85144E+07
1.01325E+05	7.90000E-01	5.68892E-01	3.50000E+03	1.68116E+07
1.01325E+05	7.90000E-01	4.74711E-01	3.45000E+03	1.52307E+07
1.01325E+05	7.90000E-01	4.04847E-01	3.40000E+03	1.37834E+07
1.01325E+05	7.90000E-01	3.51663E-01	3.35000E+03	1.24734E+07
1.01325E+05	7.90000E-01	3.10024E-01	3.30000E+03	1.12989E+07
1.01325E+05	7.90000E-01	2.76429E-01	3.25000E+03	1.02542E+07
1.01325E+05	7.90000E-01	2.48482E-01	3.20000E+03	9.33053E+06
1.01325E+05	7.90000E-01	2.24543E-01	3.15000E+03	8.51663E+06
1.01325E+05	7.90000E-01	2.03503E-01	3.10000E+03	7.79995E+06
1.01325E+05	7.90000E-01	1.84621E-01	3.05000E+03	7.16758E+06
1.01325E+05	7.90000E-01	1.67411E-01	3.00000E+03	6.60723E+06
1.01325E+05	7.90000E-01	1.51559E-01	2.95000E+03	6.10778E+06
1.01325E+05	7.90000E-01	1.36871E-01	2.90000E+03	5.65965E+06
1.01325E+05	7.90000E-01	1.23225E-01	2.85000E+03	5.25483E+06
1.01325E+05	7.90000E-01	1.10549E-01	2.80000E+03	4.88681E+06
1.01325E+05	7.90000E-01	9.87933E-02	2.75000E+03	4.55033E+06
1.01325E+05	7.90000E-01	8.79276E-02	2.70000E+03	4.24115E+06
1.01325E+05	7.90000E-01	7.79249E-02	2.65000E+03	3.95589E+06
1.01325E+05	7.90000E-01	6.87598E-02	2.60000E+03	3.69173E+06
1.01325E+05	7.90000E-01	6.04049E-02	2.55000E+03	3.44637E+06
1.01325E+05	7.90000E-01	5.28295E-02	2.50000E+03	3.21781E+06
1.01325E+05	7.90000E-01	4.59993E-02	2.45000E+03	3.00431E+06
1.01325E+05	7.90000E-01	3.98760E-02	2.40000E+03	2.80432E+06
1.01325E+05	7.90000E-01	3.44188E-02	2.35000E+03	2.61644E+06
1.01325E+05	7.90000E-01	2.95844E-02	2.30000E+03	2.43939E+06
1.01325E+05	7.90000E-01	2.53278E-02	2.25000E+03	2.27196E+06
1.01325E+05	7.90000E-01	2.16038E-02	2.20000E+03	2.11307E+06
1.01325E+05	7.90000E-01	1.83670E-02	2.15000E+03	1.96170E+06
1.01325E+05	7.90000E-01	1.55728E-02	2.10000E+03	1.81694E+06
1.01325E+05	7.90000E-01	1.31781E-02	2.05000E+03	1.67794E+06
1.01325E+05	7.90000E-01	1.11413E-02	2.00000E+03	1.54395E+06
1.01325E+05	7.90000E-01	9.42336E-03	1.95000E+03	1.41429E+06
1.01325E+05	7.90000E-01	7.98735E-03	1.90000E+03	1.28836E+06
1.01325E+05	7.90000E-01	6.79912E-03	1.85000E+03	1.16562E+06
1.01325E+05	7.90000E-01	5.82718E-03	1.80000E+03	1.04562E+06
1.01325E+05	7.90000E-01	5.04280E-03	1.75000E+03	9.27935E+05
1.01325E+05	7.90000E-01	4.41988E-03	1.70000E+03	8.12224E+05
1.01325E+05	7.90000E-01	3.93480E-03	1.65000E+03	6.98164E+05
1.01325E+05	7.90000E-01	3.56600E-03	1.60000E+03	5.85464E+05
1.01325E+05	7.90000E-01	3.29325E-03	1.55000E+03	4.73838E+05
1.01325E+05	7.90000E-01	3.09612E-03	1.50000E+03	3.62976E+05
1.01325E+05	7.90000E-01	2.95096E-03	1.45000E+03	2.52491E+05
1.01325E+05	7.90000E-01	2.82451E-03	1.40000E+03	1.41835E+05
1.01325E+05	7.90000E-01	2.66021E-03	1.35000E+03	3.01237E+04
1.01325E+05	7.90000E-01	2.34806E-03	1.30000E+03	-8.42037E+04
1.01325E+05	7.90000E-01	1.65695E-03	1.25000E+03	-2.04100E+05
1.01325E+05	7.90000E-01	8.22431E-05	1.20000E+03	-3.35440E+05
1.01325E+05	7.90000E-01	0.00000E+00	1.15000E+03	-4.78462E+05
1.01325E+05	7.90000E-01	0.00000E+00	1.10000E+03	-6.51738E+05
1.01325E+05	7.90000E-01	0.00000E+00	1.05000E+03	-8.80362E+05
1.01325E+05	7.90000E-01	0.00000E+00	1.00000E+03	-1.20154E+06
1.01325E+05	7.90000E-01	0.00000E+00	9.50000E+02	-1.64994E+06
1.01325E+05	7.90000E-01	0.00000E+00	9.00000E+02	-2.21407E+06
1.01325E+05	7.90000E-01	0.00000E+00	8.50000E+02	-2.80683E+06
1.01325E+05	7.90000E-01	0.00000E+00	8.00000E+02	-3.31879E+06
1.01325E+05	7.90000E-01	0.00000E+00	7.50000E+02	-3.69723E+06
1.01325E+05	7.90000E-01	0.00000E+00	7.00000E+02	-3.95719E+06
1.01325E+05	7.90000E-01	0.00000E+00	6.50000E+02	-4.13920E+06
1.01325E+05	7.90000E-01	0.00000E+00	6.00000E+02	-4.27487E+06
1.01325E+05	7.90000E-01	0.00000E+00	5.50000E+02	-4.38233E+06
1.01325E+05	7.90000E-01	0.00000E+00	5.00000E+02	-4.47228E+06
1.01325E+05	7.90000E-01	0.00000E+00	4.50000E+02	-4.55156E+06
1.01325E+05	7.90000E-01	0.00000E+00	4.00000E+02	-4.62449E+06
1.01325E+05	7.90000E-01	0.00000E+00	3.50000E+02	-4.69350E+06
1.01325E+05	7.90000E-01	0.00000E+00	3.00000E+02	-4.75984E+06
1.01325E+05	7.90000E-01	0.00000E+00	2.50000E+02	-4.82420E+06
p (Pa)	B'g	B'c	Temp (K)	hw (J/kg)
1.01325E+05	7.80000E-01	1.07836E+01	3.90000E+03	2.89910E+07
1.01325E+05	7.80000E-01	5.41820E+00	3.85000E+03	2.82876E+07
1.01325E+05	7.80000E-01	3.28198E+00	3.80000E+03	2.71596E+07
1.01325E+05	7.80000E-01	2.18615E+00	3.75000E+03	2.56826E+07
1.01325E+05	7.80000E-01	1.54693E+00	3.70000E+03	2.39676E+07
1.01325E+05	7.80000E-01	1.14443E+00	3.65000E+03	2.21327E+07
1.01325E+05	7.80000E-01	8.77969E-01	3.60000E+03	2.02785E+07
1.01325E+05	7.80000E-01	6.95119E-01	3.55000E+03	1.84773E+07
1.01325E+05	7.80000E-01	5.66041E-01	3.50000E+03	1.67740E+07
1.01325E+05	7.80000E-01	4.72621E-01	3.45000E+03	1.51934E+07
1.01325E+05	7.80000E-01	4.03335E-01	3.40000E+03	1.37468E+07
1.01325E+05	7.80000E-01	3.50605E-01	3.35000E+03	1.24378E+07
1.01325E+05	7.80000E-01	3.09333E-01	3.30000E+03	1.12645E+07
1.01325E+05	7.80000E-01	2.76045E-01	3.25000E+03	1.02211E+07
1.01325E+05	7.80000E-01	2.48362E-01	3.20000E+03	9.29876E+06
1.01325E+05	7.80000E-01	2.24655E-01	3.15000E+03	8.48630E+06
1.01325E+05	7.80000E-01	2.03823E-01	3.10000E+03	7.77112E+06
1.01325E+05	7.80000E-01	1.85130E-01	3.05000E+03	7.14029E+06
1.01325E+05	7.80000E-01	1.68092E-01	3.00000E+03	6.58148E+06
1.01325E+05	7.80000E-01	1.52400E-01	2.95000E+03	6.08355E+06
1.01325E+05	7.80000E-01	1.37858E-01	2.90000E+03	5.63691E+06
1.01325E+05	7.80000E-01	1.24347E-01	2.85000E+03	5.23353E+06
1.01325E+05	7.80000E-01	1.11793E-01	2.80000E+03	4.86688E+06
1.01325E+05	7.80000E-01	1.00151E-01	2.75000E+03	4.53169E+06
1.01325E+05	7.80000E-01	8.93878E-02	2.70000E+03	4.22373E+06
1.01325E+05	7.80000E-01	7.94781E-02	2.65000E+03	3.93960E+06
1.01325E+05	7.80000E-01	7.03970E-02	2.60000E+03	3.67650E+06
1.01325E+05	7.80000E-01	6.21173E-02	2.55000E+03	3.43212E+06
1.01325E+05	7.80000E-01	5.46091E-02	2.50000E+03	3.20447E+06
1.01325E+05	7.80000E-01	4.78383E-02	2.45000E+03	2.99181E+06
1.01325E+05	7.80000E-01	4.17675E-02	2.40000E+03	2.79260E+06
1.01325E+05	7.80000E-01	3.63562E-02	2.35000E+03	2.60544E+06
1.01325E+05	7.80000E-01	3.15617E-02	2.30000E+03	2.42906E+06
1.01325E+05	7.80000E-01	2.73398E-02	2.25000E+03	2.26225E+06
1.01325E+05	7.80000E-01	2.36455E-02	2.20000E+03	2.10395E+06
1.01325E+05	7.80000E-01	2.04341E-02	2.15000E+03	1.95313E+06
1.01325E+05	7.80000E-01	1.76614E-02	2.10000E+03	1.80890E+06
1.01325E+05	7.80000E-01	1.52848E-02	2.05000E+03	1.67040E+06
1.01325E+05	7.80000E-01	1.32632E-02	2.00000E+03	1.53688E+06
1.01325E+05	7.80000E-01	1.15577E-02	1.95000E+03	1.40768E+06
1.01325E+05	7.80000E-01	1.01319E-02	1.90000E+03	1.28219E+06
1.01325E+05	7.80000E-01	8.95188E-03	1.85000E+03	1.15988E+06
1.01325E+05	7.80000E-01	7.98647E-03	1.80000E+03	1.04029E+06
1.01325E+05	7.80000E-01	7.20715E-03	1.75000E+03	9.23021E+05
1.01325E+05	7.80000E-01	6.58801E-03	1.70000E+03	8.07713E+05
1.01325E+05	7.80000E-01	6.10560E-03	1.65000E+03	6.94052E+05
1.01325E+05	7.80000E-01	5.73849E-03	1.60000E+03	5.81747E+05
1.01325E+05	7.80000E-01	5.46655E-03	1.55000E+03	4.70513E+05
1.01325E+05	7.80000E-01	5.26942E-03	1.50000E+03	3.60042E+05
1.01325E+05	7.80000E-01	5.12352E-03	1.45000E+03	2.49950E+05
1.01325E+05	7.80000E-01	4.99571E-03	1.40000E+03	1.39691E+05
1.01325E+05	7.80000E-01	4.82963E-03	1.35000E+03	2.83885E+04
1.01325E+05	7.80000E-01	4.51582E-03	1.30000E+03	-8.55109E+04
1.01325E+05	7.80000E-01	3.82457E-03	1.25000E+03	-2.04943E+05
1.01325E+05	7.80000E-01	2.25457E-03	1.20000E+03	-3.35749E+05
1.01325E+05	7.80000E-01	0.00000E+00	1.15000E+03	-4.85098E+05
1.01325E+05	7.80000E-01	0.00000E+00	1.10000E+03	-6.56752E+05
1.01325E+05	7.80000E-01	0.00000E+00	1.05000E+03	-8.83714E+05
1.01325E+05	7.80000E-01	0.00000E+00	1.00000E+03	-1.20288E+06
1.01325E+05	7.80000E-01	0.00000E+00	9.50000E+02	-1.64872E+06
1.01325E+05	7.80000E-01	0.00000E+00	9.00000E+02	-2.20993E+06
1.01325E+05	7.80000E-01	0.00000E+00	8.50000E+02	-2.79991E+06
1.01325E+05	7.80000E-01	0.00000E+00	8.00000E+02	-3.30970E+06
1.01325E+05	7.80000E-01	0.00000E+00	7.50000E+02	-3.68669E+06
1.01325E+05	7.80000E-01	0.00000E+00	7.00000E+02	-3.94581E+06
1.01325E+05	7.80000E-01	0.00000E+00	6.50000E+02	-4.12733E+06
1.01325E+05	7.80000E-01	0.00000E+00	6.00000E+02	-4.26268E+06
1.01325E+05	7.80000E-01	0.00000E+00	5.50000E+02	-4.36992E+06
1.01325E+05	7.80000E-01	0.00000E+00	5.00000E+02	-4.45968E+06
1.01325E+05	7.80000E-01	0.00000E+00	4.50000E+02	-4.53881E+06
1.01325E+05	7.80000E-01	0.00000E+00	4.00000E+02	-4.61161E+06
1.01325E+05	7.80000E-01	0.00000E+00	3.50000E+02	-4.68051E+06
1.01325E+05	7.80000E-01	0.00000E+00	3.00000E+02	-4.74675E+06
1.01325E+05	7.80000E-01	0.00000E+00	2.50000E+02	-4.81102E+06
p (Pa)	B'g	B'c	Temp (K)	hw (J/kg)
1.01325E+05	7.50000E-01	1.05216E+01	3.90000E+03	2.89720E+07
1.01325E+05	7.50000E-01	5.29152E+00	3.85000E+03	2.82529E+07
1.01325E+05	7.50000E-01	3.20820E+00	3.80000E+03	2.71063E+07
1.01325E+05	7.50000E-01	2.13899E+00	3.75000E+03	2.56103E+07
1.01325E+05	7.50000E-01	1.51505E+00	3.70000E+03	2.38784E+07
1.01325E+05	7.50000E-01	1.12209E+00	3.65000E+03	2.20306E+07
1.01325E+05	7.50000E-01	8.61930E-01	3.60000E+03	2.01681E+07
1.01325E+05	7.50000E-01	6.83421E-01	3.55000E+03	1.83626E+07
1.01325E+05	7.50000E-01	5.57444E-01	3.50000E+03	1.66582E+07
1.01325E+05	7.50000E-01	4.66308E-01	3.45000E+03	1.50785E+07
1.01325E+05	7.50000E-01	3.98758E-01	3.40000E+03	1.36343E+07
1.01325E+05	7.50000E-01	3.47391E-01	3.35000E+03	1.23284E+07
1.01325E+05	7.50000E-01	3.07223E-01	3.30000E+03	1.11587E+07
1.01325E+05	7.50000E-01	2.74858E-01	3.25000E+03	1.01193E+07
1.01325E+05	7.50000E-01	2.47968E-01	3.20000E+03	9.20122E+06
1.01325E+05	7.50000E-01	2.24960E-01	3.15000E+03	8.39324E+06
1.01325E+05	7.50000E-01	2.04754E-01	3.10000E+03	7.68268E+06
1.01325E+05	7.50000E-01	1.86629E-01	3.05000E+03	7.05658E+06
1.01325E+05	7.50000E-01	1.70111E-01	3.00000E+03	6.50251E+06
1.01325E+05	7.50000E-01	1.54897E-01	2.95000E+03	6.00927E+06
1.01325E+05	7.50000E-01	1.40796E-01	2.90000E+03	5.56721E+06
1.01325E+05	7.50000E-01	1.27690E-01	2.85000E+03	5.16825E+06
1.01325E+05	7.50000E-01	1.15508E-01	2.80000E+03	4.80581E+06
1.01325E+05	7.50000E-01	1.04206E-01	2.75000E+03	4.47459E+06
1.01325E+05	7.50000E-01	9.37531E-02	2.70000E+03	4.17038E+06
1.01325E+05	7.50000E-01	8.41243E-02	2.65000E+03	3.88973E+06
1.01325E+05	7.50000E-01	7.52963E-02	2.60000E+03	3.62988E+06
1.01325E+05	7.50000E-01	6.72438E-02	2.55000E+03	3.38851E+06
1.01325E+05	7.50000E-01	5.99381E-02	2.50000E+03	3.16364E+06
1.01325E+05	7.50000E-01	5.33469E-02	2.45000E+03	2.95356E+06
1.01325E+05	7.50000E-01	4.74344E-02	2.40000E+03	2.75674E+06
1.01325E+05	7.50000E-01	4.21619E-02	2.35000E+03	2.57180E+06
1.01325E+05	7.50000E-01	3.74883E-02	2.30000E+03	2.39747E+06
1.01325E+05	7.50000E-01	3.33709E-02	2.25000E+03	2.23258E+06
1.01325E+05	7.50000E-01	2.97666E-02	2.20000E+03	2.07607E+06
1.01325E+05	7.50000E-01	2.66319E-02	2.15000E+03	1.92695E+06
1.01325E+05	7.50000E-01	2.39244E-02	2.10000E+03	1.78431E+06
1.01325E+05	7.50000E-01	2.16026E-02	2.05000E+03	1.64733E+06
1.01325E+05	7.50000E-01	1.96267E-02	2.00000E+03	1.51527E+06
1.01325E+05	7.50000E-01	1.79591E-02	1.95000E+03	1.38747E+06
1.01325E+05	7.50000E-01	1.65642E-02	1.90000E+03	1.26333E+06
1.01325E+05	7.50000E-01	1.54092E-02	1.85000E+03	1.14233E+06
1.01325E+05	7.50000E-01	1.44636E-02	1.80000E+03	1.02403E+06
1.01325E+05	7.50000E-01	1.36996E-02	1.75000E+03	9.08012E+05
1.01325E+05	7.50000E-01	1.30920E-02	1.70000E+03	7.93938E+05
1.01325E+05	7.50000E-01	1.26177E-02	1.65000E+03	6.81494E+05
1.01325E+05	7.50000E-01	1.22558E-02	1.60000E+03	5.70394E+05
1.01325E+05	7.50000E-01	1.19864E-02	1.55000E+03	4.60358E+05
1.01325E+05	7.50000E-01	1.17894E-02	1.50000E+03	3.51082E+05
1.01325E+05	7.50000E-01	1.16414E-02	1.45000E+03	2.42189E+05
1.01325E+05	7.50000E-01	1.15096E-02	1.40000E+03	1.33146E+05
1.01325E+05	7.50000E-01	1.13384E-02	1.35000E+03	2.30887E+04
1.01325E+05	7.50000E-01	1.10198E-02	1.30000E+03	-8.95040E+04
1.01325E+05	7.50000E-01	1.03284E-02	1.25000E+03	-2.07517E+05
1.01325E+05	7.50000E-01	8.77302E-03	1.20000E+03	-3.36695E+05
1.01325E+05	7.50000E-01	5.27434E-03	1.15000E+03	-4.88830E+05
1.01325E+05	7.50000E-01	0.00000E+00	1.10000E+03	-6.77055E+05
1.01325E+05	7.50000E-01	0.00000E+00	1.05000E+03	-8.96767E+05
1.01325E+05	7.50000E-01	0.00000E+00	1.00000E+03	-1.20844E+06
1.01325E+05	7.50000E-01	0.00000E+00	9.50000E+02	-1.64571E+06
1.01325E+05	7.50000E-01	0.00000E+00	9.00000E+02	-2.19756E+06
1.01325E+05	7.50000E-01	0.00000E+00	8.50000E+02	-2.77885E+06
1.01325E+05	7.50000E-01	0.00000E+00	8.00000E+02	-3.28188E+06
1.01325E+05	7.50000E-01	0.00000E+00	7.50000E+02	-3.65439E+06
1.01325E+05	7.50000E-01	0.00000E+00	7.00000E+02	-3.91088E+06
1.01325E+05	7.50000E-01	0.00000E+00	6.50000E+02	-4.09091E+06
1.01325E+05	7.50000E-01	0.00000E+00	6.00000E+02	-4.22531E+06
1.01325E+05	7.50000E-01	0.00000E+00	5.50000E+02	-4.33185E+06
1.01325E+05	7.50000E-01	0.00000E+00	5.00000E+02	-4.42104E+06
1.01325E+05	7.50000E-01	0.00000E+00	4.50000E+02	-4.49970E+06
1.01325E+05	7.50000E-01	0.00000E+00	4.00000E+02	-4.57209E+06
1.01325E+05	7.50000E-01	0.00000E+00	3.50000E+02	-4.64064E+06
1.01325E+05	7.50000E-01	0.00000E+00	3.00000E+02	-4.70658E+06
1.01325E+05	7.50000E-01	0.00000E+00	2.50000E+02	-4.77059E+06
p (Pa)	B'g	B'c	Temp (K)	hw (J/kg)
1.01325E+05	7.00000E-01	1.00852E+01	3.90000E+03	2.89377E+07
1.01325E+05	7.00000E-01	5.08039E+00	3.85000E+03	2.81903E+07
1.01325E+05	7.00000E-01	3.08512E+00	3.80000E+03	2.70107E+07
1.01325E+05	7.00000E-01	2.06022E+00	3.75000E+03	2.54808E+07
1.01325E+05	7.00000E-01	1.46174E+00	3.70000E+03	2.37192E+07
1.01325E+05	7.00000E-01	1.08468E+00	3.65000E+03	2.18491E+07
1.01325E+05	7.00000E-01	8.35019E-01	3.60000E+03	1.99724E+07
1.01325E+05	7.00000E-01	6.63756E-01	3.55000E+03	1.81600E+07
1.01325E+05	7.00000E-01	5.42953E-01	3.50000E+03	1.64541E+07
1.01325E+05	7.00000E-01	4.55632E-01	3.45000E+03	1.48766E+07
1.01325E+05	7.00000E-01	3.90985E-01	3.40000E+03	1.34368E+07
1.01325E+05	7.00000E-01	3.41896E-01	3.35000E+03	1.21367E+07
1.01325E+05	7.00000E-01	3.03576E-01	3.30000E+03	1.09736E+07
1.01325E+05	7.00000E-01	2.72756E-01	3.25000E+03	9.94136E+06
1.01325E+05	7.00000E-01	2.47195E-01	3.20000E+03	9.03087E+06
1.01325E+05	7.00000E-01	2.25357E-01	3.15000E+03	8.23080E+06
1.01325E+05	7.00000E-01	2.06201E-01	3.10000E+03	7.52842E+06
1.01325E+05	7.00000E-01	1.89030E-01	3.05000E+03	6.91063E+06
1.01325E+05	7.00000E-01	1.73386E-01	3.00000E+03	6.36490E+06
1.01325E+05	7.00000E-01	1.58976E-01	2.95000E+03	5.87990E+06
1.01325E+05	7.00000E-01	1.45615E-01	2.90000E+03	5.44587E+06
1.01325E+05	7.00000E-01	1.33191E-01	2.85000E+03	5.05463E+06
1.01325E+05	7.00000E-01	1.21636E-01	2.80000E+03	4.69956E+06
1.01325E+05	7.00000E-01	1.10906E-01	2.75000E+03	4.37532E+06
1.01325E+05	7.00000E-01	1.00975E-01	2.70000E+03	4.07763E+06
1.01325E+05	7.00000E-01	9.18196E-02	2.65000E+03	3.80309E+06
1.01325E+05	7.00000E-01	8.34187E-02	2.60000E+03	3.54891E+06
1.01325E+05	7.00000E-01	7.57494E-02	2.55000E+03	3.31280E+06
1.01325E+05	7.00000E-01	6.87857E-02	2.50000E+03	3.09280E+06
1.01325E+05	7.00000E-01	6.24979E-02	2.45000E+03	2.88722E+06
1.01325E+05	7.00000E-01	5.68531E-02	2.40000E+03	2.69456E+06
1.01325E+05	7.00000E-01	5.18152E-02	2.35000E+03	2.51348E+06
1.01325E+05	7.00000E-01	4.73461E-02	2.30000E+03	2.34273E+06
1.01325E+05	7.00000E-01	4.34059E-02	2.25000E+03	2.18119E+06
1.01325E+05	7.00000E-01	3.99539E-02	2.20000E+03	2.02780E+06
1.01325E+05	7.00000E-01	3.69496E-02	2.15000E+03	1.88162E+06
1.01325E+05	7.00000E-01	3.43526E-02	2.10000E+03	1.74176E+06
1.01325E+05	7.00000E-01	3.21239E-02	2.05000E+03	1.60743E+06
1.01325E+05	7.00000E-01	3.02258E-02	2.00000E+03	1.47789E+06
1.01325E+05	7.00000E-01	2.86225E-02	1.95000E+03	1.35251E+06
1.01325E+05	7.00000E-01	2.72803E-02	1.90000E+03	1.23072E+06
1.01325E+05	7.00000E-01	2.61678E-02	1.85000E+03	1.11200E+06
1.01325E+05	7.00000E-01	2.52561E-02	1.80000E+03	9.95911E+05
1.01325E+05	7.00000E-01	2.45184E-02	1.75000E+03	8.82069E+05
1.01325E+05	7.00000E-01	2.39306E-02	1.70000E+03	7.70130E+05
1.01325E+05	7.00000E-01	2.34704E-02	1.65000E+03	6.59792E+05
1.01325E+05	7.00000E-01	2.31176E-02	1.60000E+03	5.50777E+05
1.01325E+05	7.00000E-01	2.28528E-02	1.55000E+03	4.42810E+05
1.01325E+05	7.00000E-01	2.26564E-02	1.50000E+03	3.35599E+05
1.01325E+05	7.00000E-01	2.25053E-02	1.45000E+03	2.28780E+05
1.01325E+05	7.00000E-01	2.23673E-02	1.40000E+03	1.21834E+05
1.01325E+05	7.00000E-01	2.21880E-02	1.35000E+03	1.39289E+04
1.01325E+05	7.00000E-01	2.18623E-02	1.30000E+03	-9.64077E+04
1.01325E+05	7.00000E-01	2.11719E-02	1.25000E+03	-2.11971E+05
1.01325E+05	7.00000E-01	1.96424E-02	1.20000E+03	-3.38338E+05
1.01325E+05	7.00000E-01	1.62341E-02	1.15000E+03	-4.86983E+05
1.01325E+05	7.00000E-01	8.75556E-03	1.10000E+03	-6.81250E+05
1.01325E+05	7.00000E-01	0.00000E+00	1.05000E+03	-9.29736E+05
1.01325E+05	7.00000E-01	0.00000E+00	1.00000E+03	-1.22367E+06
1.01325E+05	7.00000E-01	0.00000E+00	9.50000E+02	-1.64321E+06
1.01325E+05	7.00000E-01	0.00000E+00	9.00000E+02	-2.17729E+06
1.01325E+05	7.00000E-01	0.00000E+00	8.50000E+02	-2.74272E+06
1.01325E+05	7.00000E-01	0.00000E+00	8.00000E+02	-3.23363E+06
1.01325E+05	7.00000E-01	0.00000E+00	7.50000E+02	-3.59816E+06
1.01325E+05	7.00000E-01	0.00000E+00	7.00000E+02	-3.85002E+06
1.01325E+05	7.00000E-01	0.00000E+00	6.50000E+02	-4.02741E+06
1.01325E+05	7.00000E-01	0.00000E+00	6.00000E+02	-4.16012E+06
1.01325E+05	7.00000E-01	0.00000E+00	5.50000E+02	-4.26541E+06
1.01325E+05	7.00000E-01	0.00000E+00	5.00000E+02	-4.35362E+06
1.01325E+05	7.00000E-01	0.00000E+00	4.50000E+02	-4.43144E+06
1.01325E+05	7.00000E-01	0.00000E+00	4.00000E+02	-4.50312E+06
1.01325E+05	7.00000E-01	0.00000E+00	3.50000E+02	-4.57106E+06
1.01325E+05	7.00000E-01	0.00000E+00	3.00000E+02	-4.63648E+06
1.01325E+05	7.00000E-01	0.00000E+00	2.50000E+02	-4.70002E+06
p (Pa)	B'g	B'c	Temp (K)	hw (J/kg)
1.01325E+05	6.00000E-01	9.21258E+00	3.90000E+03	2.88580E+07
1.01325E+05	6.00000E-01	4.65796E+00	3.85000E+03	2.80447E+07
1.01325E+05	6.00000E-01	2.83846E+00	3.80000E+03	2.67888E+07
1.01325E+05	6.00000E-01	1.90198E+00	3.75000E+03	2.51823E+07
1.01325E+05	6.00000E-01	1.35435E+00	3.70000E+03	2.33549E+07
1.01325E+05	6.00000E-01	1.00906E+00	3.65000E+03	2.14367E+07
1.01325E+05	6.00000E-01	7.80433E-01	3.60000E+03	1.95309E+07
1.01325E+05	6.00000E-01	6.23696E-01	3.55000E+03	1.77055E+07
1.01325E+05	6.00000E-01	5.13281E-01	3.50000E+03	1.59986E+07
1.01325E+05	6.00000E-01	4.33629E-01	3.45000E+03	1.44280E+07
1.01325E+05	6.00000E-01	3.74821E-01	3.40000E+03	1.29997E+07
1.01325E+05	6.00000E-01	3.30322E-01	3.35000E+03	1.17137E+07
1.01325E+05	6.00000E-01	2.95727E-01	3.30000E+03	1.05662E+07
1.01325E+05	6.00000E-01	2.68026E-01	3.25000E+03	9.55051E+06
1.01325E+05	6.00000E-01	2.45150E-01	3.20000E+03	8.65728E+06
1.01325E+05	6.00000E-01	2.25681E-01	3.15000E+03	7.87507E+06
1.01325E+05	6.00000E-01	2.08652E-01	3.10000E+03	7.19098E+06
1.01325E+05	6.00000E-01	1.93417E-01	3.05000E+03	6.59172E+06
1.01325E+05	6.00000E-01	1.79549E-01	3.00000E+03	6.06450E+06
1.01325E+05	6.00000E-01	1.66774E-01	2.95000E+03	5.59775E+06
1.01325E+05	6.00000E-01	1.54922E-01	2.90000E+03	5.18146E+06
1.01325E+05	6.00000E-01	1.43889E-01	2.85000E+03	4.80729E+06
1.01325E+05	6.00000E-01	1.33611E-01	2.80000E+03	4.46846E+06
1.01325E+05	6.00000E-01	1.24053E-01	2.75000E+03	4.15955E+06
1.01325E+05	6.00000E-01	1.15190E-01	2.70000E+03	3.87624E+06
1.01325E+05	6.00000E-01	1.07004E-01	2.65000E+03	3.61510E+06
1.01325E+05	6.00000E-01	9.94790E-02	2.60000E+03	3.37338E+06
1.01325E+05	6.00000E-01	9.25963E-02	2.55000E+03	3.14880E+06
1.01325E+05	6.00000E-01	8.63354E-02	2.50000E+03	2.93946E+06
1.01325E+05	6.00000E-01	8.06719E-02	2.45000E+03	2.74374E+06
1.01325E+05	6.00000E-01	7.55784E-02	2.40000E+03	2.56019E+06
1.01325E+05	6.00000E-01	7.10246E-02	2.35000E+03	2.38754E+06
1.01325E+05	6.00000E-01	6.69778E-02	2.30000E+03	2.22462E+06
1.01325E+05	6.00000E-01	6.34038E-02	2.25000E+03	2.07037E+06
1.01325E+05	6.00000E-01	6.02674E-02	2.20000E+03	1.92380E+06
1.01325E+05	6.00000E-01	5.75331E-02	2.15000E+03	1.78401E+06
1.01325E+05	6.00000E-01	5.51656E-02	2.10000E+03	1.65019E+06
1.01325E+05	6.00000E-01	5.31305E-02	2.05000E+03	1.52159E+06
1.01325E+05	6.00000E-01	5.13944E-02	2.00000E+03	1.39753E+06
1.01325E+05	6.00000E-01	4.99254E-02	1.95000E+03	1.27740E+06
1.01325E+05	6.00000E-01	4.86934E-02	1.90000E+03	1.16067E+06
1.01325E+05	6.00000E-01	4.76703E-02	1.85000E+03	1.04686E+06
1.01325E+05	6.00000E-01	4.68297E-02	1.80000E+03	9.35560E+05
1.01325E+05	6.00000E-01	4.61477E-02	1.75000E+03	8.26396E+05
1.01325E+05	6.00000E-01	4.56019E-02	1.70000E+03	7.19052E+05
1.01325E+05	6.00000E-01	4.51721E-02	1.65000E+03	6.13240E+05
1.01325E+05	6.00000E-01	4.48393E-02	1.60000E+03	5.08701E+05
1.01325E+05	6.00000E-01	4.45855E-02	1.55000E+03	4.05178E+05
1.01325E+05	6.00000E-01	4.43918E-02	1.50000E+03	3.02397E+05
1.01325E+05	6.00000E-01	4.42363E-02	1.45000E+03	2.00021E+05
1.01325E+05	6.00000E-01	4.40880E-02	1.40000E+03	9.75702E+04
1.01325E+05	6.00000E-01	4.38949E-02	1.35000E+03	-5.72476E+03
1.01325E+05	6.00000E-01	4.35584E-02	1.30000E+03	-1.11231E+05
1.01325E+05	6.00000E-01	4.28747E-02	1.25000E+03	-2.21549E+05
1.01325E+05	6.00000E-01	4.14046E-02	1.20000E+03	-3.41900E+05
1.01325E+05	6.00000E-01	3.81886E-02	1.15000E+03	-4.83070E+05
1.01325E+05	6.00000E-01	3.12050E-02	1.10000E+03	-6.67131E+05
1.01325E+05	6.00000E-01	1.67959E-02	1.05000E+03	-9.34578E+05
1.01325E+05	6.00000E-01	0.00000E+00	1.00000E+03	-1.28383E+06
1.01325E+05	6.00000E-01	0.00000E+00	9.50000E+02	-1.65189E+06
1.01325E+05	6.00000E-01	0.00000E+00	9.00000E+02	-2.13978E+06
1.01325E+05	6.00000E-01	0.00000E+00	8.50000E+02	-2.66684E+06
1.01325E+05	6.00000E-01	0.00000E+00	8.00000E+02	-3.12952E+06
1.01325E+05	6.00000E-01	0.00000E+00	7.50000E+02	-3.47586E+06
1.01325E+05	6.00000E-01	0.00000E+00	7.00000E+02	-3.71726E+06
1.01325E+05	6.00000E-01	0.00000E+00	6.50000E+02	-3.88871E+06
1.01325E+05	6.00000E-01	0.00000E+00	6.00000E+02	-4.01762E+06
1.01325E+05	6.00000E-01	0.00000E+00	5.50000E+02	-4.12014E+06
1.01325E+05	6.00000E-01	0.00000E+00	5.00000E+02	-4.20614E+06
1.01325E+05	6.00000E-01	0.00000E+00	4.50000E+02	-4.28214E+06
1.01325E+05	6.00000E-01	0.00000E+00	4.00000E+02	-4.35226E+06
1.01325E+05	6.00000E-01	0.00000E+00	3.50000E+02	-4.41886E+06
1.01325E+05	6.00000E-01	0.00000E+00	3.00000E+02	-4.48313E+06
1.01325E+05	6.00000E-01	0.00000E+00	2.50000E+02	-4.54567E+06
p (Pa)	B'g	B'c	Temp (K)	hw (J/kg)
1.01325E+05	4.50000E-01	7.90373E+00	3.90000E+03	2.86999E+07
1.01325E+05	4.50000E-01	4.02310E+00	3.85000E+03	2.77563E+07
1.01325E+05	4.50000E-01	2.46634E+00	3.80000E+03	2.63531E+07
1.01325E+05	4.50000E-01	1.66207E+00	3.75000E+03	2.46035E+07
1.01325E+05	4.50000E-01	1.19060E+00	3.70000E+03	2.26584E+07
1.01325E+05	4.50000E-01	8.93040E-01	3.65000E+03	2.06588E+07
1.01325E+05	4.50000E-01	6.96088E-01	3.60000E+03	1.87079E+07
1.01325E+05	4.50000E-01	5.61281E-01	3.55000E+03	1.68672E+07
1.01325E+05	4.50000E-01	4.66584E-01	3.50000E+03	1.51660E+07
1.01325E+05	4.50000E-01	3.98557E-01	3.45000E+03	1.36142E+07
1.01325E+05	4.50000E-01	3.48616E-01	3.40000E+03	1.22121E+07
1.01325E+05	4.50000E-01	3.11101E-01	3.35000E+03	1.09557E+07
1.01325E+05	4.50000E-01	2.82186E-01	3.30000E+03	9.83942E+06
1.01325E+05	4.50000E-01	2.59252E-01	3.25000E+03	8.85571E+06
1.01325E+05	4.50000E-01	2.40493E-01	3.20000E+03	7.99511E+06
1.01325E+05	4.50000E-01	2.24664E-01	3.15000E+03	7.24608E+06
1.01325E+05	4.50000E-01	2.10914E-01	3.10000E+03	6.59561E+06
1.01325E+05	4.50000E-01	1.98671E-01	3.05000E+03	6.03012E+06
1.01325E+05	4.50000E-01	1.87555E-01	3.00000E+03	5.53647E+06
1.01325E+05	4.50000E-01	1.77323E-01	2.95000E+03	5.10266E+06
1.01325E+05	4.50000E-01	1.67822E-01	2.90000E+03	4.71831E+06
1.01325E+05	4.50000E-01	1.58960E-01	2.85000E+03	4.37477E+06
1.01325E+05	4.50000E-01	1.50683E-01	2.80000E+03	4.06504E+06
1.01325E+05	4.50000E-01	1.42962E-01	2.75000E+03	3.78354E+06
1.01325E+05	4.50000E-01	1.35778E-01	2.70000E+03	3.52589E+06
1.01325E+05	4.50000E-01	1.29120E-01	2.65000E+03	3.28865E+06
1.01325E+05	4.50000E-01	1.22978E-01	2.60000E+03	3.06908E+06
1.01325E+05	4.50000E-01	1.17340E-01	2.55000E+03	2.86498E+06
1.01325E+05	4.50000E-01	1.12194E-01	2.50000E+03	2.67455E+06
1.01325E+05	4.50000E-01	1.07523E-01	2.45000E+03	2.49626E+06
1.01325E+05	4.50000E-01	1.03307E-01	2.40000E+03	2.32881E+06
1.01325E+05	4.50000E-01	9.95265E-02	2.35000E+03	2.17103E+06
1.01325E+05	4.50000E-01	9.61557E-02	2.30000E+03	2.02188E+06
1.01325E+05	4.50000E-01	9.31695E-02	2.25000E+03	1.88041E+06
1.01325E+05	4.50000E-01	9.05409E-02	2.20000E+03	1.74577E+06
1.01325E+05	4.50000E-01	8.82423E-02	2.15000E+03	1.61715E+06
1.01325E+05	4.50000E-01	8.62463E-02	2.10000E+03	1.49385E+06
1.01325E+05	4.50000E-01	8.45254E-02	2.05000E+03	1.37520E+06
1.01325E+05	4.50000E-01	8.30531E-02	2.00000E+03	1.26061E+06
1.01325E+05	4.50000E-01	8.18035E-02	1.95000E+03	1.14955E+06
1.01325E+05	4.50000E-01	8.07523E-02	1.90000E+03	1.04154E+06
1.01325E+05	4.50000E-01	7.98763E-02	1.85000E+03	9.36169E+05
1.01325E+05	4.50000E-01	7.91538E-02	1.80000E+03	8.33062E+05
1.01325E+05	4.50000E-01	7.85647E-02	1.75000E+03	7.31897E+05
1.01325E+05	4.50000E-01	7.80901E-02	1.70000E+03	6.32391E+05
1.01325E+05	4.50000E-01	7.77128E-02	1.65000E+03	5.34289E+05
1.01325E+05	4.50000E-01	7.74162E-02	1.60000E+03	4.37362E+05
1.01325E+05	4.50000E-01	7.71843E-02	1.55000E+03	3.41384E+05
1.01325E+05	4.50000E-01	7.70002E-02	1.50000E+03	2.46117E+05
1.01325E+05	4.50000E-01	7.68438E-02	1.45000E+03	1.51268E+05
1.01325E+05	4.50000E-01	7.66864E-02	1.40000E+03	5.64258E+04
1.01325E+05	4.50000E-01	7.64811E-02	1.35000E+03	-3.90745E+04
1.01325E+05	4.50000E-01	7.61396E-02	1.30000E+03	-1.36418E+05
1.01325E+05	4.50000E-01	7.54823E-02	1.25000E+03	-2.37882E+05
1.01325E+05	4.50000E-01	7.41260E-02	1.20000E+03	-3.48074E+05
1.01325E+05	4.50000E-01	7.12370E-02	1.15000E+03	-4.76618E+05
1.01325E+05	4.50000E-01	6.50581E-02	1.10000E+03	-6.43416E+05
1.01325E+05	4.50000E-01	5.23816E-02	1.05000E+03	-8.85380E+05
1.01325E+05	4.50000E-01	2.94960E-02	1.00000E+03	-1.25025E+06
1.01325E+05	4.50000E-01	0.00000E+00	9.50000E+02	-1.72840E+06
1.01325E+05	4.50000E-01	0.00000E+00	9.00000E+02	-2.10526E+06
1.01325E+05	4.50000E-01	0.00000E+00	8.50000E+02	-2.54806E+06
1.01325E+05	4.50000E-01	0.00000E+00	8.00000E+02	-2.95317E+06
1.01325E+05	4.50000E-01	0.00000E+00	7.50000E+02	-3.26410E+06
1.01325E+05	4.50000E-01	0.00000E+00	7.00000E+02	-3.48559E+06
1.01325E+05	4.50000E-01	0.00000E+00	6.50000E+02	-3.64576E+06
1.01325E+05	4.50000E-01	0.00000E+00	6.00000E+02	-3.76750E+06
1.01325E+05	4.50000E-01	0.00000E+00	5.50000E+02	-3.86488E+06
1.01325E+05	4.50000E-01	0.00000E+00	5.00000E+02	-3.94688E+06
1.01325E+05	4.50000E-01	0.00000E+00	4.50000E+02	-4.01959E+06
1.01325E+05	4.50000E-01	0.00000E+00	4.00000E+02	-4.08695E+06
1.01325E+05	4.50000E-01	0.00000E+00	3.50000E+02	-4.15120E+06
1.01325E+05	4.50000E-01	0.00000E+00	3.00000E+02	-4.21344E+06
1.01325E+05	4.50000E-01	0.00000E+00	2.50000E+02	-4.27421E+06
p (Pa)	B'g	B'c	Temp (K)	hw (J/kg)
1.01325E+05	2.00000E-01	5.71325E+00	3.90000E+03	2.82420E+07
1.01325E+05	2.00000E-01	2.95282E+00	3.85000E+03	2.69269E+07
1.01325E+05	2.00000E-01	1.83248E+00	3.80000E+03	2.51282E+07
1.01325E+05	2.00000E-01	1.24855E+00	3.75000E+03	2.30231E+07
1.01325E+05	2.00000E-01	9.04715E-01	3.70000E+03	2.08114E+07
1.01325E+05	2.00000E-01	6.87601E-01	3.65000E+03	1.86498E+07
1.01325E+05	2.00000E-01	5.44292E-01	3.60000E+03	1.66306E+07
1.01325E+05	2.00000E-01	4.46774E-01	3.55000E+03	1.47919E+07
1.01325E+05	2.00000E-01	3.78895E-01	3.50000E+03	1.31386E+07
1.01325E+05	2.00000E-01	3.30766E-01	3.45000E+03	1.16600E+07
1.01325E+05	2.00000E-01	2.96058E-01	3.40000E+03	1.03424E+07
1.01325E+05	2.00000E-01	2.70586E-01	3.35000E+03	9.17329E+06
1.01325E+05	2.00000E-01	2.51514E-01	3.30000E+03	8.14330E+06
1.01325E+05	2.00000E-01	2.36891E-01	3.25000E+03	7.24407E+06
1.01325E+05	2.00000E-01	2.25358E-01	3.20000E+03	6.46664E+06
1.01325E+05	2.00000E-01	2.15970E-01	3.15000E+03	5.80023E+06
1.01325E+05	2.00000E-01	2.08069E-01	3.10000E+03	5.23219E+06
1.01325E+05	2.00000E-01	2.01207E-01	3.05000E+03	4.74872E+06
1.01325E+05	2.00000E-01	1.95080E-01	3.00000E+03	4.33607E+06
1.01325E+05	2.00000E-01	1.89490E-01	2.95000E+03	3.98141E+06
1.01325E+05	2.00000E-01	1.84311E-01	2.90000E+03	3.67354E+06
1.01325E+05	2.00000E-01	1.79468E-01	2.85000E+03	3.40310E+06
1.01325E+05	2.00000E-01	1.74918E-01	2.80000E+03	3.16256E+06
1.01325E+05	2.00000E-01	1.70637E-01	2.75000E+03	2.94604E+06
1.01325E+05	2.00000E-01	1.66615E-01	2.70000E+03	2.74899E+06
1.01325E+05	2.00000E-01	1.62850E-01	2.65000E+03	2.56797E+06
1.01325E+05	2.00000E-01	1.59339E-01	2.60000E+03	2.40035E+06
1.01325E+05	2.00000E-01	1.56083E-01	2.55000E+03	2.24409E+06
1.01325E+05	2.00000E-01	1.53081E-01	2.50000E+03	2.09765E+06
1.01325E+05	2.00000E-01	1.50328E-01	2.45000E+03	1.95975E+06
1.01325E+05	2.00000E-01	1.47820E-01	2.40000E+03	1.82939E+06
1.01325E+05	2.00000E-01	1.45550E-01	2.35000E+03	1.70571E+06
1.01325E+05	2.00000E-01	1.43508E-01	2.30000E+03	1.58795E+06
1.01325E+05	2.00000E-01	1.41683E-01	2.25000E+03	1.47546E+06
1.01325E+05	2.00000E-01	1.40064E-01	2.20000E+03	1.36767E+06
1.01325E+05	2.00000E-01	1.38637E-01	2.15000E+03	1.26404E+06
1.01325E+05	2.00000E-01	1.37389E-01	2.10000E+03	1.16408E+06
1.01325E+05	2.00000E-01	1.36304E-01	2.05000E+03	1.06737E+06
1.01325E+05	2.00000E-01	1.35370E-01	2.00000E+03	9.73503E+05
1.01325E+05	2.00000E-01	1.34572E-01	1.95000E+03	8.82132E+05
1.01325E+05	2.00000E-01	1.33895E-01	1.90000E+03	7.92936E+05
1.01325E+05	2.00000E-01	1.33327E-01	1.85000E+03	7.05633E+05
1.01325E+05	2.00000E-01	1.32855E-01	1.80000E+03	6.19974E+05
1.01325E+05	2.00000E-01	1.32465E-01	1.75000E+03	5.35738E+05
1.01325E+05	2.00000E-01	1.32148E-01	1.70000E+03	4.52733E+05
1.01325E+05	2.00000E-01	1.31891E-01	1.65000E+03	3.70785E+05
1.01325E+05	2.00000E-01	1.31684E-01	1.60000E+03	2.89740E+05
1.01325E+05	2.00000E-01	1.31515E-01	1.55000E+03	2.09445E+05
1.01325E+05	2.00000E-01	1.31372E-01	1.50000E+03	1.29744E+05
1.01325E+05	2.00000E-01	1.31241E-01	1.45000E+03	5.04434E+04
1.01325E+05	2.00000E-01	1.31099E-01	1.40000E+03	-2.87266E+04
1.01325E+05	2.00000E-01	1.30912E-01	1.35000E+03	-1.08211E+05
1.01325E+05	2.00000E-01	1.30616E-01	1.30000E+03	-1.88820E+05
1.01325E+05	2.00000E-01	1.30079E-01	1.25000E+03	-2.72158E+05
1.01325E+05	2.00000E-01	1.29029E-01	1.20000E+03	-3.61567E+05
1.01325E+05	2.00000E-01	1.26870E-01	1.15000E+03	-4.64251E+05
1.01325E+05	2.00000E-01	1.22331E-01	1.10000E+03	-5.95585E+05
1.01325E+05	2.00000E-01	1.13025E-01	1.05000E+03	-7.85029E+05
1.01325E+05	2.00000E-01	9.60055E-02	1.00000E+03	-1.07193E+06
1.01325E+05	2.00000E-01	7.12461E-02	9.50000E+02	-1.46579E+06
1.01325E+05	2.00000E-01	4.45095E-02	9.00000E+02	-1.90401E+06
1.01325E+05	2.00000E-01	2.25953E-02	8.50000E+02	-2.29865E+06
1.01325E+05	2.00000E-01	7.96705E-03	8.00000E+02	-2.60821E+06
1.01325E+05	2.00000E-01	0.00000E+00	7.50000E+02	-2.83599E+06
1.01325E+05	2.00000E-01	0.00000E+00	7.00000E+02	-2.99213E+06
1.01325E+05	2.00000E-01	0.00000E+00	6.50000E+02	-3.11674E+06
1.01325E+05	2.00000E-01	0.00000E+00	6.00000E+02	-3.21695E+06
1.01325E+05	2.00000E-01	0.00000E+00	5.50000E+02	-3.29993E+06
1.01325E+05	2.00000E-01	0.00000E+00	5.00000E+02	-3.37159E+06
1.01325E+05	2.00000E-01	0.00000E+00	4.50000E+02	-3.43642E+06
1.01325E+05	2.00000E-01	0.00000E+00	4.00000E+02	-3.49745E+06
1.01325E+05	2.00000E-01	0.00000E+00	3.50000E+02	-3.55642E+06
1.01325E+05	2.00000E-01	0.00000E+00	3.00000E+02	-3.61415E+06
1.01325E+05	2.00000E-01	0.00000E+00	2.50000E+02	-3.67098E+06
p (Pa)	B'g	B'c	Temp (K)	hw (J/kg)
1.01325E+05	1.50000E-01	5.27052E+00	3.90000E+03	2.80951E+07
1.01325E+05	1.50000E-01	2.73409E+00	3.85000E+03	2.66631E+07
1.01325E+05	1.50000E-01	1.70130E+00	3.80000E+03	2.47467E+07
1.01325E+05	1.50000E-01	1.16184E+00	3.75000E+03	2.25428E+07
1.01325E+05	1.50000E-01	8.43918E-01	3.70000E+03	2.02632E+07
1.01325E+05	1.50000E-01	6.43220E-01	3.65000E+03	1.80656E+07
1.01325E+05	1.50000E-01	5.10895E-01	3.60000E+03	1.60368E+07
1.01325E+05	1.50000E-01	4.21029E-01	3.55000E+03	1.42070E+07
1.01325E+05	1.50000E-01	3.58663E-01	3.50000E+03	1.25737E+07
1.01325E+05	1.50000E-01	3.14633E-01	3.45000E+03	1.11207E+07
1.01325E+05	1.50000E-01	2.83071E-01	3.40000E+03	9.83027E+06
1.01325E+05	1.50000E-01	2.60096E-01	3.35000E+03	8.68800E+06
1.01325E+05	1.50000E-01	2.43076E-01	3.30000E+03	7.68355E+06
1.01325E+05	1.50000E-01	2.30199E-01	3.25000E+03	6.80866E+06
1.01325E+05	1.50000E-01	2.20199E-01	3.20000E+03	6.05477E+06
1.01325E+05	1.50000E-01	2.12193E-01	3.15000E+03	5.41152E+06
1.01325E+05	1.50000E-01	2.05563E-01	3.10000E+03	4.86648E+06
1.01325E+05	1.50000E-01	1.99883E-01	3.05000E+03	4.40592E+06
1.01325E+05	1.50000E-01	1.94865E-01	3.00000E+03	4.01590E+06
1.01325E+05	1.50000E-01	1.90318E-01	2.95000E+03	3.68339E+06
1.01325E+05	1.50000E-01	1.86120E-01	2.90000E+03	3.39693E+06
1.01325E+05	1.50000E-01	1.82197E-01	2.85000E+03	3.14694E+06
1.01325E+05	1.50000E-01	1.78505E-01	2.80000E+03	2.92574E+06
1.01325E+05	1.50000E-01	1.75024E-01	2.75000E+03	2.72735E+06
1.01325E+05	1.50000E-01	1.71742E-01	2.70000E+03	2.54717E+06
1.01325E+05	1.50000E-01	1.68658E-01	2.65000E+03	2.38175E+06
1.01325E+05	1.50000E-01	1.65771E-01	2.60000E+03	2.22848E+06
1.01325E+05	1.50000E-01	1.63083E-01	2.55000E+03	2.08541E+06
1.01325E+05	1.50000E-01	1.60595E-01	2.50000E+03	1.95102E+06
1.01325E+05	1.50000E-01	1.58305E-01	2.45000E+03	1.82415E+06
1.01325E+05	1.50000E-01	1.56212E-01	2.40000E+03	1.70386E+06
1.01325E+05	1.50000E-01	1.54310E-01	2.35000E+03	1.58938E+06
1.01325E+05	1.50000E-01	1.52594E-01	2.30000E+03	1.48004E+06
1.01325E+05	1.50000E-01	1.51057E-01	2.25000E+03	1.37527E+06
1.01325E+05	1.50000E-01	1.49689E-01	2.20000E+03	1.27458E+06
1.01325E+05	1.50000E-01	1.48480E-01	2.15000E+03	1.17749E+06
1.01325E+05	1.50000E-01	1.47419E-01	2.10000E+03	1.08360E+06
1.01325E+05	1.50000E-01	1.46496E-01	2.05000E+03	9.92544E+05
1.01325E+05	1.50000E-01	1.45699E-01	2.00000E+03	9.03972E+05
1.01325E+05	1.50000E-01	1.45016E-01	1.95000E+03	8.17585E+05
1.01325E+05	1.50000E-01	1.44436E-01	1.90000E+03	7.33110E+05
1.01325E+05	1.50000E-01	1.43949E-01	1.85000E+03	6.50303E+05
1.01325E+05	1.50000E-01	1.43542E-01	1.80000E+03	5.68952E+05
1.01325E+05	1.50000E-01	1.43207E-01	1.75000E+03	4.88865E+05
1.01325E+05	1.50000E-01	1.42932E-01	1.70000E+03	4.09877E+05
1.01325E+05	1.50000E-01	1.42709E-01	1.65000E+03	3.31838E+05
1.01325E+05	1.50000E-01	1.42528E-01	1.60000E+03	2.54615E+05
1.01325E+05	1.50000E-01	1.42379E-01	1.55000E+03	1.78076E+05
1.01325E+05	1.50000E-01	1.42251E-01	1.50000E+03	1.02087E+05
1.01325E+05	1.50000E-01	1.42132E-01	1.45000E+03	2.64810E+04
1.01325E+05	1.50000E-01	1.42002E-01	1.40000E+03	-4.89782E+04
1.01325E+05	1.50000E-01	1.41830E-01	1.35000E+03	-1.24682E+05
1.01325E+05	1.50000E-01	1.41556E-01	1.30000E+03	-2.01353E+05
1.01325E+05	1.50000E-01	1.41064E-01	1.25000E+03	-2.80434E+05
1.01325E+05	1.50000E-01	1.40107E-01	1.20000E+03	-3.64967E+05
1.01325E+05	1.50000E-01	1.38142E-01	1.15000E+03	-4.61576E+05
1.01325E+05	1.50000E-01	1.34011E-01	1.10000E+03	-5.84552E+05
1.01325E+05	1.50000E-01	1.25510E-01	1.05000E+03	-7.61571E+05
1.01325E+05	1.50000E-01	1.09872E-01	1.00000E+03	-1.02998E+06
1.01325E+05	1.50000E-01	8.69638E-02	9.50000E+02	-1.39908E+06
1.01325E+05	1.50000E-01	6.20232E-02	9.00000E+02	-1.80938E+06
1.01325E+05	1.50000E-01	4.13196E-02	8.50000E+02	-2.17738E+06
1.01325E+05	1.50000E-01	2.71681E-02	8.00000E+02	-2.46412E+06
1.01325E+05	1.50000E-01	1.85147E-02	7.50000E+02	-2.67584E+06
1.01325E+05	1.50000E-01	1.32434E-02	7.00000E+02	-2.83417E+06
1.01325E+05	1.50000E-01	9.47818E-03	6.50000E+02	-2.95835E+06
1.01325E+05	1.50000E-01	5.98313E-03	6.00000E+02	-3.06144E+06
1.01325E+05	1.50000E-01	2.12672E-03	5.50000E+02	-3.15186E+06
1.01325E+05	1.50000E-01	0.00000E+00	5.00000E+02	-3.22717E+06
1.01325E+05	1.50000E-01	0.00000E+00	4.50000E+02	-3.28956E+06
1.01325E+05	1.50000E-01	0.00000E+00	4.00000E+02	-3.34884E+06
1.01325E+05	1.50000E-01	0.00000E+00	3.50000E+02	-3.40644E+06
1.01325E+05	1.50000E-01	0.00000E+00	3.00000E+02	-3.46302E+06
1.01325E+05	1.50000E-01	0.00000E+00	2.50000E+02	-3.51886E+06
p (Pa)	B'g	B'c	Temp (K)	hw (J/kg)
1.01325E+05	1.25000E-01	5.04789E+00	3.90000E+03	2.80099E+07
1.01325E+05	1.25000E-01	2.62358E+00	3.85000E+03	2.65106E+07
1.01325E+05	1.25000E-01	1.63470E+00	3.80000E+03	2.45276E+07
1.01325E+05	1.25000E-01	1.11759E+00	3.75000E+03	2.22691E+07
1.01325E+05	1.25000E-01	8.12737E-01	3.70000E+03	1.99530E+07
1.01325E+05	1.25000E-01	6.20321E-01	3.65000E+03	1.77370E+07
1.01325E+05	1.25000E-01	4.93540E-01	3.60000E+03	1.57043E+07
1.01325E+05	1.25000E-01	4.07535E-01	3.55000E+03	1.38807E+07
1.01325E+05	1.25000E-01	3.47951E-01	3.50000E+03	1.22595E+07
1.01325E+05	1.25000E-01	3.05989E-01	3.45000E+03	1.08214E+07
1.01325E+05	1.25000E-01	2.76014E-01	3.40000E+03	9.54646E+06
1.01325E+05	1.25000E-01	2.54300E-01	3.35000E+03	8.41928E+06
1.01325E+05	1.25000E-01	2.38320E-01	3.30000E+03	7.42909E+06
1.01325E+05	1.25000E-01	2.26330E-01	3.25000E+03	6.56771E+06
1.01325E+05	1.25000E-01	2.17113E-01	3.20000E+03	5.82685E+06
1.01325E+05	1.25000E-01	2.09816E-01	3.15000E+03	5.19642E+06
1.01325E+05	1.25000E-01	2.03842E-01	3.10000E+03	4.66417E+06
1.01325E+05	1.25000E-01	1.98776E-01	3.05000E+03	4.21638E+06
1.01325E+05	1.25000E-01	1.94338E-01	3.00000E+03	3.83903E+06
1.01325E+05	1.25000E-01	1.90338E-01	2.95000E+03	3.51894E+06
1.01325E+05	1.25000E-01	1.86657E-01	2.90000E+03	3.24450E+06
1.01325E+05	1.25000E-01	1.83221E-01	2.85000E+03	3.00602E+06
1.01325E+05	1.25000E-01	1.79987E-01	2.80000E+03	2.79571E+06
1.01325E+05	1.25000E-01	1.76933E-01	2.75000E+03	2.60752E+06
1.01325E+05	1.25000E-01	1.74048E-01	2.70000E+03	2.43682E+06
1.01325E+05	1.25000E-01	1.71329E-01	2.65000E+03	2.28017E+06
1.01325E+05	1.25000E-01	1.68779E-01	2.60000E+03	2.13496E+06
1.01325E+05	1.25000E-01	1.66397E-01	2.55000E+03	1.99927E+06
1.01325E+05	1.25000E-01	1.64187E-01	2.50000E+03	1.87164E+06
1.01325E+05	1.25000E-01	1.62148E-01	2.45000E+03	1.75092E+06
1.01325E+05	1.25000E-01	1.60280E-01	2.40000E+03	1.63624E+06
1.01325E+05	1.25000E-01	1.58580E-01	2.35000E+03	1.52687E+06
1.01325E+05	1.25000E-01	1.57042E-01	2.30000E+03	1.42220E+06
1.01325E+05	1.25000E-01	1.55662E-01	2.25000E+03	1.32170E+06
1.01325E+05	1.25000E-01	1.54431E-01	2.20000E+03	1.22491E+06
1.01325E+05	1.25000E-01	1.53342E-01	2.15000E+03	1.13142E+06
1.01325E+05	1.25000E-01	1.52385E-01	2.10000E+03	1.04085E+06
1.01325E+05	1.25000E-01	1.51551E-01	2.05000E+03	9.52870E+05
1.01325E+05	1.25000E-01	1.50830E-01	2.00000E+03	8.67170E+05
1.01325E+05	1.25000E-01	1.50211E-01	1.95000E+03	7.83476E+05
1.01325E+05	1.25000E-01	1.49685E-01	1.90000E+03	7.01541E+05
1.01325E+05	1.25000E-01	1.49242E-01	1.85000E+03	6.21146E+05
1.01325E+05	1.25000E-01	1.48873E-01	1.80000E+03	5.42095E+05
1.01325E+05	1.25000E-01	1.48567E-01	1.75000E+03	4.64217E+05
1.01325E+05	1.25000E-01	1.48317E-01	1.70000E+03	3.87360E+05
1.01325E+05	1.25000E-01	1.48113E-01	1.65000E+03	3.11390E+05
1.01325E+05	1.25000E-01	1.47947E-01	1.60000E+03	2.36183E+05
1.01325E+05	1.25000E-01	1.47809E-01	1.55000E+03	1.61623E+05
1.01325E+05	1.25000E-01	1.47692E-01	1.50000E+03	8.75848E+04
1.01325E+05	1.25000E-01	1.47580E-01	1.45000E+03	1.39169E+04
1.01325E+05	1.25000E-01	1.47458E-01	1.40000E+03	-5.95986E+04
1.01325E+05	1.25000E-01	1.47294E-01	1.35000E+03	-1.33325E+05
1.01325E+05	1.25000E-01	1.47035E-01	1.30000E+03	-2.07938E+05
1.01325E+05	1.25000E-01	1.46570E-01	1.25000E+03	-2.84797E+05
1.01325E+05	1.25000E-01	1.45664E-01	1.20000E+03	-3.66787E+05
1.01325E+05	1.25000E-01	1.43807E-01	1.15000E+03	-4.60226E+05
1.01325E+05	1.25000E-01	1.39895E-01	1.10000E+03	-5.78835E+05
1.01325E+05	1.25000E-01	1.31824E-01	1.05000E+03	-7.49352E+05
1.01325E+05	1.25000E-01	1.16919E-01	1.00000E+03	-1.00808E+06
1.01325E+05	1.25000E-01	9.50005E-02	9.50000E+02	-1.36419E+06
1.01325E+05	1.25000E-01	7.10489E-02	9.00000E+02	-1.75982E+06
1.01325E+05	1.25000E-01	5.10688E-02	8.50000E+02	-2.11368E+06
1.01325E+05	1.25000E-01	3.72951E-02	8.00000E+02	-2.38813E+06
1.01325E+05	1.25000E-01	2.87583E-02	7.50000E+02	-2.58960E+06
1.01325E+05	1.25000E-01	2.35056E-02	7.00000E+02	-2.73952E+06
1.01325E+05	1.25000E-01	1.98286E-02	6.50000E+02	-2.85676E+06
1.01325E+05	1.25000E-01	1.66132E-02	6.00000E+02	-2.95395E+06
1.01325E+05	1.25000E-01	1.32907E-02	5.50000E+02	-3.03900E+06
1.01325E+05	1.25000E-01	9.65357E-03	5.00000E+02	-3.11708E+06
1.01325E+05	1.25000E-01	5.69745E-03	4.50000E+02	-3.19154E+06
1.01325E+05	1.25000E-01	1.57439E-03	4.00000E+02	-3.26410E+06
1.01325E+05	1.25000E-01	0.00000E+00	3.50000E+02	-3.32645E+06
1.01325E+05	1.25000E-01	0.00000E+00	3.00000E+02	-3.38242E+06
1.01325E+05	1.25000E-01	0.00000E+00	2.50000E+02	-3.43772E+06
p (Pa)	B'g	B'c	Temp (K)	hw (J/kg)
1.01325E+05	1.00000E-01	4.82415E+00	3.90000E+03	2.79151E+07
1.01325E+05	1.00000E-01	2.51207E+00	3.85000E+03	2.63412E+07
1.01325E+05	1.00000E-01	1.56723E+00	3.80000E+03	2.42853E+07
1.01325E+05	1.00000E-01	1.07260E+00	3.75000E+03	2.19680E+07
1.01325E+05	1.00000E-01	7.80894E-01	3.70000E+03	1.96134E+07
1.01325E+05	1.00000E-01	5.96820E-01	3.65000E+03	1.73787E+07
1.01325E+05	1.00000E-01	4.75622E-01	3.60000E+03	1.53429E+07
1.01325E+05	1.00000E-01	3.93504E-01	3.55000E+03	1.35268E+07
1.01325E+05	1.00000E-01	3.36719E-01	3.50000E+03	1.19192E+07
1.01325E+05	1.00000E-01	2.96835E-01	3.45000E+03	1.04975E+07
1.01325E+05	1.00000E-01	2.68457E-01	3.40000E+03	9.23949E+06
1.01325E+05	1.00000E-01	2.48012E-01	3.35000E+03	8.12865E+06
1.01325E+05	1.00000E-01	2.33079E-01	3.30000E+03	7.15382E+06
1.01325E+05	1.00000E-01	2.21986E-01	3.25000E+03	6.30694E+06
1.01325E+05	1.00000E-01	2.13563E-01	3.20000E+03	5.58007E+06
1.01325E+05	1.00000E-01	2.06990E-01	3.15000E+03	4.96345E+06
1.01325E+05	1.00000E-01	2.01689E-01	3.10000E+03	4.44503E+06
1.01325E+05	1.00000E-01	1.97257E-01	3.05000E+03	4.01110E+06
1.01325E+05	1.00000E-01	1.93419E-01	3.00000E+03	3.64756E+06
1.01325E+05	1.00000E-01	1.89990E-01	2.95000E+03	3.34106E+06
1.01325E+05	1.00000E-01	1.86851E-01	2.90000E+03	3.07982E+06
1.01325E+05	1.00000E-01	1.83928E-01	2.85000E+03	2.85397E+06
1.01325E+05	1.00000E-01	1.81177E-01	2.80000E+03	2.65562E+06
1.01325E+05	1.00000E-01	1.78574E-01	2.75000E+03	2.47864E+06
1.01325E+05	1.00000E-01	1.76110E-01	2.70000E+03	2.31837E+06
1.01325E+05	1.00000E-01	1.73781E-01	2.65000E+03	2.17135E+06
1.01325E+05	1.00000E-01	1.71588E-01	2.60000E+03	2.03499E+06
1.01325E+05	1.00000E-01	1.69535E-01	2.55000E+03	1.90740E+06
1.01325E+05	1.00000E-01	1.67623E-01	2.50000E+03	1.78715E+06
1.01325E+05	1.00000E-01	1.65854E-01	2.45000E+03	1.67317E+06
1.01325E+05	1.00000E-01	1.64228E-01	2.40000E+03	1.56461E+06
1.01325E+05	1.00000E-01	1.62745E-01	2.35000E+03	1.46081E+06
1.01325E+05	1.00000E-01	1.61399E-01	2.30000E+03	1.36120E+06
1.01325E+05	1.00000E-01	1.60189E-01	2.25000E+03	1.26532E+06
1.01325E+05	1.00000E-01	1.59107E-01	2.20000E+03	1.17275E+06
1.01325E+05	1.00000E-01	1.58148E-01	2.15000E+03	1.08313E+06
1.01325E+05	1.00000E-01	1.57304E-01	2.10000E+03	9.96127E+05
1.01325E+05	1.00000E-01	1.56567E-01	2.05000E+03	9.11439E+05
1.01325E+05	1.00000E-01	1.55929E-01	2.00000E+03	8.28800E+05
1.01325E+05	1.00000E-01	1.55380E-01	1.95000E+03	7.47967E+05
1.01325E+05	1.00000E-01	1.54913E-01	1.90000E+03	6.68721E+05
1.01325E+05	1.00000E-01	1.54519E-01	1.85000E+03	5.90868E+05
1.01325E+05	1.00000E-01	1.54190E-01	1.80000E+03	5.14236E+05
1.01325E+05	1.00000E-01	1.53918E-01	1.75000E+03	4.38672E+05
1.01325E+05	1.00000E-01	1.53694E-01	1.70000E+03	3.64043E+05
1.01325E+05	1.00000E-01	1.53512E-01	1.65000E+03	2.90229E+05
1.01325E+05	1.00000E-01	1.53362E-01	1.60000E+03	2.17121E+05
1.01325E+05	1.00000E-01	1.53239E-01	1.55000E+03	1.44613E+05
1.01325E+05	1.00000E-01	1.53132E-01	1.50000E+03	7.25963E+04
1.01325E+05	1.00000E-01	1.53030E-01	1.45000E+03	9.33029E+02
1.01325E+05	1.00000E-01	1.52916E-01	1.40000E+03	-7.05748E+04
1.01325E+05	1.00000E-01	1.52763E-01	1.35000E+03	-1.42261E+05
1.01325E+05	1.00000E-01	1.52521E-01	1.30000E+03	-2.14754E+05
1.01325E+05	1.00000E-01	1.52085E-01	1.25000E+03	-2.89326E+05
1.01325E+05	1.00000E-01	1.51237E-01	1.20000E+03	-3.68697E+05
1.01325E+05	1.00000E-01	1.49495E-01	1.15000E+03	-4.58874E+05
1.01325E+05	1.00000E-01	1.45815E-01	1.10000E+03	-5.72984E+05
1.01325E+05	1.00000E-01	1.38194E-01	1.05000E+03	-7.36793E+05
1.01325E+05	1.00000E-01	1.24056E-01	1.00000E+03	-9.85525E+05
1.01325E+05	1.00000E-01	1.03180E-01	9.50000E+02	-1.32823E+06
1.01325E+05	1.00000E-01	8.02921E-02	9.00000E+02	-1.70866E+06
1.01325E+05	1.00000E-01	6.11346E-02	8.50000E+02	-2.04779E+06
1.01325E+05	1.00000E-01	4.78585E-02	8.00000E+02	-2.30926E+06
1.01325E+05	1.00000E-01	3.95683E-02	7.50000E+02	-2.49974E+06
1.01325E+05	1.00000E-01	3.44611E-02	7.00000E+02	-2.64049E+06
1.01325E+05	1.00000E-01	3.09868E-02	6.50000E+02	-2.75011E+06
1.01325E+05	1.00000E-01	2.81496E-02	6.00000E+02	-2.84083E+06
1.01325E+05	1.00000E-01	2.54404E-02	5.50000E+02	-2.92013E+06
1.01325E+05	1.00000E-01	2.26670E-02	5.00000E+02	-2.99269E+06
1.01325E+05	1.00000E-01	1.98138E-02	4.50000E+02	-3.06142E+06
1.01325E+05	1.00000E-01	1.69913E-02	4.00000E+02	-3.12785E+06
1.01325E+05	1.00000E-01	1.44436E-02	3.50000E+02	-3.19221E+06
1.01325E+05	1.00000E-01	1.25072E-02	3.00000E+02	-3.25380E+06
1.01325E+05	1.00000E-01	1.14077E-02	2.50000E+02	-3.31193E+06
p (Pa)	B'g	B'c	Temp (K)	hw (J/kg)
1.01325E+05	5.00000E-02	4.37205E+00	3.90000E+03	2.76890E+07
1.01325E+05	5.00000E-02	2.28499E+00	3.85000E+03	2.59376E+07
1.01325E+05	5.00000E-02	1.42882E+00	3.80000E+03	2.37119E+07
1.01325E+05	5.00000E-02	9.79609E-01	3.75000E+03	2.12608E+07
1.01325E+05	5.00000E-02	7.14525E-01	3.70000E+03	1.88211E+07
1.01325E+05	5.00000E-02	5.47347E-01	3.65000E+03	1.65470E+07
1.01325E+05	5.00000E-02	4.37442E-01	3.60000E+03	1.45069E+07
1.01325E+05	5.00000E-02	3.63170E-01	3.55000E+03	1.27098E+07
1.01325E+05	5.00000E-02	3.12015E-01	3.50000E+03	1.11343E+07
1.01325E+05	5.00000E-02	2.76304E-01	3.45000E+03	9.75024E+06
1.01325E+05	5.00000E-02	2.51121E-01	3.40000E+03	8.53063E+06
1.01325E+05	5.00000E-02	2.33215E-01	3.35000E+03	7.45633E+06
1.01325E+05	5.00000E-02	2.20382E-01	3.30000E+03	6.51554E+06
1.01325E+05	5.00000E-02	2.11096E-01	3.25000E+03	5.70072E+06
1.01325E+05	5.00000E-02	2.04291E-01	3.20000E+03	5.00493E+06
1.01325E+05	5.00000E-02	1.99208E-01	3.15000E+03	4.41936E+06
1.01325E+05	5.00000E-02	1.95312E-01	3.10000E+03	3.93249E+06
1.01325E+05	5.00000E-02	1.92224E-01	3.05000E+03	3.53069E+06
1.01325E+05	5.00000E-02	1.89679E-01	3.00000E+03	3.19956E+06
1.01325E+05	5.00000E-02	1.87494E-01	2.95000E+03	2.92528E+06
1.01325E+05	5.00000E-02	1.85551E-01	2.90000E+03	2.69555E+06
1.01325E+05	5.00000E-02	1.83769E-01	2.85000E+03	2.50005E+06
1.01325E+05	5.00000E-02	1.82103E-01	2.80000E+03	2.33053E+06
1.01325E+05	5.00000E-02	1.80525E-01	2.75000E+03	2.18063E+06
1.01325E+05	5.00000E-02	1.79021E-01	2.70000E+03	2.04556E+06
1.01325E+05	5.00000E-02	1.77587E-01	2.65000E+03	1.92179E+06
1.01325E+05	5.00000E-02	1.76223E-01	2.60000E+03	1.80679E+06
1.01325E+05	5.00000E-02	1.74931E-01	2.55000E+03	1.69871E+06
1.01325E+05	5.00000E-02	1.73714E-01	2.50000E+03	1.59621E+06
1.01325E+05	5.00000E-02	1.72577E-01	2.45000E+03	1.49834E+06
1.01325E+05	5.00000E-02	1.71522E-01	2.40000E+03	1.40439E+06
1.01325E+05	5.00000E-02	1.70549E-01	2.35000E+03	1.31381E+06
1.01325E+05	5.00000E-02	1.69660E-01	2.30000E+03	1.22619E+06
1.01325E+05	5.00000E-02	1.68854E-01	2.25000E+03	1.14117E+06
1.01325E+05	5.00000E-02	1.68128E-01	2.20000E+03	1.05846E+06
1.01325E+05	5.00000E-02	1.67480E-01	2.15000E+03	9.77821E+05
1.01325E+05	5.00000E-02	1.66907E-01	2.10000E+03	8.99021E+05
1.01325E+05	5.00000E-02	1.66404E-01	2.05000E+03	8.21862E+05
1.01325E+05	5.00000E-02	1.65965E-01	2.00000E+03	7.46164E+05
1.01325E+05	5.00000E-02	1.65587E-01	1.95000E+03	6.71765E+05
1.01325E+05	5.00000E-02	1.65264E-01	1.90000E+03	5.98519E+05
1.01325E+05	5.00000E-02	1.64991E-01	1.85000E+03	5.26295E+05
1.01325E+05	5.00000E-02	1.64761E-01	1.80000E+03	4.54976E+05
1.01325E+05	5.00000E-02	1.64570E-01	1.75000E+03	3.84461E+05
1.01325E+05	5.00000E-02	1.64413E-01	1.70000E+03	3.14658E+05
1.01325E+05	5.00000E-02	1.64284E-01	1.65000E+03	2.45485E+05
1.01325E+05	5.00000E-02	1.64177E-01	1.60000E+03	1.76869E+05
1.01325E+05	5.00000E-02	1.64088E-01	1.55000E+03	1.08736E+05
1.01325E+05	5.00000E-02	1.64008E-01	1.50000E+03	4.10075E+04
1.01325E+05	5.00000E-02	1.63931E-01	1.45000E+03	-2.64182E+04
1.01325E+05	5.00000E-02	1.63841E-01	1.40000E+03	-9.36957E+04
1.01325E+05	5.00000E-02	1.63717E-01	1.35000E+03	-1.61096E+05
1.01325E+05	5.00000E-02	1.63516E-01	1.30000E+03	-2.29144E+05
1.01325E+05	5.00000E-02	1.63151E-01	1.25000E+03	-2.98930E+05
1.01325E+05	5.00000E-02	1.62435E-01	1.20000E+03	-3.72832E+05
1.01325E+05	5.00000E-02	1.60951E-01	1.15000E+03	-4.56188E+05
1.01325E+05	5.00000E-02	1.57782E-01	1.10000E+03	-5.60878E+05
1.01325E+05	5.00000E-02	1.51138E-01	1.05000E+03	-7.10612E+05
1.01325E+05	5.00000E-02	1.38661E-01	1.00000E+03	-9.38342E+05
1.01325E+05	5.00000E-02	1.20065E-01	9.50000E+02	-1.25284E+06
1.01325E+05	5.00000E-02	9.95873E-02	9.00000E+02	-1.60117E+06
1.01325E+05	5.00000E-02	8.24586E-02	8.50000E+02	-1.90886E+06
1.01325E+05	5.00000E-02	7.06540E-02	8.00000E+02	-2.14203E+06
1.01325E+05	5.00000E-02	6.33878E-02	7.50000E+02	-2.30789E+06
1.01325E+05	5.00000E-02	5.90926E-02	7.00000E+02	-2.42760E+06
1.01325E+05	5.00000E-02	5.64705E-02	6.50000E+02	-2.51957E+06
1.01325E+05	5.00000E-02	5.47129E-02	6.00000E+02	-2.59565E+06
1.01325E+05	5.00000E-02	5.33943E-02	5.50000E+02	-2.66260E+06
1.01325E+05	5.00000E-02	5.23142E-02	5.00000E+02	-2.72425E+06
1.01325E+05	5.00000E-02	5.13878E-02	4.50000E+02	-2.78277E+06
1.01325E+05	5.00000E-02	5.05951E-02	4.00000E+02	-2.83931E+06
1.01325E+05	5.00000E-02	4.99593E-02	3.50000E+02	-2.89436E+06
1.01325E+05	5.00000E-02	4.95193E-02	3.00000E+02	-2.94802E+06
1.01325E+05	5.00000E-02	4.92848E-02	2.50000E+02	-3.00032E+06
p (Pa)	B'g	B'c	Temp (K)	hw (J/kg)
1.01325E+05	1.00000E-02	4.00382E+00	3.90000E+03	2.74605E+07
1.01325E+05	1.00000E-02	2.09757E+00	3.85000E+03	2.55288E+07
1.01325E+05	1.00000E-02	1.31310E+00	3.80000E+03	2.31337E+07
1.01325E+05	1.00000E-02	9.00809E-01	3.75000E+03	2.05519E+07
1.01325E+05	1.00000E-02	6.57403E-01	3.70000E+03	1.80303E+07
1.01325E+05	1.00000E-02	5.03944E-01	3.65000E+03	1.57184E+07
1.01325E+05	1.00000E-02	4.03144E-01	3.60000E+03	1.36734E+07
1.01325E+05	1.00000E-02	3.35124E-01	3.55000E+03	1.18925E+07
1.01325E+05	1.00000E-02	2.88389E-01	3.50000E+03	1.03447E+07
1.01325E+05	1.00000E-02	2.55891E-01	3.45000E+03	8.99282E+06
1.01325E+05	1.00000E-02	2.33118E-01	3.40000E+03	7.80526E+06
1.01325E+05	1.00000E-02	2.17091E-01	3.35000E+03	6.76064E+06
1.01325E+05	1.00000E-02	2.05789E-01	3.30000E+03	5.84683E+06
1.01325E+05	1.00000E-02	1.97821E-01	3.25000E+03	5.05728E+06
1.01325E+05	1.00000E-02	1.92210E-01	3.20000E+03	4.38662E+06
1.01325E+05	1.00000E-02	1.88261E-01	3.15000E+03	3.82747E+06
1.01325E+05	1.00000E-02	1.85479E-01	3.10000E+03	3.36919E+06
1.01325E+05	1.00000E-02	1.83508E-01	3.05000E+03	2.99836E+06
1.01325E+05	1.00000E-02	1.82091E-01	3.00000E+03	2.70024E+06
1.01325E+05	1.00000E-02	1.81048E-01	2.95000E+03	2.46029E+06
1.01325E+05	1.00000E-02	1.80249E-01	2.90000E+03	2.26536E+06
1.01325E+05	1.00000E-02	1.79607E-01	2.85000E+03	2.10434E+06
1.01325E+05	1.00000E-02	1.79062E-01	2.80000E+03	1.96831E+06
1.01325E+05	1.00000E-02	1.78575E-01	2.75000E+03	1.85036E+06
1.01325E+05	1.00000E-02	1.78121E-01	2.70000E+03	1.74537E+06
1.01325E+05	1.00000E-02	1.77688E-01	2.65000E+03	1.64959E+06
1.01325E+05	1.00000E-02	1.77267E-01	2.60000E+03	1.56037E+06
1.01325E+05	1.00000E-02	1.76858E-01	2.55000E+03	1.47586E+06
1.01325E+05	1.00000E-02	1.76459E-01	2.50000E+03	1.39478E+06
1.01325E+05	1.00000E-02	1.76073E-01	2.45000E+03	1.31629E+06
1.01325E+05	1.00000E-02	1.75703E-01	2.40000E+03	1.23978E+06
1.01325E+05	1.00000E-02	1.75351E-01	2.35000E+03	1.16487E+06
1.01325E+05	1.00000E-02	1.75021E-01	2.30000E+03	1.09130E+06
1.01325E+05	1.00000E-02	1.74713E-01	2.25000E+03	1.01886E+06
1.01325E+05	1.00000E-02	1.74430E-01	2.20000E+03	9.47429E+05
1.01325E+05	1.00000E-02	1.74172E-01	2.15000E+03	8.76893E+05
1.01325E+05	1.00000E-02	1.73940E-01	2.10000E+03	8.07170E+05
1.01325E+05	1.00000E-02	1.73733E-01	2.05000E+03	7.38185E+05
1.01325E+05	1.00000E-02	1.73550E-01	2.00000E+03	6.69877E+05
1.01325E+05	1.00000E-02	1.73391E-01	1.95000E+03	6.02187E+05
1.01325E+05	1.00000E-02	1.73253E-01	1.90000E+03	5.35065E+05
1.01325E+05	1.00000E-02	1.73135E-01	1.85000E+03	4.68464E+05
1.01325E+05	1.00000E-02	1.73035E-01	1.80000E+03	4.02343E+05
1.01325E+05	1.00000E-02	1.72951E-01	1.75000E+03	3.36665E+05
1.01325E+05	1.00000E-02	1.72881E-01	1.70000E+03	2.71397E+05
1.01325E+05	1.00000E-02	1.72822E-01	1.65000E+03	2.06509E+05
1.01325E+05	1.00000E-02	1.72773E-01	1.60000E+03	1.41972E+05
1.01325E+05	1.00000E-02	1.72729E-01	1.55000E+03	7.77532E+04
1.01325E+05	1.00000E-02	1.72687E-01	1.50000E+03	1.38132E+04
1.01325E+05	1.00000E-02	1.72642E-01	1.45000E+03	-4.99105E+04
1.01325E+05	1.00000E-02	1.72582E-01	1.40000E+03	-1.13527E+05
1.01325E+05	1.00000E-02	1.72492E-01	1.35000E+03	-1.77248E+05
1.01325E+05	1.00000E-02	1.72337E-01	1.30000E+03	-2.41506E+05
1.01325E+05	1.00000E-02	1.72044E-01	1.25000E+03	-3.07232E+05
1.01325E+05	1.00000E-02	1.71456E-01	1.20000E+03	-3.76508E+05
1.01325E+05	1.00000E-02	1.70213E-01	1.15000E+03	-4.54103E+05
1.01325E+05	1.00000E-02	1.67510E-01	1.10000E+03	-5.50822E+05
1.01325E+05	1.00000E-02	1.61743E-01	1.05000E+03	-6.88609E+05
1.01325E+05	1.00000E-02	1.50751E-01	1.00000E+03	-8.98473E+05
1.01325E+05	1.00000E-02	1.34224E-01	9.50000E+02	-1.18894E+06
1.01325E+05	1.00000E-02	1.16037E-01	9.00000E+02	-1.50977E+06
1.01325E+05	1.00000E-02	1.01037E-01	8.50000E+02	-1.79008E+06
1.01325E+05	1.00000E-02	9.10567E-02	8.00000E+02	-1.99794E+06
1.01325E+05	1.00000E-02	8.53465E-02	7.50000E+02	-2.14101E+06
1.01325E+05	1.00000E-02	8.24132E-02	7.00000E+02	-2.24070E+06
1.01325E+05	1.00000E-02	8.10151E-02	6.50000E+02	-2.31598E+06
1.01325E+05	1.00000E-02	8.03764E-02	6.00000E+02	-2.37898E+06
1.01325E+05	1.00000E-02	8.00859E-02	5.50000E+02	-2.43615E+06
1.01325E+05	1.00000E-02	7.99482E-02	5.00000E+02	-2.49051E+06
1.01325E+05	1.00000E-02	7.98768E-02	4.50000E+02	-2.54332E+06
1.01325E+05	1.00000E-02	7.98350E-02	4.00000E+02	-2.59508E+06
1.01325E+05	1.00000E-02	7.98083E-02	3.50000E+02	-2.64600E+06
1.01325E+05	1.00000E-02	7.97919E-02	3.00000E+02	-2.69612E+06
1.01325E+05	1.00000E-02	7.97835E-02	2.50000E+02	-2.74543E+06
p (Pa)	B'g	B'c	Temp (K)	hw (J/kg)
1.01325E+05	1.00000E-03	3.91984E+00	3.90000E+03	2.74013E+07
1.01325E+05	1.00000E-03	2.05438E+00	3.85000E+03	2.54225E+07
1.01325E+05	1.00000E-03	1.28615E+00	3.80000E+03	2.29831E+07
1.01325E+05	1.00000E-03	8.82247E-01	3.75000E+03	2.03671E+07
1.01325E+05	1.00000E-03	6.43758E-01	3.70000E+03	1.78237E+07
1.01325E+05	1.00000E-03	4.93389E-01	3.65000E+03	1.55009E+07
1.01325E+05	1.00000E-03	3.94611E-01	3.60000E+03	1.34530E+07
1.01325E+05	1.00000E-03	3.27948E-01	3.55000E+03	1.16743E+07
1.01325E+05	1.00000E-03	2.82137E-01	3.50000E+03	1.01313E+07
1.01325E+05	1.00000E-03	2.50275E-01	3.45000E+03	8.78487E+06
1.01325E+05	1.00000E-03	2.27942E-01	3.40000E+03	7.60240E+06
1.01325E+05	1.00000E-03	2.12221E-01	3.35000E+03	6.56185E+06
1.01325E+05	1.00000E-03	2.01137E-01	3.30000E+03	5.65105E+06
1.01325E+05	1.00000E-03	1.93328E-01	3.25000E+03	4.86376E+06
1.01325E+05	1.00000E-03	1.87843E-01	3.20000E+03	4.19521E+06
1.01325E+05	1.00000E-03	1.84006E-01	3.15000E+03	3.63865E+06
1.01325E+05	1.00000E-03	1.81337E-01	3.10000E+03	3.18393E+06
1.01325E+05	1.00000E-03	1.79490E-01	3.05000E+03	2.81793E+06
1.01325E+05	1.00000E-03	1.78220E-01	3.00000E+03	2.52600E+06
1.01325E+05	1.00000E-03	1.77351E-01	2.95000E+03	2.29353E+06
1.01325E+05	1.00000E-03	1.76759E-01	2.90000E+03	2.10722E+06
1.01325E+05	1.00000E-03	1.76355E-01	2.85000E+03	1.95572E+06
1.01325E+05	1.00000E-03	1.76080E-01	2.80000E+03	1.82984E+06
1.01325E+05	1.00000E-03	1.75890E-01	2.75000E+03	1.72243E+06
1.01325E+05	1.00000E-03	1.75756E-01	2.70000E+03	1.62808E+06
1.01325E+05	1.00000E-03	1.75658E-01	2.65000E+03	1.54284E+06
1.01325E+05	1.00000E-03	1.75582E-01	2.60000E+03	1.46384E+06
1.01325E+05	1.00000E-03	1.75518E-01	2.55000E+03	1.38909E+06
1.01325E+05	1.00000E-03	1.75459E-01	2.50000E+03	1.31717E+06
1.01325E+05	1.00000E-03	1.75402E-01	2.45000E+03	1.24715E+06
1.01325E+05	1.00000E-03	1.75345E-01	2.40000E+03	1.17840E+06
1.01325E+05	1.00000E-03	1.75286E-01	2.35000E+03	1.11052E+06
1.01325E+05	1.00000E-03	1.75227E-01	2.30000E+03	1.04324E+06
1.01325E+05	1.00000E-03	1.75166E-01	2.25000E+03	9.76421E+05
1.01325E+05	1.00000E-03	1.75106E-01	2.20000E+03	9.09958E+05
1.01325E+05	1.00000E-03	1.75048E-01	2.15000E+03	8.43805E+05
1.01325E+05	1.00000E-03	1.74993E-01	2.10000E+03	7.77934E+05
1.01325E+05	1.00000E-03	1.74940E-01	2.05000E+03	7.12329E+05
1.01325E+05	1.00000E-03	1.74892E-01	2.00000E+03	6.46984E+05
1.01325E+05	1.00000E-03	1.74849E-01	1.95000E+03	5.81893E+05
1.01325E+05	1.00000E-03	1.74810E-01	1.90000E+03	5.17056E+05
1.01325E+05	1.00000E-03	1.74775E-01	1.85000E+03	4.52469E+05
1.01325E+05	1.00000E-03	1.74745E-01	1.80000E+03	3.88132E+05
1.01325E+05	1.00000E-03	1.74719E-01	1.75000E+03	3.24042E+05
1.01325E+05	1.00000E-03	1.74696E-01	1.70000E+03	2.60198E+05
1.01325E+05	1.00000E-03	1.74676E-01	1.65000E+03	1.96597E+05
1.01325E+05	1.00000E-03	1.74657E-01	1.60000E+03	1.33235E+05
1.01325E+05	1.00000E-03	1.74638E-01	1.55000E+03	7.01000E+04
1.01325E+05	1.00000E-03	1.74615E-01	1.50000E+03	7.17142E+03
1.01325E+05	1.00000E-03	1.74585E-01	1.45000E+03	-5.55952E+04
1.01325E+05	1.00000E-03	1.74539E-01	1.40000E+03	-1.18292E+05
1.01325E+05	1.00000E-03	1.74462E-01	1.35000E+03	-1.81109E+05
1.01325E+05	1.00000E-03	1.74321E-01	1.30000E+03	-2.44454E+05
1.01325E+05	1.00000E-03	1.74049E-01	1.25000E+03	-3.09217E+05
1.01325E+05	1.00000E-03	1.73494E-01	1.20000E+03	-3.77407E+05
1.01325E+05	1.00000E-03	1.72311E-01	1.15000E+03	-4.53658E+05
1.01325E+05	1.00000E-03	1.69722E-01	1.10000E+03	-5.48522E+05
1.01325E+05	1.00000E-03	1.64167E-01	1.05000E+03	-6.83528E+05
1.01325E+05	1.00000E-03	1.53533E-01	1.00000E+03	-8.89228E+05
1.01325E+05	1.00000E-03	1.37510E-01	9.50000E+02	-1.17409E+06
1.01325E+05	1.00000E-03	1.19897E-01	9.00000E+02	-1.48849E+06
1.01325E+05	1.00000E-03	1.05457E-01	8.50000E+02	-1.76233E+06
1.01325E+05	1.00000E-03	9.59946E-02	8.00000E+02	-1.96410E+06
1.01325E+05	1.00000E-03	9.07582E-02	7.50000E+02	-2.10158E+06
1.01325E+05	1.00000E-03	8.82466E-02	7.00000E+02	-2.19633E+06
1.01325E+05	1.00000E-03	8.71978E-02	6.50000E+02	-2.26753E+06
1.01325E+05	1.00000E-03	8.68196E-02	6.00000E+02	-2.32750E+06
1.01325E+05	1.00000E-03	8.67032E-02	5.50000E+02	-2.38264E+06
1.01325E+05	1.00000E-03	8.66726E-02	5.00000E+02	-2.43568E+06
1.01325E+05	1.00000E-03	8.66653E-02	4.50000E+02	-2.48762E+06
1.01325E+05	1.00000E-03	8.66635E-02	4.00000E+02	-2.53873E+06
1.01325E+05	1.00000E-03	8.66630E-02	3.50000E+02	-2.58906E+06
1.01325E+05	1.00000E-03	8.66628E-02	3.00000E+02	-2.63864E+06
1.01325E+05	1.00000E-03	8.66627E-02	2.50000E+02	-2.68742E+06