p (bar)	B'g	Temp (K)	B'c	Hw (kJ/kg)
1.01325D-03	0.00000D+00	2.50000E+02	8.74262E-02	-2.68099E+03
1.01325D-03	0.00000D+00	2.75000E+02	8.74262E-02	-2.65673E+03
1.01325D-03	0.00000D+00	3.00000E+02	8.74262E-02	-2.63226E+03
1.01325D-03	0.00000D+00	3.25000E+02	8.74262E-02	-2.60760E+03
1.01325D-03	0.00000D+00	3.50000E+02	8.74262E-02	-2.58275E+03
1.01325D-03	0.00000D+00	3.75000E+02	8.74263E-02	-2.55770E+03
1.01325D-03	0.00000D+00	4.00000E+02	8.74268E-02	-2.53246E+03
1.01325D-03	0.00000D+00	4.25000E+02	8.74292E-02	-2.50700E+03
1.01325D-03	0.00000D+00	4.50000E+02	8.74381E-02	-2.48124E+03
1.01325D-03	0.00000D+00	4.75000E+02	8.74667E-02	-2.45499E+03
1.01325D-03	0.00000D+00	5.00000E+02	8.75478E-02	-2.42772E+03
1.01325D-03	0.00000D+00	5.25000E+02	8.77547E-02	-2.39829E+03
1.01325D-03	0.00000D+00	5.50000E+02	8.82357E-02	-2.36435E+03
1.01325D-03	0.00000D+00	5.75000E+02	8.92649E-02	-2.32163E+03
1.01325D-03	0.00000D+00	6.00000E+02	9.13051E-02	-2.26295E+03
1.01325D-03	0.00000D+00	6.25000E+02	9.50577E-02	-2.17760E+03
1.01325D-03	0.00000D+00	6.50000E+02	1.01433E-01	-2.05216E+03
1.01325D-03	0.00000D+00	6.75000E+02	1.11289E-01	-1.87510E+03
1.01325D-03	0.00000D+00	7.00000E+02	1.24735E-01	-1.64758E+03
1.01325D-03	0.00000D+00	7.25000E+02	1.40131E-01	-1.39670E+03
1.01325D-03	0.00000D+00	7.50000E+02	1.54098E-01	-1.17154E+03
1.01325D-03	0.00000D+00	7.75000E+02	1.63896E-01	-1.00799E+03
1.01325D-03	0.00000D+00	8.00000E+02	1.69451E-01	-9.04016E+02
1.01325D-03	0.00000D+00	8.25000E+02	1.72232E-01	-8.38029E+02
1.01325D-03	0.00000D+00	8.50000E+02	1.73563E-01	-7.91628E+02
1.01325D-03	0.00000D+00	8.75000E+02	1.74200E-01	-7.54470E+02
1.01325D-03	0.00000D+00	9.00000E+02	1.74511E-01	-7.21559E+02
1.01325D-03	0.00000D+00	9.25000E+02	1.74668E-01	-6.90590E+02
1.01325D-03	0.00000D+00	9.50000E+02	1.74750E-01	-6.60497E+02
1.01325D-03	0.00000D+00	9.75000E+02	1.74793E-01	-6.30778E+02
1.01325D-03	0.00000D+00	1.00000E+03	1.74817E-01	-6.01189E+02
1.01325D-03	0.00000D+00	1.02500E+03	1.74831E-01	-5.71611E+02
1.01325D-03	0.00000D+00	1.05000E+03	1.74839E-01	-5.41986E+02
1.01325D-03	0.00000D+00	1.07500E+03	1.74844E-01	-5.12283E+02
1.01325D-03	0.00000D+00	1.10000E+03	1.74847E-01	-4.82488E+02
1.01325D-03	0.00000D+00	1.12500E+03	1.74849E-01	-4.52595E+02
1.01325D-03	0.00000D+00	1.15000E+03	1.74850E-01	-4.22602E+02
1.01325D-03	0.00000D+00	1.17500E+03	1.74851E-01	-3.92508E+02
1.01325D-03	0.00000D+00	1.20000E+03	1.74851E-01	-3.62315E+02
1.01325D-03	0.00000D+00	1.22500E+03	1.74851E-01	-3.32026E+02
1.01325D-03	0.00000D+00	1.25000E+03	1.74852E-01	-3.01642E+02
1.01325D-03	0.00000D+00	1.27500E+03	1.74852E-01	-2.71167E+02
1.01325D-03	0.00000D+00	1.30000E+03	1.74852E-01	-2.40604E+02
1.01325D-03	0.00000D+00	1.32500E+03	1.74852E-01	-2.09954E+02
1.01325D-03	0.00000D+00	1.35000E+03	1.74852E-01	-1.79221E+02
1.01325D-03	0.00000D+00	1.37500E+03	1.74852E-01	-1.48408E+02
1.01325D-03	0.00000D+00	1.40000E+03	1.74852E-01	-1.17518E+02
1.01325D-03	0.00000D+00	1.42500E+03	1.74852E-01	-8.65516E+01
1.01325D-03	0.00000D+00	1.45000E+03	1.74852E-01	-5.55128E+01
1.01325D-03	0.00000D+00	1.47500E+03	1.74852E-01	-2.44037E+01
1.01325D-03	0.00000D+00	1.50000E+03	1.74852E-01	6.77348E+00
1.01325D-03	0.00000D+00	1.52500E+03	1.74852E-01	3.80165E+01
1.01325D-03	0.00000D+00	1.55000E+03	1.74852E-01	6.93233E+01
1.01325D-03	0.00000D+00	1.57500E+03	1.74852E-01	1.00692E+02
1.01325D-03	0.00000D+00	1.60000E+03	1.74852E-01	1.32120E+02
1.01325D-03	0.00000D+00	1.62500E+03	1.74852E-01	1.63606E+02
1.01325D-03	0.00000D+00	1.65000E+03	1.74852E-01	1.95148E+02
1.01325D-03	0.00000D+00	1.67500E+03	1.74852E-01	2.26745E+02
1.01325D-03	0.00000D+00	1.70000E+03	1.74852E-01	2.58394E+02
1.01325D-03	0.00000D+00	1.72500E+03	1.74852E-01	2.90095E+02
1.01325D-03	0.00000D+00	1.75000E+03	1.74853E-01	3.21846E+02
1.01325D-03	0.00000D+00	1.77500E+03	1.74853E-01	3.53645E+02
1.01325D-03	0.00000D+00	1.80000E+03	1.74853E-01	3.85493E+02
1.01325D-03	0.00000D+00	1.82500E+03	1.74853E-01	4.17388E+02
1.01325D-03	0.00000D+00	1.85000E+03	1.74853E-01	4.49329E+02
1.01325D-03	0.00000D+00	1.87500E+03	1.74854E-01	4.81318E+02
1.01325D-03	0.00000D+00	1.90000E+03	1.74854E-01	5.13353E+02
1.01325D-03	0.00000D+00	1.92500E+03	1.74855E-01	5.45437E+02
1.01325D-03	0.00000D+00	1.95000E+03	1.74856E-01	5.77570E+02
1.01325D-03	0.00000D+00	1.97500E+03	1.74858E-01	6.09756E+02
1.01325D-03	0.00000D+00	2.00000E+03	1.74860E-01	6.41998E+02
1.01325D-03	0.00000D+00	2.02500E+03	1.74863E-01	6.74302E+02
1.01325D-03	0.00000D+00	2.05000E+03	1.74868E-01	7.06675E+02
1.01325D-03	0.00000D+00	2.07500E+03	1.74873E-01	7.39127E+02
1.01325D-03	0.00000D+00	2.10000E+03	1.74880E-01	7.71671E+02
1.01325D-03	0.00000D+00	2.12500E+03	1.74890E-01	8.04323E+02
1.01325D-03	0.00000D+00	2.15000E+03	1.74903E-01	8.37105E+02
1.01325D-03	0.00000D+00	2.17500E+03	1.74920E-01	8.70046E+02
1.01325D-03	0.00000D+00	2.20000E+03	1.74941E-01	9.03180E+02
1.01325D-03	0.00000D+00	2.22500E+03	1.74970E-01	9.36554E+02
1.01325D-03	0.00000D+00	2.25000E+03	1.75007E-01	9.70228E+02
1.01325D-03	0.00000D+00	2.27500E+03	1.75055E-01	1.00428E+03
1.01325D-03	0.00000D+00	2.30000E+03	1.75118E-01	1.03880E+03
1.01325D-03	0.00000D+00	2.32500E+03	1.75200E-01	1.07394E+03
1.01325D-03	0.00000D+00	2.35000E+03	1.75307E-01	1.10984E+03
1.01325D-03	0.00000D+00	2.37500E+03	1.75447E-01	1.14674E+03
1.01325D-03	0.00000D+00	2.40000E+03	1.75630E-01	1.18491E+03
1.01325D-03	0.00000D+00	2.42500E+03	1.75870E-01	1.22475E+03
1.01325D-03	0.00000D+00	2.45000E+03	1.76186E-01	1.26675E+03
1.01325D-03	0.00000D+00	2.47500E+03	1.76603E-01	1.31157E+03
1.01325D-03	0.00000D+00	2.50000E+03	1.77155E-01	1.36008E+03
1.01325D-03	0.00000D+00	2.52500E+03	1.77887E-01	1.41344E+03
1.01325D-03	0.00000D+00	2.55000E+03	1.78861E-01	1.47317E+03
1.01325D-03	0.00000D+00	2.57500E+03	1.80159E-01	1.54130E+03
1.01325D-03	0.00000D+00	2.60000E+03	1.81890E-01	1.62047E+03
1.01325D-03	0.00000D+00	2.62500E+03	1.84202E-01	1.71416E+03
1.01325D-03	0.00000D+00	2.65000E+03	1.87291E-01	1.82695E+03
1.01325D-03	0.00000D+00	2.67500E+03	1.91424E-01	1.96479E+03
1.01325D-03	0.00000D+00	2.70000E+03	1.96953E-01	2.13542E+03
1.01325D-03	0.00000D+00	2.72500E+03	2.04357E-01	2.34885E+03
1.01325D-03	0.00000D+00	2.75000E+03	2.14282E-01	2.61795E+03
1.01325D-03	0.00000D+00	2.77500E+03	2.27610E-01	2.95916E+03
1.01325D-03	0.00000D+00	2.80000E+03	2.45556E-01	3.39334E+03
1.01325D-03	0.00000D+00	2.82500E+03	2.69829E-01	3.94672E+03
1.01325D-03	0.00000D+00	2.85000E+03	3.02873E-01	4.65194E+03
1.01325D-03	0.00000D+00	2.87500E+03	3.48298E-01	5.54910E+03
1.01325D-03	0.00000D+00	2.90000E+03	4.11635E-01	6.68673E+03
1.01325D-03	0.00000D+00	2.92500E+03	5.01794E-01	8.12228E+03
1.01325D-03	0.00000D+00	2.95000E+03	6.34097E-01	9.92194E+03
1.01325D-03	0.00000D+00	2.97500E+03	8.37329E-01	1.21589E+04
1.01325D-03	0.00000D+00	3.00000E+03	1.17273E+00	1.49093E+04
1.01325D-03	0.00000D+00	3.02500E+03	1.79764E+00	1.82428E+04
1.01325D-03	0.00000D+00	3.05000E+03	3.27361E+00	2.22030E+04
1.01325D-03	0.00000D+00	3.07500E+03	1.00811E+01	2.67422E+04
1.01325D-03	0.00000D+00	3.10000E+03	1.00811E+01	2.67422E+04
1.01325D-03	0.00000D+00	3.12500E+03	1.00811E+01	2.67422E+04
1.01325D-03	0.00000D+00	3.15000E+03	1.00811E+01	2.67422E+04
1.01325D-03	0.00000D+00	3.17500E+03	1.00811E+01	2.67422E+04
1.01325D-03	0.00000D+00	3.20000E+03	1.00811E+01	2.67422E+04
1.01325D-03	0.00000D+00	3.22500E+03	1.00811E+01	2.67422E+04
1.01325D-03	0.00000D+00	3.25000E+03	1.00811E+01	2.67422E+04
1.01325D-03	0.00000D+00	3.27500E+03	1.00811E+01	2.67422E+04
1.01325D-03	0.00000D+00	3.30000E+03	1.00811E+01	2.67422E+04
1.01325D-03	0.00000D+00	3.32500E+03	1.00811E+01	2.67422E+04
1.01325D-03	0.00000D+00	3.35000E+03	1.00811E+01	2.67422E+04
1.01325D-03	0.00000D+00	3.37500E+03	1.00811E+01	2.67422E+04
1.01325D-03	0.00000D+00	3.40000E+03	1.00811E+01	2.67422E+04
1.01325D-03	0.00000D+00	3.42500E+03	1.00811E+01	2.67422E+04
1.01325D-03	0.00000D+00	3.45000E+03	1.00811E+01	2.67422E+04
1.01325D-03	0.00000D+00	3.47500E+03	1.00811E+01	2.67422E+04
1.01325D-03	0.00000D+00	3.50000E+03	1.00811E+01	2.67422E+04
1.01325D-03	0.00000D+00	3.52500E+03	1.00811E+01	2.67422E+04
1.01325D-03	0.00000D+00	3.55000E+03	1.00811E+01	2.67422E+04
1.01325D-03	0.00000D+00	3.57500E+03	1.00811E+01	2.67422E+04
1.01325D-03	0.00000D+00	3.60000E+03	1.00811E+01	2.67422E+04
1.01325D-03	0.00000D+00	3.62500E+03	1.00811E+01	2.67422E+04
1.01325D-03	0.00000D+00	3.65000E+03	1.00811E+01	2.67422E+04
1.01325D-03	0.00000D+00	3.67500E+03	1.00811E+01	2.67422E+04
1.01325D-03	0.00000D+00	3.70000E+03	1.00811E+01	2.67422E+04
1.01325D-03	0.00000D+00	3.72500E+03	1.00811E+01	2.67422E+04
1.01325D-03	0.00000D+00	3.75000E+03	1.00811E+01	2.67422E+04
1.01325D-03	0.00000D+00	3.77500E+03	1.00811E+01	2.67422E+04
1.01325D-03	0.00000D+00	3.80000E+03	1.00811E+01	2.67422E+04
1.01325D-03	0.00000D+00	3.82500E+03	1.00811E+01	2.67422E+04
1.01325D-03	0.00000D+00	3.85000E+03	1.00811E+01	2.67422E+04
1.01325D-03	0.00000D+00	3.87500E+03	1.00811E+01	2.67422E+04
1.01325D-03	0.00000D+00	3.90000E+03	1.00811E+01	2.67422E+04
1.01325D-03	0.00000D+00	3.92500E+03	1.00811E+01	2.67422E+04
1.01325D-03	0.00000D+00	3.95000E+03	1.00811E+01	2.67422E+04
1.01325D-03	0.00000D+00	3.97500E+03	1.00811E+01	2.67422E+04
1.01325D-03	0.00000D+00	4.00000E+03	1.00811E+01	2.67422E+04
p (bar)	B'g	Temp (K)	B'c	Hw (kJ/kg)
1.01325D-03	2.00000D-02	2.50000E+02	7.21456E-02	-2.80964E+03
1.01325D-03	2.00000D-02	2.75000E+02	7.21595E-02	-2.78476E+03
1.01325D-03	2.00000D-02	3.00000E+02	7.21819E-02	-2.75966E+03
1.01325D-03	2.00000D-02	3.25000E+02	7.22168E-02	-2.73430E+03
1.01325D-03	2.00000D-02	3.50000E+02	7.22723E-02	-2.70861E+03
1.01325D-03	2.00000D-02	3.75000E+02	7.23652E-02	-2.68241E+03
1.01325D-03	2.00000D-02	4.00000E+02	7.25247E-02	-2.65542E+03
1.01325D-03	2.00000D-02	4.25000E+02	7.27955E-02	-2.62712E+03
1.01325D-03	2.00000D-02	4.50000E+02	7.32317E-02	-2.59690E+03
1.01325D-03	2.00000D-02	4.75000E+02	7.38819E-02	-2.56413E+03
1.01325D-03	2.00000D-02	5.00000E+02	7.47705E-02	-2.52832E+03
1.01325D-03	2.00000D-02	5.25000E+02	7.59053E-02	-2.48898E+03
1.01325D-03	2.00000D-02	5.50000E+02	7.73352E-02	-2.44483E+03
1.01325D-03	2.00000D-02	5.75000E+02	7.92484E-02	-2.39248E+03
1.01325D-03	2.00000D-02	6.00000E+02	8.20709E-02	-2.32513E+03
1.01325D-03	2.00000D-02	6.25000E+02	8.65205E-02	-2.23188E+03
1.01325D-03	2.00000D-02	6.50000E+02	9.35573E-02	-2.09882E+03
1.01325D-03	2.00000D-02	6.75000E+02	1.04093E-01	-1.91395E+03
1.01325D-03	2.00000D-02	7.00000E+02	1.18258E-01	-1.67841E+03
1.01325D-03	2.00000D-02	7.25000E+02	1.34356E-01	-1.42007E+03
1.01325D-03	2.00000D-02	7.50000E+02	1.48898E-01	-1.18904E+03
1.01325D-03	2.00000D-02	7.75000E+02	1.59076E-01	-1.02155E+03
1.01325D-03	2.00000D-02	8.00000E+02	1.64845E-01	-9.15076E+02
1.01325D-03	2.00000D-02	8.25000E+02	1.67738E-01	-8.47423E+02
1.01325D-03	2.00000D-02	8.50000E+02	1.69125E-01	-7.99782E+02
1.01325D-03	2.00000D-02	8.75000E+02	1.69791E-01	-7.61598E+02
1.01325D-03	2.00000D-02	9.00000E+02	1.70118E-01	-7.27770E+02
1.01325D-03	2.00000D-02	9.25000E+02	1.70283E-01	-6.95939E+02
1.01325D-03	2.00000D-02	9.50000E+02	1.70369E-01	-6.65012E+02
1.01325D-03	2.00000D-02	9.75000E+02	1.70416E-01	-6.34473E+02
1.01325D-03	2.00000D-02	1.00000E+03	1.70442E-01	-6.04071E+02
1.01325D-03	2.00000D-02	1.02500E+03	1.70457E-01	-5.73683E+02
1.01325D-03	2.00000D-02	1.05000E+03	1.70466E-01	-5.43248E+02
1.01325D-03	2.00000D-02	1.07500E+03	1.70471E-01	-5.12734E+02
1.01325D-03	2.00000D-02	1.10000E+03	1.70475E-01	-4.82125E+02
1.01325D-03	2.00000D-02	1.12500E+03	1.70478E-01	-4.51414E+02
1.01325D-03	2.00000D-02	1.15000E+03	1.70480E-01	-4.20597E+02
1.01325D-03	2.00000D-02	1.17500E+03	1.70482E-01	-3.89674E+02
1.01325D-03	2.00000D-02	1.20000E+03	1.70484E-01	-3.58644E+02
1.01325D-03	2.00000D-02	1.22500E+03	1.70487E-01	-3.27509E+02
1.01325D-03	2.00000D-02	1.25000E+03	1.70490E-01	-2.96268E+02
1.01325D-03	2.00000D-02	1.27500E+03	1.70493E-01	-2.64924E+02
1.01325D-03	2.00000D-02	1.30000E+03	1.70497E-01	-2.33474E+02
1.01325D-03	2.00000D-02	1.32500E+03	1.70502E-01	-2.01920E+02
1.01325D-03	2.00000D-02	1.35000E+03	1.70508E-01	-1.70260E+02
1.01325D-03	2.00000D-02	1.37500E+03	1.70514E-01	-1.38490E+02
1.01325D-03	2.00000D-02	1.40000E+03	1.70522E-01	-1.06608E+02
1.01325D-03	2.00000D-02	1.42500E+03	1.70532E-01	-7.46088E+01
1.01325D-03	2.00000D-02	1.45000E+03	1.70543E-01	-4.24848E+01
1.01325D-03	2.00000D-02	1.47500E+03	1.70556E-01	-1.02275E+01
1.01325D-03	2.00000D-02	1.50000E+03	1.70571E-01	2.21745E+01
1.01325D-03	2.00000D-02	1.52500E+03	1.70588E-01	5.47349E+01
1.01325D-03	2.00000D-02	1.55000E+03	1.70608E-01	8.74711E+01
1.01325D-03	2.00000D-02	1.57500E+03	1.70631E-01	1.20404E+02
1.01325D-03	2.00000D-02	1.60000E+03	1.70656E-01	1.53557E+02
1.01325D-03	2.00000D-02	1.62500E+03	1.70685E-01	1.86960E+02
1.01325D-03	2.00000D-02	1.65000E+03	1.70717E-01	2.20647E+02
1.01325D-03	2.00000D-02	1.67500E+03	1.70754E-01	2.54658E+02
1.01325D-03	2.00000D-02	1.70000E+03	1.70794E-01	2.89037E+02
1.01325D-03	2.00000D-02	1.72500E+03	1.70839E-01	3.23835E+02
1.01325D-03	2.00000D-02	1.75000E+03	1.70888E-01	3.59111E+02
1.01325D-03	2.00000D-02	1.77500E+03	1.70942E-01	3.94929E+02
1.01325D-03	2.00000D-02	1.80000E+03	1.71002E-01	4.31359E+02
1.01325D-03	2.00000D-02	1.82500E+03	1.71066E-01	4.68478E+02
1.01325D-03	2.00000D-02	1.85000E+03	1.71137E-01	5.06370E+02
1.01325D-03	2.00000D-02	1.87500E+03	1.71212E-01	5.45123E+02
1.01325D-03	2.00000D-02	1.90000E+03	1.71293E-01	5.84826E+02
1.01325D-03	2.00000D-02	1.92500E+03	1.71380E-01	6.25574E+02
1.01325D-03	2.00000D-02	1.95000E+03	1.71472E-01	6.67458E+02
1.01325D-03	2.00000D-02	1.97500E+03	1.71569E-01	7.10568E+02
1.01325D-03	2.00000D-02	2.00000E+03	1.71671E-01	7.54983E+02
1.01325D-03	2.00000D-02	2.02500E+03	1.71778E-01	8.00773E+02
1.01325D-03	2.00000D-02	2.05000E+03	1.71888E-01	8.47990E+02
1.01325D-03	2.00000D-02	2.07500E+03	1.72001E-01	8.96664E+02
1.01325D-03	2.00000D-02	2.10000E+03	1.72116E-01	9.46798E+02
1.01325D-03	2.00000D-02	2.12500E+03	1.72233E-01	9.98360E+02
1.01325D-03	2.00000D-02	2.15000E+03	1.72351E-01	1.05128E+03
1.01325D-03	2.00000D-02	2.17500E+03	1.72469E-01	1.10546E+03
1.01325D-03	2.00000D-02	2.20000E+03	1.72586E-01	1.16074E+03
1.01325D-03	2.00000D-02	2.22500E+03	1.72703E-01	1.21694E+03
1.01325D-03	2.00000D-02	2.25000E+03	1.72820E-01	1.27385E+03
1.01325D-03	2.00000D-02	2.27500E+03	1.72937E-01	1.33125E+03
1.01325D-03	2.00000D-02	2.30000E+03	1.73058E-01	1.38890E+03
1.01325D-03	2.00000D-02	2.32500E+03	1.73186E-01	1.44662E+03
1.01325D-03	2.00000D-02	2.35000E+03	1.73327E-01	1.50427E+03
1.01325D-03	2.00000D-02	2.37500E+03	1.73490E-01	1.56181E+03
1.01325D-03	2.00000D-02	2.40000E+03	1.73685E-01	1.61932E+03
1.01325D-03	2.00000D-02	2.42500E+03	1.73929E-01	1.67702E+03
1.01325D-03	2.00000D-02	2.45000E+03	1.74242E-01	1.73535E+03
1.01325D-03	2.00000D-02	2.47500E+03	1.74654E-01	1.79496E+03
1.01325D-03	2.00000D-02	2.50000E+03	1.75201E-01	1.85679E+03
1.01325D-03	2.00000D-02	2.52500E+03	1.75934E-01	1.92210E+03
1.01325D-03	2.00000D-02	2.55000E+03	1.76920E-01	1.99259E+03
1.01325D-03	2.00000D-02	2.57500E+03	1.78247E-01	2.07047E+03
1.01325D-03	2.00000D-02	2.60000E+03	1.80036E-01	2.15859E+03
1.01325D-03	2.00000D-02	2.62500E+03	1.82443E-01	2.26070E+03
1.01325D-03	2.00000D-02	2.65000E+03	1.85681E-01	2.38163E+03
1.01325D-03	2.00000D-02	2.67500E+03	1.90035E-01	2.52763E+03
1.01325D-03	2.00000D-02	2.70000E+03	1.95884E-01	2.70677E+03
1.01325D-03	2.00000D-02	2.72500E+03	2.03741E-01	2.92942E+03
1.01325D-03	2.00000D-02	2.75000E+03	2.14298E-01	3.20883E+03
1.01325D-03	2.00000D-02	2.77500E+03	2.28500E-01	3.56184E+03
1.01325D-03	2.00000D-02	2.80000E+03	2.47651E-01	4.00970E+03
1.01325D-03	2.00000D-02	2.82500E+03	2.73579E-01	4.57890E+03
1.01325D-03	2.00000D-02	2.85000E+03	3.08906E-01	5.30213E+03
1.01325D-03	2.00000D-02	2.87500E+03	3.57498E-01	6.21908E+03
1.01325D-03	2.00000D-02	2.90000E+03	4.25279E-01	7.37695E+03
1.01325D-03	2.00000D-02	2.92500E+03	5.21793E-01	8.83047E+03
1.01325D-03	2.00000D-02	2.95000E+03	6.63444E-01	1.06408E+04
1.01325D-03	2.00000D-02	2.97500E+03	8.81047E-01	1.28727E+04
1.01325D-03	2.00000D-02	3.00000E+03	1.24013E+00	1.55889E+04
1.01325D-03	2.00000D-02	3.02500E+03	1.90894E+00	1.88400E+04
1.01325D-03	2.00000D-02	3.05000E+03	3.48742E+00	2.26446E+04
1.01325D-03	2.00000D-02	3.07500E+03	1.07512E+01	2.69292E+04
1.01325D-03	2.00000D-02	3.10000E+03	1.07512E+01	2.69292E+04
1.01325D-03	2.00000D-02	3.12500E+03	1.07512E+01	2.69292E+04
1.01325D-03	2.00000D-02	3.15000E+03	1.07512E+01	2.69292E+04
1.01325D-03	2.00000D-02	3.17500E+03	1.07512E+01	2.69292E+04
1.01325D-03	2.00000D-02	3.20000E+03	1.07512E+01	2.69292E+04
1.01325D-03	2.00000D-02	3.22500E+03	1.07512E+01	2.69292E+04
1.01325D-03	2.00000D-02	3.25000E+03	1.07512E+01	2.69292E+04
1.01325D-03	2.00000D-02	3.27500E+03	1.07512E+01	2.69292E+04
1.01325D-03	2.00000D-02	3.30000E+03	1.07512E+01	2.69292E+04
1.01325D-03	2.00000D-02	3.32500E+03	1.07512E+01	2.69292E+04
1.01325D-03	2.00000D-02	3.35000E+03	1.07512E+01	2.69292E+04
1.01325D-03	2.00000D-02	3.37500E+03	1.07512E+01	2.69292E+04
1.01325D-03	2.00000D-02	3.40000E+03	1.07512E+01	2.69292E+04
1.01325D-03	2.00000D-02	3.42500E+03	1.07512E+01	2.69292E+04
1.01325D-03	2.00000D-02	3.45000E+03	1.07512E+01	2.69292E+04
1.01325D-03	2.00000D-02	3.47500E+03	1.07512E+01	2.69292E+04
1.01325D-03	2.00000D-02	3.50000E+03	1.07512E+01	2.69292E+04
1.01325D-03	2.00000D-02	3.52500E+03	1.07512E+01	2.69292E+04
1.01325D-03	2.00000D-02	3.55000E+03	1.07512E+01	2.69292E+04
1.01325D-03	2.00000D-02	3.57500E+03	1.07512E+01	2.69292E+04
1.01325D-03	2.00000D-02	3.60000E+03	1.07512E+01	2.69292E+04
1.01325D-03	2.00000D-02	3.62500E+03	1.07512E+01	2.69292E+04
1.01325D-03	2.00000D-02	3.65000E+03	1.07512E+01	2.69292E+04
1.01325D-03	2.00000D-02	3.67500E+03	1.07512E+01	2.69292E+04
1.01325D-03	2.00000D-02	3.70000E+03	1.07512E+01	2.69292E+04
1.01325D-03	2.00000D-02	3.72500E+03	1.07512E+01	2.69292E+04
1.01325D-03	2.00000D-02	3.75000E+03	1.07512E+01	2.69292E+04
1.01325D-03	2.00000D-02	3.77500E+03	1.07512E+01	2.69292E+04
1.01325D-03	2.00000D-02	3.80000E+03	1.07512E+01	2.69292E+04
1.01325D-03	2.00000D-02	3.82500E+03	1.07512E+01	2.69292E+04
1.01325D-03	2.00000D-02	3.85000E+03	1.07512E+01	2.69292E+04
1.01325D-03	2.00000D-02	3.87500E+03	1.07512E+01	2.69292E+04
1.01325D-03	2.00000D-02	3.90000E+03	1.07512E+01	2.69292E+04
1.01325D-03	2.00000D-02	3.92500E+03	1.07512E+01	2.69292E+04
1.01325D-03	2.00000D-02	3.95000E+03	1.07512E+01	2.69292E+04
1.01325D-03	2.00000D-02	3.97500E+03	1.07512E+01	2.69292E+04
1.01325D-03	2.00000D-02	4.00000E+03	1.07512E+01	2.69292E+04
p (bar)	B'g	Temp (K)	B'c	Hw (kJ/kg)
1.01325D-03	4.00000D-02	2.50000E+02	5.68957E-02	-2.93709E+03
1.01325D-03	4.00000D-02	2.75000E+02	5.69542E-02	-2.91150E+03
1.01325D-03	4.00000D-02	3.00000E+02	5.70454E-02	-2.88560E+03
1.01325D-03	4.00000D-02	3.25000E+02	5.71784E-02	-2.85934E+03
1.01325D-03	4.00000D-02	3.50000E+02	5.73691E-02	-2.83254E+03
1.01325D-03	4.00000D-02	3.75000E+02	5.76470E-02	-2.80489E+03
1.01325D-03	4.00000D-02	4.00000E+02	5.80620E-02	-2.77577E+03
1.01325D-03	4.00000D-02	4.25000E+02	5.86863E-02	-2.74430E+03
1.01325D-03	4.00000D-02	4.50000E+02	5.96015E-02	-2.70936E+03
1.01325D-03	4.00000D-02	4.75000E+02	6.08699E-02	-2.66999E+03
1.01325D-03	4.00000D-02	5.00000E+02	6.25022E-02	-2.62580E+03
1.01325D-03	4.00000D-02	5.25000E+02	6.44599E-02	-2.57692E+03
1.01325D-03	4.00000D-02	5.50000E+02	6.67251E-02	-2.52298E+03
1.01325D-03	4.00000D-02	5.75000E+02	6.94258E-02	-2.46139E+03
1.01325D-03	4.00000D-02	6.00000E+02	7.29607E-02	-2.38567E+03
1.01325D-03	4.00000D-02	6.25000E+02	7.80609E-02	-2.28477E+03
1.01325D-03	4.00000D-02	6.50000E+02	8.57299E-02	-2.14430E+03
1.01325D-03	4.00000D-02	6.75000E+02	9.69282E-02	-1.95181E+03
1.01325D-03	4.00000D-02	7.00000E+02	1.11799E-01	-1.70846E+03
1.01325D-03	4.00000D-02	7.25000E+02	1.28591E-01	-1.44284E+03
1.01325D-03	4.00000D-02	7.50000E+02	1.43703E-01	-1.20609E+03
1.01325D-03	4.00000D-02	7.75000E+02	1.54260E-01	-1.03475E+03
1.01325D-03	4.00000D-02	8.00000E+02	1.60242E-01	-9.25847E+02
1.01325D-03	4.00000D-02	8.25000E+02	1.63245E-01	-8.56571E+02
1.01325D-03	4.00000D-02	8.50000E+02	1.64688E-01	-8.07724E+02
1.01325D-03	4.00000D-02	8.75000E+02	1.65383E-01	-7.68542E+02
1.01325D-03	4.00000D-02	9.00000E+02	1.65725E-01	-7.33820E+02
1.01325D-03	4.00000D-02	9.25000E+02	1.65898E-01	-7.01149E+02
1.01325D-03	4.00000D-02	9.50000E+02	1.65989E-01	-6.69410E+02
1.01325D-03	4.00000D-02	9.75000E+02	1.66039E-01	-6.38074E+02
1.01325D-03	4.00000D-02	1.00000E+03	1.66066E-01	-6.06881E+02
1.01325D-03	4.00000D-02	1.02500E+03	1.66082E-01	-5.75706E+02
1.01325D-03	4.00000D-02	1.05000E+03	1.66092E-01	-5.44484E+02
1.01325D-03	4.00000D-02	1.07500E+03	1.66098E-01	-5.13182E+02
1.01325D-03	4.00000D-02	1.10000E+03	1.66102E-01	-4.81784E+02
1.01325D-03	4.00000D-02	1.12500E+03	1.66105E-01	-4.50281E+02
1.01325D-03	4.00000D-02	1.15000E+03	1.66108E-01	-4.18669E+02
1.01325D-03	4.00000D-02	1.17500E+03	1.66111E-01	-3.86947E+02
1.01325D-03	4.00000D-02	1.20000E+03	1.66114E-01	-3.55114E+02
1.01325D-03	4.00000D-02	1.22500E+03	1.66117E-01	-3.23170E+02
1.01325D-03	4.00000D-02	1.25000E+03	1.66121E-01	-2.91115E+02
1.01325D-03	4.00000D-02	1.27500E+03	1.66126E-01	-2.58949E+02
1.01325D-03	4.00000D-02	1.30000E+03	1.66131E-01	-2.26670E+02
1.01325D-03	4.00000D-02	1.32500E+03	1.66138E-01	-1.94277E+02
1.01325D-03	4.00000D-02	1.35000E+03	1.66146E-01	-1.61766E+02
1.01325D-03	4.00000D-02	1.37500E+03	1.66156E-01	-1.29134E+02
1.01325D-03	4.00000D-02	1.40000E+03	1.66167E-01	-9.63722E+01
1.01325D-03	4.00000D-02	1.42500E+03	1.66181E-01	-6.34740E+01
1.01325D-03	4.00000D-02	1.45000E+03	1.66196E-01	-3.04282E+01
1.01325D-03	4.00000D-02	1.47500E+03	1.66215E-01	2.77889E+00
1.01325D-03	4.00000D-02	1.50000E+03	1.66236E-01	3.61643E+01
1.01325D-03	4.00000D-02	1.52500E+03	1.66261E-01	6.97488E+01
1.01325D-03	4.00000D-02	1.55000E+03	1.66289E-01	1.03558E+02
1.01325D-03	4.00000D-02	1.57500E+03	1.66321E-01	1.37622E+02
1.01325D-03	4.00000D-02	1.60000E+03	1.66357E-01	1.71977E+02
1.01325D-03	4.00000D-02	1.62500E+03	1.66398E-01	2.06666E+02
1.01325D-03	4.00000D-02	1.65000E+03	1.66444E-01	2.41738E+02
1.01325D-03	4.00000D-02	1.67500E+03	1.66496E-01	2.77252E+02
1.01325D-03	4.00000D-02	1.70000E+03	1.66554E-01	3.13274E+02
1.01325D-03	4.00000D-02	1.72500E+03	1.66618E-01	3.49879E+02
1.01325D-03	4.00000D-02	1.75000E+03	1.66689E-01	3.87153E+02
1.01325D-03	4.00000D-02	1.77500E+03	1.66767E-01	4.25192E+02
1.01325D-03	4.00000D-02	1.80000E+03	1.66853E-01	4.64103E+02
1.01325D-03	4.00000D-02	1.82500E+03	1.66947E-01	5.04004E+02
1.01325D-03	4.00000D-02	1.85000E+03	1.67049E-01	5.45022E+02
1.01325D-03	4.00000D-02	1.87500E+03	1.67160E-01	5.87297E+02
1.01325D-03	4.00000D-02	1.90000E+03	1.67279E-01	6.30976E+02
1.01325D-03	4.00000D-02	1.92500E+03	1.67407E-01	6.76213E+02
1.01325D-03	4.00000D-02	1.95000E+03	1.67545E-01	7.23168E+02
1.01325D-03	4.00000D-02	1.97500E+03	1.67691E-01	7.72003E+02
1.01325D-03	4.00000D-02	2.00000E+03	1.67845E-01	8.22878E+02
1.01325D-03	4.00000D-02	2.02500E+03	1.68008E-01	8.75946E+02
1.01325D-03	4.00000D-02	2.05000E+03	1.68179E-01	9.31347E+02
1.01325D-03	4.00000D-02	2.07500E+03	1.68357E-01	9.89201E+02
1.01325D-03	4.00000D-02	2.10000E+03	1.68541E-01	1.04960E+03
1.01325D-03	4.00000D-02	2.12500E+03	1.68731E-01	1.11260E+03
1.01325D-03	4.00000D-02	2.15000E+03	1.68925E-01	1.17822E+03
1.01325D-03	4.00000D-02	2.17500E+03	1.69122E-01	1.24641E+03
1.01325D-03	4.00000D-02	2.20000E+03	1.69321E-01	1.31708E+03
1.01325D-03	4.00000D-02	2.22500E+03	1.69522E-01	1.39006E+03
1.01325D-03	4.00000D-02	2.25000E+03	1.69723E-01	1.46512E+03
1.01325D-03	4.00000D-02	2.27500E+03	1.69926E-01	1.54197E+03
1.01325D-03	4.00000D-02	2.30000E+03	1.70131E-01	1.62026E+03
1.01325D-03	4.00000D-02	2.32500E+03	1.70341E-01	1.69964E+03
1.01325D-03	4.00000D-02	2.35000E+03	1.70560E-01	1.77973E+03
1.01325D-03	4.00000D-02	2.37500E+03	1.70795E-01	1.86019E+03
1.01325D-03	4.00000D-02	2.40000E+03	1.71058E-01	1.94078E+03
1.01325D-03	4.00000D-02	2.42500E+03	1.71363E-01	2.02138E+03
1.01325D-03	4.00000D-02	2.45000E+03	1.71733E-01	2.10208E+03
1.01325D-03	4.00000D-02	2.47500E+03	1.72196E-01	2.18322E+03
1.01325D-03	4.00000D-02	2.50000E+03	1.72792E-01	2.26550E+03
1.01325D-03	4.00000D-02	2.52500E+03	1.73576E-01	2.35001E+03
1.01325D-03	4.00000D-02	2.55000E+03	1.74618E-01	2.43833E+03
1.01325D-03	4.00000D-02	2.57500E+03	1.76015E-01	2.53267E+03
1.01325D-03	4.00000D-02	2.60000E+03	1.77894E-01	2.63598E+03
1.01325D-03	4.00000D-02	2.62500E+03	1.80425E-01	2.75215E+03
1.01325D-03	4.00000D-02	2.65000E+03	1.83836E-01	2.88621E+03
1.01325D-03	4.00000D-02	2.67500E+03	1.88429E-01	3.04472E+03
1.01325D-03	4.00000D-02	2.70000E+03	1.94613E-01	3.23604E+03
1.01325D-03	4.00000D-02	2.72500E+03	2.02933E-01	3.47091E+03
1.01325D-03	4.00000D-02	2.75000E+03	2.14130E-01	3.76299E+03
1.01325D-03	4.00000D-02	2.77500E+03	2.29212E-01	4.12951E+03
1.01325D-03	4.00000D-02	2.80000E+03	2.49570E-01	4.59207E+03
1.01325D-03	4.00000D-02	2.82500E+03	2.77154E-01	5.17741E+03
1.01325D-03	4.00000D-02	2.85000E+03	3.14761E-01	5.91819E+03
1.01325D-03	4.00000D-02	2.87500E+03	3.66515E-01	6.85358E+03
1.01325D-03	4.00000D-02	2.90000E+03	4.38733E-01	8.02942E+03
1.01325D-03	4.00000D-02	2.92500E+03	5.41591E-01	9.49767E+03
1.01325D-03	4.00000D-02	2.95000E+03	6.92577E-01	1.13146E+04
1.01325D-03	4.00000D-02	2.97500E+03	9.24527E-01	1.35369E+04
1.01325D-03	4.00000D-02	3.00000E+03	1.30725E+00	1.62155E+04
1.01325D-03	4.00000D-02	3.02500E+03	2.01988E+00	1.93844E+04
1.01325D-03	4.00000D-02	3.05000E+03	3.70066E+00	2.30415E+04
1.01325D-03	4.00000D-02	3.07500E+03	1.14192E+01	2.70949E+04
1.01325D-03	4.00000D-02	3.10000E+03	1.14192E+01	2.70949E+04
1.01325D-03	4.00000D-02	3.12500E+03	1.14192E+01	2.70949E+04
1.01325D-03	4.00000D-02	3.15000E+03	1.14192E+01	2.70949E+04
1.01325D-03	4.00000D-02	3.17500E+03	1.14192E+01	2.70949E+04
1.01325D-03	4.00000D-02	3.20000E+03	1.14192E+01	2.70949E+04
1.01325D-03	4.00000D-02	3.22500E+03	1.14192E+01	2.70949E+04
1.01325D-03	4.00000D-02	3.25000E+03	1.14192E+01	2.70949E+04
1.01325D-03	4.00000D-02	3.27500E+03	1.14192E+01	2.70949E+04
1.01325D-03	4.00000D-02	3.30000E+03	1.14192E+01	2.70949E+04
1.01325D-03	4.00000D-02	3.32500E+03	1.14192E+01	2.70949E+04
1.01325D-03	4.00000D-02	3.35000E+03	1.14192E+01	2.70949E+04
1.01325D-03	4.00000D-02	3.37500E+03	1.14192E+01	2.70949E+04
1.01325D-03	4.00000D-02	3.40000E+03	1.14192E+01	2.70949E+04
1.01325D-03	4.00000D-02	3.42500E+03	1.14192E+01	2.70949E+04
1.01325D-03	4.00000D-02	3.45000E+03	1.14192E+01	2.70949E+04
1.01325D-03	4.00000D-02	3.47500E+03	1.14192E+01	2.70949E+04
1.01325D-03	4.00000D-02	3.50000E+03	1.14192E+01	2.70949E+04
1.01325D-03	4.00000D-02	3.52500E+03	1.14192E+01	2.70949E+04
1.01325D-03	4.00000D-02	3.55000E+03	1.14192E+01	2.70949E+04
1.01325D-03	4.00000D-02	3.57500E+03	1.14192E+01	2.70949E+04
1.01325D-03	4.00000D-02	3.60000E+03	1.14192E+01	2.70949E+04
1.01325D-03	4.00000D-02	3.62500E+03	1.14192E+01	2.70949E+04
1.01325D-03	4.00000D-02	3.65000E+03	1.14192E+01	2.70949E+04
1.01325D-03	4.00000D-02	3.67500E+03	1.14192E+01	2.70949E+04
1.01325D-03	4.00000D-02	3.70000E+03	1.14192E+01	2.70949E+04
1.01325D-03	4.00000D-02	3.72500E+03	1.14192E+01	2.70949E+04
1.01325D-03	4.00000D-02	3.75000E+03	1.14192E+01	2.70949E+04
1.01325D-03	4.00000D-02	3.77500E+03	1.14192E+01	2.70949E+04
1.01325D-03	4.00000D-02	3.80000E+03	1.14192E+01	2.70949E+04
1.01325D-03	4.00000D-02	3.82500E+03	1.14192E+01	2.70949E+04
1.01325D-03	4.00000D-02	3.85000E+03	1.14192E+01	2.70949E+04
1.01325D-03	4.00000D-02	3.87500E+03	1.14192E+01	2.70949E+04
1.01325D-03	4.00000D-02	3.90000E+03	1.14192E+01	2.70949E+04
1.01325D-03	4.00000D-02	3.92500E+03	1.14192E+01	2.70949E+04
1.01325D-03	4.00000D-02	3.95000E+03	1.14192E+01	2.70949E+04
1.01325D-03	4.00000D-02	3.97500E+03	1.14192E+01	2.70949E+04
1.01325D-03	4.00000D-02	4.00000E+03	1.14192E+01	2.70949E+04
p (bar)	B'g	Temp (K)	B'c	Hw (kJ/kg)
1.01325D-03	7.00000D-02	2.50000E+02	3.40937E-02	-3.12595E+03
1.01325D-03	7.00000D-02	2.75000E+02	3.42903E-02	-3.09905E+03
1.01325D-03	7.00000D-02	3.00000E+02	3.45897E-02	-3.07160E+03
1.01325D-03	7.00000D-02	3.25000E+02	3.50089E-02	-3.04348E+03
1.01325D-03	7.00000D-02	3.50000E+02	3.55687E-02	-3.01443E+03
1.01325D-03	7.00000D-02	3.75000E+02	3.63046E-02	-2.98391E+03
1.01325D-03	7.00000D-02	4.00000E+02	3.72751E-02	-2.95094E+03
1.01325D-03	7.00000D-02	4.25000E+02	3.85606E-02	-2.91411E+03
1.01325D-03	7.00000D-02	4.50000E+02	4.02463E-02	-2.87177E+03
1.01325D-03	7.00000D-02	4.75000E+02	4.23898E-02	-2.82259E+03
1.01325D-03	7.00000D-02	5.00000E+02	4.49889E-02	-2.76633E+03
1.01325D-03	7.00000D-02	5.25000E+02	4.79785E-02	-2.70388E+03
1.01325D-03	7.00000D-02	5.50000E+02	5.12947E-02	-2.63606E+03
1.01325D-03	7.00000D-02	5.75000E+02	5.50123E-02	-2.56130E+03
1.01325D-03	7.00000D-02	6.00000E+02	5.94987E-02	-2.47360E+03
1.01325D-03	7.00000D-02	6.25000E+02	6.54983E-02	-2.36166E+03
1.01325D-03	7.00000D-02	6.50000E+02	7.40677E-02	-2.21042E+03
1.01325D-03	7.00000D-02	6.75000E+02	8.62293E-02	-2.00685E+03
1.01325D-03	7.00000D-02	7.00000E+02	1.02142E-01	-1.75213E+03
1.01325D-03	7.00000D-02	7.25000E+02	1.19963E-01	-1.47593E+03
1.01325D-03	7.00000D-02	7.50000E+02	1.35923E-01	-1.23086E+03
1.01325D-03	7.00000D-02	7.75000E+02	1.47043E-01	-1.05393E+03
1.01325D-03	7.00000D-02	8.00000E+02	1.53342E-01	-9.41489E+02
1.01325D-03	7.00000D-02	8.25000E+02	1.56509E-01	-8.69856E+02
1.01325D-03	7.00000D-02	8.50000E+02	1.58035E-01	-8.19256E+02
1.01325D-03	7.00000D-02	8.75000E+02	1.58772E-01	-7.78625E+02
1.01325D-03	7.00000D-02	9.00000E+02	1.59136E-01	-7.42606E+02
1.01325D-03	7.00000D-02	9.25000E+02	1.59322E-01	-7.08716E+02
1.01325D-03	7.00000D-02	9.50000E+02	1.59419E-01	-6.75799E+02
1.01325D-03	7.00000D-02	9.75000E+02	1.59473E-01	-6.43304E+02
1.01325D-03	7.00000D-02	1.00000E+03	1.59503E-01	-6.10964E+02
1.01325D-03	7.00000D-02	1.02500E+03	1.59520E-01	-5.78645E+02
1.01325D-03	7.00000D-02	1.05000E+03	1.59531E-01	-5.46281E+02
1.01325D-03	7.00000D-02	1.07500E+03	1.59538E-01	-5.13836E+02
1.01325D-03	7.00000D-02	1.10000E+03	1.59543E-01	-4.81293E+02
1.01325D-03	7.00000D-02	1.12500E+03	1.59546E-01	-4.48641E+02
1.01325D-03	7.00000D-02	1.15000E+03	1.59550E-01	-4.15876E+02
1.01325D-03	7.00000D-02	1.17500E+03	1.59553E-01	-3.82996E+02
1.01325D-03	7.00000D-02	1.20000E+03	1.59557E-01	-3.49999E+02
1.01325D-03	7.00000D-02	1.22500E+03	1.59561E-01	-3.16885E+02
1.01325D-03	7.00000D-02	1.25000E+03	1.59566E-01	-2.83653E+02
1.01325D-03	7.00000D-02	1.27500E+03	1.59573E-01	-2.50301E+02
1.01325D-03	7.00000D-02	1.30000E+03	1.59580E-01	-2.16826E+02
1.01325D-03	7.00000D-02	1.32500E+03	1.59589E-01	-1.83226E+02
1.01325D-03	7.00000D-02	1.35000E+03	1.59600E-01	-1.49495E+02
1.01325D-03	7.00000D-02	1.37500E+03	1.59612E-01	-1.15627E+02
1.01325D-03	7.00000D-02	1.40000E+03	1.59627E-01	-8.16111E+01
1.01325D-03	7.00000D-02	1.42500E+03	1.59645E-01	-4.74365E+01
1.01325D-03	7.00000D-02	1.45000E+03	1.59666E-01	-1.30878E+01
1.01325D-03	7.00000D-02	1.47500E+03	1.59690E-01	2.14540E+01
1.01325D-03	7.00000D-02	1.50000E+03	1.59719E-01	5.62122E+01
1.01325D-03	7.00000D-02	1.52500E+03	1.59751E-01	9.12156E+01
1.01325D-03	7.00000D-02	1.55000E+03	1.59788E-01	1.26499E+02
1.01325D-03	7.00000D-02	1.57500E+03	1.59831E-01	1.62102E+02
1.01325D-03	7.00000D-02	1.60000E+03	1.59879E-01	1.98077E+02
1.01325D-03	7.00000D-02	1.62500E+03	1.59934E-01	2.34479E+02
1.01325D-03	7.00000D-02	1.65000E+03	1.59996E-01	2.71376E+02
1.01325D-03	7.00000D-02	1.67500E+03	1.60065E-01	3.08848E+02
1.01325D-03	7.00000D-02	1.70000E+03	1.60142E-01	3.46983E+02
1.01325D-03	7.00000D-02	1.72500E+03	1.60228E-01	3.85886E+02
1.01325D-03	7.00000D-02	1.75000E+03	1.60323E-01	4.25673E+02
1.01325D-03	7.00000D-02	1.77500E+03	1.60428E-01	4.66477E+02
1.01325D-03	7.00000D-02	1.80000E+03	1.60543E-01	5.08443E+02
1.01325D-03	7.00000D-02	1.82500E+03	1.60669E-01	5.51737E+02
1.01325D-03	7.00000D-02	1.85000E+03	1.60807E-01	5.96537E+02
1.01325D-03	7.00000D-02	1.87500E+03	1.60957E-01	6.43038E+02
1.01325D-03	7.00000D-02	1.90000E+03	1.61120E-01	6.91453E+02
1.01325D-03	7.00000D-02	1.92500E+03	1.61295E-01	7.42005E+02
1.01325D-03	7.00000D-02	1.95000E+03	1.61483E-01	7.94931E+02
1.01325D-03	7.00000D-02	1.97500E+03	1.61684E-01	8.50479E+02
1.01325D-03	7.00000D-02	2.00000E+03	1.61899E-01	9.08898E+02
1.01325D-03	7.00000D-02	2.02500E+03	1.62126E-01	9.70440E+02
1.01325D-03	7.00000D-02	2.05000E+03	1.62366E-01	1.03535E+03
1.01325D-03	7.00000D-02	2.07500E+03	1.62618E-01	1.10386E+03
1.01325D-03	7.00000D-02	2.10000E+03	1.62881E-01	1.17617E+03
1.01325D-03	7.00000D-02	2.12500E+03	1.63154E-01	1.25247E+03
1.01325D-03	7.00000D-02	2.15000E+03	1.63436E-01	1.33287E+03
1.01325D-03	7.00000D-02	2.17500E+03	1.63726E-01	1.41746E+03
1.01325D-03	7.00000D-02	2.20000E+03	1.64023E-01	1.50622E+03
1.01325D-03	7.00000D-02	2.22500E+03	1.64325E-01	1.59908E+03
1.01325D-03	7.00000D-02	2.25000E+03	1.64631E-01	1.69586E+03
1.01325D-03	7.00000D-02	2.27500E+03	1.64941E-01	1.79631E+03
1.01325D-03	7.00000D-02	2.30000E+03	1.65254E-01	1.90005E+03
1.01325D-03	7.00000D-02	2.32500E+03	1.65573E-01	2.00663E+03
1.01325D-03	7.00000D-02	2.35000E+03	1.65900E-01	2.11554E+03
1.01325D-03	7.00000D-02	2.37500E+03	1.66242E-01	2.22622E+03
1.01325D-03	7.00000D-02	2.40000E+03	1.66609E-01	2.33812E+03
1.01325D-03	7.00000D-02	2.42500E+03	1.67016E-01	2.45079E+03
1.01325D-03	7.00000D-02	2.45000E+03	1.67483E-01	2.56390E+03
1.01325D-03	7.00000D-02	2.47500E+03	1.68042E-01	2.67737E+03
1.01325D-03	7.00000D-02	2.50000E+03	1.68734E-01	2.79144E+03
1.01325D-03	7.00000D-02	2.52500E+03	1.69617E-01	2.90683E+03
1.01325D-03	7.00000D-02	2.55000E+03	1.70769E-01	3.02479E+03
1.01325D-03	7.00000D-02	2.57500E+03	1.72295E-01	3.14731E+03
1.01325D-03	7.00000D-02	2.60000E+03	1.74334E-01	3.27721E+03
1.01325D-03	7.00000D-02	2.62500E+03	1.77073E-01	3.41839E+03
1.01325D-03	7.00000D-02	2.65000E+03	1.80760E-01	3.57603E+03
1.01325D-03	7.00000D-02	2.67500E+03	1.85731E-01	3.75689E+03
1.01325D-03	7.00000D-02	2.70000E+03	1.92429E-01	3.96970E+03
1.01325D-03	7.00000D-02	2.72500E+03	2.01454E-01	4.22564E+03
1.01325D-03	7.00000D-02	2.75000E+03	2.13617E-01	4.53882E+03
1.01325D-03	7.00000D-02	2.77500E+03	2.30021E-01	4.92698E+03
1.01325D-03	7.00000D-02	2.80000E+03	2.52189E-01	5.41214E+03
1.01325D-03	7.00000D-02	2.82500E+03	2.82255E-01	6.02127E+03
1.01325D-03	7.00000D-02	2.85000E+03	3.23277E-01	6.78687E+03
1.01325D-03	7.00000D-02	2.87500E+03	3.79764E-01	7.74716E+03
1.01325D-03	7.00000D-02	2.90000E+03	4.58625E-01	8.94581E+03
1.01325D-03	7.00000D-02	2.92500E+03	5.70981E-01	1.04306E+04
1.01325D-03	7.00000D-02	2.95000E+03	7.35942E-01	1.22508E+04
1.01325D-03	7.00000D-02	2.97500E+03	9.89377E-01	1.44521E+04
1.01325D-03	7.00000D-02	3.00000E+03	1.40750E+00	1.70696E+04
1.01325D-03	7.00000D-02	3.02500E+03	2.18575E+00	2.01165E+04
1.01325D-03	7.00000D-02	3.05000E+03	4.01961E+00	2.35672E+04
1.01325D-03	7.00000D-02	3.07500E+03	1.24181E+01	2.73109E+04
1.01325D-03	7.00000D-02	3.10000E+03	1.24181E+01	2.73109E+04
1.01325D-03	7.00000D-02	3.12500E+03	1.24181E+01	2.73109E+04
1.01325D-03	7.00000D-02	3.15000E+03	1.24181E+01	2.73109E+04
1.01325D-03	7.00000D-02	3.17500E+03	1.24181E+01	2.73109E+04
1.01325D-03	7.00000D-02	3.20000E+03	1.24181E+01	2.73109E+04
1.01325D-03	7.00000D-02	3.22500E+03	1.24181E+01	2.73109E+04
1.01325D-03	7.00000D-02	3.25000E+03	1.24181E+01	2.73109E+04
1.01325D-03	7.00000D-02	3.27500E+03	1.24181E+01	2.73109E+04
1.01325D-03	7.00000D-02	3.30000E+03	1.24181E+01	2.73109E+04
1.01325D-03	7.00000D-02	3.32500E+03	1.24181E+01	2.73109E+04
1.01325D-03	7.00000D-02	3.35000E+03	1.24181E+01	2.73109E+04
1.01325D-03	7.00000D-02	3.37500E+03	1.24181E+01	2.73109E+04
1.01325D-03	7.00000D-02	3.40000E+03	1.24181E+01	2.73109E+04
1.01325D-03	7.00000D-02	3.42500E+03	1.24181E+01	2.73109E+04
1.01325D-03	7.00000D-02	3.45000E+03	1.24181E+01	2.73109E+04
1.01325D-03	7.00000D-02	3.47500E+03	1.24181E+01	2.73109E+04
1.01325D-03	7.00000D-02	3.50000E+03	1.24181E+01	2.73109E+04
1.01325D-03	7.00000D-02	3.52500E+03	1.24181E+01	2.73109E+04
1.01325D-03	7.00000D-02	3.55000E+03	1.24181E+01	2.73109E+04
1.01325D-03	7.00000D-02	3.57500E+03	1.24181E+01	2.73109E+04
1.01325D-03	7.00000D-02	3.60000E+03	1.24181E+01	2.73109E+04
1.01325D-03	7.00000D-02	3.62500E+03	1.24181E+01	2.73109E+04
1.01325D-03	7.00000D-02	3.65000E+03	1.24181E+01	2.73109E+04
1.01325D-03	7.00000D-02	3.67500E+03	1.24181E+01	2.73109E+04
1.01325D-03	7.00000D-02	3.70000E+03	1.24181E+01	2.73109E+04
1.01325D-03	7.00000D-02	3.72500E+03	1.24181E+01	2.73109E+04
1.01325D-03	7.00000D-02	3.75000E+03	1.24181E+01	2.73109E+04
1.01325D-03	7.00000D-02	3.77500E+03	1.24181E+01	2.73109E+04
1.01325D-03	7.00000D-02	3.80000E+03	1.24181E+01	2.73109E+04
1.01325D-03	7.00000D-02	3.82500E+03	1.24181E+01	2.73109E+04
1.01325D-03	7.00000D-02	3.85000E+03	1.24181E+01	2.73109E+04
1.01325D-03	7.00000D-02	3.87500E+03	1.24181E+01	2.73109E+04
1.01325D-03	7.00000D-02	3.90000E+03	1.24181E+01	2.73109E+04
1.01325D-03	7.00000D-02	3.92500E+03	1.24181E+01	2.73109E+04
1.01325D-03	7.00000D-02	3.95000E+03	1.24181E+01	2.73109E+04
1.01325D-03	7.00000D-02	3.97500E+03	1.24181E+01	2.73109E+04
1.01325D-03	7.00000D-02	4.00000E+03	1.24181E+01	2.73109E+04
p (bar)	B'g	Temp (K)	B'c	Hw (kJ/kg)
1.01325D-03	1.00000D-01	2.50000E+02	1.14082E-02	-3.31196E+03
1.01325D-03	1.00000D-01	2.75000E+02	1.18535E-02	-3.28331E+03
1.01325D-03	1.00000D-01	3.00000E+02	1.25181E-02	-3.25372E+03
1.01325D-03	1.00000D-01	3.25000E+02	1.34192E-02	-3.22300E+03
1.01325D-03	1.00000D-01	3.50000E+02	1.45657E-02	-3.19085E+03
1.01325D-03	1.00000D-01	3.75000E+02	1.59736E-02	-3.15659E+03
1.01325D-03	1.00000D-01	4.00000E+02	1.76768E-02	-3.11901E+03
1.01325D-03	1.00000D-01	4.25000E+02	1.97272E-02	-3.07632E+03
1.01325D-03	1.00000D-01	4.50000E+02	2.21823E-02	-3.02647E+03
1.01325D-03	1.00000D-01	4.75000E+02	2.50865E-02	-2.96785E+03
1.01325D-03	1.00000D-01	5.00000E+02	2.84494E-02	-2.90028E+03
1.01325D-03	1.00000D-01	5.25000E+02	3.22310E-02	-2.82523E+03
1.01325D-03	1.00000D-01	5.50000E+02	3.63745E-02	-2.74446E+03
1.01325D-03	1.00000D-01	5.75000E+02	4.09328E-02	-2.65733E+03
1.01325D-03	1.00000D-01	6.00000E+02	4.62478E-02	-2.55825E+03
1.01325D-03	1.00000D-01	6.25000E+02	5.30670E-02	-2.43575E+03
1.01325D-03	1.00000D-01	6.50000E+02	6.24870E-02	-2.27417E+03
1.01325D-03	1.00000D-01	6.75000E+02	7.55810E-02	-2.05991E+03
1.01325D-03	1.00000D-01	7.00000E+02	9.25152E-02	-1.79421E+03
1.01325D-03	1.00000D-01	7.25000E+02	1.11353E-01	-1.50781E+03
1.01325D-03	1.00000D-01	7.50000E+02	1.28154E-01	-1.25471E+03
1.01325D-03	1.00000D-01	7.75000E+02	1.39833E-01	-1.07239E+03
1.01325D-03	1.00000D-01	8.00000E+02	1.46446E-01	-9.56543E+02
1.01325D-03	1.00000D-01	8.25000E+02	1.49775E-01	-8.82640E+02
1.01325D-03	1.00000D-01	8.50000E+02	1.51383E-01	-8.30355E+02
1.01325D-03	1.00000D-01	8.75000E+02	1.52162E-01	-7.88329E+02
1.01325D-03	1.00000D-01	9.00000E+02	1.52548E-01	-7.51063E+02
1.01325D-03	1.00000D-01	9.25000E+02	1.52746E-01	-7.16000E+02
1.01325D-03	1.00000D-01	9.50000E+02	1.52850E-01	-6.81949E+02
1.01325D-03	1.00000D-01	9.75000E+02	1.52907E-01	-6.48340E+02
1.01325D-03	1.00000D-01	1.00000E+03	1.52939E-01	-6.14895E+02
1.01325D-03	1.00000D-01	1.02500E+03	1.52958E-01	-5.81475E+02
1.01325D-03	1.00000D-01	1.05000E+03	1.52970E-01	-5.48012E+02
1.01325D-03	1.00000D-01	1.07500E+03	1.52977E-01	-5.14467E+02
1.01325D-03	1.00000D-01	1.10000E+03	1.52983E-01	-4.80822E+02
1.01325D-03	1.00000D-01	1.12500E+03	1.52987E-01	-4.47065E+02
1.01325D-03	1.00000D-01	1.15000E+03	1.52991E-01	-4.13191E+02
1.01325D-03	1.00000D-01	1.17500E+03	1.52995E-01	-3.79197E+02
1.01325D-03	1.00000D-01	1.20000E+03	1.52999E-01	-3.45082E+02
1.01325D-03	1.00000D-01	1.22500E+03	1.53005E-01	-3.10844E+02
1.01325D-03	1.00000D-01	1.25000E+03	1.53011E-01	-2.76481E+02
1.01325D-03	1.00000D-01	1.27500E+03	1.53018E-01	-2.41992E+02
1.01325D-03	1.00000D-01	1.30000E+03	1.53027E-01	-2.07371E+02
1.01325D-03	1.00000D-01	1.32500E+03	1.53037E-01	-1.72615E+02
1.01325D-03	1.00000D-01	1.35000E+03	1.53050E-01	-1.37718E+02
1.01325D-03	1.00000D-01	1.37500E+03	1.53066E-01	-1.02669E+02
1.01325D-03	1.00000D-01	1.40000E+03	1.53084E-01	-6.74583E+01
1.01325D-03	1.00000D-01	1.42500E+03	1.53105E-01	-3.20702E+01
1.01325D-03	1.00000D-01	1.45000E+03	1.53130E-01	3.51371E+00
1.01325D-03	1.00000D-01	1.47500E+03	1.53159E-01	3.93167E+01
1.01325D-03	1.00000D-01	1.50000E+03	1.53193E-01	7.53674E+01
1.01325D-03	1.00000D-01	1.52500E+03	1.53232E-01	1.11701E+02
1.01325D-03	1.00000D-01	1.55000E+03	1.53277E-01	1.48358E+02
1.01325D-03	1.00000D-01	1.57500E+03	1.53328E-01	1.85391E+02
1.01325D-03	1.00000D-01	1.60000E+03	1.53386E-01	2.22858E+02
1.01325D-03	1.00000D-01	1.62500E+03	1.53451E-01	2.60829E+02
1.01325D-03	1.00000D-01	1.65000E+03	1.53525E-01	2.99387E+02
1.01325D-03	1.00000D-01	1.67500E+03	1.53608E-01	3.38626E+02
1.01325D-03	1.00000D-01	1.70000E+03	1.53701E-01	3.78657E+02
1.01325D-03	1.00000D-01	1.72500E+03	1.53804E-01	4.19604E+02
1.01325D-03	1.00000D-01	1.75000E+03	1.53919E-01	4.61611E+02
1.01325D-03	1.00000D-01	1.77500E+03	1.54045E-01	5.04838E+02
1.01325D-03	1.00000D-01	1.80000E+03	1.54185E-01	5.49465E+02
1.01325D-03	1.00000D-01	1.82500E+03	1.54337E-01	5.95694E+02
1.01325D-03	1.00000D-01	1.85000E+03	1.54504E-01	6.43745E+02
1.01325D-03	1.00000D-01	1.87500E+03	1.54686E-01	6.93860E+02
1.01325D-03	1.00000D-01	1.90000E+03	1.54884E-01	7.46302E+02
1.01325D-03	1.00000D-01	1.92500E+03	1.55097E-01	8.01355E+02
1.01325D-03	1.00000D-01	1.95000E+03	1.55327E-01	8.59317E+02
1.01325D-03	1.00000D-01	1.97500E+03	1.55573E-01	9.20504E+02
1.01325D-03	1.00000D-01	2.00000E+03	1.55836E-01	9.85242E+02
1.01325D-03	1.00000D-01	2.02500E+03	1.56116E-01	1.05387E+03
1.01325D-03	1.00000D-01	2.05000E+03	1.56413E-01	1.12671E+03
1.01325D-03	1.00000D-01	2.07500E+03	1.56725E-01	1.20409E+03
1.01325D-03	1.00000D-01	2.10000E+03	1.57053E-01	1.28631E+03
1.01325D-03	1.00000D-01	2.12500E+03	1.57396E-01	1.37366E+03
1.01325D-03	1.00000D-01	2.15000E+03	1.57752E-01	1.46636E+03
1.01325D-03	1.00000D-01	2.17500E+03	1.58119E-01	1.56459E+03
1.01325D-03	1.00000D-01	2.20000E+03	1.58498E-01	1.66845E+03
1.01325D-03	1.00000D-01	2.22500E+03	1.58885E-01	1.77795E+03
1.01325D-03	1.00000D-01	2.25000E+03	1.59280E-01	1.89299E+03
1.01325D-03	1.00000D-01	2.27500E+03	1.59681E-01	2.01336E+03
1.01325D-03	1.00000D-01	2.30000E+03	1.60089E-01	2.13874E+03
1.01325D-03	1.00000D-01	2.32500E+03	1.60503E-01	2.26866E+03
1.01325D-03	1.00000D-01	2.35000E+03	1.60928E-01	2.40256E+03
1.01325D-03	1.00000D-01	2.37500E+03	1.61368E-01	2.53976E+03
1.01325D-03	1.00000D-01	2.40000E+03	1.61833E-01	2.67957E+03
1.01325D-03	1.00000D-01	2.42500E+03	1.62337E-01	2.82128E+03
1.01325D-03	1.00000D-01	2.45000E+03	1.62901E-01	2.96429E+03
1.01325D-03	1.00000D-01	2.47500E+03	1.63558E-01	3.10818E+03
1.01325D-03	1.00000D-01	2.50000E+03	1.64352E-01	3.25282E+03
1.01325D-03	1.00000D-01	2.52500E+03	1.65343E-01	3.39855E+03
1.01325D-03	1.00000D-01	2.55000E+03	1.66615E-01	3.54627E+03
1.01325D-03	1.00000D-01	2.57500E+03	1.68280E-01	3.69767E+03
1.01325D-03	1.00000D-01	2.60000E+03	1.70490E-01	3.85533E+03
1.01325D-03	1.00000D-01	2.62500E+03	1.73447E-01	4.02303E+03
1.01325D-03	1.00000D-01	2.65000E+03	1.77422E-01	4.20591E+03
1.01325D-03	1.00000D-01	2.67500E+03	1.82777E-01	4.41083E+03
1.01325D-03	1.00000D-01	2.70000E+03	1.89996E-01	4.64673E+03
1.01325D-03	1.00000D-01	2.72500E+03	1.99731E-01	4.92504E+03
1.01325D-03	1.00000D-01	2.75000E+03	2.12863E-01	5.26024E+03
1.01325D-03	1.00000D-01	2.77500E+03	2.30590E-01	5.67042E+03
1.01325D-03	1.00000D-01	2.80000E+03	2.54565E-01	6.17787E+03
1.01325D-03	1.00000D-01	2.82500E+03	2.87108E-01	6.80964E+03
1.01325D-03	1.00000D-01	2.85000E+03	3.31536E-01	7.59787E+03
1.01325D-03	1.00000D-01	2.87500E+03	3.92747E-01	8.57972E+03
1.01325D-03	1.00000D-01	2.90000E+03	4.78236E-01	9.79655E+03
1.01325D-03	1.00000D-01	2.92500E+03	6.00071E-01	1.12921E+04
1.01325D-03	1.00000D-01	2.95000E+03	7.78981E-01	1.31088E+04
1.01325D-03	1.00000D-01	2.97500E+03	1.05386E+00	1.52827E+04
1.01325D-03	1.00000D-01	3.00000E+03	1.50731E+00	1.78354E+04
1.01325D-03	1.00000D-01	3.02500E+03	2.35104E+00	2.07635E+04
1.01325D-03	1.00000D-01	3.05000E+03	4.33759E+00	2.40240E+04
1.01325D-03	1.00000D-01	3.07500E+03	1.34135E+01	2.74957E+04
1.01325D-03	1.00000D-01	3.10000E+03	1.34135E+01	2.74957E+04
1.01325D-03	1.00000D-01	3.12500E+03	1.34135E+01	2.74957E+04
1.01325D-03	1.00000D-01	3.15000E+03	1.34135E+01	2.74957E+04
1.01325D-03	1.00000D-01	3.17500E+03	1.34135E+01	2.74957E+04
1.01325D-03	1.00000D-01	3.20000E+03	1.34135E+01	2.74957E+04
1.01325D-03	1.00000D-01	3.22500E+03	1.34135E+01	2.74957E+04
1.01325D-03	1.00000D-01	3.25000E+03	1.34135E+01	2.74957E+04
1.01325D-03	1.00000D-01	3.27500E+03	1.34135E+01	2.74957E+04
1.01325D-03	1.00000D-01	3.30000E+03	1.34135E+01	2.74957E+04
1.01325D-03	1.00000D-01	3.32500E+03	1.34135E+01	2.74957E+04
1.01325D-03	1.00000D-01	3.35000E+03	1.34135E+01	2.74957E+04
1.01325D-03	1.00000D-01	3.37500E+03	1.34135E+01	2.74957E+04
1.01325D-03	1.00000D-01	3.40000E+03	1.34135E+01	2.74957E+04
1.01325D-03	1.00000D-01	3.42500E+03	1.34135E+01	2.74957E+04
1.01325D-03	1.00000D-01	3.45000E+03	1.34135E+01	2.74957E+04
1.01325D-03	1.00000D-01	3.47500E+03	1.34135E+01	2.74957E+04
1.01325D-03	1.00000D-01	3.50000E+03	1.34135E+01	2.74957E+04
1.01325D-03	1.00000D-01	3.52500E+03	1.34135E+01	2.74957E+04
1.01325D-03	1.00000D-01	3.55000E+03	1.34135E+01	2.74957E+04
1.01325D-03	1.00000D-01	3.57500E+03	1.34135E+01	2.74957E+04
1.01325D-03	1.00000D-01	3.60000E+03	1.34135E+01	2.74957E+04
1.01325D-03	1.00000D-01	3.62500E+03	1.34135E+01	2.74957E+04
1.01325D-03	1.00000D-01	3.65000E+03	1.34135E+01	2.74957E+04
1.01325D-03	1.00000D-01	3.67500E+03	1.34135E+01	2.74957E+04
1.01325D-03	1.00000D-01	3.70000E+03	1.34135E+01	2.74957E+04
1.01325D-03	1.00000D-01	3.72500E+03	1.34135E+01	2.74957E+04
1.01325D-03	1.00000D-01	3.75000E+03	1.34135E+01	2.74957E+04
1.01325D-03	1.00000D-01	3.77500E+03	1.34135E+01	2.74957E+04
1.01325D-03	1.00000D-01	3.80000E+03	1.34135E+01	2.74957E+04
1.01325D-03	1.00000D-01	3.82500E+03	1.34135E+01	2.74957E+04
1.01325D-03	1.00000D-01	3.85000E+03	1.34135E+01	2.74957E+04
1.01325D-03	1.00000D-01	3.87500E+03	1.34135E+01	2.74957E+04
1.01325D-03	1.00000D-01	3.90000E+03	1.34135E+01	2.74957E+04
1.01325D-03	1.00000D-01	3.92500E+03	1.34135E+01	2.74957E+04
1.01325D-03	1.00000D-01	3.95000E+03	1.34135E+01	2.74957E+04
1.01325D-03	1.00000D-01	3.97500E+03	1.34135E+01	2.74957E+04
1.01325D-03	1.00000D-01	4.00000E+03	1.34135E+01	2.74957E+04
p (bar)	B'g	Temp (K)	B'c	Hw (kJ/kg)
1.01325D-03	1.50000D-01	2.50000E+02	0.00000E+00	-3.61505E+03
1.01325D-03	1.50000D-01	2.75000E+02	0.00000E+00	-3.58206E+03
1.01325D-03	1.50000D-01	3.00000E+02	0.00000E+00	-3.54698E+03
1.01325D-03	1.50000D-01	3.25000E+02	0.00000E+00	-3.50982E+03
1.01325D-03	1.50000D-01	3.50000E+02	0.00000E+00	-3.47045E+03
1.01325D-03	1.50000D-01	3.75000E+02	0.00000E+00	-3.42824E+03
1.01325D-03	1.50000D-01	4.00000E+02	0.00000E+00	-3.38182E+03
1.01325D-03	1.50000D-01	4.25000E+02	0.00000E+00	-3.32900E+03
1.01325D-03	1.50000D-01	4.50000E+02	0.00000E+00	-3.26718E+03
1.01325D-03	1.50000D-01	4.75000E+02	0.00000E+00	-3.19424E+03
1.01325D-03	1.50000D-01	5.00000E+02	2.76575E-03	-3.10984E+03
1.01325D-03	1.50000D-01	5.25000E+02	7.37211E-03	-3.01596E+03
1.01325D-03	1.50000D-01	5.50000E+02	1.24583E-02	-2.91560E+03
1.01325D-03	1.50000D-01	5.75000E+02	1.80843E-02	-2.80944E+03
1.01325D-03	1.50000D-01	6.00000E+02	2.45507E-02	-2.69264E+03
1.01325D-03	1.50000D-01	6.25000E+02	3.25888E-02	-2.55351E+03
1.01325D-03	1.50000D-01	6.50000E+02	4.33349E-02	-2.37552E+03
1.01325D-03	1.50000D-01	6.75000E+02	5.79261E-02	-2.14424E+03
1.01325D-03	1.50000D-01	7.00000E+02	7.65276E-02	-1.86106E+03
1.01325D-03	1.50000D-01	7.25000E+02	9.70380E-02	-1.55840E+03
1.01325D-03	1.50000D-01	7.50000E+02	1.15225E-01	-1.29255E+03
1.01325D-03	1.50000D-01	7.75000E+02	1.27828E-01	-1.10167E+03
1.01325D-03	1.50000D-01	8.00000E+02	1.34961E-01	-9.80417E+02
1.01325D-03	1.50000D-01	8.25000E+02	1.38558E-01	-9.02914E+02
1.01325D-03	1.50000D-01	8.50000E+02	1.40301E-01	-8.47956E+02
1.01325D-03	1.50000D-01	8.75000E+02	1.41148E-01	-8.03719E+02
1.01325D-03	1.50000D-01	9.00000E+02	1.41570E-01	-7.64475E+02
1.01325D-03	1.50000D-01	9.25000E+02	1.41787E-01	-7.27552E+02
1.01325D-03	1.50000D-01	9.50000E+02	1.41902E-01	-6.91702E+02
1.01325D-03	1.50000D-01	9.75000E+02	1.41965E-01	-6.56326E+02
1.01325D-03	1.50000D-01	1.00000E+03	1.42001E-01	-6.21129E+02
1.01325D-03	1.50000D-01	1.02500E+03	1.42022E-01	-5.85965E+02
1.01325D-03	1.50000D-01	1.05000E+03	1.42035E-01	-5.50759E+02
1.01325D-03	1.50000D-01	1.07500E+03	1.42044E-01	-5.15470E+02
1.01325D-03	1.50000D-01	1.10000E+03	1.42050E-01	-4.80077E+02
1.01325D-03	1.50000D-01	1.12500E+03	1.42055E-01	-4.44568E+02
1.01325D-03	1.50000D-01	1.15000E+03	1.42060E-01	-4.08937E+02
1.01325D-03	1.50000D-01	1.17500E+03	1.42064E-01	-3.73179E+02
1.01325D-03	1.50000D-01	1.20000E+03	1.42070E-01	-3.37292E+02
1.01325D-03	1.50000D-01	1.22500E+03	1.42076E-01	-3.01274E+02
1.01325D-03	1.50000D-01	1.25000E+03	1.42083E-01	-2.65121E+02
1.01325D-03	1.50000D-01	1.27500E+03	1.42092E-01	-2.28831E+02
1.01325D-03	1.50000D-01	1.30000E+03	1.42103E-01	-1.92398E+02
1.01325D-03	1.50000D-01	1.32500E+03	1.42116E-01	-1.55816E+02
1.01325D-03	1.50000D-01	1.35000E+03	1.42132E-01	-1.19076E+02
1.01325D-03	1.50000D-01	1.37500E+03	1.42150E-01	-8.21665E+01
1.01325D-03	1.50000D-01	1.40000E+03	1.42173E-01	-4.50731E+01
1.01325D-03	1.50000D-01	1.42500E+03	1.42199E-01	-7.77693E+00
1.01325D-03	1.50000D-01	1.45000E+03	1.42229E-01	2.97456E+01
1.01325D-03	1.50000D-01	1.47500E+03	1.42265E-01	6.75237E+01
1.01325D-03	1.50000D-01	1.50000E+03	1.42307E-01	1.05593E+02
1.01325D-03	1.50000D-01	1.52500E+03	1.42355E-01	1.43997E+02
1.01325D-03	1.50000D-01	1.55000E+03	1.42410E-01	1.82788E+02
1.01325D-03	1.50000D-01	1.57500E+03	1.42472E-01	2.22029E+02
1.01325D-03	1.50000D-01	1.60000E+03	1.42544E-01	2.61794E+02
1.01325D-03	1.50000D-01	1.62500E+03	1.42625E-01	3.02170E+02
1.01325D-03	1.50000D-01	1.65000E+03	1.42716E-01	3.43258E+02
1.01325D-03	1.50000D-01	1.67500E+03	1.42818E-01	3.85179E+02
1.01325D-03	1.50000D-01	1.70000E+03	1.42932E-01	4.28068E+02
1.01325D-03	1.50000D-01	1.72500E+03	1.43060E-01	4.72082E+02
1.01325D-03	1.50000D-01	1.75000E+03	1.43202E-01	5.17400E+02
1.01325D-03	1.50000D-01	1.77500E+03	1.43358E-01	5.64222E+02
1.01325D-03	1.50000D-01	1.80000E+03	1.43531E-01	6.12776E+02
1.01325D-03	1.50000D-01	1.82500E+03	1.43721E-01	6.63314E+02
1.01325D-03	1.50000D-01	1.85000E+03	1.43928E-01	7.16115E+02
1.01325D-03	1.50000D-01	1.87500E+03	1.44155E-01	7.71488E+02
1.01325D-03	1.50000D-01	1.90000E+03	1.44401E-01	8.29767E+02
1.01325D-03	1.50000D-01	1.92500E+03	1.44668E-01	8.91316E+02
1.01325D-03	1.50000D-01	1.95000E+03	1.44956E-01	9.56523E+02
1.01325D-03	1.50000D-01	1.97500E+03	1.45266E-01	1.02580E+03
1.01325D-03	1.50000D-01	2.00000E+03	1.45597E-01	1.09958E+03
1.01325D-03	1.50000D-01	2.02500E+03	1.45951E-01	1.17832E+03
1.01325D-03	1.50000D-01	2.05000E+03	1.46328E-01	1.26246E+03
1.01325D-03	1.50000D-01	2.07500E+03	1.46726E-01	1.35247E+03
1.01325D-03	1.50000D-01	2.10000E+03	1.47146E-01	1.44879E+03
1.01325D-03	1.50000D-01	2.12500E+03	1.47587E-01	1.55184E+03
1.01325D-03	1.50000D-01	2.15000E+03	1.48047E-01	1.66201E+03
1.01325D-03	1.50000D-01	2.17500E+03	1.48525E-01	1.77962E+03
1.01325D-03	1.50000D-01	2.20000E+03	1.49020E-01	1.90494E+03
1.01325D-03	1.50000D-01	2.22500E+03	1.49530E-01	2.03811E+03
1.01325D-03	1.50000D-01	2.25000E+03	1.50052E-01	2.17919E+03
1.01325D-03	1.50000D-01	2.27500E+03	1.50587E-01	2.32807E+03
1.01325D-03	1.50000D-01	2.30000E+03	1.51132E-01	2.48451E+03
1.01325D-03	1.50000D-01	2.32500E+03	1.51688E-01	2.64810E+03
1.01325D-03	1.50000D-01	2.35000E+03	1.52257E-01	2.81824E+03
1.01325D-03	1.50000D-01	2.37500E+03	1.52844E-01	2.99422E+03
1.01325D-03	1.50000D-01	2.40000E+03	1.53458E-01	3.17515E+03
1.01325D-03	1.50000D-01	2.42500E+03	1.54114E-01	3.36012E+03
1.01325D-03	1.50000D-01	2.45000E+03	1.54833E-01	3.54817E+03
1.01325D-03	1.50000D-01	2.47500E+03	1.55649E-01	3.73847E+03
1.01325D-03	1.50000D-01	2.50000E+03	1.56610E-01	3.93041E+03
1.01325D-03	1.50000D-01	2.52500E+03	1.57782E-01	4.12380E+03
1.01325D-03	1.50000D-01	2.55000E+03	1.59256E-01	4.31899E+03
1.01325D-03	1.50000D-01	2.57500E+03	1.61160E-01	4.51715E+03
1.01325D-03	1.50000D-01	2.60000E+03	1.63661E-01	4.72042E+03
1.01325D-03	1.50000D-01	2.62500E+03	1.66989E-01	4.93222E+03
1.01325D-03	1.50000D-01	2.65000E+03	1.71449E-01	5.15751E+03
1.01325D-03	1.50000D-01	2.67500E+03	1.77451E-01	5.40309E+03
1.01325D-03	1.50000D-01	2.70000E+03	1.85544E-01	5.67800E+03
1.01325D-03	1.50000D-01	2.72500E+03	1.96464E-01	5.99391E+03
1.01325D-03	1.50000D-01	2.75000E+03	2.11209E-01	6.36560E+03
1.01325D-03	1.50000D-01	2.77500E+03	2.31136E-01	6.81150E+03
1.01325D-03	1.50000D-01	2.80000E+03	2.58117E-01	7.35406E+03
1.01325D-03	1.50000D-01	2.82500E+03	2.94775E-01	8.02016E+03
1.01325D-03	1.50000D-01	2.85000E+03	3.44867E-01	8.84106E+03
1.01325D-03	1.50000D-01	2.87500E+03	4.13928E-01	9.85184E+03
1.01325D-03	1.50000D-01	2.90000E+03	5.10438E-01	1.10900E+04
1.01325D-03	1.50000D-01	2.92500E+03	6.48035E-01	1.25926E+04
1.01325D-03	1.50000D-01	2.95000E+03	8.50142E-01	1.43921E+04
1.01325D-03	1.50000D-01	2.97500E+03	1.16069E+00	1.65104E+04
1.01325D-03	1.50000D-01	3.00000E+03	1.67289E+00	1.89509E+04
1.01325D-03	1.50000D-01	3.02500E+03	2.62549E+00	2.16899E+04
1.01325D-03	1.50000D-01	3.05000E+03	4.86580E+00	2.46659E+04
1.01325D-03	1.50000D-01	3.07500E+03	1.50659E+01	2.77505E+04
1.01325D-03	1.50000D-01	3.10000E+03	1.50659E+01	2.77505E+04
1.01325D-03	1.50000D-01	3.12500E+03	1.50659E+01	2.77505E+04
1.01325D-03	1.50000D-01	3.15000E+03	1.50659E+01	2.77505E+04
1.01325D-03	1.50000D-01	3.17500E+03	1.50659E+01	2.77505E+04
1.01325D-03	1.50000D-01	3.20000E+03	1.50659E+01	2.77505E+04
1.01325D-03	1.50000D-01	3.22500E+03	1.50659E+01	2.77505E+04
1.01325D-03	1.50000D-01	3.25000E+03	1.50659E+01	2.77505E+04
1.01325D-03	1.50000D-01	3.27500E+03	1.50659E+01	2.77505E+04
1.01325D-03	1.50000D-01	3.30000E+03	1.50659E+01	2.77505E+04
1.01325D-03	1.50000D-01	3.32500E+03	1.50659E+01	2.77505E+04
1.01325D-03	1.50000D-01	3.35000E+03	1.50659E+01	2.77505E+04
1.01325D-03	1.50000D-01	3.37500E+03	1.50659E+01	2.77505E+04
1.01325D-03	1.50000D-01	3.40000E+03	1.50659E+01	2.77505E+04
1.01325D-03	1.50000D-01	3.42500E+03	1.50659E+01	2.77505E+04
1.01325D-03	1.50000D-01	3.45000E+03	1.50659E+01	2.77505E+04
1.01325D-03	1.50000D-01	3.47500E+03	1.50659E+01	2.77505E+04
1.01325D-03	1.50000D-01	3.50000E+03	1.50659E+01	2.77505E+04
1.01325D-03	1.50000D-01	3.52500E+03	1.50659E+01	2.77505E+04
1.01325D-03	1.50000D-01	3.55000E+03	1.50659E+01	2.77505E+04
1.01325D-03	1.50000D-01	3.57500E+03	1.50659E+01	2.77505E+04
1.01325D-03	1.50000D-01	3.60000E+03	1.50659E+01	2.77505E+04
1.01325D-03	1.50000D-01	3.62500E+03	1.50659E+01	2.77505E+04
1.01325D-03	1.50000D-01	3.65000E+03	1.50659E+01	2.77505E+04
1.01325D-03	1.50000D-01	3.67500E+03	1.50659E+01	2.77505E+04
1.01325D-03	1.50000D-01	3.70000E+03	1.50659E+01	2.77505E+04
1.01325D-03	1.50000D-01	3.72500E+03	1.50659E+01	2.77505E+04
1.01325D-03	1.50000D-01	3.75000E+03	1.50659E+01	2.77505E+04
1.01325D-03	1.50000D-01	3.77500E+03	1.50659E+01	2.77505E+04
1.01325D-03	1.50000D-01	3.80000E+03	1.50659E+01	2.77505E+04
1.01325D-03	1.50000D-01	3.82500E+03	1.50659E+01	2.77505E+04
1.01325D-03	1.50000D-01	3.85000E+03	1.50659E+01	2.77505E+04
1.01325D-03	1.50000D-01	3.87500E+03	1.50659E+01	2.77505E+04
1.01325D-03	1.50000D-01	3.90000E+03	1.50659E+01	2.77505E+04
1.01325D-03	1.50000D-01	3.92500E+03	1.50659E+01	2.77505E+04
1.01325D-03	1.50000D-01	3.95000E+03	1.50659E+01	2.77505E+04
1.01325D-03	1.50000D-01	3.97500E+03	1.50659E+01	2.77505E+04
1.01325D-03	1.50000D-01	4.00000E+03	1.50659E+01	2.77505E+04
p (bar)	B'g	Temp (K)	B'c	Hw (kJ/kg)
1.01325D-03	2.00000D-01	2.50000E+02	0.00000E+00	-3.90767E+03
1.01325D-03	2.00000D-01	2.75000E+02	0.00000E+00	-3.86738E+03
1.01325D-03	2.00000D-01	3.00000E+02	0.00000E+00	-3.82366E+03
1.01325D-03	2.00000D-01	3.25000E+02	0.00000E+00	-3.77728E+03
1.01325D-03	2.00000D-01	3.50000E+02	0.00000E+00	-3.72865E+03
1.01325D-03	2.00000D-01	3.75000E+02	0.00000E+00	-3.67737E+03
1.01325D-03	2.00000D-01	4.00000E+02	0.00000E+00	-3.62190E+03
1.01325D-03	2.00000D-01	4.25000E+02	0.00000E+00	-3.55965E+03
1.01325D-03	2.00000D-01	4.50000E+02	0.00000E+00	-3.48740E+03
1.01325D-03	2.00000D-01	4.75000E+02	0.00000E+00	-3.40236E+03
1.01325D-03	2.00000D-01	5.00000E+02	0.00000E+00	-3.30372E+03
1.01325D-03	2.00000D-01	5.25000E+02	0.00000E+00	-3.19361E+03
1.01325D-03	2.00000D-01	5.50000E+02	0.00000E+00	-3.07590E+03
1.01325D-03	2.00000D-01	5.75000E+02	0.00000E+00	-2.95252E+03
1.01325D-03	2.00000D-01	6.00000E+02	3.24607E-03	-2.81936E+03
1.01325D-03	2.00000D-01	6.25000E+02	1.23533E-02	-2.66468E+03
1.01325D-03	2.00000D-01	6.50000E+02	2.43328E-02	-2.47124E+03
1.01325D-03	2.00000D-01	6.75000E+02	4.03642E-02	-2.22384E+03
1.01325D-03	2.00000D-01	7.00000E+02	6.05970E-02	-1.92411E+03
1.01325D-03	2.00000D-01	7.25000E+02	8.27569E-02	-1.60609E+03
1.01325D-03	2.00000D-01	7.50000E+02	1.02317E-01	-1.32819E+03
1.01325D-03	2.00000D-01	7.75000E+02	1.15836E-01	-1.12924E+03
1.01325D-03	2.00000D-01	8.00000E+02	1.23483E-01	-1.00289E+03
1.01325D-03	2.00000D-01	8.25000E+02	1.27345E-01	-9.21994E+02
1.01325D-03	2.00000D-01	8.50000E+02	1.29221E-01	-8.64520E+02
1.01325D-03	2.00000D-01	8.75000E+02	1.30136E-01	-8.18204E+02
1.01325D-03	2.00000D-01	9.00000E+02	1.30593E-01	-7.77099E+02
1.01325D-03	2.00000D-01	9.25000E+02	1.30829E-01	-7.38426E+02
1.01325D-03	2.00000D-01	9.50000E+02	1.30954E-01	-7.00883E+02
1.01325D-03	2.00000D-01	9.75000E+02	1.31023E-01	-6.63844E+02
1.01325D-03	2.00000D-01	1.00000E+03	1.31063E-01	-6.26999E+02
1.01325D-03	2.00000D-01	1.02500E+03	1.31086E-01	-5.90192E+02
1.01325D-03	2.00000D-01	1.05000E+03	1.31100E-01	-5.53345E+02
1.01325D-03	2.00000D-01	1.07500E+03	1.31110E-01	-5.16415E+02
1.01325D-03	2.00000D-01	1.10000E+03	1.31117E-01	-4.79378E+02
1.01325D-03	2.00000D-01	1.12500E+03	1.31123E-01	-4.42221E+02
1.01325D-03	2.00000D-01	1.15000E+03	1.31128E-01	-4.04936E+02
1.01325D-03	2.00000D-01	1.17500E+03	1.31133E-01	-3.67518E+02
1.01325D-03	2.00000D-01	1.20000E+03	1.31139E-01	-3.29965E+02
1.01325D-03	2.00000D-01	1.22500E+03	1.31147E-01	-2.92272E+02
1.01325D-03	2.00000D-01	1.25000E+03	1.31155E-01	-2.54437E+02
1.01325D-03	2.00000D-01	1.27500E+03	1.31165E-01	-2.16455E+02
1.01325D-03	2.00000D-01	1.30000E+03	1.31178E-01	-1.78319E+02
1.01325D-03	2.00000D-01	1.32500E+03	1.31193E-01	-1.40023E+02
1.01325D-03	2.00000D-01	1.35000E+03	1.31211E-01	-1.01555E+02
1.01325D-03	2.00000D-01	1.37500E+03	1.31233E-01	-6.29014E+01
1.01325D-03	2.00000D-01	1.40000E+03	1.31258E-01	-2.40453E+01
1.01325D-03	2.00000D-01	1.42500E+03	1.31289E-01	1.50356E+01
1.01325D-03	2.00000D-01	1.45000E+03	1.31324E-01	5.43689E+01
1.01325D-03	2.00000D-01	1.47500E+03	1.31365E-01	9.39887E+01
1.01325D-03	2.00000D-01	1.50000E+03	1.31413E-01	1.33937E+02
1.01325D-03	2.00000D-01	1.52500E+03	1.31469E-01	1.74264E+02
1.01325D-03	2.00000D-01	1.55000E+03	1.31532E-01	2.15031E+02
1.01325D-03	2.00000D-01	1.57500E+03	1.31605E-01	2.56312E+02
1.01325D-03	2.00000D-01	1.60000E+03	1.31688E-01	2.98192E+02
1.01325D-03	2.00000D-01	1.62500E+03	1.31782E-01	3.40774E+02
1.01325D-03	2.00000D-01	1.65000E+03	1.31887E-01	3.84177E+02
1.01325D-03	2.00000D-01	1.67500E+03	1.32006E-01	4.28539E+02
1.01325D-03	2.00000D-01	1.70000E+03	1.32139E-01	4.74020E+02
1.01325D-03	2.00000D-01	1.72500E+03	1.32287E-01	5.20803E+02
1.01325D-03	2.00000D-01	1.75000E+03	1.32452E-01	5.69097E+02
1.01325D-03	2.00000D-01	1.77500E+03	1.32634E-01	6.19138E+02
1.01325D-03	2.00000D-01	1.80000E+03	1.32836E-01	6.71193E+02
1.01325D-03	2.00000D-01	1.82500E+03	1.33057E-01	7.25557E+02
1.01325D-03	2.00000D-01	1.85000E+03	1.33299E-01	7.82561E+02
1.01325D-03	2.00000D-01	1.87500E+03	1.33564E-01	8.42569E+02
1.01325D-03	2.00000D-01	1.90000E+03	1.33852E-01	9.05977E+02
1.01325D-03	2.00000D-01	1.92500E+03	1.34165E-01	9.73217E+02
1.01325D-03	2.00000D-01	1.95000E+03	1.34503E-01	1.04476E+03
1.01325D-03	2.00000D-01	1.97500E+03	1.34867E-01	1.12109E+03
1.01325D-03	2.00000D-01	2.00000E+03	1.35258E-01	1.20274E+03
1.01325D-03	2.00000D-01	2.02500E+03	1.35677E-01	1.29025E+03
1.01325D-03	2.00000D-01	2.05000E+03	1.36122E-01	1.38419E+03
1.01325D-03	2.00000D-01	2.07500E+03	1.36595E-01	1.48513E+03
1.01325D-03	2.00000D-01	2.10000E+03	1.37094E-01	1.59364E+03
1.01325D-03	2.00000D-01	2.12500E+03	1.37620E-01	1.71026E+03
1.01325D-03	2.00000D-01	2.15000E+03	1.38171E-01	1.83552E+03
1.01325D-03	2.00000D-01	2.17500E+03	1.38745E-01	1.96989E+03
1.01325D-03	2.00000D-01	2.20000E+03	1.39342E-01	2.11374E+03
1.01325D-03	2.00000D-01	2.22500E+03	1.39959E-01	2.26739E+03
1.01325D-03	2.00000D-01	2.25000E+03	1.40594E-01	2.43101E+03
1.01325D-03	2.00000D-01	2.27500E+03	1.41245E-01	2.60460E+03
1.01325D-03	2.00000D-01	2.30000E+03	1.41912E-01	2.78803E+03
1.01325D-03	2.00000D-01	2.32500E+03	1.42594E-01	2.98095E+03
1.01325D-03	2.00000D-01	2.35000E+03	1.43293E-01	3.18281E+03
1.01325D-03	2.00000D-01	2.37500E+03	1.44013E-01	3.39285E+03
1.01325D-03	2.00000D-01	2.40000E+03	1.44763E-01	3.61013E+03
1.01325D-03	2.00000D-01	2.42500E+03	1.45559E-01	3.83356E+03
1.01325D-03	2.00000D-01	2.45000E+03	1.46423E-01	4.06197E+03
1.01325D-03	2.00000D-01	2.47500E+03	1.47390E-01	4.29423E+03
1.01325D-03	2.00000D-01	2.50000E+03	1.48512E-01	4.52936E+03
1.01325D-03	2.00000D-01	2.52500E+03	1.49860E-01	4.76670E+03
1.01325D-03	2.00000D-01	2.55000E+03	1.51535E-01	5.00615E+03
1.01325D-03	2.00000D-01	2.57500E+03	1.53676E-01	5.24838E+03
1.01325D-03	2.00000D-01	2.60000E+03	1.56470E-01	5.49508E+03
1.01325D-03	2.00000D-01	2.62500E+03	1.60170E-01	5.74929E+03
1.01325D-03	2.00000D-01	2.65000E+03	1.65116E-01	6.01565E+03
1.01325D-03	2.00000D-01	2.67500E+03	1.71765E-01	6.30077E+03
1.01325D-03	2.00000D-01	2.70000E+03	1.80730E-01	6.61361E+03
1.01325D-03	2.00000D-01	2.72500E+03	1.92832E-01	6.96588E+03
1.01325D-03	2.00000D-01	2.75000E+03	2.09186E-01	7.37244E+03
1.01325D-03	2.00000D-01	2.77500E+03	2.31307E-01	7.85176E+03
1.01325D-03	2.00000D-01	2.80000E+03	2.61284E-01	8.42621E+03
1.01325D-03	2.00000D-01	2.82500E+03	3.02045E-01	9.12216E+03
1.01325D-03	2.00000D-01	2.85000E+03	3.57782E-01	9.96973E+03
1.01325D-03	2.00000D-01	2.87500E+03	4.34673E-01	1.10017E+04
1.01325D-03	2.00000D-01	2.90000E+03	5.42173E-01	1.22517E+04
1.01325D-03	2.00000D-01	2.92500E+03	6.95494E-01	1.37508E+04
1.01325D-03	2.00000D-01	2.95000E+03	9.20746E-01	1.55225E+04
1.01325D-03	2.00000D-01	2.97500E+03	1.26687E+00	1.75771E+04
1.01325D-03	2.00000D-01	3.00000E+03	1.83771E+00	1.99044E+04
1.01325D-03	2.00000D-01	3.02500E+03	2.89890E+00	2.24671E+04
1.01325D-03	2.00000D-01	3.05000E+03	5.39218E+00	2.51934E+04
1.01325D-03	2.00000D-01	3.07500E+03	1.67115E+01	2.79559E+04
1.01325D-03	2.00000D-01	3.10000E+03	1.67115E+01	2.79559E+04
1.01325D-03	2.00000D-01	3.12500E+03	1.67115E+01	2.79559E+04
1.01325D-03	2.00000D-01	3.15000E+03	1.67115E+01	2.79559E+04
1.01325D-03	2.00000D-01	3.17500E+03	1.67115E+01	2.79559E+04
1.01325D-03	2.00000D-01	3.20000E+03	1.67115E+01	2.79559E+04
1.01325D-03	2.00000D-01	3.22500E+03	1.67115E+01	2.79559E+04
1.01325D-03	2.00000D-01	3.25000E+03	1.67115E+01	2.79559E+04
1.01325D-03	2.00000D-01	3.27500E+03	1.67115E+01	2.79559E+04
1.01325D-03	2.00000D-01	3.30000E+03	1.67115E+01	2.79559E+04
1.01325D-03	2.00000D-01	3.32500E+03	1.67115E+01	2.79559E+04
1.01325D-03	2.00000D-01	3.35000E+03	1.67115E+01	2.79559E+04
1.01325D-03	2.00000D-01	3.37500E+03	1.67115E+01	2.79559E+04
1.01325D-03	2.00000D-01	3.40000E+03	1.67115E+01	2.79559E+04
1.01325D-03	2.00000D-01	3.42500E+03	1.67115E+01	2.79559E+04
1.01325D-03	2.00000D-01	3.45000E+03	1.67115E+01	2.79559E+04
1.01325D-03	2.00000D-01	3.47500E+03	1.67115E+01	2.79559E+04
1.01325D-03	2.00000D-01	3.50000E+03	1.67115E+01	2.79559E+04
1.01325D-03	2.00000D-01	3.52500E+03	1.67115E+01	2.79559E+04
1.01325D-03	2.00000D-01	3.55000E+03	1.67115E+01	2.79559E+04
1.01325D-03	2.00000D-01	3.57500E+03	1.67115E+01	2.79559E+04
1.01325D-03	2.00000D-01	3.60000E+03	1.67115E+01	2.79559E+04
1.01325D-03	2.00000D-01	3.62500E+03	1.67115E+01	2.79559E+04
1.01325D-03	2.00000D-01	3.65000E+03	1.67115E+01	2.79559E+04
1.01325D-03	2.00000D-01	3.67500E+03	1.67115E+01	2.79559E+04
1.01325D-03	2.00000D-01	3.70000E+03	1.67115E+01	2.79559E+04
1.01325D-03	2.00000D-01	3.72500E+03	1.67115E+01	2.79559E+04
1.01325D-03	2.00000D-01	3.75000E+03	1.67115E+01	2.79559E+04
1.01325D-03	2.00000D-01	3.77500E+03	1.67115E+01	2.79559E+04
1.01325D-03	2.00000D-01	3.80000E+03	1.67115E+01	2.79559E+04
1.01325D-03	2.00000D-01	3.82500E+03	1.67115E+01	2.79559E+04
1.01325D-03	2.00000D-01	3.85000E+03	1.67115E+01	2.79559E+04
1.01325D-03	2.00000D-01	3.87500E+03	1.67115E+01	2.79559E+04
1.01325D-03	2.00000D-01	3.90000E+03	1.67115E+01	2.79559E+04
1.01325D-03	2.00000D-01	3.92500E+03	1.67115E+01	2.79559E+04
1.01325D-03	2.00000D-01	3.95000E+03	1.67115E+01	2.79559E+04
1.01325D-03	2.00000D-01	3.97500E+03	1.67115E+01	2.79559E+04
1.01325D-03	2.00000D-01	4.00000E+03	1.67115E+01	2.79559E+04
p (bar)	B'g	Temp (K)	B'c	Hw (kJ/kg)
1.01325D-03	2.50000D-01	2.50000E+02	0.00000E+00	-4.18468E+03
1.01325D-03	2.50000D-01	2.75000E+02	0.00000E+00	-4.13300E+03
1.01325D-03	2.50000D-01	3.00000E+02	0.00000E+00	-4.07787E+03
1.01325D-03	2.50000D-01	3.25000E+02	0.00000E+00	-4.02095E+03
1.01325D-03	2.50000D-01	3.50000E+02	0.00000E+00	-3.96291E+03
1.01325D-03	2.50000D-01	3.75000E+02	0.00000E+00	-3.90314E+03
1.01325D-03	2.50000D-01	4.00000E+02	0.00000E+00	-3.83976E+03
1.01325D-03	2.50000D-01	4.25000E+02	0.00000E+00	-3.76965E+03
1.01325D-03	2.50000D-01	4.50000E+02	0.00000E+00	-3.68893E+03
1.01325D-03	2.50000D-01	4.75000E+02	0.00000E+00	-3.59406E+03
1.01325D-03	2.50000D-01	5.00000E+02	0.00000E+00	-3.48358E+03
1.01325D-03	2.50000D-01	5.25000E+02	0.00000E+00	-3.35953E+03
1.01325D-03	2.50000D-01	5.50000E+02	0.00000E+00	-3.22646E+03
1.01325D-03	2.50000D-01	5.75000E+02	0.00000E+00	-3.08742E+03
1.01325D-03	2.50000D-01	6.00000E+02	0.00000E+00	-2.93912E+03
1.01325D-03	2.50000D-01	6.25000E+02	0.00000E+00	-2.76987E+03
1.01325D-03	2.50000D-01	6.50000E+02	5.44969E-03	-2.56181E+03
1.01325D-03	2.50000D-01	6.75000E+02	2.28758E-02	-2.29914E+03
1.01325D-03	2.50000D-01	7.00000E+02	4.47114E-02	-1.98370E+03
1.01325D-03	2.50000D-01	7.25000E+02	6.85029E-02	-1.65112E+03
1.01325D-03	2.50000D-01	7.50000E+02	8.94245E-02	-1.36183E+03
1.01325D-03	2.50000D-01	7.75000E+02	1.03853E-01	-1.15525E+03
1.01325D-03	2.50000D-01	8.00000E+02	1.12012E-01	-1.02408E+03
1.01325D-03	2.50000D-01	8.25000E+02	1.16137E-01	-9.39984E+02
1.01325D-03	2.50000D-01	8.50000E+02	1.18144E-01	-8.80138E+02
1.01325D-03	2.50000D-01	8.75000E+02	1.19126E-01	-8.31862E+02
1.01325D-03	2.50000D-01	9.00000E+02	1.19618E-01	-7.89002E+02
1.01325D-03	2.50000D-01	9.25000E+02	1.19872E-01	-7.48680E+02
1.01325D-03	2.50000D-01	9.50000E+02	1.20007E-01	-7.09541E+02
1.01325D-03	2.50000D-01	9.75000E+02	1.20082E-01	-6.70934E+02
1.01325D-03	2.50000D-01	1.00000E+03	1.20125E-01	-6.32533E+02
1.01325D-03	2.50000D-01	1.02500E+03	1.20150E-01	-5.94178E+02
1.01325D-03	2.50000D-01	1.05000E+03	1.20166E-01	-5.55785E+02
1.01325D-03	2.50000D-01	1.07500E+03	1.20176E-01	-5.17307E+02
1.01325D-03	2.50000D-01	1.10000E+03	1.20184E-01	-4.78720E+02
1.01325D-03	2.50000D-01	1.12500E+03	1.20190E-01	-4.40008E+02
1.01325D-03	2.50000D-01	1.15000E+03	1.20196E-01	-4.01165E+02
1.01325D-03	2.50000D-01	1.17500E+03	1.20202E-01	-3.62183E+02
1.01325D-03	2.50000D-01	1.20000E+03	1.20209E-01	-3.23059E+02
1.01325D-03	2.50000D-01	1.22500E+03	1.20217E-01	-2.83789E+02
1.01325D-03	2.50000D-01	1.25000E+03	1.20226E-01	-2.44368E+02
1.01325D-03	2.50000D-01	1.27500E+03	1.20238E-01	-2.04792E+02
1.01325D-03	2.50000D-01	1.30000E+03	1.20252E-01	-1.65054E+02
1.01325D-03	2.50000D-01	1.32500E+03	1.20269E-01	-1.25144E+02
1.01325D-03	2.50000D-01	1.35000E+03	1.20289E-01	-8.50493E+01
1.01325D-03	2.50000D-01	1.37500E+03	1.20313E-01	-4.47557E+01
1.01325D-03	2.50000D-01	1.40000E+03	1.20342E-01	-4.24283E+00
1.01325D-03	2.50000D-01	1.42500E+03	1.20376E-01	3.65142E+01
1.01325D-03	2.50000D-01	1.45000E+03	1.20415E-01	7.75465E+01
1.01325D-03	2.50000D-01	1.47500E+03	1.20462E-01	1.18893E+02
1.01325D-03	2.50000D-01	1.50000E+03	1.20515E-01	1.60600E+02
1.01325D-03	2.50000D-01	1.52500E+03	1.20578E-01	2.02725E+02
1.01325D-03	2.50000D-01	1.55000E+03	1.20649E-01	2.45337E+02
1.01325D-03	2.50000D-01	1.57500E+03	1.20730E-01	2.88518E+02
1.01325D-03	2.50000D-01	1.60000E+03	1.20823E-01	3.32366E+02
1.01325D-03	2.50000D-01	1.62500E+03	1.20928E-01	3.76995E+02
1.01325D-03	2.50000D-01	1.65000E+03	1.21047E-01	4.22540E+02
1.01325D-03	2.50000D-01	1.67500E+03	1.21180E-01	4.69157E+02
1.01325D-03	2.50000D-01	1.70000E+03	1.21330E-01	5.17025E+02
1.01325D-03	2.50000D-01	1.72500E+03	1.21496E-01	5.66352E+02
1.01325D-03	2.50000D-01	1.75000E+03	1.21682E-01	6.17373E+02
1.01325D-03	2.50000D-01	1.77500E+03	1.21887E-01	6.70355E+02
1.01325D-03	2.50000D-01	1.80000E+03	1.22114E-01	7.25600E+02
1.01325D-03	2.50000D-01	1.82500E+03	1.22363E-01	7.83442E+02
1.01325D-03	2.50000D-01	1.85000E+03	1.22637E-01	8.44257E+02
1.01325D-03	2.50000D-01	1.87500E+03	1.22936E-01	9.08458E+02
1.01325D-03	2.50000D-01	1.90000E+03	1.23261E-01	9.76496E+02
1.01325D-03	2.50000D-01	1.92500E+03	1.23615E-01	1.04887E+03
1.01325D-03	2.50000D-01	1.95000E+03	1.23998E-01	1.12610E+03
1.01325D-03	2.50000D-01	1.97500E+03	1.24411E-01	1.20876E+03
1.01325D-03	2.50000D-01	2.00000E+03	1.24855E-01	1.29747E+03
1.01325D-03	2.50000D-01	2.02500E+03	1.25331E-01	1.39285E+03
1.01325D-03	2.50000D-01	2.05000E+03	1.25839E-01	1.49556E+03
1.01325D-03	2.50000D-01	2.07500E+03	1.26378E-01	1.60627E+03
1.01325D-03	2.50000D-01	2.10000E+03	1.26950E-01	1.72567E+03
1.01325D-03	2.50000D-01	2.12500E+03	1.27552E-01	1.85441E+03
1.01325D-03	2.50000D-01	2.15000E+03	1.28185E-01	1.99314E+03
1.01325D-03	2.50000D-01	2.17500E+03	1.28847E-01	2.14245E+03
1.01325D-03	2.50000D-01	2.20000E+03	1.29535E-01	2.30286E+03
1.01325D-03	2.50000D-01	2.22500E+03	1.30249E-01	2.47478E+03
1.01325D-03	2.50000D-01	2.25000E+03	1.30986E-01	2.65852E+03
1.01325D-03	2.50000D-01	2.27500E+03	1.31745E-01	2.85421E+03
1.01325D-03	2.50000D-01	2.30000E+03	1.32522E-01	3.06180E+03
1.01325D-03	2.50000D-01	2.32500E+03	1.33320E-01	3.28101E+03
1.01325D-03	2.50000D-01	2.35000E+03	1.34138E-01	3.51134E+03
1.01325D-03	2.50000D-01	2.37500E+03	1.34981E-01	3.75205E+03
1.01325D-03	2.50000D-01	2.40000E+03	1.35858E-01	4.00215E+03
1.01325D-03	2.50000D-01	2.42500E+03	1.36784E-01	4.26044E+03
1.01325D-03	2.50000D-01	2.45000E+03	1.37784E-01	4.52560E+03
1.01325D-03	2.50000D-01	2.47500E+03	1.38895E-01	4.79623E+03
1.01325D-03	2.50000D-01	2.50000E+03	1.40172E-01	5.07106E+03
1.01325D-03	2.50000D-01	2.52500E+03	1.41691E-01	5.34906E+03
1.01325D-03	2.50000D-01	2.55000E+03	1.43564E-01	5.62970E+03
1.01325D-03	2.50000D-01	2.57500E+03	1.45938E-01	5.91322E+03
1.01325D-03	2.50000D-01	2.60000E+03	1.49022E-01	6.20086E+03
1.01325D-03	2.50000D-01	2.62500E+03	1.53091E-01	6.49524E+03
1.01325D-03	2.50000D-01	2.65000E+03	1.58522E-01	6.80066E+03
1.01325D-03	2.50000D-01	2.67500E+03	1.65816E-01	7.12348E+03
1.01325D-03	2.50000D-01	2.70000E+03	1.75650E-01	7.47244E+03
1.01325D-03	2.50000D-01	2.72500E+03	1.88931E-01	7.85915E+03
1.01325D-03	2.50000D-01	2.75000E+03	2.06889E-01	8.29839E+03
1.01325D-03	2.50000D-01	2.77500E+03	2.31196E-01	8.80847E+03
1.01325D-03	2.50000D-01	2.80000E+03	2.64160E-01	9.41144E+03
1.01325D-03	2.50000D-01	2.82500E+03	3.09012E-01	1.01330E+04
1.01325D-03	2.50000D-01	2.85000E+03	3.70381E-01	1.10019E+04
1.01325D-03	2.50000D-01	2.87500E+03	4.55082E-01	1.20487E+04
1.01325D-03	2.50000D-01	2.90000E+03	5.73551E-01	1.33031E+04
1.01325D-03	2.50000D-01	2.92500E+03	7.42564E-01	1.47905E+04
1.01325D-03	2.50000D-01	2.95000E+03	9.90917E-01	1.65270E+04
1.01325D-03	2.50000D-01	2.97500E+03	1.37256E+00	1.85135E+04
1.01325D-03	2.50000D-01	3.00000E+03	2.00191E+00	2.07295E+04
1.01325D-03	2.50000D-01	3.02500E+03	3.17146E+00	2.31288E+04
1.01325D-03	2.50000D-01	3.05000E+03	5.91706E+00	2.56348E+04
1.01325D-03	2.50000D-01	3.07500E+03	1.83513E+01	2.81251E+04
1.01325D-03	2.50000D-01	3.10000E+03	1.83513E+01	2.81251E+04
1.01325D-03	2.50000D-01	3.12500E+03	1.83513E+01	2.81251E+04
1.01325D-03	2.50000D-01	3.15000E+03	1.83513E+01	2.81251E+04
1.01325D-03	2.50000D-01	3.17500E+03	1.83513E+01	2.81251E+04
1.01325D-03	2.50000D-01	3.20000E+03	1.83513E+01	2.81251E+04
1.01325D-03	2.50000D-01	3.22500E+03	1.83513E+01	2.81251E+04
1.01325D-03	2.50000D-01	3.25000E+03	1.83513E+01	2.81251E+04
1.01325D-03	2.50000D-01	3.27500E+03	1.83513E+01	2.81251E+04
1.01325D-03	2.50000D-01	3.30000E+03	1.83513E+01	2.81251E+04
1.01325D-03	2.50000D-01	3.32500E+03	1.83513E+01	2.81251E+04
1.01325D-03	2.50000D-01	3.35000E+03	1.83513E+01	2.81251E+04
1.01325D-03	2.50000D-01	3.37500E+03	1.83513E+01	2.81251E+04
1.01325D-03	2.50000D-01	3.40000E+03	1.83513E+01	2.81251E+04
1.01325D-03	2.50000D-01	3.42500E+03	1.83513E+01	2.81251E+04
1.01325D-03	2.50000D-01	3.45000E+03	1.83513E+01	2.81251E+04
1.01325D-03	2.50000D-01	3.47500E+03	1.83513E+01	2.81251E+04
1.01325D-03	2.50000D-01	3.50000E+03	1.83513E+01	2.81251E+04
1.01325D-03	2.50000D-01	3.52500E+03	1.83513E+01	2.81251E+04
1.01325D-03	2.50000D-01	3.55000E+03	1.83513E+01	2.81251E+04
1.01325D-03	2.50000D-01	3.57500E+03	1.83513E+01	2.81251E+04
1.01325D-03	2.50000D-01	3.60000E+03	1.83513E+01	2.81251E+04
1.01325D-03	2.50000D-01	3.62500E+03	1.83513E+01	2.81251E+04
1.01325D-03	2.50000D-01	3.65000E+03	1.83513E+01	2.81251E+04
1.01325D-03	2.50000D-01	3.67500E+03	1.83513E+01	2.81251E+04
1.01325D-03	2.50000D-01	3.70000E+03	1.83513E+01	2.81251E+04
1.01325D-03	2.50000D-01	3.72500E+03	1.83513E+01	2.81251E+04
1.01325D-03	2.50000D-01	3.75000E+03	1.83513E+01	2.81251E+04
1.01325D-03	2.50000D-01	3.77500E+03	1.83513E+01	2.81251E+04
1.01325D-03	2.50000D-01	3.80000E+03	1.83513E+01	2.81251E+04
1.01325D-03	2.50000D-01	3.82500E+03	1.83513E+01	2.81251E+04
1.01325D-03	2.50000D-01	3.85000E+03	1.83513E+01	2.81251E+04
1.01325D-03	2.50000D-01	3.87500E+03	1.83513E+01	2.81251E+04
1.01325D-03	2.50000D-01	3.90000E+03	1.83513E+01	2.81251E+04
1.01325D-03	2.50000D-01	3.92500E+03	1.83513E+01	2.81251E+04
1.01325D-03	2.50000D-01	3.95000E+03	1.83513E+01	2.81251E+04
1.01325D-03	2.50000D-01	3.97500E+03	1.83513E+01	2.81251E+04
1.01325D-03	2.50000D-01	4.00000E+03	1.83513E+01	2.81251E+04
p (bar)	B'g	Temp (K)	B'c	Hw (kJ/kg)
1.01325D-03	3.20000D-01	2.50000E+02	0.00000E+00	-4.52257E+03
1.01325D-03	3.20000D-01	2.75000E+02	0.00000E+00	-4.45527E+03
1.01325D-03	3.20000D-01	3.00000E+02	0.00000E+00	-4.38701E+03
1.01325D-03	3.20000D-01	3.25000E+02	0.00000E+00	-4.31894E+03
1.01325D-03	3.20000D-01	3.50000E+02	0.00000E+00	-4.25121E+03
1.01325D-03	3.20000D-01	3.75000E+02	0.00000E+00	-4.18278E+03
1.01325D-03	3.20000D-01	4.00000E+02	0.00000E+00	-4.11133E+03
1.01325D-03	3.20000D-01	4.25000E+02	0.00000E+00	-4.03317E+03
1.01325D-03	3.20000D-01	4.50000E+02	0.00000E+00	-3.94367E+03
1.01325D-03	3.20000D-01	4.75000E+02	0.00000E+00	-3.83831E+03
1.01325D-03	3.20000D-01	5.00000E+02	0.00000E+00	-3.71467E+03
1.01325D-03	3.20000D-01	5.25000E+02	0.00000E+00	-3.57437E+03
1.01325D-03	3.20000D-01	5.50000E+02	0.00000E+00	-3.42263E+03
1.01325D-03	3.20000D-01	5.75000E+02	0.00000E+00	-3.26394E+03
1.01325D-03	3.20000D-01	6.00000E+02	0.00000E+00	-3.09624E+03
1.01325D-03	3.20000D-01	6.25000E+02	0.00000E+00	-2.90802E+03
1.01325D-03	3.20000D-01	6.50000E+02	0.00000E+00	-2.68078E+03
1.01325D-03	3.20000D-01	6.75000E+02	0.00000E+00	-2.39799E+03
1.01325D-03	3.20000D-01	7.00000E+02	2.25310E-02	-2.06186E+03
1.01325D-03	3.20000D-01	7.25000E+02	4.85827E-02	-1.71013E+03
1.01325D-03	3.20000D-01	7.50000E+02	7.13965E-02	-1.40586E+03
1.01325D-03	3.20000D-01	7.75000E+02	8.70906E-02	-1.18927E+03
1.01325D-03	3.20000D-01	8.00000E+02	9.59606E-02	-1.05179E+03
1.01325D-03	3.20000D-01	8.25000E+02	1.00450E-01	-9.63510E+02
1.01325D-03	3.20000D-01	8.50000E+02	1.02640E-01	-9.00563E+02
1.01325D-03	3.20000D-01	8.75000E+02	1.03714E-01	-8.49723E+02
1.01325D-03	3.20000D-01	9.00000E+02	1.04254E-01	-8.04569E+02
1.01325D-03	3.20000D-01	9.25000E+02	1.04533E-01	-7.62089E+02
1.01325D-03	3.20000D-01	9.50000E+02	1.04682E-01	-7.20864E+02
1.01325D-03	3.20000D-01	9.75000E+02	1.04765E-01	-6.80206E+02
1.01325D-03	3.20000D-01	1.00000E+03	1.04812E-01	-6.39773E+02
1.01325D-03	3.20000D-01	1.02500E+03	1.04840E-01	-5.99392E+02
1.01325D-03	3.20000D-01	1.05000E+03	1.04858E-01	-5.58976E+02
1.01325D-03	3.20000D-01	1.07500E+03	1.04869E-01	-5.18475E+02
1.01325D-03	3.20000D-01	1.10000E+03	1.04878E-01	-4.77860E+02
1.01325D-03	3.20000D-01	1.12500E+03	1.04885E-01	-4.37117E+02
1.01325D-03	3.20000D-01	1.15000E+03	1.04891E-01	-3.96235E+02
1.01325D-03	3.20000D-01	1.17500E+03	1.04898E-01	-3.55207E+02
1.01325D-03	3.20000D-01	1.20000E+03	1.04906E-01	-3.14030E+02
1.01325D-03	3.20000D-01	1.22500E+03	1.04915E-01	-2.72698E+02
1.01325D-03	3.20000D-01	1.25000E+03	1.04925E-01	-2.31206E+02
1.01325D-03	3.20000D-01	1.27500E+03	1.04938E-01	-1.89548E+02
1.01325D-03	3.20000D-01	1.30000E+03	1.04954E-01	-1.47715E+02
1.01325D-03	3.20000D-01	1.32500E+03	1.04973E-01	-1.05697E+02
1.01325D-03	3.20000D-01	1.35000E+03	1.04996E-01	-6.34799E+01
1.01325D-03	3.20000D-01	1.37500E+03	1.05024E-01	-2.10458E+01
1.01325D-03	3.20000D-01	1.40000E+03	1.05056E-01	2.16280E+01
1.01325D-03	3.20000D-01	1.42500E+03	1.05094E-01	6.45699E+01
1.01325D-03	3.20000D-01	1.45000E+03	1.05139E-01	1.07816E+02
1.01325D-03	3.20000D-01	1.47500E+03	1.05192E-01	1.51409E+02
1.01325D-03	3.20000D-01	1.50000E+03	1.05253E-01	1.95403E+02
1.01325D-03	3.20000D-01	1.52500E+03	1.05323E-01	2.39864E+02
1.01325D-03	3.20000D-01	1.55000E+03	1.05404E-01	2.84869E+02
1.01325D-03	3.20000D-01	1.57500E+03	1.05497E-01	3.30512E+02
1.01325D-03	3.20000D-01	1.60000E+03	1.05602E-01	3.76905E+02
1.01325D-03	3.20000D-01	1.62500E+03	1.05722E-01	4.24177E+02
1.01325D-03	3.20000D-01	1.65000E+03	1.05857E-01	4.72483E+02
1.01325D-03	3.20000D-01	1.67500E+03	1.06008E-01	5.21999E+02
1.01325D-03	3.20000D-01	1.70000E+03	1.06178E-01	5.72931E+02
1.01325D-03	3.20000D-01	1.72500E+03	1.06368E-01	6.25516E+02
1.01325D-03	3.20000D-01	1.75000E+03	1.06579E-01	6.80022E+02
1.01325D-03	3.20000D-01	1.77500E+03	1.06813E-01	7.36755E+02
1.01325D-03	3.20000D-01	1.80000E+03	1.07072E-01	7.96058E+02
1.01325D-03	3.20000D-01	1.82500E+03	1.07357E-01	8.58318E+02
1.01325D-03	3.20000D-01	1.85000E+03	1.07670E-01	9.23962E+02
1.01325D-03	3.20000D-01	1.87500E+03	1.08012E-01	9.93467E+02
1.01325D-03	3.20000D-01	1.90000E+03	1.08385E-01	1.06735E+03
1.01325D-03	3.20000D-01	1.92500E+03	1.08791E-01	1.14619E+03
1.01325D-03	3.20000D-01	1.95000E+03	1.09231E-01	1.23059E+03
1.01325D-03	3.20000D-01	1.97500E+03	1.09706E-01	1.32122E+03
1.01325D-03	3.20000D-01	2.00000E+03	1.10218E-01	1.41879E+03
1.01325D-03	3.20000D-01	2.02500E+03	1.10766E-01	1.52404E+03
1.01325D-03	3.20000D-01	2.05000E+03	1.11353E-01	1.63774E+03
1.01325D-03	3.20000D-01	2.07500E+03	1.11978E-01	1.76071E+03
1.01325D-03	3.20000D-01	2.10000E+03	1.12640E-01	1.89374E+03
1.01325D-03	3.20000D-01	2.12500E+03	1.13341E-01	2.03765E+03
1.01325D-03	3.20000D-01	2.15000E+03	1.14078E-01	2.19324E+03
1.01325D-03	3.20000D-01	2.17500E+03	1.14851E-01	2.36125E+03
1.01325D-03	3.20000D-01	2.20000E+03	1.15658E-01	2.54236E+03
1.01325D-03	3.20000D-01	2.22500E+03	1.16496E-01	2.73716E+03
1.01325D-03	3.20000D-01	2.25000E+03	1.17364E-01	2.94609E+03
1.01325D-03	3.20000D-01	2.27500E+03	1.18259E-01	3.16945E+03
1.01325D-03	3.20000D-01	2.30000E+03	1.19180E-01	3.40730E+03
1.01325D-03	3.20000D-01	2.32500E+03	1.20126E-01	3.65950E+03
1.01325D-03	3.20000D-01	2.35000E+03	1.21098E-01	3.92562E+03
1.01325D-03	3.20000D-01	2.37500E+03	1.22101E-01	4.20493E+03
1.01325D-03	3.20000D-01	2.40000E+03	1.23143E-01	4.49642E+03
1.01325D-03	3.20000D-01	2.42500E+03	1.24242E-01	4.79880E+03
1.01325D-03	3.20000D-01	2.45000E+03	1.25422E-01	5.11055E+03
1.01325D-03	3.20000D-01	2.47500E+03	1.26724E-01	5.43004E+03
1.01325D-03	3.20000D-01	2.50000E+03	1.28208E-01	5.75560E+03
1.01325D-03	3.20000D-01	2.52500E+03	1.29960E-01	6.08577E+03
1.01325D-03	3.20000D-01	2.55000E+03	1.32100E-01	6.41952E+03
1.01325D-03	3.20000D-01	2.57500E+03	1.34797E-01	6.75650E+03
1.01325D-03	3.20000D-01	2.60000E+03	1.38280E-01	7.09739E+03
1.01325D-03	3.20000D-01	2.62500E+03	1.42863E-01	7.44421E+03
1.01325D-03	3.20000D-01	2.65000E+03	1.48966E-01	7.80076E+03
1.01325D-03	3.20000D-01	2.67500E+03	1.57159E-01	8.17291E+03
1.01325D-03	3.20000D-01	2.70000E+03	1.68203E-01	8.56906E+03
1.01325D-03	3.20000D-01	2.72500E+03	1.83128E-01	9.00046E+03
1.01325D-03	3.20000D-01	2.75000E+03	2.03322E-01	9.48157E+03
1.01325D-03	3.20000D-01	2.77500E+03	2.30680E-01	1.00303E+04
1.01325D-03	3.20000D-01	2.80000E+03	2.67812E-01	1.06679E+04
1.01325D-03	3.20000D-01	2.82500E+03	3.18377E-01	1.14190E+04
1.01325D-03	3.20000D-01	2.85000E+03	3.87608E-01	1.23103E+04
1.01325D-03	3.20000D-01	2.87500E+03	4.83220E-01	1.33689E+04
1.01325D-03	3.20000D-01	2.90000E+03	6.17011E-01	1.46196E+04
1.01325D-03	3.20000D-01	2.92500E+03	8.07951E-01	1.60811E+04
1.01325D-03	3.20000D-01	2.95000E+03	1.08858E+00	1.77605E+04
1.01325D-03	3.20000D-01	2.97500E+03	1.51987E+00	1.96485E+04
1.01325D-03	3.20000D-01	3.00000E+03	2.23097E+00	2.17148E+04
1.01325D-03	3.20000D-01	3.02500E+03	3.55189E+00	2.39060E+04
1.01325D-03	3.20000D-01	3.05000E+03	6.64979E+00	2.61443E+04
1.01325D-03	3.20000D-01	3.07500E+03	2.06389E+01	2.83174E+04
1.01325D-03	3.20000D-01	3.10000E+03	2.06389E+01	2.83174E+04
1.01325D-03	3.20000D-01	3.12500E+03	2.06389E+01	2.83174E+04
1.01325D-03	3.20000D-01	3.15000E+03	2.06389E+01	2.83174E+04
1.01325D-03	3.20000D-01	3.17500E+03	2.06389E+01	2.83174E+04
1.01325D-03	3.20000D-01	3.20000E+03	2.06389E+01	2.83174E+04
1.01325D-03	3.20000D-01	3.22500E+03	2.06389E+01	2.83174E+04
1.01325D-03	3.20000D-01	3.25000E+03	2.06389E+01	2.83174E+04
1.01325D-03	3.20000D-01	3.27500E+03	2.06389E+01	2.83174E+04
1.01325D-03	3.20000D-01	3.30000E+03	2.06389E+01	2.83174E+04
1.01325D-03	3.20000D-01	3.32500E+03	2.06389E+01	2.83174E+04
1.01325D-03	3.20000D-01	3.35000E+03	2.06389E+01	2.83174E+04
1.01325D-03	3.20000D-01	3.37500E+03	2.06389E+01	2.83174E+04
1.01325D-03	3.20000D-01	3.40000E+03	2.06389E+01	2.83174E+04
1.01325D-03	3.20000D-01	3.42500E+03	2.06389E+01	2.83174E+04
1.01325D-03	3.20000D-01	3.45000E+03	2.06389E+01	2.83174E+04
1.01325D-03	3.20000D-01	3.47500E+03	2.06389E+01	2.83174E+04
1.01325D-03	3.20000D-01	3.50000E+03	2.06389E+01	2.83174E+04
1.01325D-03	3.20000D-01	3.52500E+03	2.06389E+01	2.83174E+04
1.01325D-03	3.20000D-01	3.55000E+03	2.06389E+01	2.83174E+04
1.01325D-03	3.20000D-01	3.57500E+03	2.06389E+01	2.83174E+04
1.01325D-03	3.20000D-01	3.60000E+03	2.06389E+01	2.83174E+04
1.01325D-03	3.20000D-01	3.62500E+03	2.06389E+01	2.83174E+04
1.01325D-03	3.20000D-01	3.65000E+03	2.06389E+01	2.83174E+04
1.01325D-03	3.20000D-01	3.67500E+03	2.06389E+01	2.83174E+04
1.01325D-03	3.20000D-01	3.70000E+03	2.06389E+01	2.83174E+04
1.01325D-03	3.20000D-01	3.72500E+03	2.06389E+01	2.83174E+04
1.01325D-03	3.20000D-01	3.75000E+03	2.06389E+01	2.83174E+04
1.01325D-03	3.20000D-01	3.77500E+03	2.06389E+01	2.83174E+04
1.01325D-03	3.20000D-01	3.80000E+03	2.06389E+01	2.83174E+04
1.01325D-03	3.20000D-01	3.82500E+03	2.06389E+01	2.83174E+04
1.01325D-03	3.20000D-01	3.85000E+03	2.06389E+01	2.83174E+04
1.01325D-03	3.20000D-01	3.87500E+03	2.06389E+01	2.83174E+04
1.01325D-03	3.20000D-01	3.90000E+03	2.06389E+01	2.83174E+04
1.01325D-03	3.20000D-01	3.92500E+03	2.06389E+01	2.83174E+04
1.01325D-03	3.20000D-01	3.95000E+03	2.06389E+01	2.83174E+04
1.01325D-03	3.20000D-01	3.97500E+03	2.06389E+01	2.83174E+04
1.01325D-03	3.20000D-01	4.00000E+03	2.06389E+01	2.83174E+04
p (bar)	B'g	Temp (K)	B'c	Hw (kJ/kg)
1.01325D-03	4.00000D-01	2.50000E+02	0.00000E+00	-4.81655E+03
1.01325D-03	4.00000D-01	2.75000E+02	0.00000E+00	-4.74920E+03
1.01325D-03	4.00000D-01	3.00000E+02	0.00000E+00	-4.67808E+03
1.01325D-03	4.00000D-01	3.25000E+02	0.00000E+00	-4.60564E+03
1.01325D-03	4.00000D-01	3.50000E+02	0.00000E+00	-4.53284E+03
1.01325D-03	4.00000D-01	3.75000E+02	0.00000E+00	-4.45907E+03
1.01325D-03	4.00000D-01	4.00000E+02	0.00000E+00	-4.38212E+03
1.01325D-03	4.00000D-01	4.25000E+02	0.00000E+00	-4.29813E+03
1.01325D-03	4.00000D-01	4.50000E+02	0.00000E+00	-4.20196E+03
1.01325D-03	4.00000D-01	4.75000E+02	0.00000E+00	-4.08819E+03
1.01325D-03	4.00000D-01	5.00000E+02	0.00000E+00	-3.95327E+03
1.01325D-03	4.00000D-01	5.25000E+02	0.00000E+00	-3.79814E+03
1.01325D-03	4.00000D-01	5.50000E+02	0.00000E+00	-3.62842E+03
1.01325D-03	4.00000D-01	5.75000E+02	0.00000E+00	-3.45004E+03
1.01325D-03	4.00000D-01	6.00000E+02	0.00000E+00	-3.26234E+03
1.01325D-03	4.00000D-01	6.25000E+02	0.00000E+00	-3.05425E+03
1.01325D-03	4.00000D-01	6.50000E+02	0.00000E+00	-2.80672E+03
1.01325D-03	4.00000D-01	6.75000E+02	0.00000E+00	-2.50255E+03
1.01325D-03	4.00000D-01	7.00000E+02	0.00000E+00	-2.14443E+03
1.01325D-03	4.00000D-01	7.25000E+02	2.58558E-02	-1.77239E+03
1.01325D-03	4.00000D-01	7.50000E+02	5.08163E-02	-1.45228E+03
1.01325D-03	4.00000D-01	7.75000E+02	6.79475E-02	-1.22512E+03
1.01325D-03	4.00000D-01	8.00000E+02	7.76250E-02	-1.08097E+03
1.01325D-03	4.00000D-01	8.25000E+02	8.25286E-02	-9.88278E+02
1.01325D-03	4.00000D-01	8.50000E+02	8.49255E-02	-9.22064E+02
1.01325D-03	4.00000D-01	8.75000E+02	8.61034E-02	-8.68526E+02
1.01325D-03	4.00000D-01	9.00000E+02	8.66963E-02	-8.20957E+02
1.01325D-03	4.00000D-01	9.25000E+02	8.70039E-02	-7.76207E+02
1.01325D-03	4.00000D-01	9.50000E+02	8.71688E-02	-7.32785E+02
1.01325D-03	4.00000D-01	9.75000E+02	8.72601E-02	-6.89968E+02
1.01325D-03	4.00000D-01	1.00000E+03	8.73124E-02	-6.47395E+02
1.01325D-03	4.00000D-01	1.02500E+03	8.73435E-02	-6.04882E+02
1.01325D-03	4.00000D-01	1.05000E+03	8.73628E-02	-5.62337E+02
1.01325D-03	4.00000D-01	1.07500E+03	8.73757E-02	-5.19705E+02
1.01325D-03	4.00000D-01	1.10000E+03	8.73851E-02	-4.76956E+02
1.01325D-03	4.00000D-01	1.12500E+03	8.73928E-02	-4.34074E+02
1.01325D-03	4.00000D-01	1.15000E+03	8.74000E-02	-3.91046E+02
1.01325D-03	4.00000D-01	1.17500E+03	8.74075E-02	-3.47866E+02
1.01325D-03	4.00000D-01	1.20000E+03	8.74160E-02	-3.04528E+02
1.01325D-03	4.00000D-01	1.22500E+03	8.74260E-02	-2.61027E+02
1.01325D-03	4.00000D-01	1.25000E+03	8.74380E-02	-2.17355E+02
1.01325D-03	4.00000D-01	1.27500E+03	8.74526E-02	-1.73506E+02
1.01325D-03	4.00000D-01	1.30000E+03	8.74702E-02	-1.29471E+02
1.01325D-03	4.00000D-01	1.32500E+03	8.74916E-02	-8.52369E+01
1.01325D-03	4.00000D-01	1.35000E+03	8.75172E-02	-4.07884E+01
1.01325D-03	4.00000D-01	1.37500E+03	8.75478E-02	3.89481E+00
1.01325D-03	4.00000D-01	1.40000E+03	8.75842E-02	4.88381E+01
1.01325D-03	4.00000D-01	1.42500E+03	8.76272E-02	9.40735E+01
1.01325D-03	4.00000D-01	1.45000E+03	8.76776E-02	1.39641E+02
1.01325D-03	4.00000D-01	1.47500E+03	8.77365E-02	1.85590E+02
1.01325D-03	4.00000D-01	1.50000E+03	8.78048E-02	2.31980E+02
1.01325D-03	4.00000D-01	1.52500E+03	8.78838E-02	2.78884E+02
1.01325D-03	4.00000D-01	1.55000E+03	8.79745E-02	3.26391E+02
1.01325D-03	4.00000D-01	1.57500E+03	8.80784E-02	3.74605E+02
1.01325D-03	4.00000D-01	1.60000E+03	8.81967E-02	4.23651E+02
1.01325D-03	4.00000D-01	1.62500E+03	8.83308E-02	4.73675E+02
1.01325D-03	4.00000D-01	1.65000E+03	8.84824E-02	5.24850E+02
1.01325D-03	4.00000D-01	1.67500E+03	8.86529E-02	5.77375E+02
1.01325D-03	4.00000D-01	1.70000E+03	8.88441E-02	6.31481E+02
1.01325D-03	4.00000D-01	1.72500E+03	8.90576E-02	6.87434E+02
1.01325D-03	4.00000D-01	1.75000E+03	8.92954E-02	7.45537E+02
1.01325D-03	4.00000D-01	1.77500E+03	8.95591E-02	8.06133E+02
1.01325D-03	4.00000D-01	1.80000E+03	8.98508E-02	8.69609E+02
1.01325D-03	4.00000D-01	1.82500E+03	9.01723E-02	9.36402E+02
1.01325D-03	4.00000D-01	1.85000E+03	9.05255E-02	1.00700E+03
1.01325D-03	4.00000D-01	1.87500E+03	9.09124E-02	1.08193E+03
1.01325D-03	4.00000D-01	1.90000E+03	9.13348E-02	1.16179E+03
1.01325D-03	4.00000D-01	1.92500E+03	9.17946E-02	1.24722E+03
1.01325D-03	4.00000D-01	1.95000E+03	9.22934E-02	1.33893E+03
1.01325D-03	4.00000D-01	1.97500E+03	9.28328E-02	1.43767E+03
1.01325D-03	4.00000D-01	2.00000E+03	9.34143E-02	1.54425E+03
1.01325D-03	4.00000D-01	2.02500E+03	9.40389E-02	1.65953E+03
1.01325D-03	4.00000D-01	2.05000E+03	9.47077E-02	1.78440E+03
1.01325D-03	4.00000D-01	2.07500E+03	9.54211E-02	1.91979E+03
1.01325D-03	4.00000D-01	2.10000E+03	9.61793E-02	2.06665E+03
1.01325D-03	4.00000D-01	2.12500E+03	9.69820E-02	2.22595E+03
1.01325D-03	4.00000D-01	2.15000E+03	9.78285E-02	2.39862E+03
1.01325D-03	4.00000D-01	2.17500E+03	9.87177E-02	2.58558E+03
1.01325D-03	4.00000D-01	2.20000E+03	9.96477E-02	2.78768E+03
1.01325D-03	4.00000D-01	2.22500E+03	1.00616E-01	3.00565E+03
1.01325D-03	4.00000D-01	2.25000E+03	1.01622E-01	3.24012E+03
1.01325D-03	4.00000D-01	2.27500E+03	1.02661E-01	3.49154E+03
1.01325D-03	4.00000D-01	2.30000E+03	1.03733E-01	3.76011E+03
1.01325D-03	4.00000D-01	2.32500E+03	1.04835E-01	4.04581E+03
1.01325D-03	4.00000D-01	2.35000E+03	1.05971E-01	4.34830E+03
1.01325D-03	4.00000D-01	2.37500E+03	1.07143E-01	4.66691E+03
1.01325D-03	4.00000D-01	2.40000E+03	1.08361E-01	5.00060E+03
1.01325D-03	4.00000D-01	2.42500E+03	1.09643E-01	5.34803E+03
1.01325D-03	4.00000D-01	2.45000E+03	1.11017E-01	5.70751E+03
1.01325D-03	4.00000D-01	2.47500E+03	1.12526E-01	6.07715E+03
1.01325D-03	4.00000D-01	2.50000E+03	1.14237E-01	6.45497E+03
1.01325D-03	4.00000D-01	2.52500E+03	1.16244E-01	6.83906E+03
1.01325D-03	4.00000D-01	2.55000E+03	1.18682E-01	7.22788E+03
1.01325D-03	4.00000D-01	2.57500E+03	1.21739E-01	7.62049E+03
1.01325D-03	4.00000D-01	2.60000E+03	1.25672E-01	8.01694E+03
1.01325D-03	4.00000D-01	2.62500E+03	1.30833E-01	8.41864E+03
1.01325D-03	4.00000D-01	2.65000E+03	1.37699E-01	8.82873E+03
1.01325D-03	4.00000D-01	2.67500E+03	1.46911E-01	9.25251E+03
1.01325D-03	4.00000D-01	2.70000E+03	1.59331E-01	9.69784E+03
1.01325D-03	4.00000D-01	2.72500E+03	1.76125E-01	1.01754E+04
1.01325D-03	4.00000D-01	2.75000E+03	1.98864E-01	1.06992E+04
1.01325D-03	4.00000D-01	2.77500E+03	2.29696E-01	1.12862E+04
1.01325D-03	4.00000D-01	2.80000E+03	2.71577E-01	1.19569E+04
1.01325D-03	4.00000D-01	2.82500E+03	3.28650E-01	1.27341E+04
1.01325D-03	4.00000D-01	2.85000E+03	4.06845E-01	1.36421E+04
1.01325D-03	4.00000D-01	2.87500E+03	5.14896E-01	1.47045E+04
1.01325D-03	4.00000D-01	2.90000E+03	6.66161E-01	1.59410E+04
1.01325D-03	4.00000D-01	2.92500E+03	8.82111E-01	1.73635E+04
1.01325D-03	4.00000D-01	2.95000E+03	1.19957E+00	1.89713E+04
1.01325D-03	4.00000D-01	2.97500E+03	1.68747E+00	2.07467E+04
1.01325D-03	4.00000D-01	3.00000E+03	2.49181E+00	2.26529E+04
1.01325D-03	4.00000D-01	3.02500E+03	3.98534E+00	2.46331E+04
1.01325D-03	4.00000D-01	3.05000E+03	7.48474E+00	2.66125E+04
1.01325D-03	4.00000D-01	3.07500E+03	2.32438E+01	2.84913E+04
1.01325D-03	4.00000D-01	3.10000E+03	2.32438E+01	2.84913E+04
1.01325D-03	4.00000D-01	3.12500E+03	2.32438E+01	2.84913E+04
1.01325D-03	4.00000D-01	3.15000E+03	2.32438E+01	2.84913E+04
1.01325D-03	4.00000D-01	3.17500E+03	2.32438E+01	2.84913E+04
1.01325D-03	4.00000D-01	3.20000E+03	2.32438E+01	2.84913E+04
1.01325D-03	4.00000D-01	3.22500E+03	2.32438E+01	2.84913E+04
1.01325D-03	4.00000D-01	3.25000E+03	2.32438E+01	2.84913E+04
1.01325D-03	4.00000D-01	3.27500E+03	2.32438E+01	2.84913E+04
1.01325D-03	4.00000D-01	3.30000E+03	2.32438E+01	2.84913E+04
1.01325D-03	4.00000D-01	3.32500E+03	2.32438E+01	2.84913E+04
1.01325D-03	4.00000D-01	3.35000E+03	2.32438E+01	2.84913E+04
1.01325D-03	4.00000D-01	3.37500E+03	2.32438E+01	2.84913E+04
1.01325D-03	4.00000D-01	3.40000E+03	2.32438E+01	2.84913E+04
1.01325D-03	4.00000D-01	3.42500E+03	2.32438E+01	2.84913E+04
1.01325D-03	4.00000D-01	3.45000E+03	2.32438E+01	2.84913E+04
1.01325D-03	4.00000D-01	3.47500E+03	2.32438E+01	2.84913E+04
1.01325D-03	4.00000D-01	3.50000E+03	2.32438E+01	2.84913E+04
1.01325D-03	4.00000D-01	3.52500E+03	2.32438E+01	2.84913E+04
1.01325D-03	4.00000D-01	3.55000E+03	2.32438E+01	2.84913E+04
1.01325D-03	4.00000D-01	3.57500E+03	2.32438E+01	2.84913E+04
1.01325D-03	4.00000D-01	3.60000E+03	2.32438E+01	2.84913E+04
1.01325D-03	4.00000D-01	3.62500E+03	2.32438E+01	2.84913E+04
1.01325D-03	4.00000D-01	3.65000E+03	2.32438E+01	2.84913E+04
1.01325D-03	4.00000D-01	3.67500E+03	2.32438E+01	2.84913E+04
1.01325D-03	4.00000D-01	3.70000E+03	2.32438E+01	2.84913E+04
1.01325D-03	4.00000D-01	3.72500E+03	2.32438E+01	2.84913E+04
1.01325D-03	4.00000D-01	3.75000E+03	2.32438E+01	2.84913E+04
1.01325D-03	4.00000D-01	3.77500E+03	2.32438E+01	2.84913E+04
1.01325D-03	4.00000D-01	3.80000E+03	2.32438E+01	2.84913E+04
1.01325D-03	4.00000D-01	3.82500E+03	2.32438E+01	2.84913E+04
1.01325D-03	4.00000D-01	3.85000E+03	2.32438E+01	2.84913E+04
1.01325D-03	4.00000D-01	3.87500E+03	2.32438E+01	2.84913E+04
1.01325D-03	4.00000D-01	3.90000E+03	2.32438E+01	2.84913E+04
1.01325D-03	4.00000D-01	3.92500E+03	2.32438E+01	2.84913E+04
1.01325D-03	4.00000D-01	3.95000E+03	2.32438E+01	2.84913E+04
1.01325D-03	4.00000D-01	3.97500E+03	2.32438E+01	2.84913E+04
1.01325D-03	4.00000D-01	4.00000E+03	2.32438E+01	2.84913E+04
p (bar)	B'g	Temp (K)	B'c	Hw (kJ/kg)
1.01325D-03	5.00000D-01	2.50000E+02	0.00000E+00	-5.10821E+03
1.01325D-03	5.00000D-01	2.75000E+02	0.00000E+00	-5.04658E+03
1.01325D-03	5.00000D-01	3.00000E+02	0.00000E+00	-4.97837E+03
1.01325D-03	5.00000D-01	3.25000E+02	0.00000E+00	-4.90618E+03
1.01325D-03	5.00000D-01	3.50000E+02	0.00000E+00	-4.83173E+03
1.01325D-03	5.00000D-01	3.75000E+02	0.00000E+00	-4.75513E+03
1.01325D-03	5.00000D-01	4.00000E+02	0.00000E+00	-4.67460E+03
1.01325D-03	5.00000D-01	4.25000E+02	0.00000E+00	-4.58643E+03
1.01325D-03	5.00000D-01	4.50000E+02	0.00000E+00	-4.48513E+03
1.01325D-03	5.00000D-01	4.75000E+02	0.00000E+00	-4.36443E+03
1.01325D-03	5.00000D-01	5.00000E+02	0.00000E+00	-4.21947E+03
1.01325D-03	5.00000D-01	5.25000E+02	0.00000E+00	-4.05003E+03
1.01325D-03	5.00000D-01	5.50000E+02	0.00000E+00	-3.86182E+03
1.01325D-03	5.00000D-01	5.75000E+02	0.00000E+00	-3.66223E+03
1.01325D-03	5.00000D-01	6.00000E+02	0.00000E+00	-3.45231E+03
1.01325D-03	5.00000D-01	6.25000E+02	0.00000E+00	-3.22170E+03
1.01325D-03	5.00000D-01	6.50000E+02	0.00000E+00	-2.95092E+03
1.01325D-03	5.00000D-01	6.75000E+02	0.00000E+00	-2.62217E+03
1.01325D-03	5.00000D-01	7.00000E+02	0.00000E+00	-2.23875E+03
1.01325D-03	5.00000D-01	7.25000E+02	0.00000E+00	-1.84341E+03
1.01325D-03	5.00000D-01	7.50000E+02	2.51166E-02	-1.50517E+03
1.01325D-03	5.00000D-01	7.75000E+02	4.40342E-02	-1.26592E+03
1.01325D-03	5.00000D-01	8.00000E+02	5.47155E-02	-1.11418E+03
1.01325D-03	5.00000D-01	8.25000E+02	6.01331E-02	-1.01646E+03
1.01325D-03	5.00000D-01	8.50000E+02	6.27861E-02	-9.46524E+02
1.01325D-03	5.00000D-01	8.75000E+02	6.40926E-02	-8.89917E+02
1.01325D-03	5.00000D-01	9.00000E+02	6.47515E-02	-8.39602E+02
1.01325D-03	5.00000D-01	9.25000E+02	6.50941E-02	-7.92269E+02
1.01325D-03	5.00000D-01	9.50000E+02	6.52779E-02	-7.46348E+02
1.01325D-03	5.00000D-01	9.75000E+02	6.53798E-02	-7.01075E+02
1.01325D-03	5.00000D-01	1.00000E+03	6.54382E-02	-6.56067E+02
1.01325D-03	5.00000D-01	1.02500E+03	6.54729E-02	-6.11128E+02
1.01325D-03	5.00000D-01	1.05000E+03	6.54945E-02	-5.66161E+02
1.01325D-03	5.00000D-01	1.07500E+03	6.55088E-02	-5.21105E+02
1.01325D-03	5.00000D-01	1.10000E+03	6.55192E-02	-4.75929E+02
1.01325D-03	5.00000D-01	1.12500E+03	6.55278E-02	-4.30614E+02
1.01325D-03	5.00000D-01	1.15000E+03	6.55358E-02	-3.85146E+02
1.01325D-03	5.00000D-01	1.17500E+03	6.55442E-02	-3.39517E+02
1.01325D-03	5.00000D-01	1.20000E+03	6.55537E-02	-2.93722E+02
1.01325D-03	5.00000D-01	1.22500E+03	6.55648E-02	-2.47753E+02
1.01325D-03	5.00000D-01	1.25000E+03	6.55782E-02	-2.01603E+02
1.01325D-03	5.00000D-01	1.27500E+03	6.55945E-02	-1.55264E+02
1.01325D-03	5.00000D-01	1.30000E+03	6.56142E-02	-1.08725E+02
1.01325D-03	5.00000D-01	1.32500E+03	6.56380E-02	-6.19725E+01
1.01325D-03	5.00000D-01	1.35000E+03	6.56667E-02	-1.49888E+01
1.01325D-03	5.00000D-01	1.37500E+03	6.57009E-02	3.22488E+01
1.01325D-03	5.00000D-01	1.40000E+03	6.57417E-02	7.97688E+01
1.01325D-03	5.00000D-01	1.42500E+03	6.57898E-02	1.27607E+02
1.01325D-03	5.00000D-01	1.45000E+03	6.58463E-02	1.75808E+02
1.01325D-03	5.00000D-01	1.47500E+03	6.59123E-02	2.24427E+02
1.01325D-03	5.00000D-01	1.50000E+03	6.59889E-02	2.73531E+02
1.01325D-03	5.00000D-01	1.52500E+03	6.60774E-02	3.23202E+02
1.01325D-03	5.00000D-01	1.55000E+03	6.61792E-02	3.73537E+02
1.01325D-03	5.00000D-01	1.57500E+03	6.62958E-02	4.24656E+02
1.01325D-03	5.00000D-01	1.60000E+03	6.64286E-02	4.76696E+02
1.01325D-03	5.00000D-01	1.62500E+03	6.65792E-02	5.29822E+02
1.01325D-03	5.00000D-01	1.65000E+03	6.67496E-02	5.84227E+02
1.01325D-03	5.00000D-01	1.67500E+03	6.69413E-02	6.40134E+02
1.01325D-03	5.00000D-01	1.70000E+03	6.71564E-02	6.97803E+02
1.01325D-03	5.00000D-01	1.72500E+03	6.73969E-02	7.57532E+02
1.01325D-03	5.00000D-01	1.75000E+03	6.76647E-02	8.19659E+02
1.01325D-03	5.00000D-01	1.77500E+03	6.79621E-02	8.84572E+02
1.01325D-03	5.00000D-01	1.80000E+03	6.82912E-02	9.52706E+02
1.01325D-03	5.00000D-01	1.82500E+03	6.86543E-02	1.02455E+03
1.01325D-03	5.00000D-01	1.85000E+03	6.90535E-02	1.10065E+03
1.01325D-03	5.00000D-01	1.87500E+03	6.94912E-02	1.18161E+03
1.01325D-03	5.00000D-01	1.90000E+03	6.99695E-02	1.26810E+03
1.01325D-03	5.00000D-01	1.92500E+03	7.04907E-02	1.36085E+03
1.01325D-03	5.00000D-01	1.95000E+03	7.10567E-02	1.46066E+03
1.01325D-03	5.00000D-01	1.97500E+03	7.16696E-02	1.56838E+03
1.01325D-03	5.00000D-01	2.00000E+03	7.23311E-02	1.68492E+03
1.01325D-03	5.00000D-01	2.02500E+03	7.30427E-02	1.81129E+03
1.01325D-03	5.00000D-01	2.05000E+03	7.38056E-02	1.94849E+03
1.01325D-03	5.00000D-01	2.07500E+03	7.46206E-02	2.09760E+03
1.01325D-03	5.00000D-01	2.10000E+03	7.54882E-02	2.25973E+03
1.01325D-03	5.00000D-01	2.12500E+03	7.64084E-02	2.43600E+03
1.01325D-03	5.00000D-01	2.15000E+03	7.73806E-02	2.62753E+03
1.01325D-03	5.00000D-01	2.17500E+03	7.84036E-02	2.83540E+03
1.01325D-03	5.00000D-01	2.20000E+03	7.94758E-02	3.06063E+03
1.01325D-03	5.00000D-01	2.22500E+03	8.05951E-02	3.30418E+03
1.01325D-03	5.00000D-01	2.25000E+03	8.17589E-02	3.56683E+03
1.01325D-03	5.00000D-01	2.27500E+03	8.29648E-02	3.84921E+03
1.01325D-03	5.00000D-01	2.30000E+03	8.42107E-02	4.15170E+03
1.01325D-03	5.00000D-01	2.32500E+03	8.54954E-02	4.47442E+03
1.01325D-03	5.00000D-01	2.35000E+03	8.68201E-02	4.81713E+03
1.01325D-03	5.00000D-01	2.37500E+03	8.81893E-02	5.17922E+03
1.01325D-03	5.00000D-01	2.40000E+03	8.96134E-02	5.55968E+03
1.01325D-03	5.00000D-01	2.42500E+03	9.11111E-02	5.95709E+03
1.01325D-03	5.00000D-01	2.45000E+03	9.27134E-02	6.36961E+03
1.01325D-03	5.00000D-01	2.47500E+03	9.44690E-02	6.79512E+03
1.01325D-03	5.00000D-01	2.50000E+03	9.64510E-02	7.23127E+03
1.01325D-03	5.00000D-01	2.52500E+03	9.87657E-02	7.67569E+03
1.01325D-03	5.00000D-01	2.55000E+03	1.01565E-01	8.12627E+03
1.01325D-03	5.00000D-01	2.57500E+03	1.05061E-01	8.58141E+03
1.01325D-03	5.00000D-01	2.60000E+03	1.09546E-01	9.04044E+03
1.01325D-03	5.00000D-01	2.62500E+03	1.15422E-01	9.50400E+03
1.01325D-03	5.00000D-01	2.65000E+03	1.23232E-01	9.97444E+03
1.01325D-03	5.00000D-01	2.67500E+03	1.33707E-01	1.04563E+04
1.01325D-03	5.00000D-01	2.70000E+03	1.47838E-01	1.09566E+04
1.01325D-03	5.00000D-01	2.72500E+03	1.66955E-01	1.14854E+04
1.01325D-03	5.00000D-01	2.75000E+03	1.92863E-01	1.20555E+04
1.01325D-03	5.00000D-01	2.77500E+03	2.28021E-01	1.26830E+04
1.01325D-03	5.00000D-01	2.80000E+03	2.75819E-01	1.33868E+04
1.01325D-03	5.00000D-01	2.82500E+03	3.41007E-01	1.41875E+04
1.01325D-03	5.00000D-01	2.85000E+03	4.30378E-01	1.51065E+04
1.01325D-03	5.00000D-01	2.87500E+03	5.53943E-01	1.61632E+04
1.01325D-03	5.00000D-01	2.90000E+03	7.27007E-01	1.73717E+04
1.01325D-03	5.00000D-01	2.92500E+03	9.74158E-01	1.87372E+04
1.01325D-03	5.00000D-01	2.95000E+03	1.33756E+00	2.02518E+04
1.01325D-03	5.00000D-01	2.97500E+03	1.89609E+00	2.18914E+04
1.01325D-03	5.00000D-01	3.00000E+03	2.81676E+00	2.36149E+04
1.01325D-03	5.00000D-01	3.02500E+03	4.52556E+00	2.53660E+04
1.01325D-03	5.00000D-01	3.05000E+03	8.52547E+00	2.70763E+04
1.01325D-03	5.00000D-01	3.07500E+03	2.64883E+01	2.86610E+04
1.01325D-03	5.00000D-01	3.10000E+03	2.64883E+01	2.86610E+04
1.01325D-03	5.00000D-01	3.12500E+03	2.64883E+01	2.86610E+04
1.01325D-03	5.00000D-01	3.15000E+03	2.64883E+01	2.86610E+04
1.01325D-03	5.00000D-01	3.17500E+03	2.64883E+01	2.86610E+04
1.01325D-03	5.00000D-01	3.20000E+03	2.64883E+01	2.86610E+04
1.01325D-03	5.00000D-01	3.22500E+03	2.64883E+01	2.86610E+04
1.01325D-03	5.00000D-01	3.25000E+03	2.64883E+01	2.86610E+04
1.01325D-03	5.00000D-01	3.27500E+03	2.64883E+01	2.86610E+04
1.01325D-03	5.00000D-01	3.30000E+03	2.64883E+01	2.86610E+04
1.01325D-03	5.00000D-01	3.32500E+03	2.64883E+01	2.86610E+04
1.01325D-03	5.00000D-01	3.35000E+03	2.64883E+01	2.86610E+04
1.01325D-03	5.00000D-01	3.37500E+03	2.64883E+01	2.86610E+04
1.01325D-03	5.00000D-01	3.40000E+03	2.64883E+01	2.86610E+04
1.01325D-03	5.00000D-01	3.42500E+03	2.64883E+01	2.86610E+04
1.01325D-03	5.00000D-01	3.45000E+03	2.64883E+01	2.86610E+04
1.01325D-03	5.00000D-01	3.47500E+03	2.64883E+01	2.86610E+04
1.01325D-03	5.00000D-01	3.50000E+03	2.64883E+01	2.86610E+04
1.01325D-03	5.00000D-01	3.52500E+03	2.64883E+01	2.86610E+04
1.01325D-03	5.00000D-01	3.55000E+03	2.64883E+01	2.86610E+04
1.01325D-03	5.00000D-01	3.57500E+03	2.64883E+01	2.86610E+04
1.01325D-03	5.00000D-01	3.60000E+03	2.64883E+01	2.86610E+04
1.01325D-03	5.00000D-01	3.62500E+03	2.64883E+01	2.86610E+04
1.01325D-03	5.00000D-01	3.65000E+03	2.64883E+01	2.86610E+04
1.01325D-03	5.00000D-01	3.67500E+03	2.64883E+01	2.86610E+04
1.01325D-03	5.00000D-01	3.70000E+03	2.64883E+01	2.86610E+04
1.01325D-03	5.00000D-01	3.72500E+03	2.64883E+01	2.86610E+04
1.01325D-03	5.00000D-01	3.75000E+03	2.64883E+01	2.86610E+04
1.01325D-03	5.00000D-01	3.77500E+03	2.64883E+01	2.86610E+04
1.01325D-03	5.00000D-01	3.80000E+03	2.64883E+01	2.86610E+04
1.01325D-03	5.00000D-01	3.82500E+03	2.64883E+01	2.86610E+04
1.01325D-03	5.00000D-01	3.85000E+03	2.64883E+01	2.86610E+04
1.01325D-03	5.00000D-01	3.87500E+03	2.64883E+01	2.86610E+04
1.01325D-03	5.00000D-01	3.90000E+03	2.64883E+01	2.86610E+04
1.01325D-03	5.00000D-01	3.92500E+03	2.64883E+01	2.86610E+04
1.01325D-03	5.00000D-01	3.95000E+03	2.64883E+01	2.86610E+04
1.01325D-03	5.00000D-01	3.97500E+03	2.64883E+01	2.86610E+04
1.01325D-03	5.00000D-01	4.00000E+03	2.64883E+01	2.86610E+04
p (bar)	B'g	Temp (K)	B'c	Hw (kJ/kg)
1.01325D-03	6.00000D-01	2.50000E+02	0.00000E+00	-5.35730E+03
1.01325D-03	6.00000D-01	2.75000E+02	0.00000E+00	-5.29899E+03
1.01325D-03	6.00000D-01	3.00000E+02	0.00000E+00	-5.23339E+03
1.01325D-03	6.00000D-01	3.25000E+02	0.00000E+00	-5.16247E+03
1.01325D-03	6.00000D-01	3.50000E+02	0.00000E+00	-5.08794E+03
1.01325D-03	6.00000D-01	3.75000E+02	0.00000E+00	-5.01023E+03
1.01325D-03	6.00000D-01	4.00000E+02	0.00000E+00	-4.92789E+03
1.01325D-03	6.00000D-01	4.25000E+02	0.00000E+00	-4.83738E+03
1.01325D-03	6.00000D-01	4.50000E+02	0.00000E+00	-4.73305E+03
1.01325D-03	6.00000D-01	4.75000E+02	0.00000E+00	-4.60797E+03
1.01325D-03	6.00000D-01	5.00000E+02	0.00000E+00	-4.45605E+03
1.01325D-03	6.00000D-01	5.25000E+02	0.00000E+00	-4.27578E+03
1.01325D-03	6.00000D-01	5.50000E+02	0.00000E+00	-4.07252E+03
1.01325D-03	6.00000D-01	5.75000E+02	0.00000E+00	-3.85478E+03
1.01325D-03	6.00000D-01	6.00000E+02	0.00000E+00	-3.62521E+03
1.01325D-03	6.00000D-01	6.25000E+02	0.00000E+00	-3.37429E+03
1.01325D-03	6.00000D-01	6.50000E+02	0.00000E+00	-3.08232E+03
1.01325D-03	6.00000D-01	6.75000E+02	0.00000E+00	-2.73106E+03
1.01325D-03	6.00000D-01	7.00000E+02	0.00000E+00	-2.32449E+03
1.01325D-03	6.00000D-01	7.25000E+02	0.00000E+00	-1.90786E+03
1.01325D-03	6.00000D-01	7.50000E+02	0.00000E+00	-1.55311E+03
1.01325D-03	6.00000D-01	7.75000E+02	2.01339E-02	-1.30287E+03
1.01325D-03	6.00000D-01	8.00000E+02	3.18142E-02	-1.14424E+03
1.01325D-03	6.00000D-01	8.25000E+02	3.77429E-02	-1.04196E+03
1.01325D-03	6.00000D-01	8.50000E+02	4.06501E-02	-9.68658E+02
1.01325D-03	6.00000D-01	8.75000E+02	4.20841E-02	-9.09273E+02
1.01325D-03	6.00000D-01	9.00000E+02	4.28084E-02	-8.56473E+02
1.01325D-03	6.00000D-01	9.25000E+02	4.31853E-02	-8.06803E+02
1.01325D-03	6.00000D-01	9.50000E+02	4.33878E-02	-7.58621E+02
1.01325D-03	6.00000D-01	9.75000E+02	4.35001E-02	-7.11126E+02
1.01325D-03	6.00000D-01	1.00000E+03	4.35644E-02	-6.63915E+02
1.01325D-03	6.00000D-01	1.02500E+03	4.36026E-02	-6.16781E+02
1.01325D-03	6.00000D-01	1.05000E+03	4.36263E-02	-5.69622E+02
1.01325D-03	6.00000D-01	1.07500E+03	4.36420E-02	-5.22373E+02
1.01325D-03	6.00000D-01	1.10000E+03	4.36534E-02	-4.75001E+02
1.01325D-03	6.00000D-01	1.12500E+03	4.36628E-02	-4.27484E+02
1.01325D-03	6.00000D-01	1.15000E+03	4.36715E-02	-3.79808E+02
1.01325D-03	6.00000D-01	1.17500E+03	4.36807E-02	-3.31964E+02
1.01325D-03	6.00000D-01	1.20000E+03	4.36910E-02	-2.83946E+02
1.01325D-03	6.00000D-01	1.22500E+03	4.37032E-02	-2.35744E+02
1.01325D-03	6.00000D-01	1.25000E+03	4.37178E-02	-1.87353E+02
1.01325D-03	6.00000D-01	1.27500E+03	4.37356E-02	-1.38762E+02
1.01325D-03	6.00000D-01	1.30000E+03	4.37572E-02	-8.99591E+01
1.01325D-03	6.00000D-01	1.32500E+03	4.37833E-02	-4.09299E+01
1.01325D-03	6.00000D-01	1.35000E+03	4.38147E-02	8.34533E+00
1.01325D-03	6.00000D-01	1.37500E+03	4.38523E-02	5.78912E+01
1.01325D-03	6.00000D-01	1.40000E+03	4.38970E-02	1.07739E+02
1.01325D-03	6.00000D-01	1.42500E+03	4.39498E-02	1.57928E+02
1.01325D-03	6.00000D-01	1.45000E+03	4.40118E-02	2.08506E+02
1.01325D-03	6.00000D-01	1.47500E+03	4.40842E-02	2.59534E+02
1.01325D-03	6.00000D-01	1.50000E+03	4.41683E-02	3.11085E+02
1.01325D-03	6.00000D-01	1.52500E+03	4.42655E-02	3.63249E+02
1.01325D-03	6.00000D-01	1.55000E+03	4.43774E-02	4.16132E+02
1.01325D-03	6.00000D-01	1.57500E+03	4.45055E-02	4.69864E+02
1.01325D-03	6.00000D-01	1.60000E+03	4.46515E-02	5.24596E+02
1.01325D-03	6.00000D-01	1.62500E+03	4.48173E-02	5.80508E+02
1.01325D-03	6.00000D-01	1.65000E+03	4.50047E-02	6.37811E+02
1.01325D-03	6.00000D-01	1.67500E+03	4.52159E-02	6.96751E+02
1.01325D-03	6.00000D-01	1.70000E+03	4.54528E-02	7.57609E+02
1.01325D-03	6.00000D-01	1.72500E+03	4.57179E-02	8.20714E+02
1.01325D-03	6.00000D-01	1.75000E+03	4.60133E-02	8.86436E+02
1.01325D-03	6.00000D-01	1.77500E+03	4.63415E-02	9.55200E+02
1.01325D-03	6.00000D-01	1.80000E+03	4.67049E-02	1.02748E+03
1.01325D-03	6.00000D-01	1.82500E+03	4.71060E-02	1.10383E+03
1.01325D-03	6.00000D-01	1.85000E+03	4.75475E-02	1.18482E+03
1.01325D-03	6.00000D-01	1.87500E+03	4.80319E-02	1.27114E+03
1.01325D-03	6.00000D-01	1.90000E+03	4.85617E-02	1.36352E+03
1.01325D-03	6.00000D-01	1.92500E+03	4.91395E-02	1.46276E+03
1.01325D-03	6.00000D-01	1.95000E+03	4.97676E-02	1.56974E+03
1.01325D-03	6.00000D-01	1.97500E+03	5.04483E-02	1.68541E+03
1.01325D-03	6.00000D-01	2.00000E+03	5.11838E-02	1.81078E+03
1.01325D-03	6.00000D-01	2.02500E+03	5.19757E-02	1.94695E+03
1.01325D-03	6.00000D-01	2.05000E+03	5.28258E-02	2.09506E+03
1.01325D-03	6.00000D-01	2.07500E+03	5.37351E-02	2.25631E+03
1.01325D-03	6.00000D-01	2.10000E+03	5.47043E-02	2.43194E+03
1.01325D-03	6.00000D-01	2.12500E+03	5.57335E-02	2.62321E+03
1.01325D-03	6.00000D-01	2.15000E+03	5.68225E-02	2.83139E+03
1.01325D-03	6.00000D-01	2.17500E+03	5.79700E-02	3.05773E+03
1.01325D-03	6.00000D-01	2.20000E+03	5.91746E-02	3.30342E+03
1.01325D-03	6.00000D-01	2.22500E+03	6.04341E-02	3.56956E+03
1.01325D-03	6.00000D-01	2.25000E+03	6.17459E-02	3.85712E+03
1.01325D-03	6.00000D-01	2.27500E+03	6.31074E-02	4.16687E+03
1.01325D-03	6.00000D-01	2.30000E+03	6.45162E-02	4.49935E+03
1.01325D-03	6.00000D-01	2.32500E+03	6.59713E-02	4.85481E+03
1.01325D-03	6.00000D-01	2.35000E+03	6.74737E-02	5.23311E+03
1.01325D-03	6.00000D-01	2.37500E+03	6.90284E-02	5.63372E+03
1.01325D-03	6.00000D-01	2.40000E+03	7.06463E-02	6.05564E+03
1.01325D-03	6.00000D-01	2.42500E+03	7.23480E-02	6.49739E+03
1.01325D-03	6.00000D-01	2.45000E+03	7.41673E-02	6.95705E+03
1.01325D-03	6.00000D-01	2.47500E+03	7.61578E-02	7.43226E+03
1.01325D-03	6.00000D-01	2.50000E+03	7.84001E-02	7.92038E+03
1.01325D-03	6.00000D-01	2.52500E+03	8.10122E-02	8.41863E+03
1.01325D-03	6.00000D-01	2.55000E+03	8.41627E-02	8.92441E+03
1.01325D-03	6.00000D-01	2.57500E+03	8.80887E-02	9.43551E+03
1.01325D-03	6.00000D-01	2.60000E+03	9.31179E-02	9.95060E+03
1.01325D-03	6.00000D-01	2.62500E+03	9.96993E-02	1.04696E+04
1.01325D-03	6.00000D-01	2.65000E+03	1.08443E-01	1.09941E+04
1.01325D-03	6.00000D-01	2.67500E+03	1.20174E-01	1.15277E+04
1.01325D-03	6.00000D-01	2.70000E+03	1.36005E-01	1.20768E+04
1.01325D-03	6.00000D-01	2.72500E+03	1.57435E-01	1.26504E+04
1.01325D-03	6.00000D-01	2.75000E+03	1.86500E-01	1.32603E+04
1.01325D-03	6.00000D-01	2.77500E+03	2.25970E-01	1.39215E+04
1.01325D-03	6.00000D-01	2.80000E+03	2.79668E-01	1.46510E+04
1.01325D-03	6.00000D-01	2.82500E+03	3.52949E-01	1.54676E+04
1.01325D-03	6.00000D-01	2.85000E+03	4.53473E-01	1.63895E+04
1.01325D-03	6.00000D-01	2.87500E+03	5.92522E-01	1.74323E+04
1.01325D-03	6.00000D-01	2.90000E+03	7.87344E-01	1.86058E+04
1.01325D-03	6.00000D-01	2.92500E+03	1.06564E+00	1.99099E+04
1.01325D-03	6.00000D-01	2.95000E+03	1.47491E+00	2.13317E+04
1.01325D-03	6.00000D-01	2.97500E+03	2.10396E+00	2.28434E+04
1.01325D-03	6.00000D-01	3.00000E+03	3.14075E+00	2.44029E+04
1.01325D-03	6.00000D-01	3.02500E+03	5.06438E+00	2.59567E+04
1.01325D-03	6.00000D-01	3.05000E+03	9.56353E+00	2.74443E+04
1.01325D-03	6.00000D-01	3.07500E+03	2.97222E+01	2.87938E+04
1.01325D-03	6.00000D-01	3.10000E+03	2.97222E+01	2.87938E+04
1.01325D-03	6.00000D-01	3.12500E+03	2.97222E+01	2.87938E+04
1.01325D-03	6.00000D-01	3.15000E+03	2.97222E+01	2.87938E+04
1.01325D-03	6.00000D-01	3.17500E+03	2.97222E+01	2.87938E+04
1.01325D-03	6.00000D-01	3.20000E+03	2.97222E+01	2.87938E+04
1.01325D-03	6.00000D-01	3.22500E+03	2.97222E+01	2.87938E+04
1.01325D-03	6.00000D-01	3.25000E+03	2.97222E+01	2.87938E+04
1.01325D-03	6.00000D-01	3.27500E+03	2.97222E+01	2.87938E+04
1.01325D-03	6.00000D-01	3.30000E+03	2.97222E+01	2.87938E+04
1.01325D-03	6.00000D-01	3.32500E+03	2.97222E+01	2.87938E+04
1.01325D-03	6.00000D-01	3.35000E+03	2.97222E+01	2.87938E+04
1.01325D-03	6.00000D-01	3.37500E+03	2.97222E+01	2.87938E+04
1.01325D-03	6.00000D-01	3.40000E+03	2.97222E+01	2.87938E+04
1.01325D-03	6.00000D-01	3.42500E+03	2.97222E+01	2.87938E+04
1.01325D-03	6.00000D-01	3.45000E+03	2.97222E+01	2.87938E+04
1.01325D-03	6.00000D-01	3.47500E+03	2.97222E+01	2.87938E+04
1.01325D-03	6.00000D-01	3.50000E+03	2.97222E+01	2.87938E+04
1.01325D-03	6.00000D-01	3.52500E+03	2.97222E+01	2.87938E+04
1.01325D-03	6.00000D-01	3.55000E+03	2.97222E+01	2.87938E+04
1.01325D-03	6.00000D-01	3.57500E+03	2.97222E+01	2.87938E+04
1.01325D-03	6.00000D-01	3.60000E+03	2.97222E+01	2.87938E+04
1.01325D-03	6.00000D-01	3.62500E+03	2.97222E+01	2.87938E+04
1.01325D-03	6.00000D-01	3.65000E+03	2.97222E+01	2.87938E+04
1.01325D-03	6.00000D-01	3.67500E+03	2.97222E+01	2.87938E+04
1.01325D-03	6.00000D-01	3.70000E+03	2.97222E+01	2.87938E+04
1.01325D-03	6.00000D-01	3.72500E+03	2.97222E+01	2.87938E+04
1.01325D-03	6.00000D-01	3.75000E+03	2.97222E+01	2.87938E+04
1.01325D-03	6.00000D-01	3.77500E+03	2.97222E+01	2.87938E+04
1.01325D-03	6.00000D-01	3.80000E+03	2.97222E+01	2.87938E+04
1.01325D-03	6.00000D-01	3.82500E+03	2.97222E+01	2.87938E+04
1.01325D-03	6.00000D-01	3.85000E+03	2.97222E+01	2.87938E+04
1.01325D-03	6.00000D-01	3.87500E+03	2.97222E+01	2.87938E+04
1.01325D-03	6.00000D-01	3.90000E+03	2.97222E+01	2.87938E+04
1.01325D-03	6.00000D-01	3.92500E+03	2.97222E+01	2.87938E+04
1.01325D-03	6.00000D-01	3.95000E+03	2.97222E+01	2.87938E+04
1.01325D-03	6.00000D-01	3.97500E+03	2.97222E+01	2.87938E+04
1.01325D-03	6.00000D-01	4.00000E+03	2.97222E+01	2.87938E+04
p (bar)	B'g	Temp (K)	B'c	Hw (kJ/kg)
1.01325D-03	7.00000D-01	2.50000E+02	0.00000E+00	-5.57701E+03
1.01325D-03	7.00000D-01	2.75000E+02	0.00000E+00	-5.52042E+03
1.01325D-03	7.00000D-01	3.00000E+02	0.00000E+00	-5.45644E+03
1.01325D-03	7.00000D-01	3.25000E+02	0.00000E+00	-5.38653E+03
1.01325D-03	7.00000D-01	3.50000E+02	0.00000E+00	-5.31219E+03
1.01325D-03	7.00000D-01	3.75000E+02	0.00000E+00	-5.23396E+03
1.01325D-03	7.00000D-01	4.00000E+02	0.00000E+00	-5.15060E+03
1.01325D-03	7.00000D-01	4.25000E+02	0.00000E+00	-5.05871E+03
1.01325D-03	7.00000D-01	4.50000E+02	0.00000E+00	-4.95258E+03
1.01325D-03	7.00000D-01	4.75000E+02	0.00000E+00	-4.82472E+03
1.01325D-03	7.00000D-01	5.00000E+02	0.00000E+00	-4.66795E+03
1.01325D-03	7.00000D-01	5.25000E+02	0.00000E+00	-4.47940E+03
1.01325D-03	7.00000D-01	5.50000E+02	0.00000E+00	-4.26378E+03
1.01325D-03	7.00000D-01	5.75000E+02	0.00000E+00	-4.03037E+03
1.01325D-03	7.00000D-01	6.00000E+02	0.00000E+00	-3.78331E+03
1.01325D-03	7.00000D-01	6.25000E+02	0.00000E+00	-3.51396E+03
1.01325D-03	7.00000D-01	6.50000E+02	0.00000E+00	-3.20257E+03
1.01325D-03	7.00000D-01	6.75000E+02	0.00000E+00	-2.83062E+03
1.01325D-03	7.00000D-01	7.00000E+02	0.00000E+00	-2.40277E+03
1.01325D-03	7.00000D-01	7.25000E+02	0.00000E+00	-1.96662E+03
1.01325D-03	7.00000D-01	7.50000E+02	0.00000E+00	-1.59676E+03
1.01325D-03	7.00000D-01	7.75000E+02	0.00000E+00	-1.33649E+03
1.01325D-03	7.00000D-01	8.00000E+02	8.91888E-03	-1.17158E+03
1.01325D-03	7.00000D-01	8.25000E+02	1.53566E-02	-1.06514E+03
1.01325D-03	7.00000D-01	8.50000E+02	1.85168E-02	-9.88783E+02
1.01325D-03	7.00000D-01	8.75000E+02	2.00774E-02	-9.26872E+02
1.01325D-03	7.00000D-01	9.00000E+02	2.08664E-02	-8.71813E+02
1.01325D-03	7.00000D-01	9.25000E+02	2.12774E-02	-8.20018E+02
1.01325D-03	7.00000D-01	9.50000E+02	2.14983E-02	-7.69780E+02
1.01325D-03	7.00000D-01	9.75000E+02	2.16208E-02	-7.20265E+02
1.01325D-03	7.00000D-01	1.00000E+03	2.16909E-02	-6.71050E+02
1.01325D-03	7.00000D-01	1.02500E+03	2.17324E-02	-6.21922E+02
1.01325D-03	7.00000D-01	1.05000E+03	2.17582E-02	-5.72769E+02
1.01325D-03	7.00000D-01	1.07500E+03	2.17753E-02	-5.23527E+02
1.01325D-03	7.00000D-01	1.10000E+03	2.17876E-02	-4.74158E+02
1.01325D-03	7.00000D-01	1.12500E+03	2.17977E-02	-4.24639E+02
1.01325D-03	7.00000D-01	1.15000E+03	2.18072E-02	-3.74956E+02
1.01325D-03	7.00000D-01	1.17500E+03	2.18170E-02	-3.25098E+02
1.01325D-03	7.00000D-01	1.20000E+03	2.18281E-02	-2.75059E+02
1.01325D-03	7.00000D-01	1.22500E+03	2.18412E-02	-2.24829E+02
1.01325D-03	7.00000D-01	1.25000E+03	2.18570E-02	-1.74400E+02
1.01325D-03	7.00000D-01	1.27500E+03	2.18762E-02	-1.23762E+02
1.01325D-03	7.00000D-01	1.30000E+03	2.18996E-02	-7.29021E+01
1.01325D-03	7.00000D-01	1.32500E+03	2.19278E-02	-2.18042E+01
1.01325D-03	7.00000D-01	1.35000E+03	2.19617E-02	2.95527E+01
1.01325D-03	7.00000D-01	1.37500E+03	2.20023E-02	8.11950E+01
1.01325D-03	7.00000D-01	1.40000E+03	2.20506E-02	1.33156E+02
1.01325D-03	7.00000D-01	1.42500E+03	2.21077E-02	1.85479E+02
1.01325D-03	7.00000D-01	1.45000E+03	2.21748E-02	2.38215E+02
1.01325D-03	7.00000D-01	1.47500E+03	2.22531E-02	2.91428E+02
1.01325D-03	7.00000D-01	1.50000E+03	2.23442E-02	3.45199E+02
1.01325D-03	7.00000D-01	1.52500E+03	2.24495E-02	3.99622E+02
1.01325D-03	7.00000D-01	1.55000E+03	2.25706E-02	4.54813E+02
1.01325D-03	7.00000D-01	1.57500E+03	2.27094E-02	5.10911E+02
1.01325D-03	7.00000D-01	1.60000E+03	2.28677E-02	5.68079E+02
1.01325D-03	7.00000D-01	1.62500E+03	2.30474E-02	6.26510E+02
1.01325D-03	7.00000D-01	1.65000E+03	2.32507E-02	6.86432E+02
1.01325D-03	7.00000D-01	1.67500E+03	2.34798E-02	7.48108E+02
1.01325D-03	7.00000D-01	1.70000E+03	2.37371E-02	8.11844E+02
1.01325D-03	7.00000D-01	1.72500E+03	2.40250E-02	8.77991E+02
1.01325D-03	7.00000D-01	1.75000E+03	2.43460E-02	9.46951E+02
1.01325D-03	7.00000D-01	1.77500E+03	2.47028E-02	1.01918E+03
1.01325D-03	7.00000D-01	1.80000E+03	2.50982E-02	1.09520E+03
1.01325D-03	7.00000D-01	1.82500E+03	2.55350E-02	1.17558E+03
1.01325D-03	7.00000D-01	1.85000E+03	2.60159E-02	1.26097E+03
1.01325D-03	7.00000D-01	1.87500E+03	2.65439E-02	1.35210E+03
1.01325D-03	7.00000D-01	1.90000E+03	2.71218E-02	1.44975E+03
1.01325D-03	7.00000D-01	1.92500E+03	2.77525E-02	1.55481E+03
1.01325D-03	7.00000D-01	1.95000E+03	2.84387E-02	1.66821E+03
1.01325D-03	7.00000D-01	1.97500E+03	2.91830E-02	1.79100E+03
1.01325D-03	7.00000D-01	2.00000E+03	2.99878E-02	1.92427E+03
1.01325D-03	7.00000D-01	2.02500E+03	3.08553E-02	2.06921E+03
1.01325D-03	7.00000D-01	2.05000E+03	3.17873E-02	2.22708E+03
1.01325D-03	7.00000D-01	2.07500E+03	3.27852E-02	2.39918E+03
1.01325D-03	7.00000D-01	2.10000E+03	3.38499E-02	2.58688E+03
1.01325D-03	7.00000D-01	2.12500E+03	3.49819E-02	2.79156E+03
1.01325D-03	7.00000D-01	2.15000E+03	3.61809E-02	3.01463E+03
1.01325D-03	7.00000D-01	2.17500E+03	3.74459E-02	3.25749E+03
1.01325D-03	7.00000D-01	2.20000E+03	3.87755E-02	3.52145E+03
1.01325D-03	7.00000D-01	2.22500E+03	4.01674E-02	3.80779E+03
1.01325D-03	7.00000D-01	2.25000E+03	4.16191E-02	4.11761E+03
1.01325D-03	7.00000D-01	2.27500E+03	4.31278E-02	4.45183E+03
1.01325D-03	7.00000D-01	2.30000E+03	4.46910E-02	4.81114E+03
1.01325D-03	7.00000D-01	2.32500E+03	4.63076E-02	5.19588E+03
1.01325D-03	7.00000D-01	2.35000E+03	4.79788E-02	5.60604E+03
1.01325D-03	7.00000D-01	2.37500E+03	4.97097E-02	6.04113E+03
1.01325D-03	7.00000D-01	2.40000E+03	5.15124E-02	6.50019E+03
1.01325D-03	7.00000D-01	2.42500E+03	5.34090E-02	6.98171E+03
1.01325D-03	7.00000D-01	2.45000E+03	5.54364E-02	7.48365E+03
1.01325D-03	7.00000D-01	2.47500E+03	5.76531E-02	8.00349E+03
1.01325D-03	7.00000D-01	2.50000E+03	6.01471E-02	8.53832E+03
1.01325D-03	7.00000D-01	2.52500E+03	6.30483E-02	9.08501E+03
1.01325D-03	7.00000D-01	2.55000E+03	6.65423E-02	9.64048E+03
1.01325D-03	7.00000D-01	2.57500E+03	7.08906E-02	1.02020E+04
1.01325D-03	7.00000D-01	2.60000E+03	7.64559E-02	1.07676E+04
1.01325D-03	7.00000D-01	2.62500E+03	8.37357E-02	1.13366E+04
1.01325D-03	7.00000D-01	2.65000E+03	9.34068E-02	1.19096E+04
1.01325D-03	7.00000D-01	2.67500E+03	1.06385E-01	1.24897E+04
1.01325D-03	7.00000D-01	2.70000E+03	1.23907E-01	1.30823E+04
1.01325D-03	7.00000D-01	2.72500E+03	1.47643E-01	1.36953E+04
1.01325D-03	7.00000D-01	2.75000E+03	1.79854E-01	1.43397E+04
1.01325D-03	7.00000D-01	2.77500E+03	2.23624E-01	1.50289E+04
1.01325D-03	7.00000D-01	2.80000E+03	2.83210E-01	1.57785E+04
1.01325D-03	7.00000D-01	2.82500E+03	3.64568E-01	1.66050E+04
1.01325D-03	7.00000D-01	2.85000E+03	4.76225E-01	1.75240E+04
1.01325D-03	7.00000D-01	2.87500E+03	6.30733E-01	1.85478E+04
1.01325D-03	7.00000D-01	2.90000E+03	8.47282E-01	1.96823E+04
1.01325D-03	7.00000D-01	2.92500E+03	1.15669E+00	2.09235E+04
1.01325D-03	7.00000D-01	2.95000E+03	1.61175E+00	2.22552E+04
1.01325D-03	7.00000D-01	2.97500E+03	2.31123E+00	2.36479E+04
1.01325D-03	7.00000D-01	3.00000E+03	3.46395E+00	2.50604E+04
1.01325D-03	7.00000D-01	3.02500E+03	5.60205E+00	2.64433E+04
1.01325D-03	7.00000D-01	3.05000E+03	1.05994E+01	2.77435E+04
1.01325D-03	7.00000D-01	3.07500E+03	3.29474E+01	2.89007E+04
1.01325D-03	7.00000D-01	3.10000E+03	3.29474E+01	2.89007E+04
1.01325D-03	7.00000D-01	3.12500E+03	3.29474E+01	2.89007E+04
1.01325D-03	7.00000D-01	3.15000E+03	3.29474E+01	2.89007E+04
1.01325D-03	7.00000D-01	3.17500E+03	3.29474E+01	2.89007E+04
1.01325D-03	7.00000D-01	3.20000E+03	3.29474E+01	2.89007E+04
1.01325D-03	7.00000D-01	3.22500E+03	3.29474E+01	2.89007E+04
1.01325D-03	7.00000D-01	3.25000E+03	3.29474E+01	2.89007E+04
1.01325D-03	7.00000D-01	3.27500E+03	3.29474E+01	2.89007E+04
1.01325D-03	7.00000D-01	3.30000E+03	3.29474E+01	2.89007E+04
1.01325D-03	7.00000D-01	3.32500E+03	3.29474E+01	2.89007E+04
1.01325D-03	7.00000D-01	3.35000E+03	3.29474E+01	2.89007E+04
1.01325D-03	7.00000D-01	3.37500E+03	3.29474E+01	2.89007E+04
1.01325D-03	7.00000D-01	3.40000E+03	3.29474E+01	2.89007E+04
1.01325D-03	7.00000D-01	3.42500E+03	3.29474E+01	2.89007E+04
1.01325D-03	7.00000D-01	3.45000E+03	3.29474E+01	2.89007E+04
1.01325D-03	7.00000D-01	3.47500E+03	3.29474E+01	2.89007E+04
1.01325D-03	7.00000D-01	3.50000E+03	3.29474E+01	2.89007E+04
1.01325D-03	7.00000D-01	3.52500E+03	3.29474E+01	2.89007E+04
1.01325D-03	7.00000D-01	3.55000E+03	3.29474E+01	2.89007E+04
1.01325D-03	7.00000D-01	3.57500E+03	3.29474E+01	2.89007E+04
1.01325D-03	7.00000D-01	3.60000E+03	3.29474E+01	2.89007E+04
1.01325D-03	7.00000D-01	3.62500E+03	3.29474E+01	2.89007E+04
1.01325D-03	7.00000D-01	3.65000E+03	3.29474E+01	2.89007E+04
1.01325D-03	7.00000D-01	3.67500E+03	3.29474E+01	2.89007E+04
1.01325D-03	7.00000D-01	3.70000E+03	3.29474E+01	2.89007E+04
1.01325D-03	7.00000D-01	3.72500E+03	3.29474E+01	2.89007E+04
1.01325D-03	7.00000D-01	3.75000E+03	3.29474E+01	2.89007E+04
1.01325D-03	7.00000D-01	3.77500E+03	3.29474E+01	2.89007E+04
1.01325D-03	7.00000D-01	3.80000E+03	3.29474E+01	2.89007E+04
1.01325D-03	7.00000D-01	3.82500E+03	3.29474E+01	2.89007E+04
1.01325D-03	7.00000D-01	3.85000E+03	3.29474E+01	2.89007E+04
1.01325D-03	7.00000D-01	3.87500E+03	3.29474E+01	2.89007E+04
1.01325D-03	7.00000D-01	3.90000E+03	3.29474E+01	2.89007E+04
1.01325D-03	7.00000D-01	3.92500E+03	3.29474E+01	2.89007E+04
1.01325D-03	7.00000D-01	3.95000E+03	3.29474E+01	2.89007E+04
1.01325D-03	7.00000D-01	3.97500E+03	3.29474E+01	2.89007E+04
1.01325D-03	7.00000D-01	4.00000E+03	3.29474E+01	2.89007E+04
p (bar)	B'g	Temp (K)	B'c	Hw (kJ/kg)
1.01325D-03	8.00000D-01	2.50000E+02	0.00000E+00	-5.77337E+03
1.01325D-03	8.00000D-01	2.75000E+02	0.00000E+00	-5.71766E+03
1.01325D-03	8.00000D-01	3.00000E+02	0.00000E+00	-5.65464E+03
1.01325D-03	8.00000D-01	3.25000E+02	0.00000E+00	-5.58536E+03
1.01325D-03	8.00000D-01	3.50000E+02	0.00000E+00	-5.51118E+03
1.01325D-03	8.00000D-01	3.75000E+02	0.00000E+00	-5.43263E+03
1.01325D-03	8.00000D-01	4.00000E+02	0.00000E+00	-5.34863E+03
1.01325D-03	8.00000D-01	4.25000E+02	0.00000E+00	-5.25591E+03
1.01325D-03	8.00000D-01	4.50000E+02	0.00000E+00	-5.14871E+03
1.01325D-03	8.00000D-01	4.75000E+02	0.00000E+00	-5.01914E+03
1.01325D-03	8.00000D-01	5.00000E+02	0.00000E+00	-4.85902E+03
1.01325D-03	8.00000D-01	5.25000E+02	0.00000E+00	-4.66410E+03
1.01325D-03	8.00000D-01	5.50000E+02	0.00000E+00	-4.43824E+03
1.01325D-03	8.00000D-01	5.75000E+02	0.00000E+00	-4.19121E+03
1.01325D-03	8.00000D-01	6.00000E+02	0.00000E+00	-3.92846E+03
1.01325D-03	8.00000D-01	6.25000E+02	0.00000E+00	-3.64232E+03
1.01325D-03	8.00000D-01	6.50000E+02	0.00000E+00	-3.31307E+03
1.01325D-03	8.00000D-01	6.75000E+02	0.00000E+00	-2.92201E+03
1.01325D-03	8.00000D-01	7.00000E+02	0.00000E+00	-2.47454E+03
1.01325D-03	8.00000D-01	7.25000E+02	0.00000E+00	-2.02042E+03
1.01325D-03	8.00000D-01	7.50000E+02	0.00000E+00	-1.63668E+03
1.01325D-03	8.00000D-01	7.75000E+02	0.00000E+00	-1.36722E+03
1.01325D-03	8.00000D-01	8.00000E+02	0.00000E+00	-1.19655E+03
1.01325D-03	8.00000D-01	8.25000E+02	0.00000E+00	-1.08632E+03
1.01325D-03	8.00000D-01	8.50000E+02	0.00000E+00	-1.00716E+03
1.01325D-03	8.00000D-01	8.75000E+02	0.00000E+00	-9.42943E+02
1.01325D-03	8.00000D-01	9.00000E+02	0.00000E+00	-8.85820E+02
1.01325D-03	8.00000D-01	9.25000E+02	0.00000E+00	-8.32085E+02
1.01325D-03	8.00000D-01	9.50000E+02	0.00000E+00	-7.79971E+02
1.01325D-03	8.00000D-01	9.75000E+02	0.00000E+00	-7.28611E+02
1.01325D-03	8.00000D-01	1.00000E+03	0.00000E+00	-6.77567E+02
1.01325D-03	8.00000D-01	1.02500E+03	0.00000E+00	-6.26616E+02
1.01325D-03	8.00000D-01	1.05000E+03	0.00000E+00	-5.75644E+02
1.01325D-03	8.00000D-01	1.07500E+03	0.00000E+00	-5.24581E+02
1.01325D-03	8.00000D-01	1.10000E+03	0.00000E+00	-4.73388E+02
1.01325D-03	8.00000D-01	1.12500E+03	0.00000E+00	-4.22041E+02
1.01325D-03	8.00000D-01	1.15000E+03	0.00000E+00	-3.70526E+02
1.01325D-03	8.00000D-01	1.17500E+03	0.00000E+00	-3.18830E+02
1.01325D-03	8.00000D-01	1.20000E+03	0.00000E+00	-2.66945E+02
1.01325D-03	8.00000D-01	1.22500E+03	0.00000E+00	-2.14863E+02
1.01325D-03	8.00000D-01	1.25000E+03	0.00000E+00	-1.62574E+02
1.01325D-03	8.00000D-01	1.27500E+03	1.64620E-05	-1.10067E+02
1.01325D-03	8.00000D-01	1.30000E+03	4.13796E-05	-5.73301E+01
1.01325D-03	8.00000D-01	1.32500E+03	7.15379E-05	-4.34432E+00
1.01325D-03	8.00000D-01	1.35000E+03	1.07846E-04	4.89121E+01
1.01325D-03	8.00000D-01	1.37500E+03	1.51296E-04	1.02467E+02
1.01325D-03	8.00000D-01	1.40000E+03	2.02974E-04	1.56357E+02
1.01325D-03	8.00000D-01	1.42500E+03	2.64065E-04	2.10625E+02
1.01325D-03	8.00000D-01	1.45000E+03	3.35864E-04	2.65328E+02
1.01325D-03	8.00000D-01	1.47500E+03	4.19772E-04	3.20534E+02
1.01325D-03	8.00000D-01	1.50000E+03	5.17310E-04	3.76327E+02
1.01325D-03	8.00000D-01	1.52500E+03	6.30118E-04	4.32808E+02
1.01325D-03	8.00000D-01	1.55000E+03	7.59961E-04	4.90101E+02
1.01325D-03	8.00000D-01	1.57500E+03	9.08731E-04	5.48352E+02
1.01325D-03	8.00000D-01	1.60000E+03	1.07845E-03	6.07735E+02
1.01325D-03	8.00000D-01	1.62500E+03	1.27126E-03	6.68457E+02
1.01325D-03	8.00000D-01	1.65000E+03	1.48946E-03	7.30758E+02
1.01325D-03	8.00000D-01	1.67500E+03	1.73545E-03	7.94920E+02
1.01325D-03	8.00000D-01	1.70000E+03	2.01178E-03	8.61267E+02
1.01325D-03	8.00000D-01	1.72500E+03	2.32111E-03	9.30174E+02
1.01325D-03	8.00000D-01	1.75000E+03	2.66624E-03	1.00207E+03
1.01325D-03	8.00000D-01	1.77500E+03	3.05005E-03	1.07744E+03
1.01325D-03	8.00000D-01	1.80000E+03	3.47553E-03	1.15683E+03
1.01325D-03	8.00000D-01	1.82500E+03	3.94576E-03	1.24087E+03
1.01325D-03	8.00000D-01	1.85000E+03	4.46388E-03	1.33024E+03
1.01325D-03	8.00000D-01	1.87500E+03	5.03305E-03	1.42571E+03
1.01325D-03	8.00000D-01	1.90000E+03	5.65644E-03	1.52813E+03
1.01325D-03	8.00000D-01	1.92500E+03	6.33718E-03	1.63844E+03
1.01325D-03	8.00000D-01	1.95000E+03	7.07835E-03	1.75764E+03
1.01325D-03	8.00000D-01	1.97500E+03	7.88285E-03	1.88685E+03
1.01325D-03	8.00000D-01	2.00000E+03	8.75341E-03	2.02725E+03
1.01325D-03	8.00000D-01	2.02500E+03	9.69250E-03	2.18011E+03
1.01325D-03	8.00000D-01	2.05000E+03	1.07022E-02	2.34678E+03
1.01325D-03	8.00000D-01	2.07500E+03	1.17843E-02	2.52866E+03
1.01325D-03	8.00000D-01	2.10000E+03	1.29399E-02	2.72724E+03
1.01325D-03	8.00000D-01	2.12500E+03	1.41696E-02	2.94401E+03
1.01325D-03	8.00000D-01	2.15000E+03	1.54733E-02	3.18051E+03
1.01325D-03	8.00000D-01	2.17500E+03	1.68502E-02	3.43825E+03
1.01325D-03	8.00000D-01	2.20000E+03	1.82989E-02	3.71870E+03
1.01325D-03	8.00000D-01	2.22500E+03	1.98172E-02	4.02324E+03
1.01325D-03	8.00000D-01	2.25000E+03	2.14024E-02	4.35314E+03
1.01325D-03	8.00000D-01	2.27500E+03	2.30516E-02	4.70943E+03
1.01325D-03	8.00000D-01	2.30000E+03	2.47624E-02	5.09293E+03
1.01325D-03	8.00000D-01	2.32500E+03	2.65335E-02	5.50410E+03
1.01325D-03	8.00000D-01	2.35000E+03	2.83662E-02	5.94300E+03
1.01325D-03	8.00000D-01	2.37500E+03	3.02663E-02	6.40923E+03
1.01325D-03	8.00000D-01	2.40000E+03	3.22465E-02	6.90183E+03
1.01325D-03	8.00000D-01	2.42500E+03	3.43307E-02	7.41927E+03
1.01325D-03	8.00000D-01	2.45000E+03	3.65590E-02	7.95944E+03
1.01325D-03	8.00000D-01	2.47500E+03	3.89946E-02	8.51965E+03
1.01325D-03	8.00000D-01	2.50000E+03	4.17336E-02	9.09675E+03
1.01325D-03	8.00000D-01	2.52500E+03	4.49171E-02	9.68731E+03
1.01325D-03	8.00000D-01	2.55000E+03	4.87480E-02	1.02878E+04
1.01325D-03	8.00000D-01	2.57500E+03	5.35124E-02	1.08951E+04
1.01325D-03	8.00000D-01	2.60000E+03	5.96076E-02	1.15065E+04
1.01325D-03	8.00000D-01	2.62500E+03	6.75795E-02	1.21206E+04
1.01325D-03	8.00000D-01	2.65000E+03	7.81716E-02	1.27376E+04
1.01325D-03	8.00000D-01	2.67500E+03	9.23911E-02	1.33596E+04
1.01325D-03	8.00000D-01	2.70000E+03	1.11598E-01	1.39910E+04
1.01325D-03	8.00000D-01	2.72500E+03	1.37631E-01	1.46390E+04
1.01325D-03	8.00000D-01	2.75000E+03	1.72980E-01	1.53133E+04
1.01325D-03	8.00000D-01	2.77500E+03	2.21042E-01	1.60261E+04
1.01325D-03	8.00000D-01	2.80000E+03	2.86503E-01	1.67913E+04
1.01325D-03	8.00000D-01	2.82500E+03	3.75926E-01	1.76232E+04
1.01325D-03	8.00000D-01	2.85000E+03	4.98699E-01	1.85352E+04
1.01325D-03	8.00000D-01	2.87500E+03	6.68646E-01	1.95365E+04
1.01325D-03	8.00000D-01	2.90000E+03	9.06895E-01	2.06300E+04
1.01325D-03	8.00000D-01	2.92500E+03	1.24737E+00	2.18087E+04
1.01325D-03	8.00000D-01	2.95000E+03	1.74818E+00	2.30544E+04
1.01325D-03	8.00000D-01	2.97500E+03	2.51799E+00	2.43371E+04
1.01325D-03	8.00000D-01	3.00000E+03	3.78651E+00	2.56176E+04
1.01325D-03	8.00000D-01	3.02500E+03	6.13876E+00	2.68510E+04
1.01325D-03	8.00000D-01	3.05000E+03	1.16334E+01	2.79916E+04
1.01325D-03	8.00000D-01	3.07500E+03	3.61654E+01	2.89886E+04
1.01325D-03	8.00000D-01	3.10000E+03	3.61654E+01	2.89886E+04
1.01325D-03	8.00000D-01	3.12500E+03	3.61654E+01	2.89886E+04
1.01325D-03	8.00000D-01	3.15000E+03	3.61654E+01	2.89886E+04
1.01325D-03	8.00000D-01	3.17500E+03	3.61654E+01	2.89886E+04
1.01325D-03	8.00000D-01	3.20000E+03	3.61654E+01	2.89886E+04
1.01325D-03	8.00000D-01	3.22500E+03	3.61654E+01	2.89886E+04
1.01325D-03	8.00000D-01	3.25000E+03	3.61654E+01	2.89886E+04
1.01325D-03	8.00000D-01	3.27500E+03	3.61654E+01	2.89886E+04
1.01325D-03	8.00000D-01	3.30000E+03	3.61654E+01	2.89886E+04
1.01325D-03	8.00000D-01	3.32500E+03	3.61654E+01	2.89886E+04
1.01325D-03	8.00000D-01	3.35000E+03	3.61654E+01	2.89886E+04
1.01325D-03	8.00000D-01	3.37500E+03	3.61654E+01	2.89886E+04
1.01325D-03	8.00000D-01	3.40000E+03	3.61654E+01	2.89886E+04
1.01325D-03	8.00000D-01	3.42500E+03	3.61654E+01	2.89886E+04
1.01325D-03	8.00000D-01	3.45000E+03	3.61654E+01	2.89886E+04
1.01325D-03	8.00000D-01	3.47500E+03	3.61654E+01	2.89886E+04
1.01325D-03	8.00000D-01	3.50000E+03	3.61654E+01	2.89886E+04
1.01325D-03	8.00000D-01	3.52500E+03	3.61654E+01	2.89886E+04
1.01325D-03	8.00000D-01	3.55000E+03	3.61654E+01	2.89886E+04
1.01325D-03	8.00000D-01	3.57500E+03	3.61654E+01	2.89886E+04
1.01325D-03	8.00000D-01	3.60000E+03	3.61654E+01	2.89886E+04
1.01325D-03	8.00000D-01	3.62500E+03	3.61654E+01	2.89886E+04
1.01325D-03	8.00000D-01	3.65000E+03	3.61654E+01	2.89886E+04
1.01325D-03	8.00000D-01	3.67500E+03	3.61654E+01	2.89886E+04
1.01325D-03	8.00000D-01	3.70000E+03	3.61654E+01	2.89886E+04
1.01325D-03	8.00000D-01	3.72500E+03	3.61654E+01	2.89886E+04
1.01325D-03	8.00000D-01	3.75000E+03	3.61654E+01	2.89886E+04
1.01325D-03	8.00000D-01	3.77500E+03	3.61654E+01	2.89886E+04
1.01325D-03	8.00000D-01	3.80000E+03	3.61654E+01	2.89886E+04
1.01325D-03	8.00000D-01	3.82500E+03	3.61654E+01	2.89886E+04
1.01325D-03	8.00000D-01	3.85000E+03	3.61654E+01	2.89886E+04
1.01325D-03	8.00000D-01	3.87500E+03	3.61654E+01	2.89886E+04
1.01325D-03	8.00000D-01	3.90000E+03	3.61654E+01	2.89886E+04
1.01325D-03	8.00000D-01	3.92500E+03	3.61654E+01	2.89886E+04
1.01325D-03	8.00000D-01	3.95000E+03	3.61654E+01	2.89886E+04
1.01325D-03	8.00000D-01	3.97500E+03	3.61654E+01	2.89886E+04
1.01325D-03	8.00000D-01	4.00000E+03	3.61654E+01	2.89886E+04
p (bar)	B'g	Temp (K)	B'c	Hw (kJ/kg)
1.01325D-03	9.00000D-01	2.50000E+02	0.00000E+00	-5.95026E+03
1.01325D-03	9.00000D-01	2.75000E+02	0.00000E+00	-5.89500E+03
1.01325D-03	9.00000D-01	3.00000E+02	0.00000E+00	-5.83251E+03
1.01325D-03	9.00000D-01	3.25000E+02	0.00000E+00	-5.76361E+03
1.01325D-03	9.00000D-01	3.50000E+02	0.00000E+00	-5.68948E+03
1.01325D-03	9.00000D-01	3.75000E+02	0.00000E+00	-5.61069E+03
1.01325D-03	9.00000D-01	4.00000E+02	0.00000E+00	-5.52625E+03
1.01325D-03	9.00000D-01	4.25000E+02	0.00000E+00	-5.43302E+03
1.01325D-03	9.00000D-01	4.50000E+02	0.00000E+00	-5.32524E+03
1.01325D-03	9.00000D-01	4.75000E+02	0.00000E+00	-5.19468E+03
1.01325D-03	9.00000D-01	5.00000E+02	0.00000E+00	-5.03228E+03
1.01325D-03	9.00000D-01	5.25000E+02	0.00000E+00	-4.83246E+03
1.01325D-03	9.00000D-01	5.50000E+02	0.00000E+00	-4.59806E+03
1.01325D-03	9.00000D-01	5.75000E+02	0.00000E+00	-4.33909E+03
1.01325D-03	9.00000D-01	6.00000E+02	0.00000E+00	-4.06222E+03
1.01325D-03	9.00000D-01	6.25000E+02	0.00000E+00	-3.76069E+03
1.01325D-03	9.00000D-01	6.50000E+02	0.00000E+00	-3.41495E+03
1.01325D-03	9.00000D-01	6.75000E+02	0.00000E+00	-3.00621E+03
1.01325D-03	9.00000D-01	7.00000E+02	0.00000E+00	-2.54057E+03
1.01325D-03	9.00000D-01	7.25000E+02	0.00000E+00	-2.06986E+03
1.01325D-03	9.00000D-01	7.50000E+02	0.00000E+00	-1.67333E+03
1.01325D-03	9.00000D-01	7.75000E+02	0.00000E+00	-1.39541E+03
1.01325D-03	9.00000D-01	8.00000E+02	0.00000E+00	-1.21945E+03
1.01325D-03	9.00000D-01	8.25000E+02	0.00000E+00	-1.10574E+03
1.01325D-03	9.00000D-01	8.50000E+02	0.00000E+00	-1.02401E+03
1.01325D-03	9.00000D-01	8.75000E+02	0.00000E+00	-9.57677E+02
1.01325D-03	9.00000D-01	9.00000E+02	0.00000E+00	-8.98662E+02
1.01325D-03	9.00000D-01	9.25000E+02	0.00000E+00	-8.43149E+02
1.01325D-03	9.00000D-01	9.50000E+02	0.00000E+00	-7.89314E+02
1.01325D-03	9.00000D-01	9.75000E+02	0.00000E+00	-7.36262E+02
1.01325D-03	9.00000D-01	1.00000E+03	0.00000E+00	-6.83541E+02
1.01325D-03	9.00000D-01	1.02500E+03	0.00000E+00	-6.30920E+02
1.01325D-03	9.00000D-01	1.05000E+03	0.00000E+00	-5.78279E+02
1.01325D-03	9.00000D-01	1.07500E+03	0.00000E+00	-5.25547E+02
1.01325D-03	9.00000D-01	1.10000E+03	0.00000E+00	-4.72683E+02
1.01325D-03	9.00000D-01	1.12500E+03	0.00000E+00	-4.19661E+02
1.01325D-03	9.00000D-01	1.15000E+03	0.00000E+00	-3.66465E+02
1.01325D-03	9.00000D-01	1.17500E+03	0.00000E+00	-3.13083E+02
1.01325D-03	9.00000D-01	1.20000E+03	0.00000E+00	-2.59507E+02
1.01325D-03	9.00000D-01	1.22500E+03	0.00000E+00	-2.05727E+02
1.01325D-03	9.00000D-01	1.25000E+03	0.00000E+00	-1.51734E+02
1.01325D-03	9.00000D-01	1.27500E+03	0.00000E+00	-9.75152E+01
1.01325D-03	9.00000D-01	1.30000E+03	0.00000E+00	-4.30571E+01
1.01325D-03	9.00000D-01	1.32500E+03	0.00000E+00	1.16587E+01
1.01325D-03	9.00000D-01	1.35000E+03	0.00000E+00	6.66555E+01
1.01325D-03	9.00000D-01	1.37500E+03	0.00000E+00	1.21963E+02
1.01325D-03	9.00000D-01	1.40000E+03	0.00000E+00	1.77618E+02
1.01325D-03	9.00000D-01	1.42500E+03	0.00000E+00	2.33669E+02
1.01325D-03	9.00000D-01	1.45000E+03	0.00000E+00	2.90173E+02
1.01325D-03	9.00000D-01	1.47500E+03	0.00000E+00	3.47203E+02
1.01325D-03	9.00000D-01	1.50000E+03	0.00000E+00	4.04846E+02
1.01325D-03	9.00000D-01	1.52500E+03	0.00000E+00	4.63211E+02
1.01325D-03	9.00000D-01	1.55000E+03	0.00000E+00	5.22425E+02
1.01325D-03	9.00000D-01	1.57500E+03	0.00000E+00	5.82645E+02
1.01325D-03	9.00000D-01	1.60000E+03	0.00000E+00	6.44054E+02
1.01325D-03	9.00000D-01	1.62500E+03	0.00000E+00	7.06867E+02
1.01325D-03	9.00000D-01	1.65000E+03	0.00000E+00	7.71341E+02
1.01325D-03	9.00000D-01	1.67500E+03	0.00000E+00	8.37771E+02
1.01325D-03	9.00000D-01	1.70000E+03	0.00000E+00	9.06500E+02
1.01325D-03	9.00000D-01	1.72500E+03	0.00000E+00	9.77923E+02
1.01325D-03	9.00000D-01	1.75000E+03	0.00000E+00	1.05249E+03
1.01325D-03	9.00000D-01	1.77500E+03	0.00000E+00	1.13072E+03
1.01325D-03	9.00000D-01	1.80000E+03	0.00000E+00	1.21319E+03
1.01325D-03	9.00000D-01	1.82500E+03	0.00000E+00	1.30055E+03
1.01325D-03	9.00000D-01	1.85000E+03	0.00000E+00	1.39354E+03
1.01325D-03	9.00000D-01	1.87500E+03	0.00000E+00	1.49296E+03
1.01325D-03	9.00000D-01	1.90000E+03	0.00000E+00	1.59971E+03
1.01325D-03	9.00000D-01	1.92500E+03	0.00000E+00	1.71479E+03
1.01325D-03	9.00000D-01	1.95000E+03	0.00000E+00	1.83927E+03
1.01325D-03	9.00000D-01	1.97500E+03	0.00000E+00	1.97431E+03
1.01325D-03	9.00000D-01	2.00000E+03	0.00000E+00	2.12118E+03
1.01325D-03	9.00000D-01	2.02500E+03	0.00000E+00	2.28123E+03
1.01325D-03	9.00000D-01	2.05000E+03	0.00000E+00	2.45589E+03
1.01325D-03	9.00000D-01	2.07500E+03	0.00000E+00	2.64666E+03
1.01325D-03	9.00000D-01	2.10000E+03	0.00000E+00	2.85511E+03
1.01325D-03	9.00000D-01	2.12500E+03	0.00000E+00	3.08286E+03
1.01325D-03	9.00000D-01	2.15000E+03	0.00000E+00	3.33154E+03
1.01325D-03	9.00000D-01	2.17500E+03	0.00000E+00	3.60279E+03
1.01325D-03	9.00000D-01	2.20000E+03	0.00000E+00	3.89820E+03
1.01325D-03	9.00000D-01	2.22500E+03	0.00000E+00	4.21928E+03
1.01325D-03	9.00000D-01	2.25000E+03	1.11213E-03	4.56740E+03
1.01325D-03	9.00000D-01	2.27500E+03	2.89651E-03	4.94374E+03
1.01325D-03	9.00000D-01	2.30000E+03	4.74929E-03	5.34920E+03
1.01325D-03	9.00000D-01	2.32500E+03	6.66920E-03	5.78437E+03
1.01325D-03	9.00000D-01	2.35000E+03	8.65766E-03	6.24939E+03
1.01325D-03	9.00000D-01	2.37500E+03	1.07208E-02	6.74391E+03
1.01325D-03	9.00000D-01	2.40000E+03	1.28726E-02	7.26700E+03
1.01325D-03	9.00000D-01	2.42500E+03	1.51385E-02	7.81711E+03
1.01325D-03	9.00000D-01	2.45000E+03	1.75617E-02	8.39205E+03
1.01325D-03	9.00000D-01	2.47500E+03	2.02104E-02	8.98899E+03
1.01325D-03	9.00000D-01	2.50000E+03	2.31885E-02	9.60459E+03
1.01325D-03	9.00000D-01	2.52500E+03	2.66488E-02	1.02351E+04
1.01325D-03	9.00000D-01	2.55000E+03	3.08111E-02	1.08767E+04
1.01325D-03	9.00000D-01	2.57500E+03	3.59861E-02	1.15255E+04
1.01325D-03	9.00000D-01	2.60000E+03	4.26059E-02	1.21787E+04
1.01325D-03	9.00000D-01	2.62500E+03	5.12647E-02	1.28340E+04
1.01325D-03	9.00000D-01	2.65000E+03	6.27726E-02	1.34909E+04
1.01325D-03	9.00000D-01	2.67500E+03	7.82278E-02	1.41508E+04
1.01325D-03	9.00000D-01	2.70000E+03	9.91143E-02	1.48172E+04
1.01325D-03	9.00000D-01	2.72500E+03	1.27438E-01	1.54963E+04
1.01325D-03	9.00000D-01	2.75000E+03	1.65917E-01	1.61968E+04
1.01325D-03	9.00000D-01	2.77500E+03	2.18263E-01	1.69295E+04
1.01325D-03	9.00000D-01	2.80000E+03	2.89591E-01	1.77066E+04
1.01325D-03	9.00000D-01	2.82500E+03	3.87066E-01	1.85407E+04
1.01325D-03	9.00000D-01	2.85000E+03	5.20942E-01	1.94427E+04
1.01325D-03	9.00000D-01	2.87500E+03	7.06311E-01	2.04195E+04
1.01325D-03	9.00000D-01	2.90000E+03	9.66237E-01	2.14712E+04
1.01325D-03	9.00000D-01	2.92500E+03	1.33775E+00	2.25888E+04
1.01325D-03	9.00000D-01	2.95000E+03	1.88427E+00	2.37530E+04
1.01325D-03	9.00000D-01	2.97500E+03	2.72434E+00	2.49343E+04
1.01325D-03	9.00000D-01	3.00000E+03	4.10853E+00	2.60958E+04
1.01325D-03	9.00000D-01	3.02500E+03	6.67466E+00	2.71978E+04
1.01325D-03	9.00000D-01	3.05000E+03	1.26659E+01	2.82007E+04
1.01325D-03	9.00000D-01	3.07500E+03	3.93771E+01	2.90621E+04
1.01325D-03	9.00000D-01	3.10000E+03	3.93771E+01	2.90621E+04
1.01325D-03	9.00000D-01	3.12500E+03	3.93771E+01	2.90621E+04
1.01325D-03	9.00000D-01	3.15000E+03	3.93771E+01	2.90621E+04
1.01325D-03	9.00000D-01	3.17500E+03	3.93771E+01	2.90621E+04
1.01325D-03	9.00000D-01	3.20000E+03	3.93771E+01	2.90621E+04
1.01325D-03	9.00000D-01	3.22500E+03	3.93771E+01	2.90621E+04
1.01325D-03	9.00000D-01	3.25000E+03	3.93771E+01	2.90621E+04
1.01325D-03	9.00000D-01	3.27500E+03	3.93771E+01	2.90621E+04
1.01325D-03	9.00000D-01	3.30000E+03	3.93771E+01	2.90621E+04
1.01325D-03	9.00000D-01	3.32500E+03	3.93771E+01	2.90621E+04
1.01325D-03	9.00000D-01	3.35000E+03	3.93771E+01	2.90621E+04
1.01325D-03	9.00000D-01	3.37500E+03	3.93771E+01	2.90621E+04
1.01325D-03	9.00000D-01	3.40000E+03	3.93771E+01	2.90621E+04
1.01325D-03	9.00000D-01	3.42500E+03	3.93771E+01	2.90621E+04
1.01325D-03	9.00000D-01	3.45000E+03	3.93771E+01	2.90621E+04
1.01325D-03	9.00000D-01	3.47500E+03	3.93771E+01	2.90621E+04
1.01325D-03	9.00000D-01	3.50000E+03	3.93771E+01	2.90621E+04
1.01325D-03	9.00000D-01	3.52500E+03	3.93771E+01	2.90621E+04
1.01325D-03	9.00000D-01	3.55000E+03	3.93771E+01	2.90621E+04
1.01325D-03	9.00000D-01	3.57500E+03	3.93771E+01	2.90621E+04
1.01325D-03	9.00000D-01	3.60000E+03	3.93771E+01	2.90621E+04
1.01325D-03	9.00000D-01	3.62500E+03	3.93771E+01	2.90621E+04
1.01325D-03	9.00000D-01	3.65000E+03	3.93771E+01	2.90621E+04
1.01325D-03	9.00000D-01	3.67500E+03	3.93771E+01	2.90621E+04
1.01325D-03	9.00000D-01	3.70000E+03	3.93771E+01	2.90621E+04
1.01325D-03	9.00000D-01	3.72500E+03	3.93771E+01	2.90621E+04
1.01325D-03	9.00000D-01	3.75000E+03	3.93771E+01	2.90621E+04
1.01325D-03	9.00000D-01	3.77500E+03	3.93771E+01	2.90621E+04
1.01325D-03	9.00000D-01	3.80000E+03	3.93771E+01	2.90621E+04
1.01325D-03	9.00000D-01	3.82500E+03	3.93771E+01	2.90621E+04
1.01325D-03	9.00000D-01	3.85000E+03	3.93771E+01	2.90621E+04
1.01325D-03	9.00000D-01	3.87500E+03	3.93771E+01	2.90621E+04
1.01325D-03	9.00000D-01	3.90000E+03	3.93771E+01	2.90621E+04
1.01325D-03	9.00000D-01	3.92500E+03	3.93771E+01	2.90621E+04
1.01325D-03	9.00000D-01	3.95000E+03	3.93771E+01	2.90621E+04
1.01325D-03	9.00000D-01	3.97500E+03	3.93771E+01	2.90621E+04
1.01325D-03	9.00000D-01	4.00000E+03	3.93771E+01	2.90621E+04
p (bar)	B'g	Temp (K)	B'c	Hw (kJ/kg)
1.01325D-03	1.00000D+00	2.50000E+02	0.00000E+00	-6.11061E+03
1.01325D-03	1.00000D+00	2.75000E+02	0.00000E+00	-6.05554E+03
1.01325D-03	1.00000D+00	3.00000E+02	0.00000E+00	-5.99332E+03
1.01325D-03	1.00000D+00	3.25000E+02	0.00000E+00	-5.92460E+03
1.01325D-03	1.00000D+00	3.50000E+02	0.00000E+00	-5.85045E+03
1.01325D-03	1.00000D+00	3.75000E+02	0.00000E+00	-5.77144E+03
1.01325D-03	1.00000D+00	4.00000E+02	0.00000E+00	-5.68668E+03
1.01325D-03	1.00000D+00	4.25000E+02	0.00000E+00	-5.59315E+03
1.01325D-03	1.00000D+00	4.50000E+02	0.00000E+00	-5.48511E+03
1.01325D-03	1.00000D+00	4.75000E+02	0.00000E+00	-5.35407E+03
1.01325D-03	1.00000D+00	5.00000E+02	0.00000E+00	-5.19019E+03
1.01325D-03	1.00000D+00	5.25000E+02	0.00000E+00	-4.98659E+03
1.01325D-03	1.00000D+00	5.50000E+02	0.00000E+00	-4.74502E+03
1.01325D-03	1.00000D+00	5.75000E+02	0.00000E+00	-4.47555E+03
1.01325D-03	1.00000D+00	6.00000E+02	0.00000E+00	-4.18589E+03
1.01325D-03	1.00000D+00	6.25000E+02	0.00000E+00	-3.87022E+03
1.01325D-03	1.00000D+00	6.50000E+02	0.00000E+00	-3.50921E+03
1.01325D-03	1.00000D+00	6.75000E+02	0.00000E+00	-3.08405E+03
1.01325D-03	1.00000D+00	7.00000E+02	0.00000E+00	-2.60155E+03
1.01325D-03	1.00000D+00	7.25000E+02	0.00000E+00	-2.11545E+03
1.01325D-03	1.00000D+00	7.50000E+02	0.00000E+00	-1.70710E+03
1.01325D-03	1.00000D+00	7.75000E+02	0.00000E+00	-1.42136E+03
1.01325D-03	1.00000D+00	8.00000E+02	0.00000E+00	-1.24052E+03
1.01325D-03	1.00000D+00	8.25000E+02	0.00000E+00	-1.12360E+03
1.01325D-03	1.00000D+00	8.50000E+02	0.00000E+00	-1.03951E+03
1.01325D-03	1.00000D+00	8.75000E+02	0.00000E+00	-9.71234E+02
1.01325D-03	1.00000D+00	9.00000E+02	0.00000E+00	-9.10479E+02
1.01325D-03	1.00000D+00	9.25000E+02	0.00000E+00	-8.53329E+02
1.01325D-03	1.00000D+00	9.50000E+02	0.00000E+00	-7.97910E+02
1.01325D-03	1.00000D+00	9.75000E+02	0.00000E+00	-7.43302E+02
1.01325D-03	1.00000D+00	1.00000E+03	0.00000E+00	-6.89038E+02
1.01325D-03	1.00000D+00	1.02500E+03	0.00000E+00	-6.34880E+02
1.01325D-03	1.00000D+00	1.05000E+03	0.00000E+00	-5.80704E+02
1.01325D-03	1.00000D+00	1.07500E+03	0.00000E+00	-5.26437E+02
1.01325D-03	1.00000D+00	1.10000E+03	0.00000E+00	-4.72034E+02
1.01325D-03	1.00000D+00	1.12500E+03	0.00000E+00	-4.17471E+02
1.01325D-03	1.00000D+00	1.15000E+03	0.00000E+00	-3.62729E+02
1.01325D-03	1.00000D+00	1.17500E+03	0.00000E+00	-3.07797E+02
1.01325D-03	1.00000D+00	1.20000E+03	0.00000E+00	-2.52665E+02
1.01325D-03	1.00000D+00	1.22500E+03	0.00000E+00	-1.97323E+02
1.01325D-03	1.00000D+00	1.25000E+03	0.00000E+00	-1.41761E+02
1.01325D-03	1.00000D+00	1.27500E+03	0.00000E+00	-8.59676E+01
1.01325D-03	1.00000D+00	1.30000E+03	0.00000E+00	-2.99269E+01
1.01325D-03	1.00000D+00	1.32500E+03	0.00000E+00	2.63800E+01
1.01325D-03	1.00000D+00	1.35000E+03	0.00000E+00	8.29773E+01
1.01325D-03	1.00000D+00	1.37500E+03	0.00000E+00	1.39896E+02
1.01325D-03	1.00000D+00	1.40000E+03	0.00000E+00	1.97175E+02
1.01325D-03	1.00000D+00	1.42500E+03	0.00000E+00	2.54864E+02
1.01325D-03	1.00000D+00	1.45000E+03	0.00000E+00	3.13024E+02
1.01325D-03	1.00000D+00	1.47500E+03	0.00000E+00	3.71729E+02
1.01325D-03	1.00000D+00	1.50000E+03	0.00000E+00	4.31073E+02
1.01325D-03	1.00000D+00	1.52500E+03	0.00000E+00	4.91167E+02
1.01325D-03	1.00000D+00	1.55000E+03	0.00000E+00	5.52147E+02
1.01325D-03	1.00000D+00	1.57500E+03	0.00000E+00	6.14174E+02
1.01325D-03	1.00000D+00	1.60000E+03	0.00000E+00	6.77440E+02
1.01325D-03	1.00000D+00	1.62500E+03	0.00000E+00	7.42174E+02
1.01325D-03	1.00000D+00	1.65000E+03	0.00000E+00	8.08640E+02
1.01325D-03	1.00000D+00	1.67500E+03	0.00000E+00	8.77149E+02
1.01325D-03	1.00000D+00	1.70000E+03	0.00000E+00	9.48061E+02
1.01325D-03	1.00000D+00	1.72500E+03	0.00000E+00	1.02179E+03
1.01325D-03	1.00000D+00	1.75000E+03	0.00000E+00	1.09881E+03
1.01325D-03	1.00000D+00	1.77500E+03	0.00000E+00	1.17965E+03
1.01325D-03	1.00000D+00	1.80000E+03	0.00000E+00	1.26493E+03
1.01325D-03	1.00000D+00	1.82500E+03	0.00000E+00	1.35534E+03
1.01325D-03	1.00000D+00	1.85000E+03	0.00000E+00	1.45163E+03
1.01325D-03	1.00000D+00	1.87500E+03	0.00000E+00	1.55466E+03
1.01325D-03	1.00000D+00	1.90000E+03	0.00000E+00	1.66538E+03
1.01325D-03	1.00000D+00	1.92500E+03	0.00000E+00	1.78481E+03
1.01325D-03	1.00000D+00	1.95000E+03	0.00000E+00	1.91410E+03
1.01325D-03	1.00000D+00	1.97500E+03	0.00000E+00	2.05447E+03
1.01325D-03	1.00000D+00	2.00000E+03	0.00000E+00	2.20725E+03
1.01325D-03	1.00000D+00	2.02500E+03	0.00000E+00	2.37386E+03
1.01325D-03	1.00000D+00	2.05000E+03	0.00000E+00	2.55581E+03
1.01325D-03	1.00000D+00	2.07500E+03	0.00000E+00	2.75469E+03
1.01325D-03	1.00000D+00	2.10000E+03	0.00000E+00	2.97216E+03
1.01325D-03	1.00000D+00	2.12500E+03	0.00000E+00	3.20993E+03
1.01325D-03	1.00000D+00	2.15000E+03	0.00000E+00	3.46974E+03
1.01325D-03	1.00000D+00	2.17500E+03	0.00000E+00	3.75333E+03
1.01325D-03	1.00000D+00	2.20000E+03	0.00000E+00	4.06239E+03
1.01325D-03	1.00000D+00	2.22500E+03	0.00000E+00	4.39856E+03
1.01325D-03	1.00000D+00	2.25000E+03	0.00000E+00	4.76332E+03
1.01325D-03	1.00000D+00	2.27500E+03	0.00000E+00	5.15796E+03
1.01325D-03	1.00000D+00	2.30000E+03	0.00000E+00	5.58349E+03
1.01325D-03	1.00000D+00	2.32500E+03	0.00000E+00	6.04058E+03
1.01325D-03	1.00000D+00	2.35000E+03	0.00000E+00	6.52945E+03
1.01325D-03	1.00000D+00	2.37500E+03	0.00000E+00	7.04982E+03
1.01325D-03	1.00000D+00	2.40000E+03	0.00000E+00	7.60077E+03
1.01325D-03	1.00000D+00	2.42500E+03	0.00000E+00	8.18075E+03
1.01325D-03	1.00000D+00	2.45000E+03	0.00000E+00	8.78748E+03
1.01325D-03	1.00000D+00	2.47500E+03	1.32091E-03	9.41804E+03
1.01325D-03	1.00000D+00	2.50000E+03	4.53321E-03	1.00689E+04
1.01325D-03	1.00000D+00	2.52500E+03	8.26538E-03	1.07359E+04
1.01325D-03	1.00000D+00	2.55000E+03	1.27545E-02	1.14150E+04
1.01325D-03	1.00000D+00	2.57500E+03	1.83356E-02	1.21021E+04
1.01325D-03	1.00000D+00	2.60000E+03	2.54755E-02	1.27934E+04
1.01325D-03	1.00000D+00	2.62500E+03	3.48167E-02	1.34863E+04
1.01325D-03	1.00000D+00	2.65000E+03	4.72358E-02	1.41797E+04
1.01325D-03	1.00000D+00	2.67500E+03	6.39218E-02	1.48740E+04
1.01325D-03	1.00000D+00	2.70000E+03	8.64826E-02	1.55720E+04
1.01325D-03	1.00000D+00	2.72500E+03	1.17092E-01	1.62790E+04
1.01325D-03	1.00000D+00	2.75000E+03	1.58696E-01	1.70025E+04
1.01325D-03	1.00000D+00	2.77500E+03	2.15318E-01	1.77520E+04
1.01325D-03	1.00000D+00	2.80000E+03	2.92504E-01	1.85382E+04
1.01325D-03	1.00000D+00	2.82500E+03	3.98023E-01	1.93719E+04
1.01325D-03	1.00000D+00	2.85000E+03	5.42990E-01	2.02620E+04
1.01325D-03	1.00000D+00	2.87500E+03	7.43766E-01	2.12130E+04
1.01325D-03	1.00000D+00	2.90000E+03	1.02535E+00	2.22231E+04
1.01325D-03	1.00000D+00	2.92500E+03	1.42787E+00	2.32817E+04
1.01325D-03	1.00000D+00	2.95000E+03	2.02006E+00	2.43691E+04
1.01325D-03	1.00000D+00	2.97500E+03	2.93033E+00	2.54568E+04
1.01325D-03	1.00000D+00	3.00000E+03	4.43007E+00	2.65110E+04
1.01325D-03	1.00000D+00	3.02500E+03	7.20986E+00	2.74963E+04
1.01325D-03	1.00000D+00	3.05000E+03	1.36970E+01	2.83793E+04
1.01325D-03	1.00000D+00	3.07500E+03	4.25836E+01	2.91245E+04
1.01325D-03	1.00000D+00	3.10000E+03	4.25836E+01	2.91245E+04
1.01325D-03	1.00000D+00	3.12500E+03	4.25836E+01	2.91245E+04
1.01325D-03	1.00000D+00	3.15000E+03	4.25836E+01	2.91245E+04
1.01325D-03	1.00000D+00	3.17500E+03	4.25836E+01	2.91245E+04
1.01325D-03	1.00000D+00	3.20000E+03	4.25836E+01	2.91245E+04
1.01325D-03	1.00000D+00	3.22500E+03	4.25836E+01	2.91245E+04
1.01325D-03	1.00000D+00	3.25000E+03	4.25836E+01	2.91245E+04
1.01325D-03	1.00000D+00	3.27500E+03	4.25836E+01	2.91245E+04
1.01325D-03	1.00000D+00	3.30000E+03	4.25836E+01	2.91245E+04
1.01325D-03	1.00000D+00	3.32500E+03	4.25836E+01	2.91245E+04
1.01325D-03	1.00000D+00	3.35000E+03	4.25836E+01	2.91245E+04
1.01325D-03	1.00000D+00	3.37500E+03	4.25836E+01	2.91245E+04
1.01325D-03	1.00000D+00	3.40000E+03	4.25836E+01	2.91245E+04
1.01325D-03	1.00000D+00	3.42500E+03	4.25836E+01	2.91245E+04
1.01325D-03	1.00000D+00	3.45000E+03	4.25836E+01	2.91245E+04
1.01325D-03	1.00000D+00	3.47500E+03	4.25836E+01	2.91245E+04
1.01325D-03	1.00000D+00	3.50000E+03	4.25836E+01	2.91245E+04
1.01325D-03	1.00000D+00	3.52500E+03	4.25836E+01	2.91245E+04
1.01325D-03	1.00000D+00	3.55000E+03	4.25836E+01	2.91245E+04
1.01325D-03	1.00000D+00	3.57500E+03	4.25836E+01	2.91245E+04
1.01325D-03	1.00000D+00	3.60000E+03	4.25836E+01	2.91245E+04
1.01325D-03	1.00000D+00	3.62500E+03	4.25836E+01	2.91245E+04
1.01325D-03	1.00000D+00	3.65000E+03	4.25836E+01	2.91245E+04
1.01325D-03	1.00000D+00	3.67500E+03	4.25836E+01	2.91245E+04
1.01325D-03	1.00000D+00	3.70000E+03	4.25836E+01	2.91245E+04
1.01325D-03	1.00000D+00	3.72500E+03	4.25836E+01	2.91245E+04
1.01325D-03	1.00000D+00	3.75000E+03	4.25836E+01	2.91245E+04
1.01325D-03	1.00000D+00	3.77500E+03	4.25836E+01	2.91245E+04
1.01325D-03	1.00000D+00	3.80000E+03	4.25836E+01	2.91245E+04
1.01325D-03	1.00000D+00	3.82500E+03	4.25836E+01	2.91245E+04
1.01325D-03	1.00000D+00	3.85000E+03	4.25836E+01	2.91245E+04
1.01325D-03	1.00000D+00	3.87500E+03	4.25836E+01	2.91245E+04
1.01325D-03	1.00000D+00	3.90000E+03	4.25836E+01	2.91245E+04
1.01325D-03	1.00000D+00	3.92500E+03	4.25836E+01	2.91245E+04
1.01325D-03	1.00000D+00	3.95000E+03	4.25836E+01	2.91245E+04
1.01325D-03	1.00000D+00	3.97500E+03	4.25836E+01	2.91245E+04
1.01325D-03	1.00000D+00	4.00000E+03	4.25836E+01	2.91245E+04
p (bar)	B'g	Temp (K)	B'c	Hw (kJ/kg)
1.01325D-03	1.20000D+00	2.50000E+02	0.00000E+00	-6.39036E+03
1.01325D-03	1.20000D+00	2.75000E+02	0.00000E+00	-6.33529E+03
1.01325D-03	1.20000D+00	3.00000E+02	0.00000E+00	-6.27318E+03
1.01325D-03	1.20000D+00	3.25000E+02	0.00000E+00	-6.20448E+03
1.01325D-03	1.20000D+00	3.50000E+02	0.00000E+00	-6.13012E+03
1.01325D-03	1.20000D+00	3.75000E+02	0.00000E+00	-6.05069E+03
1.01325D-03	1.20000D+00	4.00000E+02	0.00000E+00	-5.96550E+03
1.01325D-03	1.20000D+00	4.25000E+02	0.00000E+00	-5.87173E+03
1.01325D-03	1.20000D+00	4.50000E+02	0.00000E+00	-5.76378E+03
1.01325D-03	1.20000D+00	4.75000E+02	0.00000E+00	-5.63278E+03
1.01325D-03	1.20000D+00	5.00000E+02	0.00000E+00	-5.46759E+03
1.01325D-03	1.20000D+00	5.25000E+02	0.00000E+00	-5.25892E+03
1.01325D-03	1.20000D+00	5.50000E+02	0.00000E+00	-5.00619E+03
1.01325D-03	1.20000D+00	5.75000E+02	0.00000E+00	-4.71915E+03
1.01325D-03	1.20000D+00	6.00000E+02	0.00000E+00	-4.40725E+03
1.01325D-03	1.20000D+00	6.25000E+02	0.00000E+00	-4.06646E+03
1.01325D-03	1.20000D+00	6.50000E+02	0.00000E+00	-3.67805E+03
1.01325D-03	1.20000D+00	6.75000E+02	0.00000E+00	-3.22331E+03
1.01325D-03	1.20000D+00	7.00000E+02	0.00000E+00	-2.71046E+03
1.01325D-03	1.20000D+00	7.25000E+02	0.00000E+00	-2.19676E+03
1.01325D-03	1.20000D+00	7.50000E+02	0.00000E+00	-1.76723E+03
1.01325D-03	1.20000D+00	7.75000E+02	0.00000E+00	-1.46754E+03
1.01325D-03	1.20000D+00	8.00000E+02	0.00000E+00	-1.27801E+03
1.01325D-03	1.20000D+00	8.25000E+02	0.00000E+00	-1.15537E+03
1.01325D-03	1.20000D+00	8.50000E+02	0.00000E+00	-1.06708E+03
1.01325D-03	1.20000D+00	8.75000E+02	0.00000E+00	-9.95339E+02
1.01325D-03	1.20000D+00	9.00000E+02	0.00000E+00	-9.31489E+02
1.01325D-03	1.20000D+00	9.25000E+02	0.00000E+00	-8.71429E+02
1.01325D-03	1.20000D+00	9.50000E+02	0.00000E+00	-8.13195E+02
1.01325D-03	1.20000D+00	9.75000E+02	0.00000E+00	-7.55821E+02
1.01325D-03	1.20000D+00	1.00000E+03	0.00000E+00	-6.98813E+02
1.01325D-03	1.20000D+00	1.02500E+03	0.00000E+00	-6.41922E+02
1.01325D-03	1.20000D+00	1.05000E+03	0.00000E+00	-5.85017E+02
1.01325D-03	1.20000D+00	1.07500E+03	0.00000E+00	-5.28019E+02
1.01325D-03	1.20000D+00	1.10000E+03	0.00000E+00	-4.70882E+02
1.01325D-03	1.20000D+00	1.12500E+03	0.00000E+00	-4.13577E+02
1.01325D-03	1.20000D+00	1.15000E+03	0.00000E+00	-3.56087E+02
1.01325D-03	1.20000D+00	1.17500E+03	0.00000E+00	-2.98399E+02
1.01325D-03	1.20000D+00	1.20000E+03	0.00000E+00	-2.40500E+02
1.01325D-03	1.20000D+00	1.22500E+03	0.00000E+00	-1.82382E+02
1.01325D-03	1.20000D+00	1.25000E+03	0.00000E+00	-1.24033E+02
1.01325D-03	1.20000D+00	1.27500E+03	0.00000E+00	-6.54397E+01
1.01325D-03	1.20000D+00	1.30000E+03	0.00000E+00	-6.58612E+00
1.01325D-03	1.20000D+00	1.32500E+03	0.00000E+00	5.25483E+01
1.01325D-03	1.20000D+00	1.35000E+03	0.00000E+00	1.11990E+02
1.01325D-03	1.20000D+00	1.37500E+03	0.00000E+00	1.71771E+02
1.01325D-03	1.20000D+00	1.40000E+03	0.00000E+00	2.31935E+02
1.01325D-03	1.20000D+00	1.42500E+03	0.00000E+00	2.92533E+02
1.01325D-03	1.20000D+00	1.45000E+03	0.00000E+00	3.53633E+02
1.01325D-03	1.20000D+00	1.47500E+03	0.00000E+00	4.15313E+02
1.01325D-03	1.20000D+00	1.50000E+03	0.00000E+00	4.77675E+02
1.01325D-03	1.20000D+00	1.52500E+03	0.00000E+00	5.40838E+02
1.01325D-03	1.20000D+00	1.55000E+03	0.00000E+00	6.04948E+02
1.01325D-03	1.20000D+00	1.57500E+03	0.00000E+00	6.70179E+02
1.01325D-03	1.20000D+00	1.60000E+03	0.00000E+00	7.36739E+02
1.01325D-03	1.20000D+00	1.62500E+03	0.00000E+00	8.04872E+02
1.01325D-03	1.20000D+00	1.65000E+03	0.00000E+00	8.74867E+02
1.01325D-03	1.20000D+00	1.67500E+03	0.00000E+00	9.47056E+02
1.01325D-03	1.20000D+00	1.70000E+03	0.00000E+00	1.02183E+03
1.01325D-03	1.20000D+00	1.72500E+03	0.00000E+00	1.09963E+03
1.01325D-03	1.20000D+00	1.75000E+03	0.00000E+00	1.18098E+03
1.01325D-03	1.20000D+00	1.77500E+03	0.00000E+00	1.26644E+03
1.01325D-03	1.20000D+00	1.80000E+03	0.00000E+00	1.35669E+03
1.01325D-03	1.20000D+00	1.82500E+03	0.00000E+00	1.45247E+03
1.01325D-03	1.20000D+00	1.85000E+03	0.00000E+00	1.55459E+03
1.01325D-03	1.20000D+00	1.87500E+03	0.00000E+00	1.66400E+03
1.01325D-03	1.20000D+00	1.90000E+03	0.00000E+00	1.78170E+03
1.01325D-03	1.20000D+00	1.92500E+03	0.00000E+00	1.90882E+03
1.01325D-03	1.20000D+00	1.95000E+03	0.00000E+00	2.04659E+03
1.01325D-03	1.20000D+00	1.97500E+03	0.00000E+00	2.19635E+03
1.01325D-03	1.20000D+00	2.00000E+03	0.00000E+00	2.35955E+03
1.01325D-03	1.20000D+00	2.02500E+03	0.00000E+00	2.53772E+03
1.01325D-03	1.20000D+00	2.05000E+03	0.00000E+00	2.73252E+03
1.01325D-03	1.20000D+00	2.07500E+03	0.00000E+00	2.94569E+03
1.01325D-03	1.20000D+00	2.10000E+03	0.00000E+00	3.17905E+03
1.01325D-03	1.20000D+00	2.12500E+03	0.00000E+00	3.43447E+03
1.01325D-03	1.20000D+00	2.15000E+03	0.00000E+00	3.71388E+03
1.01325D-03	1.20000D+00	2.17500E+03	0.00000E+00	4.01920E+03
1.01325D-03	1.20000D+00	2.20000E+03	0.00000E+00	4.35234E+03
1.01325D-03	1.20000D+00	2.22500E+03	0.00000E+00	4.71511E+03
1.01325D-03	1.20000D+00	2.25000E+03	0.00000E+00	5.10920E+03
1.01325D-03	1.20000D+00	2.27500E+03	0.00000E+00	5.53609E+03
1.01325D-03	1.20000D+00	2.30000E+03	0.00000E+00	5.99699E+03
1.01325D-03	1.20000D+00	2.32500E+03	0.00000E+00	6.49274E+03
1.01325D-03	1.20000D+00	2.35000E+03	0.00000E+00	7.02369E+03
1.01325D-03	1.20000D+00	2.37500E+03	0.00000E+00	7.58966E+03
1.01325D-03	1.20000D+00	2.40000E+03	0.00000E+00	8.18978E+03
1.01325D-03	1.20000D+00	2.42500E+03	0.00000E+00	8.82247E+03
1.01325D-03	1.20000D+00	2.45000E+03	0.00000E+00	9.48536E+03
1.01325D-03	1.20000D+00	2.47500E+03	0.00000E+00	1.01753E+04
1.01325D-03	1.20000D+00	2.50000E+03	0.00000E+00	1.08883E+04
1.01325D-03	1.20000D+00	2.52500E+03	0.00000E+00	1.16200E+04
1.01325D-03	1.20000D+00	2.55000E+03	0.00000E+00	1.23655E+04
1.01325D-03	1.20000D+00	2.57500E+03	0.00000E+00	1.31199E+04
1.01325D-03	1.20000D+00	2.60000E+03	0.00000E+00	1.38787E+04
1.01325D-03	1.20000D+00	2.62500E+03	1.59333E-03	1.46380E+04
1.01325D-03	1.20000D+00	2.65000E+03	1.58233E-02	1.53954E+04
1.01325D-03	1.20000D+00	2.67500E+03	3.49593E-02	1.61500E+04
1.01325D-03	1.20000D+00	2.70000E+03	6.08561E-02	1.69030E+04
1.01325D-03	1.20000D+00	2.72500E+03	9.60224E-02	1.76577E+04
1.01325D-03	1.20000D+00	2.75000E+03	1.43862E-01	1.84196E+04
1.01325D-03	1.20000D+00	2.77500E+03	2.09019E-01	1.91956E+04
1.01325D-03	1.20000D+00	2.80000E+03	2.97901E-01	1.99937E+04
1.01325D-03	1.20000D+00	2.82500E+03	4.19483E-01	2.08213E+04
1.01325D-03	1.20000D+00	2.85000E+03	5.86603E-01	2.16836E+04
1.01325D-03	1.20000D+00	2.87500E+03	8.18154E-01	2.25818E+04
1.01325D-03	1.20000D+00	2.90000E+03	1.14301E+00	2.35110E+04
1.01325D-03	1.20000D+00	2.92500E+03	1.60748E+00	2.44590E+04
1.01325D-03	1.20000D+00	2.95000E+03	2.29090E+00	2.54063E+04
1.01325D-03	1.20000D+00	2.97500E+03	3.34142E+00	2.63279E+04
1.01325D-03	1.20000D+00	3.00000E+03	5.07199E+00	2.71961E+04
1.01325D-03	1.20000D+00	3.02500E+03	8.27849E+00	2.79841E+04
1.01325D-03	1.20000D+00	3.05000E+03	1.57557E+01	2.86685E+04
1.01325D-03	1.20000D+00	3.07500E+03	4.89829E+01	2.92248E+04
1.01325D-03	1.20000D+00	3.10000E+03	4.89829E+01	2.92248E+04
1.01325D-03	1.20000D+00	3.12500E+03	4.89829E+01	2.92248E+04
1.01325D-03	1.20000D+00	3.15000E+03	4.89829E+01	2.92248E+04
1.01325D-03	1.20000D+00	3.17500E+03	4.89829E+01	2.92248E+04
1.01325D-03	1.20000D+00	3.20000E+03	4.89829E+01	2.92248E+04
1.01325D-03	1.20000D+00	3.22500E+03	4.89829E+01	2.92248E+04
1.01325D-03	1.20000D+00	3.25000E+03	4.89829E+01	2.92248E+04
1.01325D-03	1.20000D+00	3.27500E+03	4.89829E+01	2.92248E+04
1.01325D-03	1.20000D+00	3.30000E+03	4.89829E+01	2.92248E+04
1.01325D-03	1.20000D+00	3.32500E+03	4.89829E+01	2.92248E+04
1.01325D-03	1.20000D+00	3.35000E+03	4.89829E+01	2.92248E+04
1.01325D-03	1.20000D+00	3.37500E+03	4.89829E+01	2.92248E+04
1.01325D-03	1.20000D+00	3.40000E+03	4.89829E+01	2.92248E+04
1.01325D-03	1.20000D+00	3.42500E+03	4.89829E+01	2.92248E+04
1.01325D-03	1.20000D+00	3.45000E+03	4.89829E+01	2.92248E+04
1.01325D-03	1.20000D+00	3.47500E+03	4.89829E+01	2.92248E+04
1.01325D-03	1.20000D+00	3.50000E+03	4.89829E+01	2.92248E+04
1.01325D-03	1.20000D+00	3.52500E+03	4.89829E+01	2.92248E+04
1.01325D-03	1.20000D+00	3.55000E+03	4.89829E+01	2.92248E+04
1.01325D-03	1.20000D+00	3.57500E+03	4.89829E+01	2.92248E+04
1.01325D-03	1.20000D+00	3.60000E+03	4.89829E+01	2.92248E+04
1.01325D-03	1.20000D+00	3.62500E+03	4.89829E+01	2.92248E+04
1.01325D-03	1.20000D+00	3.65000E+03	4.89829E+01	2.92248E+04
1.01325D-03	1.20000D+00	3.67500E+03	4.89829E+01	2.92248E+04
1.01325D-03	1.20000D+00	3.70000E+03	4.89829E+01	2.92248E+04
1.01325D-03	1.20000D+00	3.72500E+03	4.89829E+01	2.92248E+04
1.01325D-03	1.20000D+00	3.75000E+03	4.89829E+01	2.92248E+04
1.01325D-03	1.20000D+00	3.77500E+03	4.89829E+01	2.92248E+04
1.01325D-03	1.20000D+00	3.80000E+03	4.89829E+01	2.92248E+04
1.01325D-03	1.20000D+00	3.82500E+03	4.89829E+01	2.92248E+04
1.01325D-03	1.20000D+00	3.85000E+03	4.89829E+01	2.92248E+04
1.01325D-03	1.20000D+00	3.87500E+03	4.89829E+01	2.92248E+04
1.01325D-03	1.20000D+00	3.90000E+03	4.89829E+01	2.92248E+04
1.01325D-03	1.20000D+00	3.92500E+03	4.89829E+01	2.92248E+04
1.01325D-03	1.20000D+00	3.95000E+03	4.89829E+01	2.92248E+04
1.01325D-03	1.20000D+00	3.97500E+03	4.89829E+01	2.92248E+04
1.01325D-03	1.20000D+00	4.00000E+03	4.89829E+01	2.92248E+04
p (bar)	B'g	Temp (K)	B'c	Hw (kJ/kg)
1.01325D-03	1.50000D+00	2.50000E+02	0.00000E+00	-6.73112E+03
1.01325D-03	1.50000D+00	2.75000E+02	0.00000E+00	-6.67562E+03
1.01325D-03	1.50000D+00	3.00000E+02	0.00000E+00	-6.61320E+03
1.01325D-03	1.50000D+00	3.25000E+02	0.00000E+00	-6.54413E+03
1.01325D-03	1.50000D+00	3.50000E+02	0.00000E+00	-6.46926E+03
1.01325D-03	1.50000D+00	3.75000E+02	0.00000E+00	-6.38925E+03
1.01325D-03	1.50000D+00	4.00000E+02	0.00000E+00	-6.30366E+03
1.01325D-03	1.50000D+00	4.25000E+02	0.00000E+00	-6.21004E+03
1.01325D-03	1.50000D+00	4.50000E+02	0.00000E+00	-6.10302E+03
1.01325D-03	1.50000D+00	4.75000E+02	0.00000E+00	-5.97346E+03
1.01325D-03	1.50000D+00	5.00000E+02	0.00000E+00	-5.80875E+03
1.01325D-03	1.50000D+00	5.25000E+02	0.00000E+00	-5.59650E+03
1.01325D-03	1.50000D+00	5.50000E+02	0.00000E+00	-5.33259E+03
1.01325D-03	1.50000D+00	5.75000E+02	0.00000E+00	-5.02556E+03
1.01325D-03	1.50000D+00	6.00000E+02	0.00000E+00	-4.68675E+03
1.01325D-03	1.50000D+00	6.25000E+02	0.00000E+00	-4.31459E+03
1.01325D-03	1.50000D+00	6.50000E+02	0.00000E+00	-3.89144E+03
1.01325D-03	1.50000D+00	6.75000E+02	0.00000E+00	-3.39904E+03
1.01325D-03	1.50000D+00	7.00000E+02	0.00000E+00	-2.84758E+03
1.01325D-03	1.50000D+00	7.25000E+02	0.00000E+00	-2.29887E+03
1.01325D-03	1.50000D+00	7.50000E+02	0.00000E+00	-1.84261E+03
1.01325D-03	1.50000D+00	7.75000E+02	0.00000E+00	-1.52535E+03
1.01325D-03	1.50000D+00	8.00000E+02	0.00000E+00	-1.32490E+03
1.01325D-03	1.50000D+00	8.25000E+02	0.00000E+00	-1.19511E+03
1.01325D-03	1.50000D+00	8.50000E+02	0.00000E+00	-1.10155E+03
1.01325D-03	1.50000D+00	8.75000E+02	0.00000E+00	-1.02548E+03
1.01325D-03	1.50000D+00	9.00000E+02	0.00000E+00	-9.57758E+02
1.01325D-03	1.50000D+00	9.25000E+02	0.00000E+00	-8.94060E+02
1.01325D-03	1.50000D+00	9.50000E+02	0.00000E+00	-8.32306E+02
1.01325D-03	1.50000D+00	9.75000E+02	0.00000E+00	-7.71472E+02
1.01325D-03	1.50000D+00	1.00000E+03	0.00000E+00	-7.11035E+02
1.01325D-03	1.50000D+00	1.02500E+03	0.00000E+00	-6.50727E+02
1.01325D-03	1.50000D+00	1.05000E+03	0.00000E+00	-5.90409E+02
1.01325D-03	1.50000D+00	1.07500E+03	0.00000E+00	-5.29998E+02
1.01325D-03	1.50000D+00	1.10000E+03	0.00000E+00	-4.69442E+02
1.01325D-03	1.50000D+00	1.12500E+03	0.00000E+00	-4.08711E+02
1.01325D-03	1.50000D+00	1.15000E+03	0.00000E+00	-3.47786E+02
1.01325D-03	1.50000D+00	1.17500E+03	0.00000E+00	-2.86651E+02
1.01325D-03	1.50000D+00	1.20000E+03	0.00000E+00	-2.25295E+02
1.01325D-03	1.50000D+00	1.22500E+03	0.00000E+00	-1.63706E+02
1.01325D-03	1.50000D+00	1.25000E+03	0.00000E+00	-1.01873E+02
1.01325D-03	1.50000D+00	1.27500E+03	0.00000E+00	-3.97814E+01
1.01325D-03	1.50000D+00	1.30000E+03	0.00000E+00	2.25869E+01
1.01325D-03	1.50000D+00	1.32500E+03	0.00000E+00	8.52540E+01
1.01325D-03	1.50000D+00	1.35000E+03	0.00000E+00	1.48248E+02
1.01325D-03	1.50000D+00	1.37500E+03	0.00000E+00	2.11605E+02
1.01325D-03	1.50000D+00	1.40000E+03	0.00000E+00	2.75370E+02
1.01325D-03	1.50000D+00	1.42500E+03	0.00000E+00	3.39602E+02
1.01325D-03	1.50000D+00	1.45000E+03	0.00000E+00	4.04369E+02
1.01325D-03	1.50000D+00	1.47500E+03	0.00000E+00	4.69762E+02
1.01325D-03	1.50000D+00	1.50000E+03	0.00000E+00	5.35887E+02
1.01325D-03	1.50000D+00	1.52500E+03	0.00000E+00	6.02876E+02
1.01325D-03	1.50000D+00	1.55000E+03	0.00000E+00	6.70887E+02
1.01325D-03	1.50000D+00	1.57500E+03	0.00000E+00	7.40110E+02
1.01325D-03	1.50000D+00	1.60000E+03	0.00000E+00	8.10770E+02
1.01325D-03	1.50000D+00	1.62500E+03	0.00000E+00	8.83135E+02
1.01325D-03	1.50000D+00	1.65000E+03	0.00000E+00	9.57516E+02
1.01325D-03	1.50000D+00	1.67500E+03	0.00000E+00	1.03428E+03
1.01325D-03	1.50000D+00	1.70000E+03	0.00000E+00	1.11385E+03
1.01325D-03	1.50000D+00	1.72500E+03	0.00000E+00	1.19671E+03
1.01325D-03	1.50000D+00	1.75000E+03	0.00000E+00	1.28343E+03
1.01325D-03	1.50000D+00	1.77500E+03	0.00000E+00	1.37463E+03
1.01325D-03	1.50000D+00	1.80000E+03	0.00000E+00	1.47103E+03
1.01325D-03	1.50000D+00	1.82500E+03	0.00000E+00	1.57346E+03
1.01325D-03	1.50000D+00	1.85000E+03	0.00000E+00	1.68281E+03
1.01325D-03	1.50000D+00	1.87500E+03	0.00000E+00	1.80010E+03
1.01325D-03	1.50000D+00	1.90000E+03	0.00000E+00	1.92644E+03
1.01325D-03	1.50000D+00	1.92500E+03	0.00000E+00	2.06307E+03
1.01325D-03	1.50000D+00	1.95000E+03	0.00000E+00	2.21134E+03
1.01325D-03	1.50000D+00	1.97500E+03	0.00000E+00	2.37272E+03
1.01325D-03	1.50000D+00	2.00000E+03	0.00000E+00	2.54879E+03
1.01325D-03	1.50000D+00	2.02500E+03	0.00000E+00	2.74126E+03
1.01325D-03	1.50000D+00	2.05000E+03	0.00000E+00	2.95195E+03
1.01325D-03	1.50000D+00	2.07500E+03	0.00000E+00	3.18279E+03
1.01325D-03	1.50000D+00	2.10000E+03	0.00000E+00	3.43579E+03
1.01325D-03	1.50000D+00	2.12500E+03	0.00000E+00	3.71305E+03
1.01325D-03	1.50000D+00	2.15000E+03	0.00000E+00	4.01670E+03
1.01325D-03	1.50000D+00	2.17500E+03	0.00000E+00	4.34891E+03
1.01325D-03	1.50000D+00	2.20000E+03	0.00000E+00	4.71182E+03
1.01325D-03	1.50000D+00	2.22500E+03	0.00000E+00	5.10750E+03
1.01325D-03	1.50000D+00	2.25000E+03	0.00000E+00	5.53788E+03
1.01325D-03	1.50000D+00	2.27500E+03	0.00000E+00	6.00471E+03
1.01325D-03	1.50000D+00	2.30000E+03	0.00000E+00	6.50940E+03
1.01325D-03	1.50000D+00	2.32500E+03	0.00000E+00	7.05302E+03
1.01325D-03	1.50000D+00	2.35000E+03	0.00000E+00	7.63609E+03
1.01325D-03	1.50000D+00	2.37500E+03	0.00000E+00	8.25856E+03
1.01325D-03	1.50000D+00	2.40000E+03	0.00000E+00	8.91963E+03
1.01325D-03	1.50000D+00	2.42500E+03	0.00000E+00	9.61769E+03
1.01325D-03	1.50000D+00	2.45000E+03	0.00000E+00	1.03502E+04
1.01325D-03	1.50000D+00	2.47500E+03	0.00000E+00	1.11138E+04
1.01325D-03	1.50000D+00	2.50000E+03	0.00000E+00	1.19041E+04
1.01325D-03	1.50000D+00	2.52500E+03	0.00000E+00	1.27160E+04
1.01325D-03	1.50000D+00	2.55000E+03	0.00000E+00	1.35440E+04
1.01325D-03	1.50000D+00	2.57500E+03	0.00000E+00	1.43820E+04
1.01325D-03	1.50000D+00	2.60000E+03	0.00000E+00	1.52242E+04
1.01325D-03	1.50000D+00	2.62500E+03	0.00000E+00	1.60656E+04
1.01325D-03	1.50000D+00	2.65000E+03	0.00000E+00	1.69018E+04
1.01325D-03	1.50000D+00	2.67500E+03	0.00000E+00	1.77301E+04
1.01325D-03	1.50000D+00	2.70000E+03	2.17120E-02	1.85495E+04
1.01325D-03	1.50000D+00	2.72500E+03	6.36872E-02	1.93606E+04
1.01325D-03	1.50000D+00	2.75000E+03	1.20848E-01	2.01661E+04
1.01325D-03	1.50000D+00	2.77500E+03	1.98774E-01	2.09694E+04
1.01325D-03	1.50000D+00	2.80000E+03	3.05161E-01	2.17748E+04
1.01325D-03	1.50000D+00	2.82500E+03	4.50790E-01	2.25853E+04
1.01325D-03	1.50000D+00	2.85000E+03	6.51080E-01	2.34023E+04
1.01325D-03	1.50000D+00	2.87500E+03	9.28721E-01	2.42229E+04
1.01325D-03	1.50000D+00	2.90000E+03	1.31838E+00	2.50400E+04
1.01325D-03	1.50000D+00	2.92500E+03	1.87565E+00	2.58409E+04
1.01325D-03	1.50000D+00	2.95000E+03	2.69572E+00	2.66088E+04
1.01325D-03	1.50000D+00	2.97500E+03	3.95629E+00	2.73245E+04
1.01325D-03	1.50000D+00	3.00000E+03	6.03253E+00	2.79694E+04
1.01325D-03	1.50000D+00	3.02500E+03	9.87790E+00	2.85274E+04
1.01325D-03	1.50000D+00	3.05000E+03	1.88369E+01	2.89866E+04
1.01325D-03	1.50000D+00	3.07500E+03	5.85549E+01	2.93340E+04
1.01325D-03	1.50000D+00	3.10000E+03	5.85549E+01	2.93340E+04
1.01325D-03	1.50000D+00	3.12500E+03	5.85549E+01	2.93340E+04
1.01325D-03	1.50000D+00	3.15000E+03	5.85549E+01	2.93340E+04
1.01325D-03	1.50000D+00	3.17500E+03	5.85549E+01	2.93340E+04
1.01325D-03	1.50000D+00	3.20000E+03	5.85549E+01	2.93340E+04
1.01325D-03	1.50000D+00	3.22500E+03	5.85549E+01	2.93340E+04
1.01325D-03	1.50000D+00	3.25000E+03	5.85549E+01	2.93340E+04
1.01325D-03	1.50000D+00	3.27500E+03	5.85549E+01	2.93340E+04
1.01325D-03	1.50000D+00	3.30000E+03	5.85549E+01	2.93340E+04
1.01325D-03	1.50000D+00	3.32500E+03	5.85549E+01	2.93340E+04
1.01325D-03	1.50000D+00	3.35000E+03	5.85549E+01	2.93340E+04
1.01325D-03	1.50000D+00	3.37500E+03	5.85549E+01	2.93340E+04
1.01325D-03	1.50000D+00	3.40000E+03	5.85549E+01	2.93340E+04
1.01325D-03	1.50000D+00	3.42500E+03	5.85549E+01	2.93340E+04
1.01325D-03	1.50000D+00	3.45000E+03	5.85549E+01	2.93340E+04
1.01325D-03	1.50000D+00	3.47500E+03	5.85549E+01	2.93340E+04
1.01325D-03	1.50000D+00	3.50000E+03	5.85549E+01	2.93340E+04
1.01325D-03	1.50000D+00	3.52500E+03	5.85549E+01	2.93340E+04
1.01325D-03	1.50000D+00	3.55000E+03	5.85549E+01	2.93340E+04
1.01325D-03	1.50000D+00	3.57500E+03	5.85549E+01	2.93340E+04
1.01325D-03	1.50000D+00	3.60000E+03	5.85549E+01	2.93340E+04
1.01325D-03	1.50000D+00	3.62500E+03	5.85549E+01	2.93340E+04
1.01325D-03	1.50000D+00	3.65000E+03	5.85549E+01	2.93340E+04
1.01325D-03	1.50000D+00	3.67500E+03	5.85549E+01	2.93340E+04
1.01325D-03	1.50000D+00	3.70000E+03	5.85549E+01	2.93340E+04
1.01325D-03	1.50000D+00	3.72500E+03	5.85549E+01	2.93340E+04
1.01325D-03	1.50000D+00	3.75000E+03	5.85549E+01	2.93340E+04
1.01325D-03	1.50000D+00	3.77500E+03	5.85549E+01	2.93340E+04
1.01325D-03	1.50000D+00	3.80000E+03	5.85549E+01	2.93340E+04
1.01325D-03	1.50000D+00	3.82500E+03	5.85549E+01	2.93340E+04
1.01325D-03	1.50000D+00	3.85000E+03	5.85549E+01	2.93340E+04
1.01325D-03	1.50000D+00	3.87500E+03	5.85549E+01	2.93340E+04
1.01325D-03	1.50000D+00	3.90000E+03	5.85549E+01	2.93340E+04
1.01325D-03	1.50000D+00	3.92500E+03	5.85549E+01	2.93340E+04
1.01325D-03	1.50000D+00	3.95000E+03	5.85549E+01	2.93340E+04
1.01325D-03	1.50000D+00	3.97500E+03	5.85549E+01	2.93340E+04
1.01325D-03	1.50000D+00	4.00000E+03	5.85549E+01	2.93340E+04
p (bar)	B'g	Temp (K)	B'c	Hw (kJ/kg)
1.01325D-03	1.90000D+00	2.50000E+02	0.00000E+00	-7.08175E+03
1.01325D-03	1.90000D+00	2.75000E+02	0.00000E+00	-7.02551E+03
1.01325D-03	1.90000D+00	3.00000E+02	0.00000E+00	-6.96241E+03
1.01325D-03	1.90000D+00	3.25000E+02	0.00000E+00	-6.89262E+03
1.01325D-03	1.90000D+00	3.50000E+02	0.00000E+00	-6.81700E+03
1.01325D-03	1.90000D+00	3.75000E+02	0.00000E+00	-6.73631E+03
1.01325D-03	1.90000D+00	4.00000E+02	0.00000E+00	-6.65044E+03
1.01325D-03	1.90000D+00	4.25000E+02	0.00000E+00	-6.55739E+03
1.01325D-03	1.90000D+00	4.50000E+02	0.00000E+00	-6.45217E+03
1.01325D-03	1.90000D+00	4.75000E+02	0.00000E+00	-6.32558E+03
1.01325D-03	1.90000D+00	5.00000E+02	0.00000E+00	-6.16368E+03
1.01325D-03	1.90000D+00	5.25000E+02	0.00000E+00	-5.95075E+03
1.01325D-03	1.90000D+00	5.50000E+02	0.00000E+00	-5.67823E+03
1.01325D-03	1.90000D+00	5.75000E+02	0.00000E+00	-5.35242E+03
1.01325D-03	1.90000D+00	6.00000E+02	0.00000E+00	-4.98622E+03
1.01325D-03	1.90000D+00	6.25000E+02	0.00000E+00	-4.58088E+03
1.01325D-03	1.90000D+00	6.50000E+02	0.00000E+00	-4.12034E+03
1.01325D-03	1.90000D+00	6.75000E+02	0.00000E+00	-3.58718E+03
1.01325D-03	1.90000D+00	7.00000E+02	0.00000E+00	-2.99398E+03
1.01325D-03	1.90000D+00	7.25000E+02	0.00000E+00	-2.40759E+03
1.01325D-03	1.90000D+00	7.50000E+02	0.00000E+00	-1.92268E+03
1.01325D-03	1.90000D+00	7.75000E+02	0.00000E+00	-1.58668E+03
1.01325D-03	1.90000D+00	8.00000E+02	0.00000E+00	-1.37460E+03
1.01325D-03	1.90000D+00	8.25000E+02	0.00000E+00	-1.23720E+03
1.01325D-03	1.90000D+00	8.50000E+02	0.00000E+00	-1.13806E+03
1.01325D-03	1.90000D+00	8.75000E+02	0.00000E+00	-1.05740E+03
1.01325D-03	1.90000D+00	9.00000E+02	0.00000E+00	-9.85581E+02
1.01325D-03	1.90000D+00	9.25000E+02	0.00000E+00	-9.18029E+02
1.01325D-03	1.90000D+00	9.50000E+02	0.00000E+00	-8.52547E+02
1.01325D-03	1.90000D+00	9.75000E+02	0.00000E+00	-7.88050E+02
1.01325D-03	1.90000D+00	1.00000E+03	0.00000E+00	-7.23979E+02
1.01325D-03	1.90000D+00	1.02500E+03	0.00000E+00	-6.60053E+02
1.01325D-03	1.90000D+00	1.05000E+03	0.00000E+00	-5.96121E+02
1.01325D-03	1.90000D+00	1.07500E+03	0.00000E+00	-5.32095E+02
1.01325D-03	1.90000D+00	1.10000E+03	0.00000E+00	-4.67918E+02
1.01325D-03	1.90000D+00	1.12500E+03	0.00000E+00	-4.03559E+02
1.01325D-03	1.90000D+00	1.15000E+03	0.00000E+00	-3.38996E+02
1.01325D-03	1.90000D+00	1.17500E+03	0.00000E+00	-2.74212E+02
1.01325D-03	1.90000D+00	1.20000E+03	0.00000E+00	-2.09195E+02
1.01325D-03	1.90000D+00	1.22500E+03	0.00000E+00	-1.43932E+02
1.01325D-03	1.90000D+00	1.25000E+03	0.00000E+00	-7.84109E+01
1.01325D-03	1.90000D+00	1.27500E+03	0.00000E+00	-1.26156E+01
1.01325D-03	1.90000D+00	1.30000E+03	0.00000E+00	5.34729E+01
1.01325D-03	1.90000D+00	1.32500E+03	0.00000E+00	1.19878E+02
1.01325D-03	1.90000D+00	1.35000E+03	0.00000E+00	1.86631E+02
1.01325D-03	1.90000D+00	1.37500E+03	0.00000E+00	2.53771E+02
1.01325D-03	1.90000D+00	1.40000E+03	0.00000E+00	3.21346E+02
1.01325D-03	1.90000D+00	1.42500E+03	0.00000E+00	3.89418E+02
1.01325D-03	1.90000D+00	1.45000E+03	0.00000E+00	4.58063E+02
1.01325D-03	1.90000D+00	1.47500E+03	0.00000E+00	5.27379E+02
1.01325D-03	1.90000D+00	1.50000E+03	0.00000E+00	5.97480E+02
1.01325D-03	1.90000D+00	1.52500E+03	0.00000E+00	6.68508E+02
1.01325D-03	1.90000D+00	1.55000E+03	0.00000E+00	7.40637E+02
1.01325D-03	1.90000D+00	1.57500E+03	0.00000E+00	8.14070E+02
1.01325D-03	1.90000D+00	1.60000E+03	0.00000E+00	8.89053E+02
1.01325D-03	1.90000D+00	1.62500E+03	0.00000E+00	9.65876E+02
1.01325D-03	1.90000D+00	1.65000E+03	0.00000E+00	1.04488E+03
1.01325D-03	1.90000D+00	1.67500E+03	0.00000E+00	1.12646E+03
1.01325D-03	1.90000D+00	1.70000E+03	0.00000E+00	1.21107E+03
1.01325D-03	1.90000D+00	1.72500E+03	0.00000E+00	1.29925E+03
1.01325D-03	1.90000D+00	1.75000E+03	0.00000E+00	1.39161E+03
1.01325D-03	1.90000D+00	1.77500E+03	0.00000E+00	1.48883E+03
1.01325D-03	1.90000D+00	1.80000E+03	0.00000E+00	1.59170E+03
1.01325D-03	1.90000D+00	1.82500E+03	0.00000E+00	1.70111E+03
1.01325D-03	1.90000D+00	1.85000E+03	0.00000E+00	1.81804E+03
1.01325D-03	1.90000D+00	1.87500E+03	0.00000E+00	1.94359E+03
1.01325D-03	1.90000D+00	1.90000E+03	0.00000E+00	2.07900E+03
1.01325D-03	1.90000D+00	1.92500E+03	0.00000E+00	2.22560E+03
1.01325D-03	1.90000D+00	1.95000E+03	0.00000E+00	2.38487E+03
1.01325D-03	1.90000D+00	1.97500E+03	0.00000E+00	2.55842E+03
1.01325D-03	1.90000D+00	2.00000E+03	0.00000E+00	2.74798E+03
1.01325D-03	1.90000D+00	2.02500E+03	0.00000E+00	2.95544E+03
1.01325D-03	1.90000D+00	2.05000E+03	0.00000E+00	3.18279E+03
1.01325D-03	1.90000D+00	2.07500E+03	0.00000E+00	3.43215E+03
1.01325D-03	1.90000D+00	2.10000E+03	0.00000E+00	3.70575E+03
1.01325D-03	1.90000D+00	2.12500E+03	0.00000E+00	4.00589E+03
1.01325D-03	1.90000D+00	2.15000E+03	0.00000E+00	4.33496E+03
1.01325D-03	1.90000D+00	2.17500E+03	0.00000E+00	4.69537E+03
1.01325D-03	1.90000D+00	2.20000E+03	0.00000E+00	5.08952E+03
1.01325D-03	1.90000D+00	2.22500E+03	0.00000E+00	5.51973E+03
1.01325D-03	1.90000D+00	2.25000E+03	0.00000E+00	5.98821E+03
1.01325D-03	1.90000D+00	2.27500E+03	0.00000E+00	6.49695E+03
1.01325D-03	1.90000D+00	2.30000E+03	0.00000E+00	7.04763E+03
1.01325D-03	1.90000D+00	2.32500E+03	0.00000E+00	7.64152E+03
1.01325D-03	1.90000D+00	2.35000E+03	0.00000E+00	8.27937E+03
1.01325D-03	1.90000D+00	2.37500E+03	0.00000E+00	8.96123E+03
1.01325D-03	1.90000D+00	2.40000E+03	0.00000E+00	9.68638E+03
1.01325D-03	1.90000D+00	2.42500E+03	0.00000E+00	1.04532E+04
1.01325D-03	1.90000D+00	2.45000E+03	0.00000E+00	1.12590E+04
1.01325D-03	1.90000D+00	2.47500E+03	0.00000E+00	1.21001E+04
1.01325D-03	1.90000D+00	2.50000E+03	0.00000E+00	1.29717E+04
1.01325D-03	1.90000D+00	2.52500E+03	0.00000E+00	1.38681E+04
1.01325D-03	1.90000D+00	2.55000E+03	0.00000E+00	1.47828E+04
1.01325D-03	1.90000D+00	2.57500E+03	0.00000E+00	1.57087E+04
1.01325D-03	1.90000D+00	2.60000E+03	0.00000E+00	1.66387E+04
1.01325D-03	1.90000D+00	2.62500E+03	0.00000E+00	1.75659E+04
1.01325D-03	1.90000D+00	2.65000E+03	0.00000E+00	1.84842E+04
1.01325D-03	1.90000D+00	2.67500E+03	0.00000E+00	1.93887E+04
1.01325D-03	1.90000D+00	2.70000E+03	0.00000E+00	2.02755E+04
1.01325D-03	1.90000D+00	2.72500E+03	1.95807E-02	2.11426E+04
1.01325D-03	1.90000D+00	2.75000E+03	8.91290E-02	2.19889E+04
1.01325D-03	1.90000D+00	2.77500E+03	1.84032E-01	2.28142E+04
1.01325D-03	1.90000D+00	2.80000E+03	3.13704E-01	2.36183E+04
1.01325D-03	1.90000D+00	2.82500E+03	4.91328E-01	2.44003E+04
1.01325D-03	1.90000D+00	2.85000E+03	7.35763E-01	2.51571E+04
1.01325D-03	1.90000D+00	2.87500E+03	1.07476E+00	2.58833E+04
1.01325D-03	1.90000D+00	2.90000E+03	1.55068E+00	2.65702E+04
1.01325D-03	1.90000D+00	2.92500E+03	2.23149E+00	2.72070E+04
1.01325D-03	1.90000D+00	2.95000E+03	3.23347E+00	2.77817E+04
1.01325D-03	1.90000D+00	2.97500E+03	4.77366E+00	2.82830E+04
1.01325D-03	1.90000D+00	3.00000E+03	7.31000E+00	2.87025E+04
1.01325D-03	1.90000D+00	3.02500E+03	1.20055E+01	2.90355E+04
1.01325D-03	1.90000D+00	3.05000E+03	2.29356E+01	2.92803E+04
1.01325D-03	1.90000D+00	3.07500E+03	7.12806E+01	2.94338E+04
1.01325D-03	1.90000D+00	3.10000E+03	7.12806E+01	2.94338E+04
1.01325D-03	1.90000D+00	3.12500E+03	7.12806E+01	2.94338E+04
1.01325D-03	1.90000D+00	3.15000E+03	7.12806E+01	2.94338E+04
1.01325D-03	1.90000D+00	3.17500E+03	7.12806E+01	2.94338E+04
1.01325D-03	1.90000D+00	3.20000E+03	7.12806E+01	2.94338E+04
1.01325D-03	1.90000D+00	3.22500E+03	7.12806E+01	2.94338E+04
1.01325D-03	1.90000D+00	3.25000E+03	7.12806E+01	2.94338E+04
1.01325D-03	1.90000D+00	3.27500E+03	7.12806E+01	2.94338E+04
1.01325D-03	1.90000D+00	3.30000E+03	7.12806E+01	2.94338E+04
1.01325D-03	1.90000D+00	3.32500E+03	7.12806E+01	2.94338E+04
1.01325D-03	1.90000D+00	3.35000E+03	7.12806E+01	2.94338E+04
1.01325D-03	1.90000D+00	3.37500E+03	7.12806E+01	2.94338E+04
1.01325D-03	1.90000D+00	3.40000E+03	7.12806E+01	2.94338E+04
1.01325D-03	1.90000D+00	3.42500E+03	7.12806E+01	2.94338E+04
1.01325D-03	1.90000D+00	3.45000E+03	7.12806E+01	2.94338E+04
1.01325D-03	1.90000D+00	3.47500E+03	7.12806E+01	2.94338E+04
1.01325D-03	1.90000D+00	3.50000E+03	7.12806E+01	2.94338E+04
1.01325D-03	1.90000D+00	3.52500E+03	7.12806E+01	2.94338E+04
1.01325D-03	1.90000D+00	3.55000E+03	7.12806E+01	2.94338E+04
1.01325D-03	1.90000D+00	3.57500E+03	7.12806E+01	2.94338E+04
1.01325D-03	1.90000D+00	3.60000E+03	7.12806E+01	2.94338E+04
1.01325D-03	1.90000D+00	3.62500E+03	7.12806E+01	2.94338E+04
1.01325D-03	1.90000D+00	3.65000E+03	7.12806E+01	2.94338E+04
1.01325D-03	1.90000D+00	3.67500E+03	7.12806E+01	2.94338E+04
1.01325D-03	1.90000D+00	3.70000E+03	7.12806E+01	2.94338E+04
1.01325D-03	1.90000D+00	3.72500E+03	7.12806E+01	2.94338E+04
1.01325D-03	1.90000D+00	3.75000E+03	7.12806E+01	2.94338E+04
1.01325D-03	1.90000D+00	3.77500E+03	7.12806E+01	2.94338E+04
1.01325D-03	1.90000D+00	3.80000E+03	7.12806E+01	2.94338E+04
1.01325D-03	1.90000D+00	3.82500E+03	7.12806E+01	2.94338E+04
1.01325D-03	1.90000D+00	3.85000E+03	7.12806E+01	2.94338E+04
1.01325D-03	1.90000D+00	3.87500E+03	7.12806E+01	2.94338E+04
1.01325D-03	1.90000D+00	3.90000E+03	7.12806E+01	2.94338E+04
1.01325D-03	1.90000D+00	3.92500E+03	7.12806E+01	2.94338E+04
1.01325D-03	1.90000D+00	3.95000E+03	7.12806E+01	2.94338E+04
1.01325D-03	1.90000D+00	3.97500E+03	7.12806E+01	2.94338E+04
1.01325D-03	1.90000D+00	4.00000E+03	7.12806E+01	2.94338E+04
p (bar)	B'g	Temp (K)	B'c	Hw (kJ/kg)
1.01325D-03	2.40000D+00	2.50000E+02	0.00000E+00	-7.40957E+03
1.01325D-03	2.40000D+00	2.75000E+02	0.00000E+00	-7.35244E+03
1.01325D-03	2.40000D+00	3.00000E+02	0.00000E+00	-7.28847E+03
1.01325D-03	2.40000D+00	3.25000E+02	0.00000E+00	-7.21780E+03
1.01325D-03	2.40000D+00	3.50000E+02	0.00000E+00	-7.14130E+03
1.01325D-03	2.40000D+00	3.75000E+02	0.00000E+00	-7.05992E+03
1.01325D-03	2.40000D+00	4.00000E+02	0.00000E+00	-6.97391E+03
1.01325D-03	2.40000D+00	4.25000E+02	0.00000E+00	-6.88174E+03
1.01325D-03	2.40000D+00	4.50000E+02	0.00000E+00	-6.77894E+03
1.01325D-03	2.40000D+00	4.75000E+02	0.00000E+00	-6.65643E+03
1.01325D-03	2.40000D+00	5.00000E+02	0.00000E+00	-6.49923E+03
1.01325D-03	2.40000D+00	5.25000E+02	0.00000E+00	-6.28844E+03
1.01325D-03	2.40000D+00	5.50000E+02	0.00000E+00	-6.01070E+03
1.01325D-03	2.40000D+00	5.75000E+02	0.00000E+00	-5.66918E+03
1.01325D-03	2.40000D+00	6.00000E+02	0.00000E+00	-5.27774E+03
1.01325D-03	2.40000D+00	6.25000E+02	0.00000E+00	-4.84052E+03
1.01325D-03	2.40000D+00	6.50000E+02	0.00000E+00	-4.34340E+03
1.01325D-03	2.40000D+00	6.75000E+02	0.00000E+00	-3.77015E+03
1.01325D-03	2.40000D+00	7.00000E+02	0.00000E+00	-3.13595E+03
1.01325D-03	2.40000D+00	7.25000E+02	0.00000E+00	-2.51271E+03
1.01325D-03	2.40000D+00	7.50000E+02	0.00000E+00	-1.99993E+03
1.01325D-03	2.40000D+00	7.75000E+02	0.00000E+00	-1.64575E+03
1.01325D-03	2.40000D+00	8.00000E+02	0.00000E+00	-1.42244E+03
1.01325D-03	2.40000D+00	8.25000E+02	0.00000E+00	-1.27770E+03
1.01325D-03	2.40000D+00	8.50000E+02	0.00000E+00	-1.17318E+03
1.01325D-03	2.40000D+00	8.75000E+02	0.00000E+00	-1.08811E+03
1.01325D-03	2.40000D+00	9.00000E+02	0.00000E+00	-1.01234E+03
1.01325D-03	2.40000D+00	9.25000E+02	0.00000E+00	-9.41082E+02
1.01325D-03	2.40000D+00	9.50000E+02	0.00000E+00	-8.72015E+02
1.01325D-03	2.40000D+00	9.75000E+02	0.00000E+00	-8.03994E+02
1.01325D-03	2.40000D+00	1.00000E+03	0.00000E+00	-7.36430E+02
1.01325D-03	2.40000D+00	1.02500E+03	0.00000E+00	-6.69023E+02
1.01325D-03	2.40000D+00	1.05000E+03	0.00000E+00	-6.01616E+02
1.01325D-03	2.40000D+00	1.07500E+03	0.00000E+00	-5.34113E+02
1.01325D-03	2.40000D+00	1.10000E+03	0.00000E+00	-4.66454E+02
1.01325D-03	2.40000D+00	1.12500E+03	0.00000E+00	-3.98606E+02
1.01325D-03	2.40000D+00	1.15000E+03	0.00000E+00	-3.30544E+02
1.01325D-03	2.40000D+00	1.17500E+03	0.00000E+00	-2.62251E+02
1.01325D-03	2.40000D+00	1.20000E+03	0.00000E+00	-1.93714E+02
1.01325D-03	2.40000D+00	1.22500E+03	0.00000E+00	-1.24919E+02
1.01325D-03	2.40000D+00	1.25000E+03	0.00000E+00	-5.58517E+01
1.01325D-03	2.40000D+00	1.27500E+03	0.00000E+00	1.35037E+01
1.01325D-03	2.40000D+00	1.30000E+03	0.00000E+00	8.31678E+01
1.01325D-03	2.40000D+00	1.32500E+03	0.00000E+00	1.53166E+02
1.01325D-03	2.40000D+00	1.35000E+03	0.00000E+00	2.23531E+02
1.01325D-03	2.40000D+00	1.37500E+03	0.00000E+00	2.94304E+02
1.01325D-03	2.40000D+00	1.40000E+03	0.00000E+00	3.65537E+02
1.01325D-03	2.40000D+00	1.42500E+03	0.00000E+00	4.37297E+02
1.01325D-03	2.40000D+00	1.45000E+03	0.00000E+00	5.09666E+02
1.01325D-03	2.40000D+00	1.47500E+03	0.00000E+00	5.82745E+02
1.01325D-03	2.40000D+00	1.50000E+03	0.00000E+00	6.56660E+02
1.01325D-03	2.40000D+00	1.52500E+03	0.00000E+00	7.31563E+02
1.01325D-03	2.40000D+00	1.55000E+03	0.00000E+00	8.07638E+02
1.01325D-03	2.40000D+00	1.57500E+03	0.00000E+00	8.85105E+02
1.01325D-03	2.40000D+00	1.60000E+03	0.00000E+00	9.64229E+02
1.01325D-03	2.40000D+00	1.62500E+03	0.00000E+00	1.04532E+03
1.01325D-03	2.40000D+00	1.65000E+03	0.00000E+00	1.12874E+03
1.01325D-03	2.40000D+00	1.67500E+03	0.00000E+00	1.21493E+03
1.01325D-03	2.40000D+00	1.70000E+03	0.00000E+00	1.30436E+03
1.01325D-03	2.40000D+00	1.72500E+03	0.00000E+00	1.39763E+03
1.01325D-03	2.40000D+00	1.75000E+03	0.00000E+00	1.49537E+03
1.01325D-03	2.40000D+00	1.77500E+03	0.00000E+00	1.59834E+03
1.01325D-03	2.40000D+00	1.80000E+03	0.00000E+00	1.70738E+03
1.01325D-03	2.40000D+00	1.82500E+03	0.00000E+00	1.82344E+03
1.01325D-03	2.40000D+00	1.85000E+03	0.00000E+00	1.94760E+03
1.01325D-03	2.40000D+00	1.87500E+03	0.00000E+00	2.08103E+03
1.01325D-03	2.40000D+00	1.90000E+03	0.00000E+00	2.22507E+03
1.01325D-03	2.40000D+00	1.92500E+03	0.00000E+00	2.38117E+03
1.01325D-03	2.40000D+00	1.95000E+03	0.00000E+00	2.55092E+03
1.01325D-03	2.40000D+00	1.97500E+03	0.00000E+00	2.73607E+03
1.01325D-03	2.40000D+00	2.00000E+03	0.00000E+00	2.93850E+03
1.01325D-03	2.40000D+00	2.02500E+03	0.00000E+00	3.16025E+03
1.01325D-03	2.40000D+00	2.05000E+03	0.00000E+00	3.40348E+03
1.01325D-03	2.40000D+00	2.07500E+03	0.00000E+00	3.67050E+03
1.01325D-03	2.40000D+00	2.10000E+03	0.00000E+00	3.96373E+03
1.01325D-03	2.40000D+00	2.12500E+03	0.00000E+00	4.28571E+03
1.01325D-03	2.40000D+00	2.15000E+03	0.00000E+00	4.63904E+03
1.01325D-03	2.40000D+00	2.17500E+03	0.00000E+00	5.02637E+03
1.01325D-03	2.40000D+00	2.20000E+03	0.00000E+00	5.45033E+03
1.01325D-03	2.40000D+00	2.22500E+03	0.00000E+00	5.91352E+03
1.01325D-03	2.40000D+00	2.25000E+03	0.00000E+00	6.41839E+03
1.01325D-03	2.40000D+00	2.27500E+03	0.00000E+00	6.96718E+03
1.01325D-03	2.40000D+00	2.30000E+03	0.00000E+00	7.56181E+03
1.01325D-03	2.40000D+00	2.32500E+03	0.00000E+00	8.20378E+03
1.01325D-03	2.40000D+00	2.35000E+03	0.00000E+00	8.89400E+03
1.01325D-03	2.40000D+00	2.37500E+03	0.00000E+00	9.63268E+03
1.01325D-03	2.40000D+00	2.40000E+03	0.00000E+00	1.04192E+04
1.01325D-03	2.40000D+00	2.42500E+03	0.00000E+00	1.12518E+04
1.01325D-03	2.40000D+00	2.45000E+03	0.00000E+00	1.21278E+04
1.01325D-03	2.40000D+00	2.47500E+03	0.00000E+00	1.30432E+04
1.01325D-03	2.40000D+00	2.50000E+03	0.00000E+00	1.39927E+04
1.01325D-03	2.40000D+00	2.52500E+03	0.00000E+00	1.49700E+04
1.01325D-03	2.40000D+00	2.55000E+03	0.00000E+00	1.59677E+04
1.01325D-03	2.40000D+00	2.57500E+03	0.00000E+00	1.69777E+04
1.01325D-03	2.40000D+00	2.60000E+03	0.00000E+00	1.79914E+04
1.01325D-03	2.40000D+00	2.62500E+03	0.00000E+00	1.90004E+04
1.01325D-03	2.40000D+00	2.65000E+03	0.00000E+00	1.99965E+04
1.01325D-03	2.40000D+00	2.67500E+03	0.00000E+00	2.09723E+04
1.01325D-03	2.40000D+00	2.70000E+03	0.00000E+00	2.19215E+04
1.01325D-03	2.40000D+00	2.72500E+03	0.00000E+00	2.28387E+04
1.01325D-03	2.40000D+00	2.75000E+03	4.83015E-02	2.37193E+04
1.01325D-03	2.40000D+00	2.77500E+03	1.64372E-01	2.45592E+04
1.01325D-03	2.40000D+00	2.80000E+03	3.23084E-01	2.53540E+04
1.01325D-03	2.40000D+00	2.82500E+03	5.40626E-01	2.60987E+04
1.01325D-03	2.40000D+00	2.85000E+03	8.40148E-01	2.67871E+04
1.01325D-03	2.40000D+00	2.87500E+03	1.25571E+00	2.74115E+04
1.01325D-03	2.40000D+00	2.90000E+03	1.83930E+00	2.79640E+04
1.01325D-03	2.40000D+00	2.92500E+03	2.67431E+00	2.84368E+04
1.01325D-03	2.40000D+00	2.95000E+03	3.90336E+00	2.88242E+04
1.01325D-03	2.40000D+00	2.97500E+03	5.79254E+00	2.91238E+04
1.01325D-03	2.40000D+00	3.00000E+03	8.90304E+00	2.93373E+04
1.01325D-03	2.40000D+00	3.02500E+03	1.46592E+01	2.94699E+04
1.01325D-03	2.40000D+00	3.05000E+03	2.80475E+01	2.95286E+04
1.01325D-03	2.40000D+00	3.07500E+03	8.71450E+01	2.95174E+04
1.01325D-03	2.40000D+00	3.10000E+03	8.71450E+01	2.95174E+04
1.01325D-03	2.40000D+00	3.12500E+03	8.71450E+01	2.95174E+04
1.01325D-03	2.40000D+00	3.15000E+03	8.71450E+01	2.95174E+04
1.01325D-03	2.40000D+00	3.17500E+03	8.71450E+01	2.95174E+04
1.01325D-03	2.40000D+00	3.20000E+03	8.71450E+01	2.95174E+04
1.01325D-03	2.40000D+00	3.22500E+03	8.71450E+01	2.95174E+04
1.01325D-03	2.40000D+00	3.25000E+03	8.71450E+01	2.95174E+04
1.01325D-03	2.40000D+00	3.27500E+03	8.71450E+01	2.95174E+04
1.01325D-03	2.40000D+00	3.30000E+03	8.71450E+01	2.95174E+04
1.01325D-03	2.40000D+00	3.32500E+03	8.71450E+01	2.95174E+04
1.01325D-03	2.40000D+00	3.35000E+03	8.71450E+01	2.95174E+04
1.01325D-03	2.40000D+00	3.37500E+03	8.71450E+01	2.95174E+04
1.01325D-03	2.40000D+00	3.40000E+03	8.71450E+01	2.95174E+04
1.01325D-03	2.40000D+00	3.42500E+03	8.71450E+01	2.95174E+04
1.01325D-03	2.40000D+00	3.45000E+03	8.71450E+01	2.95174E+04
1.01325D-03	2.40000D+00	3.47500E+03	8.71450E+01	2.95174E+04
1.01325D-03	2.40000D+00	3.50000E+03	8.71450E+01	2.95174E+04
1.01325D-03	2.40000D+00	3.52500E+03	8.71450E+01	2.95174E+04
1.01325D-03	2.40000D+00	3.55000E+03	8.71450E+01	2.95174E+04
1.01325D-03	2.40000D+00	3.57500E+03	8.71450E+01	2.95174E+04
1.01325D-03	2.40000D+00	3.60000E+03	8.71450E+01	2.95174E+04
1.01325D-03	2.40000D+00	3.62500E+03	8.71450E+01	2.95174E+04
1.01325D-03	2.40000D+00	3.65000E+03	8.71450E+01	2.95174E+04
1.01325D-03	2.40000D+00	3.67500E+03	8.71450E+01	2.95174E+04
1.01325D-03	2.40000D+00	3.70000E+03	8.71450E+01	2.95174E+04
1.01325D-03	2.40000D+00	3.72500E+03	8.71450E+01	2.95174E+04
1.01325D-03	2.40000D+00	3.75000E+03	8.71450E+01	2.95174E+04
1.01325D-03	2.40000D+00	3.77500E+03	8.71450E+01	2.95174E+04
1.01325D-03	2.40000D+00	3.80000E+03	8.71450E+01	2.95174E+04
1.01325D-03	2.40000D+00	3.82500E+03	8.71450E+01	2.95174E+04
1.01325D-03	2.40000D+00	3.85000E+03	8.71450E+01	2.95174E+04
1.01325D-03	2.40000D+00	3.87500E+03	8.71450E+01	2.95174E+04
1.01325D-03	2.40000D+00	3.90000E+03	8.71450E+01	2.95174E+04
1.01325D-03	2.40000D+00	3.92500E+03	8.71450E+01	2.95174E+04
1.01325D-03	2.40000D+00	3.95000E+03	8.71450E+01	2.95174E+04
1.01325D-03	2.40000D+00	3.97500E+03	8.71450E+01	2.95174E+04
1.01325D-03	2.40000D+00	4.00000E+03	8.71450E+01	2.95174E+04
p (bar)	B'g	Temp (K)	B'c	Hw (kJ/kg)
1.01325D-03	3.00000D+00	2.50000E+02	0.00000E+00	-7.69924E+03
1.01325D-03	3.00000D+00	2.75000E+02	0.00000E+00	-7.64123E+03
1.01325D-03	3.00000D+00	3.00000E+02	0.00000E+00	-7.57636E+03
1.01325D-03	3.00000D+00	3.25000E+02	0.00000E+00	-7.50477E+03
1.01325D-03	3.00000D+00	3.50000E+02	0.00000E+00	-7.42739E+03
1.01325D-03	3.00000D+00	3.75000E+02	0.00000E+00	-7.34538E+03
1.01325D-03	3.00000D+00	4.00000E+02	0.00000E+00	-7.25932E+03
1.01325D-03	3.00000D+00	4.25000E+02	0.00000E+00	-7.16820E+03
1.01325D-03	3.00000D+00	4.50000E+02	0.00000E+00	-7.06810E+03
1.01325D-03	3.00000D+00	4.75000E+02	0.00000E+00	-6.95022E+03
1.01325D-03	3.00000D+00	5.00000E+02	0.00000E+00	-6.79884E+03
1.01325D-03	3.00000D+00	5.25000E+02	0.00000E+00	-6.59225E+03
1.01325D-03	3.00000D+00	5.50000E+02	0.00000E+00	-6.31230E+03
1.01325D-03	3.00000D+00	5.75000E+02	0.00000E+00	-5.95852E+03
1.01325D-03	3.00000D+00	6.00000E+02	0.00000E+00	-5.54516E+03
1.01325D-03	3.00000D+00	6.25000E+02	0.00000E+00	-5.07907E+03
1.01325D-03	3.00000D+00	6.50000E+02	0.00000E+00	-4.54824E+03
1.01325D-03	3.00000D+00	6.75000E+02	0.00000E+00	-3.93785E+03
1.01325D-03	3.00000D+00	7.00000E+02	0.00000E+00	-3.26572E+03
1.01325D-03	3.00000D+00	7.25000E+02	0.00000E+00	-2.60854E+03
1.01325D-03	3.00000D+00	7.50000E+02	0.00000E+00	-2.07019E+03
1.01325D-03	3.00000D+00	7.75000E+02	0.00000E+00	-1.69939E+03
1.01325D-03	3.00000D+00	8.00000E+02	0.00000E+00	-1.46585E+03
1.01325D-03	3.00000D+00	8.25000E+02	0.00000E+00	-1.31444E+03
1.01325D-03	3.00000D+00	8.50000E+02	0.00000E+00	-1.20504E+03
1.01325D-03	3.00000D+00	8.75000E+02	0.00000E+00	-1.11595E+03
1.01325D-03	3.00000D+00	9.00000E+02	0.00000E+00	-1.03661E+03
1.01325D-03	3.00000D+00	9.25000E+02	0.00000E+00	-9.61990E+02
1.01325D-03	3.00000D+00	9.50000E+02	0.00000E+00	-8.89671E+02
1.01325D-03	3.00000D+00	9.75000E+02	0.00000E+00	-8.18454E+02
1.01325D-03	3.00000D+00	1.00000E+03	0.00000E+00	-7.47722E+02
1.01325D-03	3.00000D+00	1.02500E+03	0.00000E+00	-6.77159E+02
1.01325D-03	3.00000D+00	1.05000E+03	0.00000E+00	-6.06600E+02
1.01325D-03	3.00000D+00	1.07500E+03	0.00000E+00	-5.35944E+02
1.01325D-03	3.00000D+00	1.10000E+03	0.00000E+00	-4.65128E+02
1.01325D-03	3.00000D+00	1.12500E+03	0.00000E+00	-3.94115E+02
1.01325D-03	3.00000D+00	1.15000E+03	0.00000E+00	-3.22881E+02
1.01325D-03	3.00000D+00	1.17500E+03	0.00000E+00	-2.51407E+02
1.01325D-03	3.00000D+00	1.20000E+03	0.00000E+00	-1.79678E+02
1.01325D-03	3.00000D+00	1.22500E+03	0.00000E+00	-1.07680E+02
1.01325D-03	3.00000D+00	1.25000E+03	0.00000E+00	-3.53990E+01
1.01325D-03	3.00000D+00	1.27500E+03	0.00000E+00	3.71834E+01
1.01325D-03	3.00000D+00	1.30000E+03	0.00000E+00	1.10088E+02
1.01325D-03	3.00000D+00	1.32500E+03	0.00000E+00	1.83342E+02
1.01325D-03	3.00000D+00	1.35000E+03	0.00000E+00	2.56979E+02
1.01325D-03	3.00000D+00	1.37500E+03	0.00000E+00	3.31044E+02
1.01325D-03	3.00000D+00	1.40000E+03	0.00000E+00	4.05591E+02
1.01325D-03	3.00000D+00	1.42500E+03	0.00000E+00	4.80690E+02
1.01325D-03	3.00000D+00	1.45000E+03	0.00000E+00	5.56429E+02
1.01325D-03	3.00000D+00	1.47500E+03	0.00000E+00	6.32915E+02
1.01325D-03	3.00000D+00	1.50000E+03	0.00000E+00	7.10280E+02
1.01325D-03	3.00000D+00	1.52500E+03	0.00000E+00	7.88686E+02
1.01325D-03	3.00000D+00	1.55000E+03	0.00000E+00	8.68328E+02
1.01325D-03	3.00000D+00	1.57500E+03	0.00000E+00	9.49441E+02
1.01325D-03	3.00000D+00	1.60000E+03	0.00000E+00	1.03230E+03
1.01325D-03	3.00000D+00	1.62500E+03	0.00000E+00	1.11725E+03
1.01325D-03	3.00000D+00	1.65000E+03	0.00000E+00	1.20466E+03
1.01325D-03	3.00000D+00	1.67500E+03	0.00000E+00	1.29500E+03
1.01325D-03	3.00000D+00	1.70000E+03	0.00000E+00	1.38878E+03
1.01325D-03	3.00000D+00	1.72500E+03	0.00000E+00	1.48662E+03
1.01325D-03	3.00000D+00	1.75000E+03	0.00000E+00	1.58922E+03
1.01325D-03	3.00000D+00	1.77500E+03	0.00000E+00	1.69736E+03
1.01325D-03	3.00000D+00	1.80000E+03	0.00000E+00	1.81196E+03
1.01325D-03	3.00000D+00	1.82500E+03	0.00000E+00	1.93401E+03
1.01325D-03	3.00000D+00	1.85000E+03	0.00000E+00	2.06467E+03
1.01325D-03	3.00000D+00	1.87500E+03	0.00000E+00	2.20520E+03
1.01325D-03	3.00000D+00	1.90000E+03	0.00000E+00	2.35701E+03
1.01325D-03	3.00000D+00	1.92500E+03	0.00000E+00	2.52166E+03
1.01325D-03	3.00000D+00	1.95000E+03	0.00000E+00	2.70085E+03
1.01325D-03	3.00000D+00	1.97500E+03	0.00000E+00	2.89644E+03
1.01325D-03	3.00000D+00	2.00000E+03	0.00000E+00	3.11044E+03
1.01325D-03	3.00000D+00	2.02500E+03	0.00000E+00	3.34505E+03
1.01325D-03	3.00000D+00	2.05000E+03	0.00000E+00	3.60258E+03
1.01325D-03	3.00000D+00	2.07500E+03	0.00000E+00	3.88550E+03
1.01325D-03	3.00000D+00	2.10000E+03	0.00000E+00	4.19643E+03
1.01325D-03	3.00000D+00	2.12500E+03	0.00000E+00	4.53809E+03
1.01325D-03	3.00000D+00	2.15000E+03	0.00000E+00	4.91329E+03
1.01325D-03	3.00000D+00	2.17500E+03	0.00000E+00	5.32488E+03
1.01325D-03	3.00000D+00	2.20000E+03	0.00000E+00	5.77575E+03
1.01325D-03	3.00000D+00	2.22500E+03	0.00000E+00	6.26869E+03
1.01325D-03	3.00000D+00	2.25000E+03	0.00000E+00	6.80641E+03
1.01325D-03	3.00000D+00	2.27500E+03	0.00000E+00	7.39136E+03
1.01325D-03	3.00000D+00	2.30000E+03	0.00000E+00	8.02570E+03
1.01325D-03	3.00000D+00	2.32500E+03	0.00000E+00	8.71111E+03
1.01325D-03	3.00000D+00	2.35000E+03	0.00000E+00	9.44868E+03
1.01325D-03	3.00000D+00	2.37500E+03	0.00000E+00	1.02387E+04
1.01325D-03	3.00000D+00	2.40000E+03	0.00000E+00	1.10807E+04
1.01325D-03	3.00000D+00	2.42500E+03	0.00000E+00	1.19729E+04
1.01325D-03	3.00000D+00	2.45000E+03	0.00000E+00	1.29124E+04
1.01325D-03	3.00000D+00	2.47500E+03	0.00000E+00	1.38950E+04
1.01325D-03	3.00000D+00	2.50000E+03	0.00000E+00	1.49150E+04
1.01325D-03	3.00000D+00	2.52500E+03	0.00000E+00	1.59656E+04
1.01325D-03	3.00000D+00	2.55000E+03	0.00000E+00	1.70384E+04
1.01325D-03	3.00000D+00	2.57500E+03	0.00000E+00	1.81244E+04
1.01325D-03	3.00000D+00	2.60000E+03	0.00000E+00	1.92138E+04
1.01325D-03	3.00000D+00	2.62500E+03	0.00000E+00	2.02963E+04
1.01325D-03	3.00000D+00	2.65000E+03	0.00000E+00	2.13619E+04
1.01325D-03	3.00000D+00	2.67500E+03	0.00000E+00	2.24010E+04
1.01325D-03	3.00000D+00	2.70000E+03	0.00000E+00	2.34046E+04
1.01325D-03	3.00000D+00	2.72500E+03	0.00000E+00	2.43643E+04
1.01325D-03	3.00000D+00	2.75000E+03	0.00000E+00	2.52719E+04
1.01325D-03	3.00000D+00	2.77500E+03	1.39497E-01	2.61196E+04
1.01325D-03	3.00000D+00	2.80000E+03	3.32990E-01	2.68994E+04
1.01325D-03	3.00000D+00	2.82500E+03	5.98352E-01	2.76026E+04
1.01325D-03	3.00000D+00	2.85000E+03	9.63876E-01	2.82204E+04
1.01325D-03	3.00000D+00	2.87500E+03	1.47118E+00	2.87445E+04
1.01325D-03	3.00000D+00	2.90000E+03	2.18382E+00	2.91682E+04
1.01325D-03	3.00000D+00	2.92500E+03	3.20363E+00	2.94882E+04
1.01325D-03	3.00000D+00	2.95000E+03	4.70480E+00	2.97055E+04
1.01325D-03	3.00000D+00	2.97500E+03	7.01219E+00	2.98265E+04
1.01325D-03	3.00000D+00	3.00000E+03	1.08107E+01	2.98618E+04
1.01325D-03	3.00000D+00	3.02500E+03	1.78375E+01	2.98249E+04
1.01325D-03	3.00000D+00	3.05000E+03	3.41698E+01	2.97295E+04
1.01325D-03	3.00000D+00	3.07500E+03	3.41698E+01	2.97295E+04
1.01325D-03	3.00000D+00	3.10000E+03	3.41698E+01	2.97295E+04
1.01325D-03	3.00000D+00	3.12500E+03	3.41698E+01	2.97295E+04
1.01325D-03	3.00000D+00	3.15000E+03	3.41698E+01	2.97295E+04
1.01325D-03	3.00000D+00	3.17500E+03	3.41698E+01	2.97295E+04
1.01325D-03	3.00000D+00	3.20000E+03	3.41698E+01	2.97295E+04
1.01325D-03	3.00000D+00	3.22500E+03	3.41698E+01	2.97295E+04
1.01325D-03	3.00000D+00	3.25000E+03	3.41698E+01	2.97295E+04
1.01325D-03	3.00000D+00	3.27500E+03	3.41698E+01	2.97295E+04
1.01325D-03	3.00000D+00	3.30000E+03	3.41698E+01	2.97295E+04
1.01325D-03	3.00000D+00	3.32500E+03	3.41698E+01	2.97295E+04
1.01325D-03	3.00000D+00	3.35000E+03	3.41698E+01	2.97295E+04
1.01325D-03	3.00000D+00	3.37500E+03	3.41698E+01	2.97295E+04
1.01325D-03	3.00000D+00	3.40000E+03	3.41698E+01	2.97295E+04
1.01325D-03	3.00000D+00	3.42500E+03	3.41698E+01	2.97295E+04
1.01325D-03	3.00000D+00	3.45000E+03	3.41698E+01	2.97295E+04
1.01325D-03	3.00000D+00	3.47500E+03	3.41698E+01	2.97295E+04
1.01325D-03	3.00000D+00	3.50000E+03	3.41698E+01	2.97295E+04
1.01325D-03	3.00000D+00	3.52500E+03	3.41698E+01	2.97295E+04
1.01325D-03	3.00000D+00	3.55000E+03	3.41698E+01	2.97295E+04
1.01325D-03	3.00000D+00	3.57500E+03	3.41698E+01	2.97295E+04
1.01325D-03	3.00000D+00	3.60000E+03	3.41698E+01	2.97295E+04
1.01325D-03	3.00000D+00	3.62500E+03	3.41698E+01	2.97295E+04
1.01325D-03	3.00000D+00	3.65000E+03	3.41698E+01	2.97295E+04
1.01325D-03	3.00000D+00	3.67500E+03	3.41698E+01	2.97295E+04
1.01325D-03	3.00000D+00	3.70000E+03	3.41698E+01	2.97295E+04
1.01325D-03	3.00000D+00	3.72500E+03	3.41698E+01	2.97295E+04
1.01325D-03	3.00000D+00	3.75000E+03	3.41698E+01	2.97295E+04
1.01325D-03	3.00000D+00	3.77500E+03	3.41698E+01	2.97295E+04
1.01325D-03	3.00000D+00	3.80000E+03	3.41698E+01	2.97295E+04
1.01325D-03	3.00000D+00	3.82500E+03	3.41698E+01	2.97295E+04
1.01325D-03	3.00000D+00	3.85000E+03	3.41698E+01	2.97295E+04
1.01325D-03	3.00000D+00	3.87500E+03	3.41698E+01	2.97295E+04
1.01325D-03	3.00000D+00	3.90000E+03	3.41698E+01	2.97295E+04
1.01325D-03	3.00000D+00	3.92500E+03	3.41698E+01	2.97295E+04
1.01325D-03	3.00000D+00	3.95000E+03	3.41698E+01	2.97295E+04
1.01325D-03	3.00000D+00	3.97500E+03	3.41698E+01	2.97295E+04
1.01325D-03	3.00000D+00	4.00000E+03	3.41698E+01	2.97295E+04
p (bar)	B'g	Temp (K)	B'c	Hw (kJ/kg)
1.01325D-03	4.00000D+00	2.50000E+02	0.00000E+00	-8.03274E+03
1.01325D-03	4.00000D+00	2.75000E+02	0.00000E+00	-7.97360E+03
1.01325D-03	4.00000D+00	3.00000E+02	0.00000E+00	-7.90758E+03
1.01325D-03	4.00000D+00	3.25000E+02	0.00000E+00	-7.83481E+03
1.01325D-03	4.00000D+00	3.50000E+02	0.00000E+00	-7.75634E+03
1.01325D-03	4.00000D+00	3.75000E+02	0.00000E+00	-7.67358E+03
1.01325D-03	4.00000D+00	4.00000E+02	0.00000E+00	-7.58757E+03
1.01325D-03	4.00000D+00	4.25000E+02	0.00000E+00	-7.49798E+03
1.01325D-03	4.00000D+00	4.50000E+02	0.00000E+00	-7.40163E+03
1.01325D-03	4.00000D+00	4.75000E+02	0.00000E+00	-7.29024E+03
1.01325D-03	4.00000D+00	5.00000E+02	0.00000E+00	-7.14750E+03
1.01325D-03	4.00000D+00	5.25000E+02	0.00000E+00	-6.94849E+03
1.01325D-03	4.00000D+00	5.50000E+02	0.00000E+00	-6.66899E+03
1.01325D-03	4.00000D+00	5.75000E+02	0.00000E+00	-6.30320E+03
1.01325D-03	4.00000D+00	6.00000E+02	0.00000E+00	-5.86514E+03
1.01325D-03	4.00000D+00	6.25000E+02	0.00000E+00	-5.36496E+03
1.01325D-03	4.00000D+00	6.50000E+02	0.00000E+00	-4.79360E+03
1.01325D-03	4.00000D+00	6.75000E+02	0.00000E+00	-4.13831E+03
1.01325D-03	4.00000D+00	7.00000E+02	0.00000E+00	-3.42040E+03
1.01325D-03	4.00000D+00	7.25000E+02	0.00000E+00	-2.72242E+03
1.01325D-03	4.00000D+00	7.50000E+02	0.00000E+00	-2.15349E+03
1.01325D-03	4.00000D+00	7.75000E+02	0.00000E+00	-1.76291E+03
1.01325D-03	4.00000D+00	8.00000E+02	0.00000E+00	-1.51720E+03
1.01325D-03	4.00000D+00	8.25000E+02	0.00000E+00	-1.35788E+03
1.01325D-03	4.00000D+00	8.50000E+02	0.00000E+00	-1.24270E+03
1.01325D-03	4.00000D+00	8.75000E+02	0.00000E+00	-1.14887E+03
1.01325D-03	4.00000D+00	9.00000E+02	0.00000E+00	-1.06530E+03
1.01325D-03	4.00000D+00	9.25000E+02	0.00000E+00	-9.86706E+02
1.01325D-03	4.00000D+00	9.50000E+02	0.00000E+00	-9.10543E+02
1.01325D-03	4.00000D+00	9.75000E+02	0.00000E+00	-8.35549E+02
1.01325D-03	4.00000D+00	1.00000E+03	0.00000E+00	-7.61071E+02
1.01325D-03	4.00000D+00	1.02500E+03	0.00000E+00	-6.86777E+02
1.01325D-03	4.00000D+00	1.05000E+03	0.00000E+00	-6.12493E+02
1.01325D-03	4.00000D+00	1.07500E+03	0.00000E+00	-5.38109E+02
1.01325D-03	4.00000D+00	1.10000E+03	0.00000E+00	-4.63561E+02
1.01325D-03	4.00000D+00	1.12500E+03	0.00000E+00	-3.88809E+02
1.01325D-03	4.00000D+00	1.15000E+03	0.00000E+00	-3.13826E+02
1.01325D-03	4.00000D+00	1.17500E+03	0.00000E+00	-2.38592E+02
1.01325D-03	4.00000D+00	1.20000E+03	0.00000E+00	-1.63091E+02
1.01325D-03	4.00000D+00	1.22500E+03	0.00000E+00	-8.73087E+01
1.01325D-03	4.00000D+00	1.25000E+03	0.00000E+00	-1.12295E+01
1.01325D-03	4.00000D+00	1.27500E+03	0.00000E+00	6.51652E+01
1.01325D-03	4.00000D+00	1.30000E+03	0.00000E+00	1.41898E+02
1.01325D-03	4.00000D+00	1.32500E+03	0.00000E+00	2.18997E+02
1.01325D-03	4.00000D+00	1.35000E+03	0.00000E+00	2.96499E+02
1.01325D-03	4.00000D+00	1.37500E+03	0.00000E+00	3.74449E+02
1.01325D-03	4.00000D+00	1.40000E+03	0.00000E+00	4.52908E+02
1.01325D-03	4.00000D+00	1.42500E+03	0.00000E+00	5.31948E+02
1.01325D-03	4.00000D+00	1.45000E+03	0.00000E+00	6.11662E+02
1.01325D-03	4.00000D+00	1.47500E+03	0.00000E+00	6.92165E+02
1.01325D-03	4.00000D+00	1.50000E+03	0.00000E+00	7.73597E+02
1.01325D-03	4.00000D+00	1.52500E+03	0.00000E+00	8.56132E+02
1.01325D-03	4.00000D+00	1.55000E+03	0.00000E+00	9.39977E+02
1.01325D-03	4.00000D+00	1.57500E+03	0.00000E+00	1.02538E+03
1.01325D-03	4.00000D+00	1.60000E+03	0.00000E+00	1.11265E+03
1.01325D-03	4.00000D+00	1.62500E+03	0.00000E+00	1.20212E+03
1.01325D-03	4.00000D+00	1.65000E+03	0.00000E+00	1.29423E+03
1.01325D-03	4.00000D+00	1.67500E+03	0.00000E+00	1.38944E+03
1.01325D-03	4.00000D+00	1.70000E+03	0.00000E+00	1.48833E+03
1.01325D-03	4.00000D+00	1.72500E+03	0.00000E+00	1.59155E+03
1.01325D-03	4.00000D+00	1.75000E+03	0.00000E+00	1.69985E+03
1.01325D-03	4.00000D+00	1.77500E+03	0.00000E+00	1.81407E+03
1.01325D-03	4.00000D+00	1.80000E+03	0.00000E+00	1.93517E+03
1.01325D-03	4.00000D+00	1.82500E+03	0.00000E+00	2.06426E+03
1.01325D-03	4.00000D+00	1.85000E+03	0.00000E+00	2.20254E+03
1.01325D-03	4.00000D+00	1.87500E+03	0.00000E+00	2.35139E+03
1.01325D-03	4.00000D+00	1.90000E+03	0.00000E+00	2.51232E+03
1.01325D-03	4.00000D+00	1.92500E+03	0.00000E+00	2.68699E+03
1.01325D-03	4.00000D+00	1.95000E+03	0.00000E+00	2.87725E+03
1.01325D-03	4.00000D+00	1.97500E+03	0.00000E+00	3.08509E+03
1.01325D-03	4.00000D+00	2.00000E+03	0.00000E+00	3.31268E+03
1.01325D-03	4.00000D+00	2.02500E+03	0.00000E+00	3.56239E+03
1.01325D-03	4.00000D+00	2.05000E+03	0.00000E+00	3.83671E+03
1.01325D-03	4.00000D+00	2.07500E+03	0.00000E+00	4.13832E+03
1.01325D-03	4.00000D+00	2.10000E+03	0.00000E+00	4.47005E+03
1.01325D-03	4.00000D+00	2.12500E+03	0.00000E+00	4.83485E+03
1.01325D-03	4.00000D+00	2.15000E+03	0.00000E+00	5.23577E+03
1.01325D-03	4.00000D+00	2.17500E+03	0.00000E+00	5.67593E+03
1.01325D-03	4.00000D+00	2.20000E+03	0.00000E+00	6.15846E+03
1.01325D-03	4.00000D+00	2.22500E+03	0.00000E+00	6.68645E+03
1.01325D-03	4.00000D+00	2.25000E+03	0.00000E+00	7.26287E+03
1.01325D-03	4.00000D+00	2.27500E+03	0.00000E+00	7.89047E+03
1.01325D-03	4.00000D+00	2.30000E+03	0.00000E+00	8.57163E+03
1.01325D-03	4.00000D+00	2.32500E+03	0.00000E+00	9.30830E+03
1.01325D-03	4.00000D+00	2.35000E+03	0.00000E+00	1.01018E+04
1.01325D-03	4.00000D+00	2.37500E+03	0.00000E+00	1.09525E+04
1.01325D-03	4.00000D+00	2.40000E+03	0.00000E+00	1.18600E+04
1.01325D-03	4.00000D+00	2.42500E+03	0.00000E+00	1.28226E+04
1.01325D-03	4.00000D+00	2.45000E+03	0.00000E+00	1.38372E+04
1.01325D-03	4.00000D+00	2.47500E+03	0.00000E+00	1.48993E+04
1.01325D-03	4.00000D+00	2.50000E+03	0.00000E+00	1.60027E+04
1.01325D-03	4.00000D+00	2.52500E+03	0.00000E+00	1.71399E+04
1.01325D-03	4.00000D+00	2.55000E+03	0.00000E+00	1.83015E+04
1.01325D-03	4.00000D+00	2.57500E+03	0.00000E+00	1.94773E+04
1.01325D-03	4.00000D+00	2.60000E+03	0.00000E+00	2.06556E+04
1.01325D-03	4.00000D+00	2.62500E+03	0.00000E+00	2.18245E+04
1.01325D-03	4.00000D+00	2.65000E+03	0.00000E+00	2.29713E+04
1.01325D-03	4.00000D+00	2.67500E+03	0.00000E+00	2.40837E+04
1.01325D-03	4.00000D+00	2.70000E+03	0.00000E+00	2.51492E+04
1.01325D-03	4.00000D+00	2.72500E+03	0.00000E+00	2.61554E+04
1.01325D-03	4.00000D+00	2.75000E+03	0.00000E+00	2.70901E+04
1.01325D-03	4.00000D+00	2.77500E+03	9.59026E-02	2.79408E+04
1.01325D-03	4.00000D+00	2.80000E+03	3.47250E-01	2.86948E+04
1.01325D-03	4.00000D+00	2.82500E+03	6.92172E-01	2.93398E+04
1.01325D-03	4.00000D+00	2.85000E+03	1.16753E+00	2.98647E+04
1.01325D-03	4.00000D+00	2.87500E+03	1.82754E+00	3.02610E+04
1.01325D-03	4.00000D+00	2.90000E+03	2.75494E+00	3.05254E+04
1.01325D-03	4.00000D+00	2.92500E+03	4.08235E+00	3.06609E+04
1.01325D-03	4.00000D+00	2.95000E+03	6.03644E+00	3.06779E+04
1.01325D-03	4.00000D+00	2.97500E+03	9.03990E+00	3.05931E+04
1.01325D-03	4.00000D+00	3.00000E+03	1.39833E+01	3.04277E+04
1.01325D-03	4.00000D+00	3.02500E+03	2.31244E+01	3.02040E+04
1.01325D-03	4.00000D+00	3.05000E+03	4.43537E+01	2.99420E+04
1.01325D-03	4.00000D+00	3.07500E+03	4.43537E+01	2.99420E+04
1.01325D-03	4.00000D+00	3.10000E+03	4.43537E+01	2.99420E+04
1.01325D-03	4.00000D+00	3.12500E+03	4.43537E+01	2.99420E+04
1.01325D-03	4.00000D+00	3.15000E+03	4.43537E+01	2.99420E+04
1.01325D-03	4.00000D+00	3.17500E+03	4.43537E+01	2.99420E+04
1.01325D-03	4.00000D+00	3.20000E+03	4.43537E+01	2.99420E+04
1.01325D-03	4.00000D+00	3.22500E+03	4.43537E+01	2.99420E+04
1.01325D-03	4.00000D+00	3.25000E+03	4.43537E+01	2.99420E+04
1.01325D-03	4.00000D+00	3.27500E+03	4.43537E+01	2.99420E+04
1.01325D-03	4.00000D+00	3.30000E+03	4.43537E+01	2.99420E+04
1.01325D-03	4.00000D+00	3.32500E+03	4.43537E+01	2.99420E+04
1.01325D-03	4.00000D+00	3.35000E+03	4.43537E+01	2.99420E+04
1.01325D-03	4.00000D+00	3.37500E+03	4.43537E+01	2.99420E+04
1.01325D-03	4.00000D+00	3.40000E+03	4.43537E+01	2.99420E+04
1.01325D-03	4.00000D+00	3.42500E+03	4.43537E+01	2.99420E+04
1.01325D-03	4.00000D+00	3.45000E+03	4.43537E+01	2.99420E+04
1.01325D-03	4.00000D+00	3.47500E+03	4.43537E+01	2.99420E+04
1.01325D-03	4.00000D+00	3.50000E+03	4.43537E+01	2.99420E+04
1.01325D-03	4.00000D+00	3.52500E+03	4.43537E+01	2.99420E+04
1.01325D-03	4.00000D+00	3.55000E+03	4.43537E+01	2.99420E+04
1.01325D-03	4.00000D+00	3.57500E+03	4.43537E+01	2.99420E+04
1.01325D-03	4.00000D+00	3.60000E+03	4.43537E+01	2.99420E+04
1.01325D-03	4.00000D+00	3.62500E+03	4.43537E+01	2.99420E+04
1.01325D-03	4.00000D+00	3.65000E+03	4.43537E+01	2.99420E+04
1.01325D-03	4.00000D+00	3.67500E+03	4.43537E+01	2.99420E+04
1.01325D-03	4.00000D+00	3.70000E+03	4.43537E+01	2.99420E+04
1.01325D-03	4.00000D+00	3.72500E+03	4.43537E+01	2.99420E+04
1.01325D-03	4.00000D+00	3.75000E+03	4.43537E+01	2.99420E+04
1.01325D-03	4.00000D+00	3.77500E+03	4.43537E+01	2.99420E+04
1.01325D-03	4.00000D+00	3.80000E+03	4.43537E+01	2.99420E+04
1.01325D-03	4.00000D+00	3.82500E+03	4.43537E+01	2.99420E+04
1.01325D-03	4.00000D+00	3.85000E+03	4.43537E+01	2.99420E+04
1.01325D-03	4.00000D+00	3.87500E+03	4.43537E+01	2.99420E+04
1.01325D-03	4.00000D+00	3.90000E+03	4.43537E+01	2.99420E+04
1.01325D-03	4.00000D+00	3.92500E+03	4.43537E+01	2.99420E+04
1.01325D-03	4.00000D+00	3.95000E+03	4.43537E+01	2.99420E+04
1.01325D-03	4.00000D+00	3.97500E+03	4.43537E+01	2.99420E+04
1.01325D-03	4.00000D+00	4.00000E+03	4.43537E+01	2.99420E+04
p (bar)	B'g	Temp (K)	B'c	Hw (kJ/kg)
1.01325D-03	5.50000D+00	2.50000E+02	0.00000E+00	-8.34562E+03
1.01325D-03	5.50000D+00	2.75000E+02	0.00000E+00	-8.28536E+03
1.01325D-03	5.50000D+00	3.00000E+02	0.00000E+00	-8.21816E+03
1.01325D-03	5.50000D+00	3.25000E+02	0.00000E+00	-8.14420E+03
1.01325D-03	5.50000D+00	3.50000E+02	0.00000E+00	-8.06464E+03
1.01325D-03	5.50000D+00	3.75000E+02	0.00000E+00	-7.98117E+03
1.01325D-03	5.50000D+00	4.00000E+02	0.00000E+00	-7.89532E+03
1.01325D-03	5.50000D+00	4.25000E+02	0.00000E+00	-7.80746E+03
1.01325D-03	5.50000D+00	4.50000E+02	0.00000E+00	-7.71524E+03
1.01325D-03	5.50000D+00	4.75000E+02	0.00000E+00	-7.61108E+03
1.01325D-03	5.50000D+00	5.00000E+02	0.00000E+00	-7.47834E+03
1.01325D-03	5.50000D+00	5.25000E+02	0.00000E+00	-7.28921E+03
1.01325D-03	5.50000D+00	5.50000E+02	0.00000E+00	-7.01321E+03
1.01325D-03	5.50000D+00	5.75000E+02	0.00000E+00	-6.63843E+03
1.01325D-03	5.50000D+00	6.00000E+02	0.00000E+00	-6.17784E+03
1.01325D-03	5.50000D+00	6.25000E+02	0.00000E+00	-5.64484E+03
1.01325D-03	5.50000D+00	6.50000E+02	0.00000E+00	-5.03364E+03
1.01325D-03	5.50000D+00	6.75000E+02	0.00000E+00	-4.33400E+03
1.01325D-03	5.50000D+00	7.00000E+02	0.00000E+00	-3.57093E+03
1.01325D-03	5.50000D+00	7.25000E+02	0.00000E+00	-2.83291E+03
1.01325D-03	5.50000D+00	7.50000E+02	0.00000E+00	-2.23411E+03
1.01325D-03	5.50000D+00	7.75000E+02	0.00000E+00	-1.82428E+03
1.01325D-03	5.50000D+00	8.00000E+02	0.00000E+00	-1.56678E+03
1.01325D-03	5.50000D+00	8.25000E+02	0.00000E+00	-1.39980E+03
1.01325D-03	5.50000D+00	8.50000E+02	0.00000E+00	-1.27904E+03
1.01325D-03	5.50000D+00	8.75000E+02	0.00000E+00	-1.18063E+03
1.01325D-03	5.50000D+00	9.00000E+02	0.00000E+00	-1.09298E+03
1.01325D-03	5.50000D+00	9.25000E+02	0.00000E+00	-1.01055E+03
1.01325D-03	5.50000D+00	9.50000E+02	0.00000E+00	-9.30676E+02
1.01325D-03	5.50000D+00	9.75000E+02	0.00000E+00	-8.52038E+02
1.01325D-03	5.50000D+00	1.00000E+03	0.00000E+00	-7.73947E+02
1.01325D-03	5.50000D+00	1.02500E+03	0.00000E+00	-6.96055E+02
1.01325D-03	5.50000D+00	1.05000E+03	0.00000E+00	-6.18178E+02
1.01325D-03	5.50000D+00	1.07500E+03	0.00000E+00	-5.40200E+02
1.01325D-03	5.50000D+00	1.10000E+03	0.00000E+00	-4.62053E+02
1.01325D-03	5.50000D+00	1.12500E+03	0.00000E+00	-3.83694E+02
1.01325D-03	5.50000D+00	1.15000E+03	0.00000E+00	-3.05095E+02
1.01325D-03	5.50000D+00	1.17500E+03	0.00000E+00	-2.26235E+02
1.01325D-03	5.50000D+00	1.20000E+03	0.00000E+00	-1.47097E+02
1.01325D-03	5.50000D+00	1.22500E+03	0.00000E+00	-6.76669E+01
1.01325D-03	5.50000D+00	1.25000E+03	0.00000E+00	1.20733E+01
1.01325D-03	5.50000D+00	1.27500E+03	0.00000E+00	9.21424E+01
1.01325D-03	5.50000D+00	1.30000E+03	0.00000E+00	1.72564E+02
1.01325D-03	5.50000D+00	1.32500E+03	0.00000E+00	2.53368E+02
1.01325D-03	5.50000D+00	1.35000E+03	0.00000E+00	3.34592E+02
1.01325D-03	5.50000D+00	1.37500E+03	0.00000E+00	4.16285E+02
1.01325D-03	5.50000D+00	1.40000E+03	0.00000E+00	4.98509E+02
1.01325D-03	5.50000D+00	1.42500E+03	0.00000E+00	5.81342E+02
1.01325D-03	5.50000D+00	1.45000E+03	0.00000E+00	6.64881E+02
1.01325D-03	5.50000D+00	1.47500E+03	0.00000E+00	7.49247E+02
1.01325D-03	5.50000D+00	1.50000E+03	0.00000E+00	8.34590E+02
1.01325D-03	5.50000D+00	1.52500E+03	0.00000E+00	9.21092E+02
1.01325D-03	5.50000D+00	1.55000E+03	0.00000E+00	1.00897E+03
1.01325D-03	5.50000D+00	1.57500E+03	0.00000E+00	1.09850E+03
1.01325D-03	5.50000D+00	1.60000E+03	0.00000E+00	1.18998E+03
1.01325D-03	5.50000D+00	1.62500E+03	0.00000E+00	1.28381E+03
1.01325D-03	5.50000D+00	1.65000E+03	0.00000E+00	1.38041E+03
1.01325D-03	5.50000D+00	1.67500E+03	0.00000E+00	1.48030E+03
1.01325D-03	5.50000D+00	1.70000E+03	0.00000E+00	1.58408E+03
1.01325D-03	5.50000D+00	1.72500E+03	0.00000E+00	1.69245E+03
1.01325D-03	5.50000D+00	1.75000E+03	0.00000E+00	1.80619E+03
1.01325D-03	5.50000D+00	1.77500E+03	0.00000E+00	1.92622E+03
1.01325D-03	5.50000D+00	1.80000E+03	0.00000E+00	2.05355E+03
1.01325D-03	5.50000D+00	1.82500E+03	0.00000E+00	2.18936E+03
1.01325D-03	5.50000D+00	1.85000E+03	0.00000E+00	2.33494E+03
1.01325D-03	5.50000D+00	1.87500E+03	0.00000E+00	2.49174E+03
1.01325D-03	5.50000D+00	1.90000E+03	0.00000E+00	2.66138E+03
1.01325D-03	5.50000D+00	1.92500E+03	0.00000E+00	2.84564E+03
1.01325D-03	5.50000D+00	1.95000E+03	0.00000E+00	3.04649E+03
1.01325D-03	5.50000D+00	1.97500E+03	0.00000E+00	3.26605E+03
1.01325D-03	5.50000D+00	2.00000E+03	0.00000E+00	3.50666E+03
1.01325D-03	5.50000D+00	2.02500E+03	0.00000E+00	3.77083E+03
1.01325D-03	5.50000D+00	2.05000E+03	0.00000E+00	4.06125E+03
1.01325D-03	5.50000D+00	2.07500E+03	0.00000E+00	4.38078E+03
1.01325D-03	5.50000D+00	2.10000E+03	0.00000E+00	4.73247E+03
1.01325D-03	5.50000D+00	2.12500E+03	0.00000E+00	5.11948E+03
1.01325D-03	5.50000D+00	2.15000E+03	0.00000E+00	5.54510E+03
1.01325D-03	5.50000D+00	2.17500E+03	0.00000E+00	6.01272E+03
1.01325D-03	5.50000D+00	2.20000E+03	0.00000E+00	6.52571E+03
1.01325D-03	5.50000D+00	2.22500E+03	0.00000E+00	7.08743E+03
1.01325D-03	5.50000D+00	2.25000E+03	0.00000E+00	7.70113E+03
1.01325D-03	5.50000D+00	2.27500E+03	0.00000E+00	8.36981E+03
1.01325D-03	5.50000D+00	2.30000E+03	0.00000E+00	9.09613E+03
1.01325D-03	5.50000D+00	2.32500E+03	0.00000E+00	9.88226E+03
1.01325D-03	5.50000D+00	2.35000E+03	0.00000E+00	1.07297E+04
1.01325D-03	5.50000D+00	2.37500E+03	0.00000E+00	1.16390E+04
1.01325D-03	5.50000D+00	2.40000E+03	0.00000E+00	1.26099E+04
1.01325D-03	5.50000D+00	2.42500E+03	0.00000E+00	1.36405E+04
1.01325D-03	5.50000D+00	2.45000E+03	0.00000E+00	1.47278E+04
1.01325D-03	5.50000D+00	2.47500E+03	0.00000E+00	1.58668E+04
1.01325D-03	5.50000D+00	2.50000E+03	0.00000E+00	1.70509E+04
1.01325D-03	5.50000D+00	2.52500E+03	0.00000E+00	1.82719E+04
1.01325D-03	5.50000D+00	2.55000E+03	0.00000E+00	1.95194E+04
1.01325D-03	5.50000D+00	2.57500E+03	0.00000E+00	2.07818E+04
1.01325D-03	5.50000D+00	2.60000E+03	0.00000E+00	2.20460E+04
1.01325D-03	5.50000D+00	2.62500E+03	0.00000E+00	2.32978E+04
1.01325D-03	5.50000D+00	2.65000E+03	0.00000E+00	2.45222E+04
1.01325D-03	5.50000D+00	2.67500E+03	0.00000E+00	2.57037E+04
1.01325D-03	5.50000D+00	2.70000E+03	0.00000E+00	2.68265E+04
1.01325D-03	5.50000D+00	2.72500E+03	0.00000E+00	2.78743E+04
1.01325D-03	5.50000D+00	2.75000E+03	0.00000E+00	2.88303E+04
1.01325D-03	5.50000D+00	2.77500E+03	2.72293E-02	2.96774E+04
1.01325D-03	5.50000D+00	2.80000E+03	3.65179E-01	3.03988E+04
1.01325D-03	5.50000D+00	2.82500E+03	8.29227E-01	3.09788E+04
1.01325D-03	5.50000D+00	2.85000E+03	1.46907E+00	3.14046E+04
1.01325D-03	5.50000D+00	2.87500E+03	2.35778E+00	3.16692E+04
1.01325D-03	5.50000D+00	2.90000E+03	3.60689E+00	3.17734E+04
1.01325D-03	5.50000D+00	2.92500E+03	5.39505E+00	3.17278E+04
1.01325D-03	5.50000D+00	2.95000E+03	8.02760E+00	3.15526E+04
1.01325D-03	5.50000D+00	2.97500E+03	1.20736E+01	3.12749E+04
1.01325D-03	5.50000D+00	3.00000E+03	1.87317E+01	3.09255E+04
1.01325D-03	5.50000D+00	3.02500E+03	3.10387E+01	3.05341E+04
1.01325D-03	5.50000D+00	3.05000E+03	5.95988E+01	3.01252E+04
1.01325D-03	5.50000D+00	3.07500E+03	5.95988E+01	3.01252E+04
1.01325D-03	5.50000D+00	3.10000E+03	5.95988E+01	3.01252E+04
1.01325D-03	5.50000D+00	3.12500E+03	5.95988E+01	3.01252E+04
1.01325D-03	5.50000D+00	3.15000E+03	5.95988E+01	3.01252E+04
1.01325D-03	5.50000D+00	3.17500E+03	5.95988E+01	3.01252E+04
1.01325D-03	5.50000D+00	3.20000E+03	5.95988E+01	3.01252E+04
1.01325D-03	5.50000D+00	3.22500E+03	5.95988E+01	3.01252E+04
1.01325D-03	5.50000D+00	3.25000E+03	5.95988E+01	3.01252E+04
1.01325D-03	5.50000D+00	3.27500E+03	5.95988E+01	3.01252E+04
1.01325D-03	5.50000D+00	3.30000E+03	5.95988E+01	3.01252E+04
1.01325D-03	5.50000D+00	3.32500E+03	5.95988E+01	3.01252E+04
1.01325D-03	5.50000D+00	3.35000E+03	5.95988E+01	3.01252E+04
1.01325D-03	5.50000D+00	3.37500E+03	5.95988E+01	3.01252E+04
1.01325D-03	5.50000D+00	3.40000E+03	5.95988E+01	3.01252E+04
1.01325D-03	5.50000D+00	3.42500E+03	5.95988E+01	3.01252E+04
1.01325D-03	5.50000D+00	3.45000E+03	5.95988E+01	3.01252E+04
1.01325D-03	5.50000D+00	3.47500E+03	5.95988E+01	3.01252E+04
1.01325D-03	5.50000D+00	3.50000E+03	5.95988E+01	3.01252E+04
1.01325D-03	5.50000D+00	3.52500E+03	5.95988E+01	3.01252E+04
1.01325D-03	5.50000D+00	3.55000E+03	5.95988E+01	3.01252E+04
1.01325D-03	5.50000D+00	3.57500E+03	5.95988E+01	3.01252E+04
1.01325D-03	5.50000D+00	3.60000E+03	5.95988E+01	3.01252E+04
1.01325D-03	5.50000D+00	3.62500E+03	5.95988E+01	3.01252E+04
1.01325D-03	5.50000D+00	3.65000E+03	5.95988E+01	3.01252E+04
1.01325D-03	5.50000D+00	3.67500E+03	5.95988E+01	3.01252E+04
1.01325D-03	5.50000D+00	3.70000E+03	5.95988E+01	3.01252E+04
1.01325D-03	5.50000D+00	3.72500E+03	5.95988E+01	3.01252E+04
1.01325D-03	5.50000D+00	3.75000E+03	5.95988E+01	3.01252E+04
1.01325D-03	5.50000D+00	3.77500E+03	5.95988E+01	3.01252E+04
1.01325D-03	5.50000D+00	3.80000E+03	5.95988E+01	3.01252E+04
1.01325D-03	5.50000D+00	3.82500E+03	5.95988E+01	3.01252E+04
1.01325D-03	5.50000D+00	3.85000E+03	5.95988E+01	3.01252E+04
1.01325D-03	5.50000D+00	3.87500E+03	5.95988E+01	3.01252E+04
1.01325D-03	5.50000D+00	3.90000E+03	5.95988E+01	3.01252E+04
1.01325D-03	5.50000D+00	3.92500E+03	5.95988E+01	3.01252E+04
1.01325D-03	5.50000D+00	3.95000E+03	5.95988E+01	3.01252E+04
1.01325D-03	5.50000D+00	3.97500E+03	5.95988E+01	3.01252E+04
1.01325D-03	5.50000D+00	4.00000E+03	5.95988E+01	3.01252E+04
p (bar)	B'g	Temp (K)	B'c	Hw (kJ/kg)
1.01325D-03	7.50000D+00	2.50000E+02	0.00000E+00	-8.59449E+03
1.01325D-03	7.50000D+00	2.75000E+02	0.00000E+00	-8.53330E+03
1.01325D-03	7.50000D+00	3.00000E+02	0.00000E+00	-8.46512E+03
1.01325D-03	7.50000D+00	3.25000E+02	0.00000E+00	-8.39015E+03
1.01325D-03	7.50000D+00	3.50000E+02	0.00000E+00	-8.30968E+03
1.01325D-03	7.50000D+00	3.75000E+02	0.00000E+00	-8.22566E+03
1.01325D-03	7.50000D+00	4.00000E+02	0.00000E+00	-8.14002E+03
1.01325D-03	7.50000D+00	4.25000E+02	0.00000E+00	-8.05374E+03
1.01325D-03	7.50000D+00	4.50000E+02	0.00000E+00	-7.96523E+03
1.01325D-03	7.50000D+00	4.75000E+02	0.00000E+00	-7.86760E+03
1.01325D-03	7.50000D+00	5.00000E+02	0.00000E+00	-7.74415E+03
1.01325D-03	7.50000D+00	5.25000E+02	0.00000E+00	-7.56485E+03
1.01325D-03	7.50000D+00	5.50000E+02	0.00000E+00	-7.29391E+03
1.01325D-03	7.50000D+00	5.75000E+02	0.00000E+00	-6.91369E+03
1.01325D-03	7.50000D+00	6.00000E+02	0.00000E+00	-6.43573E+03
1.01325D-03	7.50000D+00	6.25000E+02	0.00000E+00	-5.87602E+03
1.01325D-03	7.50000D+00	6.50000E+02	0.00000E+00	-5.23181E+03
1.01325D-03	7.50000D+00	6.75000E+02	0.00000E+00	-4.49523E+03
1.01325D-03	7.50000D+00	7.00000E+02	0.00000E+00	-3.69461E+03
1.01325D-03	7.50000D+00	7.25000E+02	0.00000E+00	-2.92342E+03
1.01325D-03	7.50000D+00	7.50000E+02	0.00000E+00	-2.30000E+03
1.01325D-03	7.50000D+00	7.75000E+02	0.00000E+00	-1.87437E+03
1.01325D-03	7.50000D+00	8.00000E+02	0.00000E+00	-1.60721E+03
1.01325D-03	7.50000D+00	8.25000E+02	0.00000E+00	-1.43397E+03
1.01325D-03	7.50000D+00	8.50000E+02	0.00000E+00	-1.30866E+03
1.01325D-03	7.50000D+00	8.75000E+02	0.00000E+00	-1.20652E+03
1.01325D-03	7.50000D+00	9.00000E+02	0.00000E+00	-1.11553E+03
1.01325D-03	7.50000D+00	9.25000E+02	0.00000E+00	-1.02998E+03
1.01325D-03	7.50000D+00	9.50000E+02	0.00000E+00	-9.47085E+02
1.01325D-03	7.50000D+00	9.75000E+02	0.00000E+00	-8.65477E+02
1.01325D-03	7.50000D+00	1.00000E+03	0.00000E+00	-7.84443E+02
1.01325D-03	7.50000D+00	1.02500E+03	0.00000E+00	-7.03618E+02
1.01325D-03	7.50000D+00	1.05000E+03	0.00000E+00	-6.22812E+02
1.01325D-03	7.50000D+00	1.07500E+03	0.00000E+00	-5.41905E+02
1.01325D-03	7.50000D+00	1.10000E+03	0.00000E+00	-4.60824E+02
1.01325D-03	7.50000D+00	1.12500E+03	0.00000E+00	-3.79527E+02
1.01325D-03	7.50000D+00	1.15000E+03	0.00000E+00	-2.97982E+02
1.01325D-03	7.50000D+00	1.17500E+03	0.00000E+00	-2.16168E+02
1.01325D-03	7.50000D+00	1.20000E+03	0.00000E+00	-1.34068E+02
1.01325D-03	7.50000D+00	1.22500E+03	0.00000E+00	-5.16655E+01
1.01325D-03	7.50000D+00	1.25000E+03	0.00000E+00	3.10564E+01
1.01325D-03	7.50000D+00	1.27500E+03	0.00000E+00	1.14118E+02
1.01325D-03	7.50000D+00	1.30000E+03	0.00000E+00	1.97543E+02
1.01325D-03	7.50000D+00	1.32500E+03	0.00000E+00	2.81362E+02
1.01325D-03	7.50000D+00	1.35000E+03	0.00000E+00	3.65616E+02
1.01325D-03	7.50000D+00	1.37500E+03	0.00000E+00	4.50354E+02
1.01325D-03	7.50000D+00	1.40000E+03	0.00000E+00	5.35640E+02
1.01325D-03	7.50000D+00	1.42500E+03	0.00000E+00	6.21557E+02
1.01325D-03	7.50000D+00	1.45000E+03	0.00000E+00	7.08204E+02
1.01325D-03	7.50000D+00	1.47500E+03	0.00000E+00	7.95709E+02
1.01325D-03	7.50000D+00	1.50000E+03	0.00000E+00	8.84227E+02
1.01325D-03	7.50000D+00	1.52500E+03	0.00000E+00	9.73949E+02
1.01325D-03	7.50000D+00	1.55000E+03	0.00000E+00	1.06510E+03
1.01325D-03	7.50000D+00	1.57500E+03	0.00000E+00	1.15797E+03
1.01325D-03	7.50000D+00	1.60000E+03	0.00000E+00	1.25288E+03
1.01325D-03	7.50000D+00	1.62500E+03	0.00000E+00	1.35022E+03
1.01325D-03	7.50000D+00	1.65000E+03	0.00000E+00	1.45046E+03
1.01325D-03	7.50000D+00	1.67500E+03	0.00000E+00	1.55413E+03
1.01325D-03	7.50000D+00	1.70000E+03	0.00000E+00	1.66187E+03
1.01325D-03	7.50000D+00	1.72500E+03	0.00000E+00	1.77440E+03
1.01325D-03	7.50000D+00	1.75000E+03	0.00000E+00	1.89254E+03
1.01325D-03	7.50000D+00	1.77500E+03	0.00000E+00	2.01726E+03
1.01325D-03	7.50000D+00	1.80000E+03	0.00000E+00	2.14963E+03
1.01325D-03	7.50000D+00	1.82500E+03	0.00000E+00	2.29086E+03
1.01325D-03	7.50000D+00	1.85000E+03	0.00000E+00	2.44233E+03
1.01325D-03	7.50000D+00	1.87500E+03	0.00000E+00	2.60556E+03
1.01325D-03	7.50000D+00	1.90000E+03	0.00000E+00	2.78224E+03
1.01325D-03	7.50000D+00	1.92500E+03	0.00000E+00	2.97425E+03
1.01325D-03	7.50000D+00	1.95000E+03	0.00000E+00	3.18366E+03
1.01325D-03	7.50000D+00	1.97500E+03	0.00000E+00	3.41271E+03
1.01325D-03	7.50000D+00	2.00000E+03	0.00000E+00	3.66385E+03
1.01325D-03	7.50000D+00	2.02500E+03	0.00000E+00	3.93973E+03
1.01325D-03	7.50000D+00	2.05000E+03	0.00000E+00	4.24319E+03
1.01325D-03	7.50000D+00	2.07500E+03	0.00000E+00	4.57726E+03
1.01325D-03	7.50000D+00	2.10000E+03	0.00000E+00	4.94514E+03
1.01325D-03	7.50000D+00	2.12500E+03	0.00000E+00	5.35019E+03
1.01325D-03	7.50000D+00	2.15000E+03	0.00000E+00	5.79591E+03
1.01325D-03	7.50000D+00	2.17500E+03	0.00000E+00	6.28585E+03
1.01325D-03	7.50000D+00	2.20000E+03	0.00000E+00	6.82364E+03
1.01325D-03	7.50000D+00	2.22500E+03	0.00000E+00	7.41285E+03
1.01325D-03	7.50000D+00	2.25000E+03	0.00000E+00	8.05694E+03
1.01325D-03	7.50000D+00	2.27500E+03	0.00000E+00	8.75914E+03
1.01325D-03	7.50000D+00	2.30000E+03	0.00000E+00	9.52234E+03
1.01325D-03	7.50000D+00	2.32500E+03	0.00000E+00	1.03489E+04
1.01325D-03	7.50000D+00	2.35000E+03	0.00000E+00	1.12404E+04
1.01325D-03	7.50000D+00	2.37500E+03	0.00000E+00	1.21978E+04
1.01325D-03	7.50000D+00	2.40000E+03	0.00000E+00	1.32205E+04
1.01325D-03	7.50000D+00	2.42500E+03	0.00000E+00	1.43069E+04
1.01325D-03	7.50000D+00	2.45000E+03	0.00000E+00	1.54537E+04
1.01325D-03	7.50000D+00	2.47500E+03	0.00000E+00	1.66557E+04
1.01325D-03	7.50000D+00	2.50000E+03	0.00000E+00	1.79061E+04
1.01325D-03	7.50000D+00	2.52500E+03	0.00000E+00	1.91957E+04
1.01325D-03	7.50000D+00	2.55000E+03	0.00000E+00	2.05137E+04
1.01325D-03	7.50000D+00	2.57500E+03	0.00000E+00	2.18471E+04
1.01325D-03	7.50000D+00	2.60000E+03	0.00000E+00	2.31814E+04
1.01325D-03	7.50000D+00	2.62500E+03	0.00000E+00	2.45008E+04
1.01325D-03	7.50000D+00	2.65000E+03	0.00000E+00	2.57880E+04
1.01325D-03	7.50000D+00	2.67500E+03	0.00000E+00	2.70251E+04
1.01325D-03	7.50000D+00	2.70000E+03	0.00000E+00	2.81931E+04
1.01325D-03	7.50000D+00	2.72500E+03	0.00000E+00	2.92723E+04
1.01325D-03	7.50000D+00	2.75000E+03	0.00000E+00	3.02422E+04
1.01325D-03	7.50000D+00	2.77500E+03	0.00000E+00	3.10820E+04
1.01325D-03	7.50000D+00	2.80000E+03	3.85018E-01	3.17712E+04
1.01325D-03	7.50000D+00	2.82500E+03	1.00765E+00	3.22918E+04
1.01325D-03	7.50000D+00	2.85000E+03	1.86649E+00	3.26304E+04
1.01325D-03	7.50000D+00	2.87500E+03	3.05974E+00	3.27816E+04
1.01325D-03	7.50000D+00	2.90000E+03	4.73724E+00	3.27509E+04
1.01325D-03	7.50000D+00	2.92500E+03	7.13899E+00	3.25558E+04
1.01325D-03	7.50000D+00	2.95000E+03	1.06750E+01	3.22249E+04
1.01325D-03	7.50000D+00	2.97500E+03	1.61094E+01	3.17939E+04
1.01325D-03	7.50000D+00	3.00000E+03	2.50507E+01	3.13009E+04
1.01325D-03	7.50000D+00	3.02500E+03	4.15725E+01	3.07806E+04
1.01325D-03	7.50000D+00	3.05000E+03	7.98906E+01	3.02609E+04
1.01325D-03	7.50000D+00	3.07500E+03	7.98906E+01	3.02609E+04
1.01325D-03	7.50000D+00	3.10000E+03	7.98906E+01	3.02609E+04
1.01325D-03	7.50000D+00	3.12500E+03	7.98906E+01	3.02609E+04
1.01325D-03	7.50000D+00	3.15000E+03	7.98906E+01	3.02609E+04
1.01325D-03	7.50000D+00	3.17500E+03	7.98906E+01	3.02609E+04
1.01325D-03	7.50000D+00	3.20000E+03	7.98906E+01	3.02609E+04
1.01325D-03	7.50000D+00	3.22500E+03	7.98906E+01	3.02609E+04
1.01325D-03	7.50000D+00	3.25000E+03	7.98906E+01	3.02609E+04
1.01325D-03	7.50000D+00	3.27500E+03	7.98906E+01	3.02609E+04
1.01325D-03	7.50000D+00	3.30000E+03	7.98906E+01	3.02609E+04
1.01325D-03	7.50000D+00	3.32500E+03	7.98906E+01	3.02609E+04
1.01325D-03	7.50000D+00	3.35000E+03	7.98906E+01	3.02609E+04
1.01325D-03	7.50000D+00	3.37500E+03	7.98906E+01	3.02609E+04
1.01325D-03	7.50000D+00	3.40000E+03	7.98906E+01	3.02609E+04
1.01325D-03	7.50000D+00	3.42500E+03	7.98906E+01	3.02609E+04
1.01325D-03	7.50000D+00	3.45000E+03	7.98906E+01	3.02609E+04
1.01325D-03	7.50000D+00	3.47500E+03	7.98906E+01	3.02609E+04
1.01325D-03	7.50000D+00	3.50000E+03	7.98906E+01	3.02609E+04
1.01325D-03	7.50000D+00	3.52500E+03	7.98906E+01	3.02609E+04
1.01325D-03	7.50000D+00	3.55000E+03	7.98906E+01	3.02609E+04
1.01325D-03	7.50000D+00	3.57500E+03	7.98906E+01	3.02609E+04
1.01325D-03	7.50000D+00	3.60000E+03	7.98906E+01	3.02609E+04
1.01325D-03	7.50000D+00	3.62500E+03	7.98906E+01	3.02609E+04
1.01325D-03	7.50000D+00	3.65000E+03	7.98906E+01	3.02609E+04
1.01325D-03	7.50000D+00	3.67500E+03	7.98906E+01	3.02609E+04
1.01325D-03	7.50000D+00	3.70000E+03	7.98906E+01	3.02609E+04
1.01325D-03	7.50000D+00	3.72500E+03	7.98906E+01	3.02609E+04
1.01325D-03	7.50000D+00	3.75000E+03	7.98906E+01	3.02609E+04
1.01325D-03	7.50000D+00	3.77500E+03	7.98906E+01	3.02609E+04
1.01325D-03	7.50000D+00	3.80000E+03	7.98906E+01	3.02609E+04
1.01325D-03	7.50000D+00	3.82500E+03	7.98906E+01	3.02609E+04
1.01325D-03	7.50000D+00	3.85000E+03	7.98906E+01	3.02609E+04
1.01325D-03	7.50000D+00	3.87500E+03	7.98906E+01	3.02609E+04
1.01325D-03	7.50000D+00	3.90000E+03	7.98906E+01	3.02609E+04
1.01325D-03	7.50000D+00	3.92500E+03	7.98906E+01	3.02609E+04
1.01325D-03	7.50000D+00	3.95000E+03	7.98906E+01	3.02609E+04
1.01325D-03	7.50000D+00	3.97500E+03	7.98906E+01	3.02609E+04
1.01325D-03	7.50000D+00	4.00000E+03	7.98906E+01	3.02609E+04
p (bar)	B'g	Temp (K)	B'c	Hw (kJ/kg)
1.01325D-03	1.00000D+01	2.50000E+02	0.00000E+00	-8.78032E+03
1.01325D-03	1.00000D+01	2.75000E+02	0.00000E+00	-8.71842E+03
1.01325D-03	1.00000D+01	3.00000E+02	0.00000E+00	-8.64947E+03
1.01325D-03	1.00000D+01	3.25000E+02	0.00000E+00	-8.57373E+03
1.01325D-03	1.00000D+01	3.50000E+02	0.00000E+00	-8.49257E+03
1.01325D-03	1.00000D+01	3.75000E+02	0.00000E+00	-8.40813E+03
1.01325D-03	1.00000D+01	4.00000E+02	0.00000E+00	-8.32270E+03
1.01325D-03	1.00000D+01	4.25000E+02	0.00000E+00	-8.23771E+03
1.01325D-03	1.00000D+01	4.50000E+02	0.00000E+00	-8.15222E+03
1.01325D-03	1.00000D+01	4.75000E+02	0.00000E+00	-8.05992E+03
1.01325D-03	1.00000D+01	5.00000E+02	0.00000E+00	-7.94419E+03
1.01325D-03	1.00000D+01	5.25000E+02	0.00000E+00	-7.77340E+03
1.01325D-03	1.00000D+01	5.50000E+02	0.00000E+00	-7.50762E+03
1.01325D-03	1.00000D+01	5.75000E+02	0.00000E+00	-7.12442E+03
1.01325D-03	1.00000D+01	6.00000E+02	0.00000E+00	-6.63385E+03
1.01325D-03	1.00000D+01	6.25000E+02	0.00000E+00	-6.05385E+03
1.01325D-03	1.00000D+01	6.50000E+02	0.00000E+00	-5.38418E+03
1.01325D-03	1.00000D+01	6.75000E+02	0.00000E+00	-4.61899E+03
1.01325D-03	1.00000D+01	7.00000E+02	0.00000E+00	-3.78934E+03
1.01325D-03	1.00000D+01	7.25000E+02	0.00000E+00	-2.99259E+03
1.01325D-03	1.00000D+01	7.50000E+02	0.00000E+00	-2.35027E+03
1.01325D-03	1.00000D+01	7.75000E+02	0.00000E+00	-1.91253E+03
1.01325D-03	1.00000D+01	8.00000E+02	0.00000E+00	-1.63800E+03
1.01325D-03	1.00000D+01	8.25000E+02	0.00000E+00	-1.45999E+03
1.01325D-03	1.00000D+01	8.50000E+02	0.00000E+00	-1.33120E+03
1.01325D-03	1.00000D+01	8.75000E+02	0.00000E+00	-1.22622E+03
1.01325D-03	1.00000D+01	9.00000E+02	0.00000E+00	-1.13270E+03
1.01325D-03	1.00000D+01	9.25000E+02	0.00000E+00	-1.04477E+03
1.01325D-03	1.00000D+01	9.50000E+02	0.00000E+00	-9.59573E+02
1.01325D-03	1.00000D+01	9.75000E+02	0.00000E+00	-8.75705E+02
1.01325D-03	1.00000D+01	1.00000E+03	0.00000E+00	-7.92430E+02
1.01325D-03	1.00000D+01	1.02500E+03	0.00000E+00	-7.09374E+02
1.01325D-03	1.00000D+01	1.05000E+03	0.00000E+00	-6.26339E+02
1.01325D-03	1.00000D+01	1.07500E+03	0.00000E+00	-5.43203E+02
1.01325D-03	1.00000D+01	1.10000E+03	0.00000E+00	-4.59891E+02
1.01325D-03	1.00000D+01	1.12500E+03	0.00000E+00	-3.76358E+02
1.01325D-03	1.00000D+01	1.15000E+03	0.00000E+00	-2.92571E+02
1.01325D-03	1.00000D+01	1.17500E+03	0.00000E+00	-2.08510E+02
1.01325D-03	1.00000D+01	1.20000E+03	0.00000E+00	-1.24157E+02
1.01325D-03	1.00000D+01	1.22500E+03	0.00000E+00	-3.94938E+01
1.01325D-03	1.00000D+01	1.25000E+03	0.00000E+00	4.54956E+01
1.01325D-03	1.00000D+01	1.27500E+03	0.00000E+00	1.30832E+02
1.01325D-03	1.00000D+01	1.30000E+03	0.00000E+00	2.16540E+02
1.01325D-03	1.00000D+01	1.32500E+03	0.00000E+00	3.02652E+02
1.01325D-03	1.00000D+01	1.35000E+03	0.00000E+00	3.89207E+02
1.01325D-03	1.00000D+01	1.37500E+03	0.00000E+00	4.76258E+02
1.01325D-03	1.00000D+01	1.40000E+03	0.00000E+00	5.63871E+02
1.01325D-03	1.00000D+01	1.42500E+03	0.00000E+00	6.52128E+02
1.01325D-03	1.00000D+01	1.45000E+03	0.00000E+00	7.41134E+02
1.01325D-03	1.00000D+01	1.47500E+03	0.00000E+00	8.31020E+02
1.01325D-03	1.00000D+01	1.50000E+03	0.00000E+00	9.21945E+02
1.01325D-03	1.00000D+01	1.52500E+03	0.00000E+00	1.01411E+03
1.01325D-03	1.00000D+01	1.55000E+03	0.00000E+00	1.10774E+03
1.01325D-03	1.00000D+01	1.57500E+03	0.00000E+00	1.20314E+03
1.01325D-03	1.00000D+01	1.60000E+03	0.00000E+00	1.30063E+03
1.01325D-03	1.00000D+01	1.62500E+03	0.00000E+00	1.40064E+03
1.01325D-03	1.00000D+01	1.65000E+03	0.00000E+00	1.50362E+03
1.01325D-03	1.00000D+01	1.67500E+03	0.00000E+00	1.61015E+03
1.01325D-03	1.00000D+01	1.70000E+03	0.00000E+00	1.72088E+03
1.01325D-03	1.00000D+01	1.72500E+03	0.00000E+00	1.83654E+03
1.01325D-03	1.00000D+01	1.75000E+03	0.00000E+00	1.95801E+03
1.01325D-03	1.00000D+01	1.77500E+03	0.00000E+00	2.08627E+03
1.01325D-03	1.00000D+01	1.80000E+03	0.00000E+00	2.22243E+03
1.01325D-03	1.00000D+01	1.82500E+03	0.00000E+00	2.36776E+03
1.01325D-03	1.00000D+01	1.85000E+03	0.00000E+00	2.52367E+03
1.01325D-03	1.00000D+01	1.87500E+03	0.00000E+00	2.69174E+03
1.01325D-03	1.00000D+01	1.90000E+03	0.00000E+00	2.87374E+03
1.01325D-03	1.00000D+01	1.92500E+03	0.00000E+00	3.07160E+03
1.01325D-03	1.00000D+01	1.95000E+03	0.00000E+00	3.28747E+03
1.01325D-03	1.00000D+01	1.97500E+03	0.00000E+00	3.52369E+03
1.01325D-03	1.00000D+01	2.00000E+03	0.00000E+00	3.78280E+03
1.01325D-03	1.00000D+01	2.02500E+03	0.00000E+00	4.06755E+03
1.01325D-03	1.00000D+01	2.05000E+03	0.00000E+00	4.38088E+03
1.01325D-03	1.00000D+01	2.07500E+03	0.00000E+00	4.72597E+03
1.01325D-03	1.00000D+01	2.10000E+03	0.00000E+00	5.10613E+03
1.01325D-03	1.00000D+01	2.12500E+03	0.00000E+00	5.52488E+03
1.01325D-03	1.00000D+01	2.15000E+03	0.00000E+00	5.98586E+03
1.01325D-03	1.00000D+01	2.17500E+03	0.00000E+00	6.49278E+03
1.01325D-03	1.00000D+01	2.20000E+03	0.00000E+00	7.04945E+03
1.01325D-03	1.00000D+01	2.22500E+03	0.00000E+00	7.65959E+03
1.01325D-03	1.00000D+01	2.25000E+03	0.00000E+00	8.32686E+03
1.01325D-03	1.00000D+01	2.27500E+03	0.00000E+00	9.05465E+03
1.01325D-03	1.00000D+01	2.30000E+03	0.00000E+00	9.84600E+03
1.01325D-03	1.00000D+01	2.32500E+03	0.00000E+00	1.07034E+04
1.01325D-03	1.00000D+01	2.35000E+03	0.00000E+00	1.16287E+04
1.01325D-03	1.00000D+01	2.37500E+03	0.00000E+00	1.26228E+04
1.01325D-03	1.00000D+01	2.40000E+03	0.00000E+00	1.36853E+04
1.01325D-03	1.00000D+01	2.42500E+03	0.00000E+00	1.48144E+04
1.01325D-03	1.00000D+01	2.45000E+03	0.00000E+00	1.60068E+04
1.01325D-03	1.00000D+01	2.47500E+03	0.00000E+00	1.72573E+04
1.01325D-03	1.00000D+01	2.50000E+03	0.00000E+00	1.85585E+04
1.01325D-03	1.00000D+01	2.52500E+03	0.00000E+00	1.99009E+04
1.01325D-03	1.00000D+01	2.55000E+03	0.00000E+00	2.12728E+04
1.01325D-03	1.00000D+01	2.57500E+03	0.00000E+00	2.26607E+04
1.01325D-03	1.00000D+01	2.60000E+03	0.00000E+00	2.40487E+04
1.01325D-03	1.00000D+01	2.62500E+03	0.00000E+00	2.54197E+04
1.01325D-03	1.00000D+01	2.65000E+03	0.00000E+00	2.67547E+04
1.01325D-03	1.00000D+01	2.67500E+03	0.00000E+00	2.80337E+04
1.01325D-03	1.00000D+01	2.70000E+03	0.00000E+00	2.92353E+04
1.01325D-03	1.00000D+01	2.72500E+03	0.00000E+00	3.03371E+04
1.01325D-03	1.00000D+01	2.75000E+03	0.00000E+00	3.13156E+04
1.01325D-03	1.00000D+01	2.77500E+03	0.00000E+00	3.21470E+04
1.01325D-03	1.00000D+01	2.80000E+03	4.05704E-01	3.28084E+04
1.01325D-03	1.00000D+01	2.82500E+03	1.22630E+00	3.32800E+04
1.01325D-03	1.00000D+01	2.85000E+03	2.35857E+00	3.35483E+04
1.01325D-03	1.00000D+01	2.87500E+03	3.93208E+00	3.36097E+04
1.01325D-03	1.00000D+01	2.90000E+03	6.14453E+00	3.34738E+04
1.01325D-03	1.00000D+01	2.92500E+03	9.31251E+00	3.31637E+04
1.01325D-03	1.00000D+01	2.95000E+03	1.39768E+01	3.27147E+04
1.01325D-03	1.00000D+01	2.97500E+03	2.11449E+01	3.21692E+04
1.01325D-03	1.00000D+01	3.00000E+03	3.29370E+01	3.15702E+04
1.01325D-03	1.00000D+01	3.02500E+03	5.47211E+01	3.09563E+04
1.01325D-03	1.00000D+01	3.05000E+03	5.47211E+01	3.09563E+04
1.01325D-03	1.00000D+01	3.07500E+03	5.47211E+01	3.09563E+04
1.01325D-03	1.00000D+01	3.10000E+03	5.47211E+01	3.09563E+04
1.01325D-03	1.00000D+01	3.12500E+03	5.47211E+01	3.09563E+04
1.01325D-03	1.00000D+01	3.15000E+03	5.47211E+01	3.09563E+04
1.01325D-03	1.00000D+01	3.17500E+03	5.47211E+01	3.09563E+04
1.01325D-03	1.00000D+01	3.20000E+03	5.47211E+01	3.09563E+04
1.01325D-03	1.00000D+01	3.22500E+03	5.47211E+01	3.09563E+04
1.01325D-03	1.00000D+01	3.25000E+03	5.47211E+01	3.09563E+04
1.01325D-03	1.00000D+01	3.27500E+03	5.47211E+01	3.09563E+04
1.01325D-03	1.00000D+01	3.30000E+03	5.47211E+01	3.09563E+04
1.01325D-03	1.00000D+01	3.32500E+03	5.47211E+01	3.09563E+04
1.01325D-03	1.00000D+01	3.35000E+03	5.47211E+01	3.09563E+04
1.01325D-03	1.00000D+01	3.37500E+03	5.47211E+01	3.09563E+04
1.01325D-03	1.00000D+01	3.40000E+03	5.47211E+01	3.09563E+04
1.01325D-03	1.00000D+01	3.42500E+03	5.47211E+01	3.09563E+04
1.01325D-03	1.00000D+01	3.45000E+03	5.47211E+01	3.09563E+04
1.01325D-03	1.00000D+01	3.47500E+03	5.47211E+01	3.09563E+04
1.01325D-03	1.00000D+01	3.50000E+03	5.47211E+01	3.09563E+04
1.01325D-03	1.00000D+01	3.52500E+03	5.47211E+01	3.09563E+04
1.01325D-03	1.00000D+01	3.55000E+03	5.47211E+01	3.09563E+04
1.01325D-03	1.00000D+01	3.57500E+03	5.47211E+01	3.09563E+04
1.01325D-03	1.00000D+01	3.60000E+03	5.47211E+01	3.09563E+04
1.01325D-03	1.00000D+01	3.62500E+03	5.47211E+01	3.09563E+04
1.01325D-03	1.00000D+01	3.65000E+03	5.47211E+01	3.09563E+04
1.01325D-03	1.00000D+01	3.67500E+03	5.47211E+01	3.09563E+04
1.01325D-03	1.00000D+01	3.70000E+03	5.47211E+01	3.09563E+04
1.01325D-03	1.00000D+01	3.72500E+03	5.47211E+01	3.09563E+04
1.01325D-03	1.00000D+01	3.75000E+03	5.47211E+01	3.09563E+04
1.01325D-03	1.00000D+01	3.77500E+03	5.47211E+01	3.09563E+04
1.01325D-03	1.00000D+01	3.80000E+03	5.47211E+01	3.09563E+04
1.01325D-03	1.00000D+01	3.82500E+03	5.47211E+01	3.09563E+04
1.01325D-03	1.00000D+01	3.85000E+03	5.47211E+01	3.09563E+04
1.01325D-03	1.00000D+01	3.87500E+03	5.47211E+01	3.09563E+04
1.01325D-03	1.00000D+01	3.90000E+03	5.47211E+01	3.09563E+04
1.01325D-03	1.00000D+01	3.92500E+03	5.47211E+01	3.09563E+04
1.01325D-03	1.00000D+01	3.95000E+03	5.47211E+01	3.09563E+04
1.01325D-03	1.00000D+01	3.97500E+03	5.47211E+01	3.09563E+04
1.01325D-03	1.00000D+01	4.00000E+03	5.47211E+01	3.09563E+04
p (bar)	B'g	Temp (K)	B'c	Hw (kJ/kg)
1.01325D-02	0.00000D+00	2.50000E+02	8.74262E-02	-2.68099E+03
1.01325D-02	0.00000D+00	2.75000E+02	8.74262E-02	-2.65673E+03
1.01325D-02	0.00000D+00	3.00000E+02	8.74262E-02	-2.63226E+03
1.01325D-02	0.00000D+00	3.25000E+02	8.74262E-02	-2.60760E+03
1.01325D-02	0.00000D+00	3.50000E+02	8.74262E-02	-2.58275E+03
1.01325D-02	0.00000D+00	3.75000E+02	8.74262E-02	-2.55770E+03
1.01325D-02	0.00000D+00	4.00000E+02	8.74264E-02	-2.53246E+03
1.01325D-02	0.00000D+00	4.25000E+02	8.74271E-02	-2.50703E+03
1.01325D-02	0.00000D+00	4.50000E+02	8.74299E-02	-2.48137E+03
1.01325D-02	0.00000D+00	4.75000E+02	8.74390E-02	-2.45543E+03
1.01325D-02	0.00000D+00	5.00000E+02	8.74646E-02	-2.42903E+03
1.01325D-02	0.00000D+00	5.25000E+02	8.75302E-02	-2.40181E+03
1.01325D-02	0.00000D+00	5.50000E+02	8.76828E-02	-2.37303E+03
1.01325D-02	0.00000D+00	5.75000E+02	8.80110E-02	-2.34130E+03
1.01325D-02	0.00000D+00	6.00000E+02	8.86681E-02	-2.30421E+03
1.01325D-02	0.00000D+00	6.25000E+02	8.99010E-02	-2.25792E+03
1.01325D-02	0.00000D+00	6.50000E+02	9.20779E-02	-2.19675E+03
1.01325D-02	0.00000D+00	6.75000E+02	9.56965E-02	-2.11317E+03
1.01325D-02	0.00000D+00	7.00000E+02	1.01342E-01	-1.99865E+03
1.01325D-02	0.00000D+00	7.25000E+02	1.09528E-01	-1.84638E+03
1.01325D-02	0.00000D+00	7.50000E+02	1.20372E-01	-1.65635E+03
1.01325D-02	0.00000D+00	7.75000E+02	1.33122E-01	-1.44164E+03
1.01325D-02	0.00000D+00	8.00000E+02	1.45972E-01	-1.22955E+03
1.01325D-02	0.00000D+00	8.25000E+02	1.56776E-01	-1.04980E+03
1.01325D-02	0.00000D+00	8.50000E+02	1.64374E-01	-9.16541E+02
1.01325D-02	0.00000D+00	8.75000E+02	1.69025E-01	-8.24483E+02
1.01325D-02	0.00000D+00	9.00000E+02	1.71646E-01	-7.60222E+02
1.01325D-02	0.00000D+00	9.25000E+02	1.73072E-01	-7.12092E+02
1.01325D-02	0.00000D+00	9.50000E+02	1.73845E-01	-6.72673E+02
1.01325D-02	0.00000D+00	9.75000E+02	1.74269E-01	-6.37832E+02
1.01325D-02	0.00000D+00	1.00000E+03	1.74506E-01	-6.05376E+02
1.01325D-02	0.00000D+00	1.02500E+03	1.74642E-01	-5.74157E+02
1.01325D-02	0.00000D+00	1.05000E+03	1.74721E-01	-5.43570E+02
1.01325D-02	0.00000D+00	1.07500E+03	1.74769E-01	-5.13291E+02
1.01325D-02	0.00000D+00	1.10000E+03	1.74798E-01	-4.83143E+02
1.01325D-02	0.00000D+00	1.12500E+03	1.74816E-01	-4.53029E+02
1.01325D-02	0.00000D+00	1.15000E+03	1.74828E-01	-4.22895E+02
1.01325D-02	0.00000D+00	1.17500E+03	1.74836E-01	-3.92709E+02
1.01325D-02	0.00000D+00	1.20000E+03	1.74841E-01	-3.62456E+02
1.01325D-02	0.00000D+00	1.22500E+03	1.74844E-01	-3.32125E+02
1.01325D-02	0.00000D+00	1.25000E+03	1.74846E-01	-3.01714E+02
1.01325D-02	0.00000D+00	1.27500E+03	1.74848E-01	-2.71219E+02
1.01325D-02	0.00000D+00	1.30000E+03	1.74849E-01	-2.40642E+02
1.01325D-02	0.00000D+00	1.32500E+03	1.74850E-01	-2.09983E+02
1.01325D-02	0.00000D+00	1.35000E+03	1.74851E-01	-1.79243E+02
1.01325D-02	0.00000D+00	1.37500E+03	1.74851E-01	-1.48425E+02
1.01325D-02	0.00000D+00	1.40000E+03	1.74851E-01	-1.17530E+02
1.01325D-02	0.00000D+00	1.42500E+03	1.74852E-01	-8.65615E+01
1.01325D-02	0.00000D+00	1.45000E+03	1.74852E-01	-5.55206E+01
1.01325D-02	0.00000D+00	1.47500E+03	1.74852E-01	-2.44099E+01
1.01325D-02	0.00000D+00	1.50000E+03	1.74852E-01	6.76854E+00
1.01325D-02	0.00000D+00	1.52500E+03	1.74852E-01	3.80125E+01
1.01325D-02	0.00000D+00	1.55000E+03	1.74852E-01	6.93200E+01
1.01325D-02	0.00000D+00	1.57500E+03	1.74852E-01	1.00689E+02
1.01325D-02	0.00000D+00	1.60000E+03	1.74852E-01	1.32117E+02
1.01325D-02	0.00000D+00	1.62500E+03	1.74852E-01	1.63604E+02
1.01325D-02	0.00000D+00	1.65000E+03	1.74852E-01	1.95146E+02
1.01325D-02	0.00000D+00	1.67500E+03	1.74852E-01	2.26742E+02
1.01325D-02	0.00000D+00	1.70000E+03	1.74852E-01	2.58391E+02
1.01325D-02	0.00000D+00	1.72500E+03	1.74852E-01	2.90091E+02
1.01325D-02	0.00000D+00	1.75000E+03	1.74852E-01	3.21841E+02
1.01325D-02	0.00000D+00	1.77500E+03	1.74852E-01	3.53638E+02
1.01325D-02	0.00000D+00	1.80000E+03	1.74852E-01	3.85483E+02
1.01325D-02	0.00000D+00	1.82500E+03	1.74852E-01	4.17373E+02
1.01325D-02	0.00000D+00	1.85000E+03	1.74853E-01	4.49308E+02
1.01325D-02	0.00000D+00	1.87500E+03	1.74853E-01	4.81286E+02
1.01325D-02	0.00000D+00	1.90000E+03	1.74853E-01	5.13308E+02
1.01325D-02	0.00000D+00	1.92500E+03	1.74853E-01	5.45372E+02
1.01325D-02	0.00000D+00	1.95000E+03	1.74854E-01	5.77478E+02
1.01325D-02	0.00000D+00	1.97500E+03	1.74854E-01	6.09627E+02
1.01325D-02	0.00000D+00	2.00000E+03	1.74855E-01	6.41818E+02
1.01325D-02	0.00000D+00	2.02500E+03	1.74856E-01	6.74053E+02
1.01325D-02	0.00000D+00	2.05000E+03	1.74857E-01	7.06334E+02
1.01325D-02	0.00000D+00	2.07500E+03	1.74859E-01	7.38663E+02
1.01325D-02	0.00000D+00	2.10000E+03	1.74861E-01	7.71042E+02
1.01325D-02	0.00000D+00	2.12500E+03	1.74864E-01	8.03476E+02
1.01325D-02	0.00000D+00	2.15000E+03	1.74868E-01	8.35972E+02
1.01325D-02	0.00000D+00	2.17500E+03	1.74873E-01	8.68536E+02
1.01325D-02	0.00000D+00	2.20000E+03	1.74879E-01	9.01177E+02
1.01325D-02	0.00000D+00	2.22500E+03	1.74888E-01	9.33908E+02
1.01325D-02	0.00000D+00	2.25000E+03	1.74899E-01	9.66743E+02
1.01325D-02	0.00000D+00	2.27500E+03	1.74912E-01	9.99701E+02
1.01325D-02	0.00000D+00	2.30000E+03	1.74930E-01	1.03281E+03
1.01325D-02	0.00000D+00	2.32500E+03	1.74952E-01	1.06609E+03
1.01325D-02	0.00000D+00	2.35000E+03	1.74980E-01	1.09958E+03
1.01325D-02	0.00000D+00	2.37500E+03	1.75015E-01	1.13333E+03
1.01325D-02	0.00000D+00	2.40000E+03	1.75060E-01	1.16739E+03
1.01325D-02	0.00000D+00	2.42500E+03	1.75117E-01	1.20184E+03
1.01325D-02	0.00000D+00	2.45000E+03	1.75188E-01	1.23676E+03
1.01325D-02	0.00000D+00	2.47500E+03	1.75278E-01	1.27227E+03
1.01325D-02	0.00000D+00	2.50000E+03	1.75391E-01	1.30850E+03
1.01325D-02	0.00000D+00	2.52500E+03	1.75534E-01	1.34562E+03
1.01325D-02	0.00000D+00	2.55000E+03	1.75715E-01	1.38387E+03
1.01325D-02	0.00000D+00	2.57500E+03	1.75945E-01	1.42353E+03
1.01325D-02	0.00000D+00	2.60000E+03	1.76237E-01	1.46494E+03
1.01325D-02	0.00000D+00	2.62500E+03	1.76609E-01	1.50858E+03
1.01325D-02	0.00000D+00	2.65000E+03	1.77083E-01	1.55501E+03
1.01325D-02	0.00000D+00	2.67500E+03	1.77689E-01	1.60499E+03
1.01325D-02	0.00000D+00	2.70000E+03	1.78464E-01	1.65943E+03
1.01325D-02	0.00000D+00	2.72500E+03	1.79457E-01	1.71955E+03
1.01325D-02	0.00000D+00	2.75000E+03	1.80731E-01	1.78686E+03
1.01325D-02	0.00000D+00	2.77500E+03	1.82366E-01	1.86326E+03
1.01325D-02	0.00000D+00	2.80000E+03	1.84468E-01	1.95120E+03
1.01325D-02	0.00000D+00	2.82500E+03	1.87170E-01	2.05373E+03
1.01325D-02	0.00000D+00	2.85000E+03	1.90645E-01	2.17470E+03
1.01325D-02	0.00000D+00	2.87500E+03	1.95115E-01	2.31893E+03
1.01325D-02	0.00000D+00	2.90000E+03	2.00868E-01	2.49243E+03
1.01325D-02	0.00000D+00	2.92500E+03	2.08277E-01	2.70270E+03
1.01325D-02	0.00000D+00	2.95000E+03	2.17826E-01	2.95897E+03
1.01325D-02	0.00000D+00	2.97500E+03	2.30150E-01	3.27261E+03
1.01325D-02	0.00000D+00	3.00000E+03	2.46089E-01	3.65753E+03
1.01325D-02	0.00000D+00	3.02500E+03	2.66767E-01	4.13056E+03
1.01325D-02	0.00000D+00	3.05000E+03	2.93714E-01	4.71198E+03
1.01325D-02	0.00000D+00	3.07500E+03	3.29052E-01	5.42588E+03
1.01325D-02	0.00000D+00	3.10000E+03	3.75808E-01	6.30058E+03
1.01325D-02	0.00000D+00	3.12500E+03	4.38435E-01	7.36878E+03
1.01325D-02	0.00000D+00	3.15000E+03	5.23760E-01	8.66753E+03
1.01325D-02	0.00000D+00	3.17500E+03	6.42810E-01	1.02376E+04
1.01325D-02	0.00000D+00	3.20000E+03	8.14632E-01	1.21220E+04
1.01325D-02	0.00000D+00	3.22500E+03	1.07522E+00	1.43639E+04
1.01325D-02	0.00000D+00	3.25000E+03	1.50173E+00	1.70014E+04
1.01325D-02	0.00000D+00	3.27500E+03	2.29463E+00	2.00602E+04
1.01325D-02	0.00000D+00	3.30000E+03	4.18333E+00	2.35365E+04
1.01325D-02	0.00000D+00	3.32500E+03	1.33374E+01	2.73370E+04
1.01325D-02	0.00000D+00	3.35000E+03	1.33374E+01	2.73370E+04
1.01325D-02	0.00000D+00	3.37500E+03	1.33374E+01	2.73370E+04
1.01325D-02	0.00000D+00	3.40000E+03	1.33374E+01	2.73370E+04
1.01325D-02	0.00000D+00	3.42500E+03	1.33374E+01	2.73370E+04
1.01325D-02	0.00000D+00	3.45000E+03	1.33374E+01	2.73370E+04
1.01325D-02	0.00000D+00	3.47500E+03	1.33374E+01	2.73370E+04
1.01325D-02	0.00000D+00	3.50000E+03	1.33374E+01	2.73370E+04
1.01325D-02	0.00000D+00	3.52500E+03	1.33374E+01	2.73370E+04
1.01325D-02	0.00000D+00	3.55000E+03	1.33374E+01	2.73370E+04
1.01325D-02	0.00000D+00	3.57500E+03	1.33374E+01	2.73370E+04
1.01325D-02	0.00000D+00	3.60000E+03	1.33374E+01	2.73370E+04
1.01325D-02	0.00000D+00	3.62500E+03	1.33374E+01	2.73370E+04
1.01325D-02	0.00000D+00	3.65000E+03	1.33374E+01	2.73370E+04
1.01325D-02	0.00000D+00	3.67500E+03	1.33374E+01	2.73370E+04
1.01325D-02	0.00000D+00	3.70000E+03	1.33374E+01	2.73370E+04
1.01325D-02	0.00000D+00	3.72500E+03	1.33374E+01	2.73370E+04
1.01325D-02	0.00000D+00	3.75000E+03	1.33374E+01	2.73370E+04
1.01325D-02	0.00000D+00	3.77500E+03	1.33374E+01	2.73370E+04
1.01325D-02	0.00000D+00	3.80000E+03	1.33374E+01	2.73370E+04
1.01325D-02	0.00000D+00	3.82500E+03	1.33374E+01	2.73370E+04
1.01325D-02	0.00000D+00	3.85000E+03	1.33374E+01	2.73370E+04
1.01325D-02	0.00000D+00	3.87500E+03	1.33374E+01	2.73370E+04
1.01325D-02	0.00000D+00	3.90000E+03	1.33374E+01	2.73370E+04
1.01325D-02	0.00000D+00	3.92500E+03	1.33374E+01	2.73370E+04
1.01325D-02	0.00000D+00	3.95000E+03	1.33374E+01	2.73370E+04
1.01325D-02	0.00000D+00	3.97500E+03	1.33374E+01	2.73370E+04
1.01325D-02	0.00000D+00	4.00000E+03	1.33374E+01	2.73370E+04
p (bar)	B'g	Temp (K)	B'c	Hw (kJ/kg)
1.01325D-02	2.00000D-02	2.50000E+02	7.21456E-02	-2.80964E+03
1.01325D-02	2.00000D-02	2.75000E+02	7.21593E-02	-2.78477E+03
1.01325D-02	2.00000D-02	3.00000E+02	7.21805E-02	-2.75967E+03
1.01325D-02	2.00000D-02	3.25000E+02	7.22112E-02	-2.73435E+03
1.01325D-02	2.00000D-02	3.50000E+02	7.22541E-02	-2.70878E+03
1.01325D-02	2.00000D-02	3.75000E+02	7.23144E-02	-2.68291E+03
1.01325D-02	2.00000D-02	4.00000E+02	7.24014E-02	-2.65664E+03
1.01325D-02	2.00000D-02	4.25000E+02	7.25306E-02	-2.62979E+03
1.01325D-02	2.00000D-02	4.50000E+02	7.27249E-02	-2.60209E+03
1.01325D-02	2.00000D-02	4.75000E+02	7.30141E-02	-2.57319E+03
1.01325D-02	2.00000D-02	5.00000E+02	7.34326E-02	-2.54260E+03
1.01325D-02	2.00000D-02	5.25000E+02	7.40168E-02	-2.50979E+03
1.01325D-02	2.00000D-02	5.50000E+02	7.48063E-02	-2.47405E+03
1.01325D-02	2.00000D-02	5.75000E+02	7.58587E-02	-2.43433E+03
1.01325D-02	2.00000D-02	6.00000E+02	7.72810E-02	-2.38872E+03
1.01325D-02	2.00000D-02	6.25000E+02	7.92755E-02	-2.33387E+03
1.01325D-02	2.00000D-02	6.50000E+02	8.21829E-02	-2.26442E+03
1.01325D-02	2.00000D-02	6.75000E+02	8.64976E-02	-2.17286E+03
1.01325D-02	2.00000D-02	7.00000E+02	9.28216E-02	-2.05051E+03
1.01325D-02	2.00000D-02	7.25000E+02	1.01695E-01	-1.89035E+03
1.01325D-02	2.00000D-02	7.50000E+02	1.13244E-01	-1.69236E+03
1.01325D-02	2.00000D-02	7.75000E+02	1.26697E-01	-1.46997E+03
1.01325D-02	2.00000D-02	8.00000E+02	1.40187E-01	-1.25110E+03
1.01325D-02	2.00000D-02	8.25000E+02	1.51500E-01	-1.06602E+03
1.01325D-02	2.00000D-02	8.50000E+02	1.59453E-01	-9.28906E+02
1.01325D-02	2.00000D-02	8.75000E+02	1.64326E-01	-8.34160E+02
1.01325D-02	2.00000D-02	9.00000E+02	1.67080E-01	-7.67977E+02
1.01325D-02	2.00000D-02	9.25000E+02	1.68583E-01	-7.18389E+02
1.01325D-02	2.00000D-02	9.50000E+02	1.69401E-01	-6.77781E+02
1.01325D-02	2.00000D-02	9.75000E+02	1.69851E-01	-6.41907E+02
1.01325D-02	2.00000D-02	1.00000E+03	1.70105E-01	-6.08506E+02
1.01325D-02	2.00000D-02	1.02500E+03	1.70250E-01	-5.76395E+02
1.01325D-02	2.00000D-02	1.05000E+03	1.70336E-01	-5.44945E+02
1.01325D-02	2.00000D-02	1.07500E+03	1.70389E-01	-5.13821E+02
1.01325D-02	2.00000D-02	1.10000E+03	1.70421E-01	-4.82836E+02
1.01325D-02	2.00000D-02	1.12500E+03	1.70442E-01	-4.51888E+02
1.01325D-02	2.00000D-02	1.15000E+03	1.70456E-01	-4.20921E+02
1.01325D-02	2.00000D-02	1.17500E+03	1.70465E-01	-3.89900E+02
1.01325D-02	2.00000D-02	1.20000E+03	1.70473E-01	-3.58806E+02
1.01325D-02	2.00000D-02	1.22500E+03	1.70478E-01	-3.27630E+02
1.01325D-02	2.00000D-02	1.25000E+03	1.70484E-01	-2.96364E+02
1.01325D-02	2.00000D-02	1.27500E+03	1.70489E-01	-2.65006E+02
1.01325D-02	2.00000D-02	1.30000E+03	1.70494E-01	-2.33553E+02
1.01325D-02	2.00000D-02	1.32500E+03	1.70499E-01	-2.02004E+02
1.01325D-02	2.00000D-02	1.35000E+03	1.70506E-01	-1.70359E+02
1.01325D-02	2.00000D-02	1.37500E+03	1.70513E-01	-1.38616E+02
1.01325D-02	2.00000D-02	1.40000E+03	1.70521E-01	-1.06775E+02
1.01325D-02	2.00000D-02	1.42500E+03	1.70531E-01	-7.48334E+01
1.01325D-02	2.00000D-02	1.45000E+03	1.70542E-01	-4.27893E+01
1.01325D-02	2.00000D-02	1.47500E+03	1.70555E-01	-1.06397E+01
1.01325D-02	2.00000D-02	1.50000E+03	1.70571E-01	2.16191E+01
1.01325D-02	2.00000D-02	1.52500E+03	1.70588E-01	5.39920E+01
1.01325D-02	2.00000D-02	1.55000E+03	1.70608E-01	8.64849E+01
1.01325D-02	2.00000D-02	1.57500E+03	1.70630E-01	1.19105E+02
1.01325D-02	2.00000D-02	1.60000E+03	1.70656E-01	1.51861E+02
1.01325D-02	2.00000D-02	1.62500E+03	1.70685E-01	1.84763E+02
1.01325D-02	2.00000D-02	1.65000E+03	1.70718E-01	2.17824E+02
1.01325D-02	2.00000D-02	1.67500E+03	1.70754E-01	2.51057E+02
1.01325D-02	2.00000D-02	1.70000E+03	1.70795E-01	2.84478E+02
1.01325D-02	2.00000D-02	1.72500E+03	1.70841E-01	3.18106E+02
1.01325D-02	2.00000D-02	1.75000E+03	1.70891E-01	3.51962E+02
1.01325D-02	2.00000D-02	1.77500E+03	1.70946E-01	3.86070E+02
1.01325D-02	2.00000D-02	1.80000E+03	1.71007E-01	4.20454E+02
1.01325D-02	2.00000D-02	1.82500E+03	1.71074E-01	4.55146E+02
1.01325D-02	2.00000D-02	1.85000E+03	1.71147E-01	4.90176E+02
1.01325D-02	2.00000D-02	1.87500E+03	1.71226E-01	5.25580E+02
1.01325D-02	2.00000D-02	1.90000E+03	1.71312E-01	5.61395E+02
1.01325D-02	2.00000D-02	1.92500E+03	1.71405E-01	5.97663E+02
1.01325D-02	2.00000D-02	1.95000E+03	1.71505E-01	6.34427E+02
1.01325D-02	2.00000D-02	1.97500E+03	1.71612E-01	6.71734E+02
1.01325D-02	2.00000D-02	2.00000E+03	1.71727E-01	7.09630E+02
1.01325D-02	2.00000D-02	2.02500E+03	1.71849E-01	7.48165E+02
1.01325D-02	2.00000D-02	2.05000E+03	1.71978E-01	7.87391E+02
1.01325D-02	2.00000D-02	2.07500E+03	1.72115E-01	8.27356E+02
1.01325D-02	2.00000D-02	2.10000E+03	1.72260E-01	8.68112E+02
1.01325D-02	2.00000D-02	2.12500E+03	1.72411E-01	9.09704E+02
1.01325D-02	2.00000D-02	2.15000E+03	1.72569E-01	9.52178E+02
1.01325D-02	2.00000D-02	2.17500E+03	1.72733E-01	9.95574E+02
1.01325D-02	2.00000D-02	2.20000E+03	1.72903E-01	1.03992E+03
1.01325D-02	2.00000D-02	2.22500E+03	1.73078E-01	1.08525E+03
1.01325D-02	2.00000D-02	2.25000E+03	1.73257E-01	1.13158E+03
1.01325D-02	2.00000D-02	2.27500E+03	1.73441E-01	1.17891E+03
1.01325D-02	2.00000D-02	2.30000E+03	1.73628E-01	1.22723E+03
1.01325D-02	2.00000D-02	2.32500E+03	1.73818E-01	1.27653E+03
1.01325D-02	2.00000D-02	2.35000E+03	1.74011E-01	1.32678E+03
1.01325D-02	2.00000D-02	2.37500E+03	1.74205E-01	1.37794E+03
1.01325D-02	2.00000D-02	2.40000E+03	1.74402E-01	1.42996E+03
1.01325D-02	2.00000D-02	2.42500E+03	1.74603E-01	1.48279E+03
1.01325D-02	2.00000D-02	2.45000E+03	1.74808E-01	1.53638E+03
1.01325D-02	2.00000D-02	2.47500E+03	1.75021E-01	1.59068E+03
1.01325D-02	2.00000D-02	2.50000E+03	1.75244E-01	1.64567E+03
1.01325D-02	2.00000D-02	2.52500E+03	1.75485E-01	1.70138E+03
1.01325D-02	2.00000D-02	2.55000E+03	1.75751E-01	1.75786E+03
1.01325D-02	2.00000D-02	2.57500E+03	1.76052E-01	1.81526E+03
1.01325D-02	2.00000D-02	2.60000E+03	1.76403E-01	1.87380E+03
1.01325D-02	2.00000D-02	2.62500E+03	1.76823E-01	1.93382E+03
1.01325D-02	2.00000D-02	2.65000E+03	1.77336E-01	1.99584E+03
1.01325D-02	2.00000D-02	2.67500E+03	1.77975E-01	2.06054E+03
1.01325D-02	2.00000D-02	2.70000E+03	1.78782E-01	2.12885E+03
1.01325D-02	2.00000D-02	2.72500E+03	1.79809E-01	2.20198E+03
1.01325D-02	2.00000D-02	2.75000E+03	1.81125E-01	2.28149E+03
1.01325D-02	2.00000D-02	2.77500E+03	1.82818E-01	2.36939E+03
1.01325D-02	2.00000D-02	2.80000E+03	1.85002E-01	2.46821E+03
1.01325D-02	2.00000D-02	2.82500E+03	1.87820E-01	2.58115E+03
1.01325D-02	2.00000D-02	2.85000E+03	1.91459E-01	2.71223E+03
1.01325D-02	2.00000D-02	2.87500E+03	1.96159E-01	2.86645E+03
1.01325D-02	2.00000D-02	2.90000E+03	2.02228E-01	3.05006E+03
1.01325D-02	2.00000D-02	2.92500E+03	2.10064E-01	3.27074E+03
1.01325D-02	2.00000D-02	2.95000E+03	2.20189E-01	3.53800E+03
1.01325D-02	2.00000D-02	2.97500E+03	2.33280E-01	3.86346E+03
1.01325D-02	2.00000D-02	3.00000E+03	2.50238E-01	4.26121E+03
1.01325D-02	2.00000D-02	3.02500E+03	2.72266E-01	4.74827E+03
1.01325D-02	2.00000D-02	3.05000E+03	3.01000E-01	5.34493E+03
1.01325D-02	2.00000D-02	3.07500E+03	3.38713E-01	6.07507E+03
1.01325D-02	2.00000D-02	3.10000E+03	3.88641E-01	6.96641E+03
1.01325D-02	2.00000D-02	3.12500E+03	4.55549E-01	8.05044E+03
1.01325D-02	2.00000D-02	3.15000E+03	5.46739E-01	9.36208E+03
1.01325D-02	2.00000D-02	3.17500E+03	6.74005E-01	1.09386E+04
1.01325D-02	2.00000D-02	3.20000E+03	8.57711E-01	1.28179E+04
1.01325D-02	2.00000D-02	3.22500E+03	1.13634E+00	1.50352E+04
1.01325D-02	2.00000D-02	3.25000E+03	1.59233E+00	1.76185E+04
1.01325D-02	2.00000D-02	3.27500E+03	2.43977E+00	2.05801E+04
1.01325D-02	2.00000D-02	3.30000E+03	4.45675E+00	2.39010E+04
1.01325D-02	2.00000D-02	3.32500E+03	1.42071E+01	2.74772E+04
1.01325D-02	2.00000D-02	3.35000E+03	1.42071E+01	2.74772E+04
1.01325D-02	2.00000D-02	3.37500E+03	1.42071E+01	2.74772E+04
1.01325D-02	2.00000D-02	3.40000E+03	1.42071E+01	2.74772E+04
1.01325D-02	2.00000D-02	3.42500E+03	1.42071E+01	2.74772E+04
1.01325D-02	2.00000D-02	3.45000E+03	1.42071E+01	2.74772E+04
1.01325D-02	2.00000D-02	3.47500E+03	1.42071E+01	2.74772E+04
1.01325D-02	2.00000D-02	3.50000E+03	1.42071E+01	2.74772E+04
1.01325D-02	2.00000D-02	3.52500E+03	1.42071E+01	2.74772E+04
1.01325D-02	2.00000D-02	3.55000E+03	1.42071E+01	2.74772E+04
1.01325D-02	2.00000D-02	3.57500E+03	1.42071E+01	2.74772E+04
1.01325D-02	2.00000D-02	3.60000E+03	1.42071E+01	2.74772E+04
1.01325D-02	2.00000D-02	3.62500E+03	1.42071E+01	2.74772E+04
1.01325D-02	2.00000D-02	3.65000E+03	1.42071E+01	2.74772E+04
1.01325D-02	2.00000D-02	3.67500E+03	1.42071E+01	2.74772E+04
1.01325D-02	2.00000D-02	3.70000E+03	1.42071E+01	2.74772E+04
1.01325D-02	2.00000D-02	3.72500E+03	1.42071E+01	2.74772E+04
1.01325D-02	2.00000D-02	3.75000E+03	1.42071E+01	2.74772E+04
1.01325D-02	2.00000D-02	3.77500E+03	1.42071E+01	2.74772E+04
1.01325D-02	2.00000D-02	3.80000E+03	1.42071E+01	2.74772E+04
1.01325D-02	2.00000D-02	3.82500E+03	1.42071E+01	2.74772E+04
1.01325D-02	2.00000D-02	3.85000E+03	1.42071E+01	2.74772E+04
1.01325D-02	2.00000D-02	3.87500E+03	1.42071E+01	2.74772E+04
1.01325D-02	2.00000D-02	3.90000E+03	1.42071E+01	2.74772E+04
1.01325D-02	2.00000D-02	3.92500E+03	1.42071E+01	2.74772E+04
1.01325D-02	2.00000D-02	3.95000E+03	1.42071E+01	2.74772E+04
1.01325D-02	2.00000D-02	3.97500E+03	1.42071E+01	2.74772E+04
1.01325D-02	2.00000D-02	4.00000E+03	1.42071E+01	2.74772E+04
p (bar)	B'g	Temp (K)	B'c	Hw (kJ/kg)
1.01325D-02	4.00000D-02	2.50000E+02	5.68957E-02	-2.93709E+03
1.01325D-02	4.00000D-02	2.75000E+02	5.69537E-02	-2.91150E+03
1.01325D-02	4.00000D-02	3.00000E+02	5.70425E-02	-2.88563E+03
1.01325D-02	4.00000D-02	3.25000E+02	5.71671E-02	-2.85945E+03
1.01325D-02	4.00000D-02	3.50000E+02	5.73327E-02	-2.83291E+03
1.01325D-02	4.00000D-02	3.75000E+02	5.75472E-02	-2.80590E+03
1.01325D-02	4.00000D-02	4.00000E+02	5.78247E-02	-2.77825E+03
1.01325D-02	4.00000D-02	4.25000E+02	5.81882E-02	-2.74962E+03
1.01325D-02	4.00000D-02	4.50000E+02	5.86707E-02	-2.71954E+03
1.01325D-02	4.00000D-02	4.75000E+02	5.93127E-02	-2.68739E+03
1.01325D-02	4.00000D-02	5.00000E+02	6.01568E-02	-2.65247E+03
1.01325D-02	4.00000D-02	5.25000E+02	6.12410E-02	-2.61410E+03
1.01325D-02	4.00000D-02	5.50000E+02	6.25979E-02	-2.57164E+03
1.01325D-02	4.00000D-02	5.75000E+02	6.42684E-02	-2.52429E+03
1.01325D-02	4.00000D-02	6.00000E+02	6.63359E-02	-2.47059E+03
1.01325D-02	4.00000D-02	6.25000E+02	6.89789E-02	-2.40760E+03
1.01325D-02	4.00000D-02	6.50000E+02	7.25227E-02	-2.33021E+03
1.01325D-02	4.00000D-02	6.75000E+02	7.74620E-02	-2.23095E+03
1.01325D-02	4.00000D-02	7.00000E+02	8.44133E-02	-2.10102E+03
1.01325D-02	4.00000D-02	7.25000E+02	9.39369E-02	-1.93319E+03
1.01325D-02	4.00000D-02	7.50000E+02	1.06167E-01	-1.72744E+03
1.01325D-02	4.00000D-02	7.75000E+02	1.20306E-01	-1.49756E+03
1.01325D-02	4.00000D-02	8.00000E+02	1.34424E-01	-1.27209E+03
1.01325D-02	4.00000D-02	8.25000E+02	1.46239E-01	-1.08180E+03
1.01325D-02	4.00000D-02	8.50000E+02	1.54541E-01	-9.40942E+02
1.01325D-02	4.00000D-02	8.75000E+02	1.59635E-01	-8.43580E+02
1.01325D-02	4.00000D-02	9.00000E+02	1.62518E-01	-7.75529E+02
1.01325D-02	4.00000D-02	9.25000E+02	1.64097E-01	-7.24521E+02
1.01325D-02	4.00000D-02	9.50000E+02	1.64959E-01	-6.82758E+02
1.01325D-02	4.00000D-02	9.75000E+02	1.65435E-01	-6.45878E+02
1.01325D-02	4.00000D-02	1.00000E+03	1.65704E-01	-6.11559E+02
1.01325D-02	4.00000D-02	1.02500E+03	1.65860E-01	-5.78579E+02
1.01325D-02	4.00000D-02	1.05000E+03	1.65952E-01	-5.46292E+02
1.01325D-02	4.00000D-02	1.07500E+03	1.66008E-01	-5.14346E+02
1.01325D-02	4.00000D-02	1.10000E+03	1.66043E-01	-4.82549E+02
1.01325D-02	4.00000D-02	1.12500E+03	1.66066E-01	-4.50795E+02
1.01325D-02	4.00000D-02	1.15000E+03	1.66081E-01	-4.19022E+02
1.01325D-02	4.00000D-02	1.17500E+03	1.66092E-01	-3.87195E+02
1.01325D-02	4.00000D-02	1.20000E+03	1.66101E-01	-3.55294E+02
1.01325D-02	4.00000D-02	1.22500E+03	1.66108E-01	-3.23307E+02
1.01325D-02	4.00000D-02	1.25000E+03	1.66114E-01	-2.91226E+02
1.01325D-02	4.00000D-02	1.27500E+03	1.66121E-01	-2.59048E+02
1.01325D-02	4.00000D-02	1.30000E+03	1.66128E-01	-2.26769E+02
1.01325D-02	4.00000D-02	1.32500E+03	1.66135E-01	-1.94387E+02
1.01325D-02	4.00000D-02	1.35000E+03	1.66144E-01	-1.61901E+02
1.01325D-02	4.00000D-02	1.37500E+03	1.66154E-01	-1.29308E+02
1.01325D-02	4.00000D-02	1.40000E+03	1.66166E-01	-9.66058E+01
1.01325D-02	4.00000D-02	1.42500E+03	1.66180E-01	-6.37911E+01
1.01325D-02	4.00000D-02	1.45000E+03	1.66196E-01	-3.08598E+01
1.01325D-02	4.00000D-02	1.47500E+03	1.66214E-01	2.19303E+00
1.01325D-02	4.00000D-02	1.50000E+03	1.66236E-01	3.53739E+01
1.01325D-02	4.00000D-02	1.52500E+03	1.66260E-01	6.86904E+01
1.01325D-02	4.00000D-02	1.55000E+03	1.66288E-01	1.02152E+02
1.01325D-02	4.00000D-02	1.57500E+03	1.66321E-01	1.35770E+02
1.01325D-02	4.00000D-02	1.60000E+03	1.66357E-01	1.69557E+02
1.01325D-02	4.00000D-02	1.62500E+03	1.66398E-01	2.03529E+02
1.01325D-02	4.00000D-02	1.65000E+03	1.66445E-01	2.37704E+02
1.01325D-02	4.00000D-02	1.67500E+03	1.66497E-01	2.72102E+02
1.01325D-02	4.00000D-02	1.70000E+03	1.66555E-01	3.06749E+02
1.01325D-02	4.00000D-02	1.72500E+03	1.66620E-01	3.41671E+02
1.01325D-02	4.00000D-02	1.75000E+03	1.66692E-01	3.76899E+02
1.01325D-02	4.00000D-02	1.77500E+03	1.66771E-01	4.12468E+02
1.01325D-02	4.00000D-02	1.80000E+03	1.66859E-01	4.48416E+02
1.01325D-02	4.00000D-02	1.82500E+03	1.66955E-01	4.84788E+02
1.01325D-02	4.00000D-02	1.85000E+03	1.67060E-01	5.21631E+02
1.01325D-02	4.00000D-02	1.87500E+03	1.67174E-01	5.58998E+02
1.01325D-02	4.00000D-02	1.90000E+03	1.67299E-01	5.96946E+02
1.01325D-02	4.00000D-02	1.92500E+03	1.67434E-01	6.35538E+02
1.01325D-02	4.00000D-02	1.95000E+03	1.67579E-01	6.74841E+02
1.01325D-02	4.00000D-02	1.97500E+03	1.67736E-01	7.14926E+02
1.01325D-02	4.00000D-02	2.00000E+03	1.67904E-01	7.55869E+02
1.01325D-02	4.00000D-02	2.02500E+03	1.68085E-01	7.97751E+02
1.01325D-02	4.00000D-02	2.05000E+03	1.68277E-01	8.40654E+02
1.01325D-02	4.00000D-02	2.07500E+03	1.68481E-01	8.84665E+02
1.01325D-02	4.00000D-02	2.10000E+03	1.68697E-01	9.29869E+02
1.01325D-02	4.00000D-02	2.12500E+03	1.68925E-01	9.76356E+02
1.01325D-02	4.00000D-02	2.15000E+03	1.69166E-01	1.02421E+03
1.01325D-02	4.00000D-02	2.17500E+03	1.69417E-01	1.07352E+03
1.01325D-02	4.00000D-02	2.20000E+03	1.69680E-01	1.12435E+03
1.01325D-02	4.00000D-02	2.22500E+03	1.69954E-01	1.17679E+03
1.01325D-02	4.00000D-02	2.25000E+03	1.70238E-01	1.23090E+03
1.01325D-02	4.00000D-02	2.27500E+03	1.70531E-01	1.28672E+03
1.01325D-02	4.00000D-02	2.30000E+03	1.70833E-01	1.34430E+03
1.01325D-02	4.00000D-02	2.32500E+03	1.71142E-01	1.40365E+03
1.01325D-02	4.00000D-02	2.35000E+03	1.71459E-01	1.46479E+03
1.01325D-02	4.00000D-02	2.37500E+03	1.71782E-01	1.52770E+03
1.01325D-02	4.00000D-02	2.40000E+03	1.72111E-01	1.59236E+03
1.01325D-02	4.00000D-02	2.42500E+03	1.72446E-01	1.65870E+03
1.01325D-02	4.00000D-02	2.45000E+03	1.72788E-01	1.72669E+03
1.01325D-02	4.00000D-02	2.47500E+03	1.73139E-01	1.79623E+03
1.01325D-02	4.00000D-02	2.50000E+03	1.73501E-01	1.86728E+03
1.01325D-02	4.00000D-02	2.52500E+03	1.73880E-01	1.93976E+03
1.01325D-02	4.00000D-02	2.55000E+03	1.74281E-01	2.01366E+03
1.01325D-02	4.00000D-02	2.57500E+03	1.74714E-01	2.08898E+03
1.01325D-02	4.00000D-02	2.60000E+03	1.75194E-01	2.16584E+03
1.01325D-02	4.00000D-02	2.62500E+03	1.75739E-01	2.24442E+03
1.01325D-02	4.00000D-02	2.65000E+03	1.76373E-01	2.32507E+03
1.01325D-02	4.00000D-02	2.67500E+03	1.77130E-01	2.40832E+03
1.01325D-02	4.00000D-02	2.70000E+03	1.78052E-01	2.49494E+03
1.01325D-02	4.00000D-02	2.72500E+03	1.79196E-01	2.58602E+03
1.01325D-02	4.00000D-02	2.75000E+03	1.80635E-01	2.68300E+03
1.01325D-02	4.00000D-02	2.77500E+03	1.82461E-01	2.78784E+03
1.01325D-02	4.00000D-02	2.80000E+03	1.84797E-01	2.90301E+03
1.01325D-02	4.00000D-02	2.82500E+03	1.87795E-01	3.03175E+03
1.01325D-02	4.00000D-02	2.85000E+03	1.91656E-01	3.17810E+03
1.01325D-02	4.00000D-02	2.87500E+03	1.96635E-01	3.34719E+03
1.01325D-02	4.00000D-02	2.90000E+03	2.03062E-01	3.54538E+03
1.01325D-02	4.00000D-02	2.92500E+03	2.11363E-01	3.78055E+03
1.01325D-02	4.00000D-02	2.95000E+03	2.22093E-01	4.06239E+03
1.01325D-02	4.00000D-02	2.97500E+03	2.35976E-01	4.40272E+03
1.01325D-02	4.00000D-02	3.00000E+03	2.53972E-01	4.81584E+03
1.01325D-02	4.00000D-02	3.02500E+03	2.77363E-01	5.31886E+03
1.01325D-02	4.00000D-02	3.05000E+03	3.07893E-01	5.93207E+03
1.01325D-02	4.00000D-02	3.07500E+03	3.47984E-01	6.67909E+03
1.01325D-02	4.00000D-02	3.10000E+03	4.01084E-01	7.58701E+03
1.01325D-02	4.00000D-02	3.12500E+03	4.72268E-01	8.68610E+03
1.01325D-02	4.00000D-02	3.15000E+03	5.69315E-01	1.00092E+04
1.01325D-02	4.00000D-02	3.17500E+03	7.04782E-01	1.15902E+04
1.01325D-02	4.00000D-02	3.20000E+03	9.00354E-01	1.34620E+04
1.01325D-02	4.00000D-02	3.22500E+03	1.19699E+00	1.56531E+04
1.01325D-02	4.00000D-02	3.25000E+03	1.68242E+00	1.81822E+04
1.01325D-02	4.00000D-02	3.27500E+03	2.58429E+00	2.10505E+04
1.01325D-02	4.00000D-02	3.30000E+03	4.72927E+00	2.42273E+04
1.01325D-02	4.00000D-02	3.32500E+03	1.50739E+01	2.76015E+04
1.01325D-02	4.00000D-02	3.35000E+03	1.50739E+01	2.76015E+04
1.01325D-02	4.00000D-02	3.37500E+03	1.50739E+01	2.76015E+04
1.01325D-02	4.00000D-02	3.40000E+03	1.50739E+01	2.76015E+04
1.01325D-02	4.00000D-02	3.42500E+03	1.50739E+01	2.76015E+04
1.01325D-02	4.00000D-02	3.45000E+03	1.50739E+01	2.76015E+04
1.01325D-02	4.00000D-02	3.47500E+03	1.50739E+01	2.76015E+04
1.01325D-02	4.00000D-02	3.50000E+03	1.50739E+01	2.76015E+04
1.01325D-02	4.00000D-02	3.52500E+03	1.50739E+01	2.76015E+04
1.01325D-02	4.00000D-02	3.55000E+03	1.50739E+01	2.76015E+04
1.01325D-02	4.00000D-02	3.57500E+03	1.50739E+01	2.76015E+04
1.01325D-02	4.00000D-02	3.60000E+03	1.50739E+01	2.76015E+04
1.01325D-02	4.00000D-02	3.62500E+03	1.50739E+01	2.76015E+04
1.01325D-02	4.00000D-02	3.65000E+03	1.50739E+01	2.76015E+04
1.01325D-02	4.00000D-02	3.67500E+03	1.50739E+01	2.76015E+04
1.01325D-02	4.00000D-02	3.70000E+03	1.50739E+01	2.76015E+04
1.01325D-02	4.00000D-02	3.72500E+03	1.50739E+01	2.76015E+04
1.01325D-02	4.00000D-02	3.75000E+03	1.50739E+01	2.76015E+04
1.01325D-02	4.00000D-02	3.77500E+03	1.50739E+01	2.76015E+04
1.01325D-02	4.00000D-02	3.80000E+03	1.50739E+01	2.76015E+04
1.01325D-02	4.00000D-02	3.82500E+03	1.50739E+01	2.76015E+04
1.01325D-02	4.00000D-02	3.85000E+03	1.50739E+01	2.76015E+04
1.01325D-02	4.00000D-02	3.87500E+03	1.50739E+01	2.76015E+04
1.01325D-02	4.00000D-02	3.90000E+03	1.50739E+01	2.76015E+04
1.01325D-02	4.00000D-02	3.92500E+03	1.50739E+01	2.76015E+04
1.01325D-02	4.00000D-02	3.95000E+03	1.50739E+01	2.76015E+04
1.01325D-02	4.00000D-02	3.97500E+03	1.50739E+01	2.76015E+04
1.01325D-02	4.00000D-02	4.00000E+03	1.50739E+01	2.76015E+04
p (bar)	B'g	Temp (K)	B'c	Hw (kJ/kg)
1.01325D-02	7.00000D-02	2.50000E+02	3.40935E-02	-3.12596E+03
1.01325D-02	7.00000D-02	2.75000E+02	3.42893E-02	-3.09906E+03
1.01325D-02	7.00000D-02	3.00000E+02	3.45845E-02	-3.07165E+03
1.01325D-02	7.00000D-02	3.25000E+02	3.49888E-02	-3.04369E+03
1.01325D-02	7.00000D-02	3.50000E+02	3.55058E-02	-3.01510E+03
1.01325D-02	7.00000D-02	3.75000E+02	3.61381E-02	-2.98573E+03
1.01325D-02	7.00000D-02	4.00000E+02	3.68931E-02	-2.95531E+03
1.01325D-02	7.00000D-02	4.25000E+02	3.77872E-02	-2.92334E+03
1.01325D-02	7.00000D-02	4.50000E+02	3.88470E-02	-2.88912E+03
1.01325D-02	7.00000D-02	4.75000E+02	4.01057E-02	-2.85175E+03
1.01325D-02	7.00000D-02	5.00000E+02	4.15982E-02	-2.81026E+03
1.01325D-02	7.00000D-02	5.25000E+02	4.33577E-02	-2.76381E+03
1.01325D-02	7.00000D-02	5.50000E+02	4.54166E-02	-2.71182E+03
1.01325D-02	7.00000D-02	5.75000E+02	4.78183E-02	-2.65378E+03
1.01325D-02	7.00000D-02	6.00000E+02	5.06461E-02	-2.58873E+03
1.01325D-02	7.00000D-02	6.25000E+02	5.40722E-02	-2.51425E+03
1.01325D-02	7.00000D-02	6.50000E+02	5.84156E-02	-2.42557E+03
1.01325D-02	7.00000D-02	6.75000E+02	6.41746E-02	-2.31529E+03
1.01325D-02	7.00000D-02	7.00000E+02	7.19830E-02	-2.17439E+03
1.01325D-02	7.00000D-02	7.25000E+02	8.24236E-02	-1.99543E+03
1.01325D-02	7.00000D-02	7.50000E+02	9.56347E-02	-1.77841E+03
1.01325D-02	7.00000D-02	7.75000E+02	1.10776E-01	-1.53763E+03
1.01325D-02	7.00000D-02	8.00000E+02	1.25817E-01	-1.30256E+03
1.01325D-02	7.00000D-02	8.25000E+02	1.38373E-01	-1.10472E+03
1.01325D-02	7.00000D-02	8.50000E+02	1.47192E-01	-9.58411E+02
1.01325D-02	7.00000D-02	8.75000E+02	1.52609E-01	-8.57253E+02
1.01325D-02	7.00000D-02	9.00000E+02	1.55684E-01	-7.86491E+02
1.01325D-02	7.00000D-02	9.25000E+02	1.57373E-01	-7.33426E+02
1.01325D-02	7.00000D-02	9.50000E+02	1.58299E-01	-6.89985E+02
1.01325D-02	7.00000D-02	9.75000E+02	1.58814E-01	-6.51646E+02
1.01325D-02	7.00000D-02	1.00000E+03	1.59106E-01	-6.15994E+02
1.01325D-02	7.00000D-02	1.02500E+03	1.59275E-01	-5.81754E+02
1.01325D-02	7.00000D-02	1.05000E+03	1.59376E-01	-5.48250E+02
1.01325D-02	7.00000D-02	1.07500E+03	1.59438E-01	-5.15112E+02
1.01325D-02	7.00000D-02	1.10000E+03	1.59477E-01	-4.82138E+02
1.01325D-02	7.00000D-02	1.12500E+03	1.59502E-01	-4.49213E+02
1.01325D-02	7.00000D-02	1.15000E+03	1.59519E-01	-4.16272E+02
1.01325D-02	7.00000D-02	1.17500E+03	1.59532E-01	-3.83277E+02
1.01325D-02	7.00000D-02	1.20000E+03	1.59542E-01	-3.50206E+02
1.01325D-02	7.00000D-02	1.22500E+03	1.59551E-01	-3.17044E+02
1.01325D-02	7.00000D-02	1.25000E+03	1.59559E-01	-2.83785E+02
1.01325D-02	7.00000D-02	1.27500E+03	1.59567E-01	-2.50421E+02
1.01325D-02	7.00000D-02	1.30000E+03	1.59576E-01	-2.16950E+02
1.01325D-02	7.00000D-02	1.32500E+03	1.59586E-01	-1.83367E+02
1.01325D-02	7.00000D-02	1.35000E+03	1.59597E-01	-1.49671E+02
1.01325D-02	7.00000D-02	1.37500E+03	1.59610E-01	-1.15857E+02
1.01325D-02	7.00000D-02	1.40000E+03	1.59626E-01	-8.19210E+01
1.01325D-02	7.00000D-02	1.42500E+03	1.59644E-01	-4.78586E+01
1.01325D-02	7.00000D-02	1.45000E+03	1.59665E-01	-1.36634E+01
1.01325D-02	7.00000D-02	1.47500E+03	1.59690E-01	2.06719E+01
1.01325D-02	7.00000D-02	1.50000E+03	1.59718E-01	5.51564E+01
1.01325D-02	7.00000D-02	1.52500E+03	1.59751E-01	8.98010E+01
1.01325D-02	7.00000D-02	1.55000E+03	1.59788E-01	1.24619E+02
1.01325D-02	7.00000D-02	1.57500E+03	1.59831E-01	1.59626E+02
1.01325D-02	7.00000D-02	1.60000E+03	1.59879E-01	1.94839E+02
1.01325D-02	7.00000D-02	1.62500E+03	1.59934E-01	2.30281E+02
1.01325D-02	7.00000D-02	1.65000E+03	1.59996E-01	2.65976E+02
1.01325D-02	7.00000D-02	1.67500E+03	1.60066E-01	3.01952E+02
1.01325D-02	7.00000D-02	1.70000E+03	1.60143E-01	3.38243E+02
1.01325D-02	7.00000D-02	1.72500E+03	1.60230E-01	3.74885E+02
1.01325D-02	7.00000D-02	1.75000E+03	1.60326E-01	4.11921E+02
1.01325D-02	7.00000D-02	1.77500E+03	1.60432E-01	4.49397E+02
1.01325D-02	7.00000D-02	1.80000E+03	1.60549E-01	4.87368E+02
1.01325D-02	7.00000D-02	1.82500E+03	1.60678E-01	5.25892E+02
1.01325D-02	7.00000D-02	1.85000E+03	1.60819E-01	5.65036E+02
1.01325D-02	7.00000D-02	1.87500E+03	1.60973E-01	6.04871E+02
1.01325D-02	7.00000D-02	1.90000E+03	1.61140E-01	6.45477E+02
1.01325D-02	7.00000D-02	1.92500E+03	1.61322E-01	6.86941E+02
1.01325D-02	7.00000D-02	1.95000E+03	1.61520E-01	7.29355E+02
1.01325D-02	7.00000D-02	1.97500E+03	1.61732E-01	7.72822E+02
1.01325D-02	7.00000D-02	2.00000E+03	1.61961E-01	8.17447E+02
1.01325D-02	7.00000D-02	2.02500E+03	1.62207E-01	8.63347E+02
1.01325D-02	7.00000D-02	2.05000E+03	1.62470E-01	9.10640E+02
1.01325D-02	7.00000D-02	2.07500E+03	1.62751E-01	9.59453E+02
1.01325D-02	7.00000D-02	2.10000E+03	1.63049E-01	1.00992E+03
1.01325D-02	7.00000D-02	2.12500E+03	1.63365E-01	1.06216E+03
1.01325D-02	7.00000D-02	2.15000E+03	1.63700E-01	1.11633E+03
1.01325D-02	7.00000D-02	2.17500E+03	1.64052E-01	1.17254E+03
1.01325D-02	7.00000D-02	2.20000E+03	1.64422E-01	1.23095E+03
1.01325D-02	7.00000D-02	2.22500E+03	1.64809E-01	1.29167E+03
1.01325D-02	7.00000D-02	2.25000E+03	1.65213E-01	1.35482E+03
1.01325D-02	7.00000D-02	2.27500E+03	1.65634E-01	1.42052E+03
1.01325D-02	7.00000D-02	2.30000E+03	1.66069E-01	1.48886E+03
1.01325D-02	7.00000D-02	2.32500E+03	1.66520E-01	1.55993E+03
1.01325D-02	7.00000D-02	2.35000E+03	1.66983E-01	1.63378E+03
1.01325D-02	7.00000D-02	2.37500E+03	1.67460E-01	1.71047E+03
1.01325D-02	7.00000D-02	2.40000E+03	1.67949E-01	1.78999E+03
1.01325D-02	7.00000D-02	2.42500E+03	1.68449E-01	1.87236E+03
1.01325D-02	7.00000D-02	2.45000E+03	1.68962E-01	1.95753E+03
1.01325D-02	7.00000D-02	2.47500E+03	1.69487E-01	2.04545E+03
1.01325D-02	7.00000D-02	2.50000E+03	1.70028E-01	2.13605E+03
1.01325D-02	7.00000D-02	2.52500E+03	1.70587E-01	2.22925E+03
1.01325D-02	7.00000D-02	2.55000E+03	1.71171E-01	2.32498E+03
1.01325D-02	7.00000D-02	2.57500E+03	1.71789E-01	2.42319E+03
1.01325D-02	7.00000D-02	2.60000E+03	1.72455E-01	2.52387E+03
1.01325D-02	7.00000D-02	2.62500E+03	1.73185E-01	2.62712E+03
1.01325D-02	7.00000D-02	2.65000E+03	1.74007E-01	2.73311E+03
1.01325D-02	7.00000D-02	2.67500E+03	1.74952E-01	2.84223E+03
1.01325D-02	7.00000D-02	2.70000E+03	1.76067E-01	2.95507E+03
1.01325D-02	7.00000D-02	2.72500E+03	1.77412E-01	3.07252E+03
1.01325D-02	7.00000D-02	2.75000E+03	1.79063E-01	3.19588E+03
1.01325D-02	7.00000D-02	2.77500E+03	1.81121E-01	3.32691E+03
1.01325D-02	7.00000D-02	2.80000E+03	1.83718E-01	3.46799E+03
1.01325D-02	7.00000D-02	2.82500E+03	1.87021E-01	3.62225E+03
1.01325D-02	7.00000D-02	2.85000E+03	1.91249E-01	3.79372E+03
1.01325D-02	7.00000D-02	2.87500E+03	1.96679E-01	3.98753E+03
1.01325D-02	7.00000D-02	2.90000E+03	2.03673E-01	4.21011E+03
1.01325D-02	7.00000D-02	2.92500E+03	2.12696E-01	4.46949E+03
1.01325D-02	7.00000D-02	2.95000E+03	2.24356E-01	4.77550E+03
1.01325D-02	7.00000D-02	2.97500E+03	2.39444E-01	5.14015E+03
1.01325D-02	7.00000D-02	3.00000E+03	2.59008E-01	5.57789E+03
1.01325D-02	7.00000D-02	3.02500E+03	2.84452E-01	6.10588E+03
1.01325D-02	7.00000D-02	3.05000E+03	3.17679E-01	6.74427E+03
1.01325D-02	7.00000D-02	3.07500E+03	3.61335E-01	7.51619E+03
1.01325D-02	7.00000D-02	3.10000E+03	4.19185E-01	8.44767E+03
1.01325D-02	7.00000D-02	3.12500E+03	4.96771E-01	9.56711E+03
1.01325D-02	7.00000D-02	3.15000E+03	6.02584E-01	1.09042E+04
1.01325D-02	7.00000D-02	3.17500E+03	7.50328E-01	1.24881E+04
1.01325D-02	7.00000D-02	3.20000E+03	9.63662E-01	1.43451E+04
1.01325D-02	7.00000D-02	3.22500E+03	1.28725E+00	1.64942E+04
1.01325D-02	7.00000D-02	3.25000E+03	1.81675E+00	1.89427E+04
1.01325D-02	7.00000D-02	3.27500E+03	2.80011E+00	2.16784E+04
1.01325D-02	7.00000D-02	3.30000E+03	5.13662E+00	2.46576E+04
1.01325D-02	7.00000D-02	3.32500E+03	1.63693E+01	2.77634E+04
1.01325D-02	7.00000D-02	3.35000E+03	1.63693E+01	2.77634E+04
1.01325D-02	7.00000D-02	3.37500E+03	1.63693E+01	2.77634E+04
1.01325D-02	7.00000D-02	3.40000E+03	1.63693E+01	2.77634E+04
1.01325D-02	7.00000D-02	3.42500E+03	1.63693E+01	2.77634E+04
1.01325D-02	7.00000D-02	3.45000E+03	1.63693E+01	2.77634E+04
1.01325D-02	7.00000D-02	3.47500E+03	1.63693E+01	2.77634E+04
1.01325D-02	7.00000D-02	3.50000E+03	1.63693E+01	2.77634E+04
1.01325D-02	7.00000D-02	3.52500E+03	1.63693E+01	2.77634E+04
1.01325D-02	7.00000D-02	3.55000E+03	1.63693E+01	2.77634E+04
1.01325D-02	7.00000D-02	3.57500E+03	1.63693E+01	2.77634E+04
1.01325D-02	7.00000D-02	3.60000E+03	1.63693E+01	2.77634E+04
1.01325D-02	7.00000D-02	3.62500E+03	1.63693E+01	2.77634E+04
1.01325D-02	7.00000D-02	3.65000E+03	1.63693E+01	2.77634E+04
1.01325D-02	7.00000D-02	3.67500E+03	1.63693E+01	2.77634E+04
1.01325D-02	7.00000D-02	3.70000E+03	1.63693E+01	2.77634E+04
1.01325D-02	7.00000D-02	3.72500E+03	1.63693E+01	2.77634E+04
1.01325D-02	7.00000D-02	3.75000E+03	1.63693E+01	2.77634E+04
1.01325D-02	7.00000D-02	3.77500E+03	1.63693E+01	2.77634E+04
1.01325D-02	7.00000D-02	3.80000E+03	1.63693E+01	2.77634E+04
1.01325D-02	7.00000D-02	3.82500E+03	1.63693E+01	2.77634E+04
1.01325D-02	7.00000D-02	3.85000E+03	1.63693E+01	2.77634E+04
1.01325D-02	7.00000D-02	3.87500E+03	1.63693E+01	2.77634E+04
1.01325D-02	7.00000D-02	3.90000E+03	1.63693E+01	2.77634E+04
1.01325D-02	7.00000D-02	3.92500E+03	1.63693E+01	2.77634E+04
1.01325D-02	7.00000D-02	3.95000E+03	1.63693E+01	2.77634E+04
1.01325D-02	7.00000D-02	3.97500E+03	1.63693E+01	2.77634E+04
1.01325D-02	7.00000D-02	4.00000E+03	1.63693E+01	2.77634E+04
p (bar)	B'g	Temp (K)	B'c	Hw (kJ/kg)
1.01325D-02	1.00000D-01	2.50000E+02	1.14079E-02	-3.31196E+03
1.01325D-02	1.00000D-01	2.75000E+02	1.18519E-02	-3.28333E+03
1.01325D-02	1.00000D-01	3.00000E+02	1.25104E-02	-3.25380E+03
1.01325D-02	1.00000D-01	3.25000E+02	1.33907E-02	-3.22331E+03
1.01325D-02	1.00000D-01	3.50000E+02	1.44796E-02	-3.19183E+03
1.01325D-02	1.00000D-01	3.75000E+02	1.57547E-02	-3.15923E+03
1.01325D-02	1.00000D-01	4.00000E+02	1.71955E-02	-3.12522E+03
1.01325D-02	1.00000D-01	4.25000E+02	1.87907E-02	-3.08923E+03
1.01325D-02	1.00000D-01	4.50000E+02	2.05400E-02	-3.05040E+03
1.01325D-02	1.00000D-01	4.75000E+02	2.24531E-02	-3.00761E+03
1.01325D-02	1.00000D-01	5.00000E+02	2.45487E-02	-2.95971E+03
1.01325D-02	1.00000D-01	5.25000E+02	2.68585E-02	-2.90569E+03
1.01325D-02	1.00000D-01	5.50000E+02	2.94322E-02	-2.84493E+03
1.01325D-02	1.00000D-01	5.75000E+02	3.23443E-02	-2.77712E+03
1.01325D-02	1.00000D-01	6.00000E+02	3.57097E-02	-2.70163E+03
1.01325D-02	1.00000D-01	6.25000E+02	3.97205E-02	-2.61647E+03
1.01325D-02	1.00000D-01	6.50000E+02	4.47030E-02	-2.51719E+03
1.01325D-02	1.00000D-01	6.75000E+02	5.11608E-02	-2.39644E+03
1.01325D-02	1.00000D-01	7.00000E+02	5.97397E-02	-2.24505E+03
1.01325D-02	1.00000D-01	7.25000E+02	7.10373E-02	-2.05539E+03
1.01325D-02	1.00000D-01	7.50000E+02	8.51886E-02	-1.82750E+03
1.01325D-02	1.00000D-01	7.75000E+02	1.01303E-01	-1.57621E+03
1.01325D-02	1.00000D-01	8.00000E+02	1.17250E-01	-1.33189E+03
1.01325D-02	1.00000D-01	8.25000E+02	1.30533E-01	-1.12676E+03
1.01325D-02	1.00000D-01	8.50000E+02	1.39860E-01	-9.75214E+02
1.01325D-02	1.00000D-01	8.75000E+02	1.45595E-01	-8.70406E+02
1.01325D-02	1.00000D-01	9.00000E+02	1.48858E-01	-7.97037E+02
1.01325D-02	1.00000D-01	9.25000E+02	1.50656E-01	-7.41996E+02
1.01325D-02	1.00000D-01	9.50000E+02	1.51644E-01	-6.96942E+02
1.01325D-02	1.00000D-01	9.75000E+02	1.52195E-01	-6.57199E+02
1.01325D-02	1.00000D-01	1.00000E+03	1.52509E-01	-6.20264E+02
1.01325D-02	1.00000D-01	1.02500E+03	1.52692E-01	-5.84813E+02
1.01325D-02	1.00000D-01	1.05000E+03	1.52801E-01	-5.50137E+02
1.01325D-02	1.00000D-01	1.07500E+03	1.52868E-01	-5.15852E+02
1.01325D-02	1.00000D-01	1.10000E+03	1.52911E-01	-4.81744E+02
1.01325D-02	1.00000D-01	1.12500E+03	1.52939E-01	-4.47693E+02
1.01325D-02	1.00000D-01	1.15000E+03	1.52958E-01	-4.13629E+02
1.01325D-02	1.00000D-01	1.17500E+03	1.52972E-01	-3.79511E+02
1.01325D-02	1.00000D-01	1.20000E+03	1.52983E-01	-3.45315E+02
1.01325D-02	1.00000D-01	1.22500E+03	1.52993E-01	-3.11025E+02
1.01325D-02	1.00000D-01	1.25000E+03	1.53002E-01	-2.76633E+02
1.01325D-02	1.00000D-01	1.27500E+03	1.53012E-01	-2.42132E+02
1.01325D-02	1.00000D-01	1.30000E+03	1.53022E-01	-2.07517E+02
1.01325D-02	1.00000D-01	1.32500E+03	1.53034E-01	-1.72783E+02
1.01325D-02	1.00000D-01	1.35000E+03	1.53048E-01	-1.37928E+02
1.01325D-02	1.00000D-01	1.37500E+03	1.53064E-01	-1.02946E+02
1.01325D-02	1.00000D-01	1.40000E+03	1.53082E-01	-6.78313E+01
1.01325D-02	1.00000D-01	1.42500E+03	1.53104E-01	-3.25788E+01
1.01325D-02	1.00000D-01	1.45000E+03	1.53129E-01	2.81980E+00
1.01325D-02	1.00000D-01	1.47500E+03	1.53158E-01	3.83737E+01
1.01325D-02	1.00000D-01	1.50000E+03	1.53192E-01	7.40942E+01
1.01325D-02	1.00000D-01	1.52500E+03	1.53231E-01	1.09995E+02
1.01325D-02	1.00000D-01	1.55000E+03	1.53276E-01	1.46091E+02
1.01325D-02	1.00000D-01	1.57500E+03	1.53327E-01	1.82403E+02
1.01325D-02	1.00000D-01	1.60000E+03	1.53386E-01	2.18952E+02
1.01325D-02	1.00000D-01	1.62500E+03	1.53451E-01	2.55765E+02
1.01325D-02	1.00000D-01	1.65000E+03	1.53526E-01	2.92871E+02
1.01325D-02	1.00000D-01	1.67500E+03	1.53609E-01	3.30304E+02
1.01325D-02	1.00000D-01	1.70000E+03	1.53702E-01	3.68106E+02
1.01325D-02	1.00000D-01	1.72500E+03	1.53806E-01	4.06320E+02
1.01325D-02	1.00000D-01	1.75000E+03	1.53922E-01	4.44999E+02
1.01325D-02	1.00000D-01	1.77500E+03	1.54050E-01	4.84199E+02
1.01325D-02	1.00000D-01	1.80000E+03	1.54191E-01	5.23986E+02
1.01325D-02	1.00000D-01	1.82500E+03	1.54346E-01	5.64432E+02
1.01325D-02	1.00000D-01	1.85000E+03	1.54516E-01	6.05616E+02
1.01325D-02	1.00000D-01	1.87500E+03	1.54702E-01	6.47628E+02
1.01325D-02	1.00000D-01	1.90000E+03	1.54905E-01	6.90564E+02
1.01325D-02	1.00000D-01	1.92500E+03	1.55126E-01	7.34531E+02
1.01325D-02	1.00000D-01	1.95000E+03	1.55365E-01	7.79643E+02
1.01325D-02	1.00000D-01	1.97500E+03	1.55623E-01	8.26024E+02
1.01325D-02	1.00000D-01	2.00000E+03	1.55902E-01	8.73809E+02
1.01325D-02	1.00000D-01	2.02500E+03	1.56201E-01	9.23140E+02
1.01325D-02	1.00000D-01	2.05000E+03	1.56523E-01	9.74166E+02
1.01325D-02	1.00000D-01	2.07500E+03	1.56866E-01	1.02705E+03
1.01325D-02	1.00000D-01	2.10000E+03	1.57232E-01	1.08195E+03
1.01325D-02	1.00000D-01	2.12500E+03	1.57620E-01	1.13904E+03
1.01325D-02	1.00000D-01	2.15000E+03	1.58032E-01	1.19850E+03
1.01325D-02	1.00000D-01	2.17500E+03	1.58468E-01	1.26050E+03
1.01325D-02	1.00000D-01	2.20000E+03	1.58926E-01	1.32523E+03
1.01325D-02	1.00000D-01	2.22500E+03	1.59408E-01	1.39285E+03
1.01325D-02	1.00000D-01	2.25000E+03	1.59912E-01	1.46353E+03
1.01325D-02	1.00000D-01	2.27500E+03	1.60438E-01	1.53745E+03
1.01325D-02	1.00000D-01	2.30000E+03	1.60986E-01	1.61474E+03
1.01325D-02	1.00000D-01	2.32500E+03	1.61554E-01	1.69554E+03
1.01325D-02	1.00000D-01	2.35000E+03	1.62142E-01	1.77997E+03
1.01325D-02	1.00000D-01	2.37500E+03	1.62749E-01	1.86811E+03
1.01325D-02	1.00000D-01	2.40000E+03	1.63373E-01	1.96003E+03
1.01325D-02	1.00000D-01	2.42500E+03	1.64015E-01	2.05577E+03
1.01325D-02	1.00000D-01	2.45000E+03	1.64674E-01	2.15534E+03
1.01325D-02	1.00000D-01	2.47500E+03	1.65350E-01	2.25871E+03
1.01325D-02	1.00000D-01	2.50000E+03	1.66047E-01	2.36582E+03
1.01325D-02	1.00000D-01	2.52500E+03	1.66766E-01	2.47663E+03
1.01325D-02	1.00000D-01	2.55000E+03	1.67515E-01	2.59104E+03
1.01325D-02	1.00000D-01	2.57500E+03	1.68301E-01	2.70898E+03
1.01325D-02	1.00000D-01	2.60000E+03	1.69137E-01	2.83041E+03
1.01325D-02	1.00000D-01	2.62500E+03	1.70042E-01	2.95535E+03
1.01325D-02	1.00000D-01	2.65000E+03	1.71042E-01	3.08391E+03
1.01325D-02	1.00000D-01	2.67500E+03	1.72172E-01	3.21636E+03
1.01325D-02	1.00000D-01	2.70000E+03	1.73479E-01	3.35317E+03
1.01325D-02	1.00000D-01	2.72500E+03	1.75026E-01	3.49511E+03
1.01325D-02	1.00000D-01	2.75000E+03	1.76894E-01	3.64333E+03
1.01325D-02	1.00000D-01	2.77500E+03	1.79193E-01	3.79945E+03
1.01325D-02	1.00000D-01	2.80000E+03	1.82062E-01	3.96573E+03
1.01325D-02	1.00000D-01	2.82500E+03	1.85682E-01	4.14518E+03
1.01325D-02	1.00000D-01	2.85000E+03	1.90288E-01	4.34176E+03
1.01325D-02	1.00000D-01	2.87500E+03	1.96182E-01	4.56053E+03
1.01325D-02	1.00000D-01	2.90000E+03	2.03755E-01	4.80794E+03
1.01325D-02	1.00000D-01	2.92500E+03	2.13512E-01	5.09204E+03
1.01325D-02	1.00000D-01	2.95000E+03	2.26110E-01	5.42272E+03
1.01325D-02	1.00000D-01	2.97500E+03	2.42409E-01	5.81204E+03
1.01325D-02	1.00000D-01	3.00000E+03	2.63546E-01	6.27448E+03
1.01325D-02	1.00000D-01	3.02500E+03	2.91042E-01	6.82714E+03
1.01325D-02	1.00000D-01	3.05000E+03	3.26962E-01	7.48987E+03
1.01325D-02	1.00000D-01	3.07500E+03	3.74175E-01	8.28520E+03
1.01325D-02	1.00000D-01	3.10000E+03	4.36765E-01	9.23802E+03
1.01325D-02	1.00000D-01	3.12500E+03	5.20736E-01	1.03748E+04
1.01325D-02	1.00000D-01	3.15000E+03	6.35291E-01	1.17222E+04
1.01325D-02	1.00000D-01	3.17500E+03	7.95283E-01	1.33050E+04
1.01325D-02	1.00000D-01	3.20000E+03	1.02634E+00	1.51432E+04
1.01325D-02	1.00000D-01	3.22500E+03	1.37684E+00	1.72481E+04
1.01325D-02	1.00000D-01	3.25000E+03	1.95030E+00	1.96174E+04
1.01325D-02	1.00000D-01	3.27500E+03	3.01498E+00	2.22288E+04
1.01325D-02	1.00000D-01	3.30000E+03	5.54249E+00	2.50298E+04
1.01325D-02	1.00000D-01	3.32500E+03	1.76596E+01	2.79019E+04
1.01325D-02	1.00000D-01	3.35000E+03	1.76596E+01	2.79019E+04
1.01325D-02	1.00000D-01	3.37500E+03	1.76596E+01	2.79019E+04
1.01325D-02	1.00000D-01	3.40000E+03	1.76596E+01	2.79019E+04
1.01325D-02	1.00000D-01	3.42500E+03	1.76596E+01	2.79019E+04
1.01325D-02	1.00000D-01	3.45000E+03	1.76596E+01	2.79019E+04
1.01325D-02	1.00000D-01	3.47500E+03	1.76596E+01	2.79019E+04
1.01325D-02	1.00000D-01	3.50000E+03	1.76596E+01	2.79019E+04
1.01325D-02	1.00000D-01	3.52500E+03	1.76596E+01	2.79019E+04
1.01325D-02	1.00000D-01	3.55000E+03	1.76596E+01	2.79019E+04
1.01325D-02	1.00000D-01	3.57500E+03	1.76596E+01	2.79019E+04
1.01325D-02	1.00000D-01	3.60000E+03	1.76596E+01	2.79019E+04
1.01325D-02	1.00000D-01	3.62500E+03	1.76596E+01	2.79019E+04
1.01325D-02	1.00000D-01	3.65000E+03	1.76596E+01	2.79019E+04
1.01325D-02	1.00000D-01	3.67500E+03	1.76596E+01	2.79019E+04
1.01325D-02	1.00000D-01	3.70000E+03	1.76596E+01	2.79019E+04
1.01325D-02	1.00000D-01	3.72500E+03	1.76596E+01	2.79019E+04
1.01325D-02	1.00000D-01	3.75000E+03	1.76596E+01	2.79019E+04
1.01325D-02	1.00000D-01	3.77500E+03	1.76596E+01	2.79019E+04
1.01325D-02	1.00000D-01	3.80000E+03	1.76596E+01	2.79019E+04
1.01325D-02	1.00000D-01	3.82500E+03	1.76596E+01	2.79019E+04
1.01325D-02	1.00000D-01	3.85000E+03	1.76596E+01	2.79019E+04
1.01325D-02	1.00000D-01	3.87500E+03	1.76596E+01	2.79019E+04
1.01325D-02	1.00000D-01	3.90000E+03	1.76596E+01	2.79019E+04
1.01325D-02	1.00000D-01	3.92500E+03	1.76596E+01	2.79019E+04
1.01325D-02	1.00000D-01	3.95000E+03	1.76596E+01	2.79019E+04
1.01325D-02	1.00000D-01	3.97500E+03	1.76596E+01	2.79019E+04
1.01325D-02	1.00000D-01	4.00000E+03	1.76596E+01	2.79019E+04
p (bar)	B'g	Temp (K)	B'c	Hw (kJ/kg)
1.01325D-02	1.50000D-01	2.50000E+02	0.00000E+00	-3.61505E+03
1.01325D-02	1.50000D-01	2.75000E+02	0.00000E+00	-3.58208E+03
1.01325D-02	1.50000D-01	3.00000E+02	0.00000E+00	-3.54711E+03
1.01325D-02	1.50000D-01	3.25000E+02	0.00000E+00	-3.51031E+03
1.01325D-02	1.50000D-01	3.50000E+02	0.00000E+00	-3.47194E+03
1.01325D-02	1.50000D-01	3.75000E+02	0.00000E+00	-3.43215E+03
1.01325D-02	1.50000D-01	4.00000E+02	0.00000E+00	-3.39076E+03
1.01325D-02	1.50000D-01	4.25000E+02	0.00000E+00	-3.34716E+03
1.01325D-02	1.50000D-01	4.50000E+02	0.00000E+00	-3.30030E+03
1.01325D-02	1.50000D-01	4.75000E+02	0.00000E+00	-3.24879E+03
1.01325D-02	1.50000D-01	5.00000E+02	0.00000E+00	-3.19110E+03
1.01325D-02	1.50000D-01	5.25000E+02	1.96789E-03	-3.12588E+03
1.01325D-02	1.50000D-01	5.50000E+02	5.00547E-03	-3.05232E+03
1.01325D-02	1.50000D-01	5.75000E+02	8.34143E-03	-2.97017E+03
1.01325D-02	1.50000D-01	6.00000E+02	1.21892E-02	-2.87916E+03
1.01325D-02	1.50000D-01	6.25000E+02	1.68112E-02	-2.77785E+03
1.01325D-02	1.50000D-01	6.50000E+02	2.25666E-02	-2.66225E+03
1.01325D-02	1.50000D-01	6.75000E+02	2.99693E-02	-2.52517E+03
1.01325D-02	1.50000D-01	7.00000E+02	3.96752E-02	-2.35726E+03
1.01325D-02	1.50000D-01	7.25000E+02	5.22916E-02	-2.15063E+03
1.01325D-02	1.50000D-01	7.50000E+02	6.79346E-02	-1.90545E+03
1.01325D-02	1.50000D-01	7.75000E+02	8.56209E-02	-1.63743E+03
1.01325D-02	1.50000D-01	8.00000E+02	1.03040E-01	-1.37840E+03
1.01325D-02	1.50000D-01	8.25000E+02	1.17514E-01	-1.16171E+03
1.01325D-02	1.50000D-01	8.50000E+02	1.27672E-01	-1.00185E+03
1.01325D-02	1.50000D-01	8.75000E+02	1.33927E-01	-8.91252E+02
1.01325D-02	1.50000D-01	9.00000E+02	1.37496E-01	-8.13757E+02
1.01325D-02	1.50000D-01	9.25000E+02	1.39470E-01	-7.55583E+02
1.01325D-02	1.50000D-01	9.50000E+02	1.40560E-01	-7.07974E+02
1.01325D-02	1.50000D-01	9.75000E+02	1.41170E-01	-6.66007E+02
1.01325D-02	1.50000D-01	1.00000E+03	1.41519E-01	-6.27039E+02
1.01325D-02	1.50000D-01	1.02500E+03	1.41723E-01	-5.89666E+02
1.01325D-02	1.50000D-01	1.05000E+03	1.41845E-01	-5.53133E+02
1.01325D-02	1.50000D-01	1.07500E+03	1.41921E-01	-5.17030E+02
1.01325D-02	1.50000D-01	1.10000E+03	1.41969E-01	-4.81125E+02
1.01325D-02	1.50000D-01	1.12500E+03	1.42000E-01	-4.45288E+02
1.01325D-02	1.50000D-01	1.15000E+03	1.42022E-01	-4.09443E+02
1.01325D-02	1.50000D-01	1.17500E+03	1.42038E-01	-3.73545E+02
1.01325D-02	1.50000D-01	1.20000E+03	1.42051E-01	-3.37566E+02
1.01325D-02	1.50000D-01	1.22500E+03	1.42063E-01	-3.01489E+02
1.01325D-02	1.50000D-01	1.25000E+03	1.42074E-01	-2.65304E+02
1.01325D-02	1.50000D-01	1.27500E+03	1.42085E-01	-2.29002E+02
1.01325D-02	1.50000D-01	1.30000E+03	1.42098E-01	-1.92576E+02
1.01325D-02	1.50000D-01	1.32500E+03	1.42112E-01	-1.56023E+02
1.01325D-02	1.50000D-01	1.35000E+03	1.42129E-01	-1.19336E+02
1.01325D-02	1.50000D-01	1.37500E+03	1.42148E-01	-8.25093E+01
1.01325D-02	1.50000D-01	1.40000E+03	1.42171E-01	-4.55359E+01
1.01325D-02	1.50000D-01	1.42500E+03	1.42198E-01	-8.40784E+00
1.01325D-02	1.50000D-01	1.45000E+03	1.42229E-01	2.88849E+01
1.01325D-02	1.50000D-01	1.47500E+03	1.42265E-01	6.63541E+01
1.01325D-02	1.50000D-01	1.50000E+03	1.42306E-01	1.04014E+02
1.01325D-02	1.50000D-01	1.52500E+03	1.42354E-01	1.41882E+02
1.01325D-02	1.50000D-01	1.55000E+03	1.42409E-01	1.79977E+02
1.01325D-02	1.50000D-01	1.57500E+03	1.42472E-01	2.18324E+02
1.01325D-02	1.50000D-01	1.60000E+03	1.42544E-01	2.56950E+02
1.01325D-02	1.50000D-01	1.62500E+03	1.42625E-01	2.95888E+02
1.01325D-02	1.50000D-01	1.65000E+03	1.42716E-01	3.35174E+02
1.01325D-02	1.50000D-01	1.67500E+03	1.42819E-01	3.74853E+02
1.01325D-02	1.50000D-01	1.70000E+03	1.42934E-01	4.14974E+02
1.01325D-02	1.50000D-01	1.72500E+03	1.43062E-01	4.55592E+02
1.01325D-02	1.50000D-01	1.75000E+03	1.43205E-01	4.96772E+02
1.01325D-02	1.50000D-01	1.77500E+03	1.43363E-01	5.38585E+02
1.01325D-02	1.50000D-01	1.80000E+03	1.43537E-01	5.81112E+02
1.01325D-02	1.50000D-01	1.82500E+03	1.43730E-01	6.24444E+02
1.01325D-02	1.50000D-01	1.85000E+03	1.43941E-01	6.68679E+02
1.01325D-02	1.50000D-01	1.87500E+03	1.44172E-01	7.13930E+02
1.01325D-02	1.50000D-01	1.90000E+03	1.44424E-01	7.60318E+02
1.01325D-02	1.50000D-01	1.92500E+03	1.44698E-01	8.07976E+02
1.01325D-02	1.50000D-01	1.95000E+03	1.44997E-01	8.57049E+02
1.01325D-02	1.50000D-01	1.97500E+03	1.45319E-01	9.07695E+02
1.01325D-02	1.50000D-01	2.00000E+03	1.45668E-01	9.60083E+02
1.01325D-02	1.50000D-01	2.02500E+03	1.46043E-01	1.01439E+03
1.01325D-02	1.50000D-01	2.05000E+03	1.46446E-01	1.07082E+03
1.01325D-02	1.50000D-01	2.07500E+03	1.46878E-01	1.12957E+03
1.01325D-02	1.50000D-01	2.10000E+03	1.47339E-01	1.19085E+03
1.01325D-02	1.50000D-01	2.12500E+03	1.47830E-01	1.25490E+03
1.01325D-02	1.50000D-01	2.15000E+03	1.48353E-01	1.32193E+03
1.01325D-02	1.50000D-01	2.17500E+03	1.48906E-01	1.39219E+03
1.01325D-02	1.50000D-01	2.20000E+03	1.49490E-01	1.46592E+03
1.01325D-02	1.50000D-01	2.22500E+03	1.50106E-01	1.54336E+03
1.01325D-02	1.50000D-01	2.25000E+03	1.50754E-01	1.62475E+03
1.01325D-02	1.50000D-01	2.27500E+03	1.51432E-01	1.71032E+03
1.01325D-02	1.50000D-01	2.30000E+03	1.52140E-01	1.80031E+03
1.01325D-02	1.50000D-01	2.32500E+03	1.52878E-01	1.89490E+03
1.01325D-02	1.50000D-01	2.35000E+03	1.53644E-01	1.99431E+03
1.01325D-02	1.50000D-01	2.37500E+03	1.54439E-01	2.09870E+03
1.01325D-02	1.50000D-01	2.40000E+03	1.55260E-01	2.20820E+03
1.01325D-02	1.50000D-01	2.42500E+03	1.56107E-01	2.32292E+03
1.01325D-02	1.50000D-01	2.45000E+03	1.56979E-01	2.44294E+03
1.01325D-02	1.50000D-01	2.47500E+03	1.57878E-01	2.56830E+03
1.01325D-02	1.50000D-01	2.50000E+03	1.58805E-01	2.69900E+03
1.01325D-02	1.50000D-01	2.52500E+03	1.59762E-01	2.83499E+03
1.01325D-02	1.50000D-01	2.55000E+03	1.60756E-01	2.97623E+03
1.01325D-02	1.50000D-01	2.57500E+03	1.61795E-01	3.12265E+03
1.01325D-02	1.50000D-01	2.60000E+03	1.62892E-01	3.27417E+03
1.01325D-02	1.50000D-01	2.62500E+03	1.64066E-01	3.43078E+03
1.01325D-02	1.50000D-01	2.65000E+03	1.65345E-01	3.59250E+03
1.01325D-02	1.50000D-01	2.67500E+03	1.66766E-01	3.75951E+03
1.01325D-02	1.50000D-01	2.70000E+03	1.68379E-01	3.93214E+03
1.01325D-02	1.50000D-01	2.72500E+03	1.70254E-01	4.11102E+03
1.01325D-02	1.50000D-01	2.75000E+03	1.72479E-01	4.29711E+03
1.01325D-02	1.50000D-01	2.77500E+03	1.75175E-01	4.49187E+03
1.01325D-02	1.50000D-01	2.80000E+03	1.78498E-01	4.69735E+03
1.01325D-02	1.50000D-01	2.82500E+03	1.82648E-01	4.91638E+03
1.01325D-02	1.50000D-01	2.85000E+03	1.87890E-01	5.15278E+03
1.01325D-02	1.50000D-01	2.87500E+03	1.94562E-01	5.41148E+03
1.01325D-02	1.50000D-01	2.90000E+03	2.03105E-01	5.69882E+03
1.01325D-02	1.50000D-01	2.92500E+03	2.14087E-01	6.02280E+03
1.01325D-02	1.50000D-01	2.95000E+03	2.28251E-01	6.39326E+03
1.01325D-02	1.50000D-01	2.97500E+03	2.46567E-01	6.82220E+03
1.01325D-02	1.50000D-01	3.00000E+03	2.70320E-01	7.32393E+03
1.01325D-02	1.50000D-01	3.02500E+03	3.01227E-01	7.91522E+03
1.01325D-02	1.50000D-01	3.05000E+03	3.41621E-01	8.61525E+03
1.01325D-02	1.50000D-01	3.07500E+03	3.94744E-01	9.44535E+03
1.01325D-02	1.50000D-01	3.10000E+03	4.65203E-01	1.04283E+04
1.01325D-02	1.50000D-01	3.12500E+03	5.59782E-01	1.15874E+04
1.01325D-02	1.50000D-01	3.15000E+03	6.88866E-01	1.29446E+04
1.01325D-02	1.50000D-01	3.17500E+03	8.69215E-01	1.45179E+04
1.01325D-02	1.50000D-01	3.20000E+03	1.12974E+00	1.63185E+04
1.01325D-02	1.50000D-01	3.22500E+03	1.52497E+00	1.83469E+04
1.01325D-02	1.50000D-01	3.25000E+03	2.17155E+00	2.05889E+04
1.01325D-02	1.50000D-01	3.27500E+03	3.37140E+00	2.30103E+04
1.01325D-02	1.50000D-01	3.30000E+03	6.21627E+00	2.55502E+04
1.01325D-02	1.50000D-01	3.32500E+03	1.98007E+01	2.80930E+04
1.01325D-02	1.50000D-01	3.35000E+03	1.98007E+01	2.80930E+04
1.01325D-02	1.50000D-01	3.37500E+03	1.98007E+01	2.80930E+04
1.01325D-02	1.50000D-01	3.40000E+03	1.98007E+01	2.80930E+04
1.01325D-02	1.50000D-01	3.42500E+03	1.98007E+01	2.80930E+04
1.01325D-02	1.50000D-01	3.45000E+03	1.98007E+01	2.80930E+04
1.01325D-02	1.50000D-01	3.47500E+03	1.98007E+01	2.80930E+04
1.01325D-02	1.50000D-01	3.50000E+03	1.98007E+01	2.80930E+04
1.01325D-02	1.50000D-01	3.52500E+03	1.98007E+01	2.80930E+04
1.01325D-02	1.50000D-01	3.55000E+03	1.98007E+01	2.80930E+04
1.01325D-02	1.50000D-01	3.57500E+03	1.98007E+01	2.80930E+04
1.01325D-02	1.50000D-01	3.60000E+03	1.98007E+01	2.80930E+04
1.01325D-02	1.50000D-01	3.62500E+03	1.98007E+01	2.80930E+04
1.01325D-02	1.50000D-01	3.65000E+03	1.98007E+01	2.80930E+04
1.01325D-02	1.50000D-01	3.67500E+03	1.98007E+01	2.80930E+04
1.01325D-02	1.50000D-01	3.70000E+03	1.98007E+01	2.80930E+04
1.01325D-02	1.50000D-01	3.72500E+03	1.98007E+01	2.80930E+04
1.01325D-02	1.50000D-01	3.75000E+03	1.98007E+01	2.80930E+04
1.01325D-02	1.50000D-01	3.77500E+03	1.98007E+01	2.80930E+04
1.01325D-02	1.50000D-01	3.80000E+03	1.98007E+01	2.80930E+04
1.01325D-02	1.50000D-01	3.82500E+03	1.98007E+01	2.80930E+04
1.01325D-02	1.50000D-01	3.85000E+03	1.98007E+01	2.80930E+04
1.01325D-02	1.50000D-01	3.87500E+03	1.98007E+01	2.80930E+04
1.01325D-02	1.50000D-01	3.90000E+03	1.98007E+01	2.80930E+04
1.01325D-02	1.50000D-01	3.92500E+03	1.98007E+01	2.80930E+04
1.01325D-02	1.50000D-01	3.95000E+03	1.98007E+01	2.80930E+04
1.01325D-02	1.50000D-01	3.97500E+03	1.98007E+01	2.80930E+04
1.01325D-02	1.50000D-01	4.00000E+03	1.98007E+01	2.80930E+04
p (bar)	B'g	Temp (K)	B'c	Hw (kJ/kg)
1.01325D-02	2.00000D-01	2.50000E+02	0.00000E+00	-3.90768E+03
1.01325D-02	2.00000D-01	2.75000E+02	0.00000E+00	-3.86742E+03
1.01325D-02	2.00000D-01	3.00000E+02	0.00000E+00	-3.82384E+03
1.01325D-02	2.00000D-01	3.25000E+02	0.00000E+00	-3.77793E+03
1.01325D-02	2.00000D-01	3.50000E+02	0.00000E+00	-3.73059E+03
1.01325D-02	2.00000D-01	3.75000E+02	0.00000E+00	-3.68229E+03
1.01325D-02	2.00000D-01	4.00000E+02	0.00000E+00	-3.63290E+03
1.01325D-02	2.00000D-01	4.25000E+02	0.00000E+00	-3.58170E+03
1.01325D-02	2.00000D-01	4.50000E+02	0.00000E+00	-3.52737E+03
1.01325D-02	2.00000D-01	4.75000E+02	0.00000E+00	-3.46819E+03
1.01325D-02	2.00000D-01	5.00000E+02	0.00000E+00	-3.40221E+03
1.01325D-02	2.00000D-01	5.25000E+02	0.00000E+00	-3.32769E+03
1.01325D-02	2.00000D-01	5.50000E+02	0.00000E+00	-3.24347E+03
1.01325D-02	2.00000D-01	5.75000E+02	0.00000E+00	-3.14915E+03
1.01325D-02	2.00000D-01	6.00000E+02	0.00000E+00	-3.04468E+03
1.01325D-02	2.00000D-01	6.25000E+02	0.00000E+00	-2.92902E+03
1.01325D-02	2.00000D-01	6.50000E+02	1.14830E-03	-2.79860E+03
1.01325D-02	2.00000D-01	6.75000E+02	9.27699E-03	-2.64644E+03
1.01325D-02	2.00000D-01	7.00000E+02	1.99523E-02	-2.46308E+03
1.01325D-02	2.00000D-01	7.25000E+02	3.37778E-02	-2.24046E+03
1.01325D-02	2.00000D-01	7.50000E+02	5.08374E-02	-1.97895E+03
1.01325D-02	2.00000D-01	7.75000E+02	7.00440E-02	-1.69512E+03
1.01325D-02	2.00000D-01	8.00000E+02	8.89021E-02	-1.42219E+03
1.01325D-02	2.00000D-01	8.25000E+02	1.04543E-01	-1.19459E+03
1.01325D-02	2.00000D-01	8.50000E+02	1.15516E-01	-1.02690E+03
1.01325D-02	2.00000D-01	8.75000E+02	1.22281E-01	-9.10863E+02
1.01325D-02	2.00000D-01	9.00000E+02	1.26149E-01	-8.29487E+02
1.01325D-02	2.00000D-01	9.25000E+02	1.28295E-01	-7.68370E+02
1.01325D-02	2.00000D-01	9.50000E+02	1.29483E-01	-7.18358E+02
1.01325D-02	2.00000D-01	9.75000E+02	1.30150E-01	-6.74300E+02
1.01325D-02	2.00000D-01	1.00000E+03	1.30532E-01	-6.33419E+02
1.01325D-02	2.00000D-01	1.02500E+03	1.30757E-01	-5.94236E+02
1.01325D-02	2.00000D-01	1.05000E+03	1.30891E-01	-5.55956E+02
1.01325D-02	2.00000D-01	1.07500E+03	1.30975E-01	-5.18141E+02
1.01325D-02	2.00000D-01	1.10000E+03	1.31028E-01	-4.80545E+02
1.01325D-02	2.00000D-01	1.12500E+03	1.31063E-01	-4.43027E+02
1.01325D-02	2.00000D-01	1.15000E+03	1.31087E-01	-4.05507E+02
1.01325D-02	2.00000D-01	1.17500E+03	1.31105E-01	-3.67934E+02
1.01325D-02	2.00000D-01	1.20000E+03	1.31120E-01	-3.30278E+02
1.01325D-02	2.00000D-01	1.22500E+03	1.31133E-01	-2.92521E+02
1.01325D-02	2.00000D-01	1.25000E+03	1.31145E-01	-2.54649E+02
1.01325D-02	2.00000D-01	1.27500E+03	1.31158E-01	-2.16654E+02
1.01325D-02	2.00000D-01	1.30000E+03	1.31173E-01	-1.78528E+02
1.01325D-02	2.00000D-01	1.32500E+03	1.31189E-01	-1.40266E+02
1.01325D-02	2.00000D-01	1.35000E+03	1.31208E-01	-1.01859E+02
1.01325D-02	2.00000D-01	1.37500E+03	1.31231E-01	-6.33022E+01
1.01325D-02	2.00000D-01	1.40000E+03	1.31257E-01	-2.45860E+01
1.01325D-02	2.00000D-01	1.42500E+03	1.31287E-01	1.42990E+01
1.01325D-02	2.00000D-01	1.45000E+03	1.31323E-01	5.33643E+01
1.01325D-02	2.00000D-01	1.47500E+03	1.31365E-01	9.26240E+01
1.01325D-02	2.00000D-01	1.50000E+03	1.31413E-01	1.32095E+02
1.01325D-02	2.00000D-01	1.52500E+03	1.31469E-01	1.71796E+02
1.01325D-02	2.00000D-01	1.55000E+03	1.31532E-01	2.11752E+02
1.01325D-02	2.00000D-01	1.57500E+03	1.31605E-01	2.51990E+02
1.01325D-02	2.00000D-01	1.60000E+03	1.31688E-01	2.92543E+02
1.01325D-02	2.00000D-01	1.62500E+03	1.31782E-01	3.33447E+02
1.01325D-02	2.00000D-01	1.65000E+03	1.31888E-01	3.74748E+02
1.01325D-02	2.00000D-01	1.67500E+03	1.32007E-01	4.16494E+02
1.01325D-02	2.00000D-01	1.70000E+03	1.32141E-01	4.58743E+02
1.01325D-02	2.00000D-01	1.72500E+03	1.32290E-01	5.01562E+02
1.01325D-02	2.00000D-01	1.75000E+03	1.32456E-01	5.45024E+02
1.01325D-02	2.00000D-01	1.77500E+03	1.32639E-01	5.89213E+02
1.01325D-02	2.00000D-01	1.80000E+03	1.32843E-01	6.34224E+02
1.01325D-02	2.00000D-01	1.82500E+03	1.33066E-01	6.80161E+02
1.01325D-02	2.00000D-01	1.85000E+03	1.33312E-01	7.27143E+02
1.01325D-02	2.00000D-01	1.87500E+03	1.33582E-01	7.75297E+02
1.01325D-02	2.00000D-01	1.90000E+03	1.33877E-01	8.24769E+02
1.01325D-02	2.00000D-01	1.92500E+03	1.34197E-01	8.75713E+02
1.01325D-02	2.00000D-01	1.95000E+03	1.34546E-01	9.28300E+02
1.01325D-02	2.00000D-01	1.97500E+03	1.34924E-01	9.82717E+02
1.01325D-02	2.00000D-01	2.00000E+03	1.35333E-01	1.03916E+03
1.01325D-02	2.00000D-01	2.02500E+03	1.35774E-01	1.09785E+03
1.01325D-02	2.00000D-01	2.05000E+03	1.36248E-01	1.15901E+03
1.01325D-02	2.00000D-01	2.07500E+03	1.36756E-01	1.22289E+03
1.01325D-02	2.00000D-01	2.10000E+03	1.37300E-01	1.28974E+03
1.01325D-02	2.00000D-01	2.12500E+03	1.37881E-01	1.35983E+03
1.01325D-02	2.00000D-01	2.15000E+03	1.38499E-01	1.43344E+03
1.01325D-02	2.00000D-01	2.17500E+03	1.39155E-01	1.51086E+03
1.01325D-02	2.00000D-01	2.20000E+03	1.39849E-01	1.59239E+03
1.01325D-02	2.00000D-01	2.22500E+03	1.40583E-01	1.67832E+03
1.01325D-02	2.00000D-01	2.25000E+03	1.41355E-01	1.76895E+03
1.01325D-02	2.00000D-01	2.27500E+03	1.42166E-01	1.86459E+03
1.01325D-02	2.00000D-01	2.30000E+03	1.43016E-01	1.96551E+03
1.01325D-02	2.00000D-01	2.32500E+03	1.43903E-01	2.07199E+03
1.01325D-02	2.00000D-01	2.35000E+03	1.44826E-01	2.18430E+03
1.01325D-02	2.00000D-01	2.37500E+03	1.45786E-01	2.30266E+03
1.01325D-02	2.00000D-01	2.40000E+03	1.46781E-01	2.42730E+03
1.01325D-02	2.00000D-01	2.42500E+03	1.47811E-01	2.55837E+03
1.01325D-02	2.00000D-01	2.45000E+03	1.48874E-01	2.69603E+03
1.01325D-02	2.00000D-01	2.47500E+03	1.49971E-01	2.84036E+03
1.01325D-02	2.00000D-01	2.50000E+03	1.51104E-01	2.99142E+03
1.01325D-02	2.00000D-01	2.52500E+03	1.52276E-01	3.14922E+03
1.01325D-02	2.00000D-01	2.55000E+03	1.53492E-01	3.31373E+03
1.01325D-02	2.00000D-01	2.57500E+03	1.54761E-01	3.48491E+03
1.01325D-02	2.00000D-01	2.60000E+03	1.56097E-01	3.66268E+03
1.01325D-02	2.00000D-01	2.62500E+03	1.57520E-01	3.84702E+03
1.01325D-02	2.00000D-01	2.65000E+03	1.59059E-01	4.03791E+03
1.01325D-02	2.00000D-01	2.67500E+03	1.60753E-01	4.23547E+03
1.01325D-02	2.00000D-01	2.70000E+03	1.62658E-01	4.43996E+03
1.01325D-02	2.00000D-01	2.72500E+03	1.64846E-01	4.65187E+03
1.01325D-02	2.00000D-01	2.75000E+03	1.67418E-01	4.87207E+03
1.01325D-02	2.00000D-01	2.77500E+03	1.70502E-01	5.10185E+03
1.01325D-02	2.00000D-01	2.80000E+03	1.74270E-01	5.34311E+03
1.01325D-02	2.00000D-01	2.82500E+03	1.78946E-01	5.59854E+03
1.01325D-02	2.00000D-01	2.85000E+03	1.84819E-01	5.87176E+03
1.01325D-02	2.00000D-01	2.87500E+03	1.92265E-01	6.16757E+03
1.01325D-02	2.00000D-01	2.90000E+03	2.01773E-01	6.49217E+03
1.01325D-02	2.00000D-01	2.92500E+03	2.13976E-01	6.85339E+03
1.01325D-02	2.00000D-01	2.95000E+03	2.29699E-01	7.26094E+03
1.01325D-02	2.00000D-01	2.97500E+03	2.50025E-01	7.72660E+03
1.01325D-02	2.00000D-01	3.00000E+03	2.76382E-01	8.26437E+03
1.01325D-02	2.00000D-01	3.02500E+03	3.10686E-01	8.89050E+03
1.01325D-02	2.00000D-01	3.05000E+03	3.55536E-01	9.62331E+03
1.01325D-02	2.00000D-01	3.07500E+03	4.14544E-01	1.04828E+04
1.01325D-02	2.00000D-01	3.10000E+03	4.92845E-01	1.14896E+04
1.01325D-02	2.00000D-01	3.12500E+03	5.97994E-01	1.26638E+04
1.01325D-02	2.00000D-01	3.15000E+03	7.41562E-01	1.40230E+04
1.01325D-02	2.00000D-01	3.17500E+03	9.42208E-01	1.55794E+04
1.01325D-02	2.00000D-01	3.20000E+03	1.23211E+00	1.73369E+04
1.01325D-02	2.00000D-01	3.22500E+03	1.67197E+00	1.92878E+04
1.01325D-02	2.00000D-01	3.25000E+03	2.39149E+00	2.14092E+04
1.01325D-02	2.00000D-01	3.27500E+03	3.72614E+00	2.36599E+04
1.01325D-02	2.00000D-01	3.30000E+03	6.88732E+00	2.59758E+04
1.01325D-02	2.00000D-01	3.32500E+03	2.19317E+01	2.82470E+04
1.01325D-02	2.00000D-01	3.35000E+03	2.19317E+01	2.82470E+04
1.01325D-02	2.00000D-01	3.37500E+03	2.19317E+01	2.82470E+04
1.01325D-02	2.00000D-01	3.40000E+03	2.19317E+01	2.82470E+04
1.01325D-02	2.00000D-01	3.42500E+03	2.19317E+01	2.82470E+04
1.01325D-02	2.00000D-01	3.45000E+03	2.19317E+01	2.82470E+04
1.01325D-02	2.00000D-01	3.47500E+03	2.19317E+01	2.82470E+04
1.01325D-02	2.00000D-01	3.50000E+03	2.19317E+01	2.82470E+04
1.01325D-02	2.00000D-01	3.52500E+03	2.19317E+01	2.82470E+04
1.01325D-02	2.00000D-01	3.55000E+03	2.19317E+01	2.82470E+04
1.01325D-02	2.00000D-01	3.57500E+03	2.19317E+01	2.82470E+04
1.01325D-02	2.00000D-01	3.60000E+03	2.19317E+01	2.82470E+04
1.01325D-02	2.00000D-01	3.62500E+03	2.19317E+01	2.82470E+04
1.01325D-02	2.00000D-01	3.65000E+03	2.19317E+01	2.82470E+04
1.01325D-02	2.00000D-01	3.67500E+03	2.19317E+01	2.82470E+04
1.01325D-02	2.00000D-01	3.70000E+03	2.19317E+01	2.82470E+04
1.01325D-02	2.00000D-01	3.72500E+03	2.19317E+01	2.82470E+04
1.01325D-02	2.00000D-01	3.75000E+03	2.19317E+01	2.82470E+04
1.01325D-02	2.00000D-01	3.77500E+03	2.19317E+01	2.82470E+04
1.01325D-02	2.00000D-01	3.80000E+03	2.19317E+01	2.82470E+04
1.01325D-02	2.00000D-01	3.82500E+03	2.19317E+01	2.82470E+04
1.01325D-02	2.00000D-01	3.85000E+03	2.19317E+01	2.82470E+04
1.01325D-02	2.00000D-01	3.87500E+03	2.19317E+01	2.82470E+04
1.01325D-02	2.00000D-01	3.90000E+03	2.19317E+01	2.82470E+04
1.01325D-02	2.00000D-01	3.92500E+03	2.19317E+01	2.82470E+04
1.01325D-02	2.00000D-01	3.95000E+03	2.19317E+01	2.82470E+04
1.01325D-02	2.00000D-01	3.97500E+03	2.19317E+01	2.82470E+04
1.01325D-02	2.00000D-01	4.00000E+03	2.19317E+01	2.82470E+04
p (bar)	B'g	Temp (K)	B'c	Hw (kJ/kg)
1.01325D-02	2.50000D-01	2.50000E+02	0.00000E+00	-4.18469E+03
1.01325D-02	2.50000D-01	2.75000E+02	0.00000E+00	-4.13305E+03
1.01325D-02	2.50000D-01	3.00000E+02	0.00000E+00	-4.07809E+03
1.01325D-02	2.50000D-01	3.25000E+02	0.00000E+00	-4.02173E+03
1.01325D-02	2.50000D-01	3.50000E+02	0.00000E+00	-3.96514E+03
1.01325D-02	2.50000D-01	3.75000E+02	0.00000E+00	-3.90871E+03
1.01325D-02	2.50000D-01	4.00000E+02	0.00000E+00	-3.85210E+03
1.01325D-02	2.50000D-01	4.25000E+02	0.00000E+00	-3.79429E+03
1.01325D-02	2.50000D-01	4.50000E+02	0.00000E+00	-3.73368E+03
1.01325D-02	2.50000D-01	4.75000E+02	0.00000E+00	-3.66818E+03
1.01325D-02	2.50000D-01	5.00000E+02	0.00000E+00	-3.59546E+03
1.01325D-02	2.50000D-01	5.25000E+02	0.00000E+00	-3.51334E+03
1.01325D-02	2.50000D-01	5.50000E+02	0.00000E+00	-3.42029E+03
1.01325D-02	2.50000D-01	5.75000E+02	0.00000E+00	-3.31567E+03
1.01325D-02	2.50000D-01	6.00000E+02	0.00000E+00	-3.19948E+03
1.01325D-02	2.50000D-01	6.25000E+02	0.00000E+00	-3.07101E+03
1.01325D-02	2.50000D-01	6.50000E+02	0.00000E+00	-2.92709E+03
1.01325D-02	2.50000D-01	6.75000E+02	0.00000E+00	-2.76094E+03
1.01325D-02	2.50000D-01	7.00000E+02	4.98608E-04	-2.56309E+03
1.01325D-02	2.50000D-01	7.25000E+02	1.54470E-02	-2.32538E+03
1.01325D-02	2.50000D-01	7.50000E+02	3.38638E-02	-2.04840E+03
1.01325D-02	2.50000D-01	7.75000E+02	5.45504E-02	-1.74959E+03
1.01325D-02	2.50000D-01	8.00000E+02	7.48195E-02	-1.46350E+03
1.01325D-02	2.50000D-01	8.25000E+02	9.16086E-02	-1.22559E+03
1.01325D-02	2.50000D-01	8.50000E+02	1.03385E-01	-1.05051E+03
1.01325D-02	2.50000D-01	8.75000E+02	1.10652E-01	-9.29346E+02
1.01325D-02	2.50000D-01	9.00000E+02	1.14814E-01	-8.44314E+02
1.01325D-02	2.50000D-01	9.25000E+02	1.17128E-01	-7.80424E+02
1.01325D-02	2.50000D-01	9.50000E+02	1.18412E-01	-7.28150E+02
1.01325D-02	2.50000D-01	9.75000E+02	1.19135E-01	-6.82120E+02
1.01325D-02	2.50000D-01	1.00000E+03	1.19549E-01	-6.39436E+02
1.01325D-02	2.50000D-01	1.02500E+03	1.19793E-01	-5.98548E+02
1.01325D-02	2.50000D-01	1.05000E+03	1.19939E-01	-5.58620E+02
1.01325D-02	2.50000D-01	1.07500E+03	1.20030E-01	-5.19191E+02
1.01325D-02	2.50000D-01	1.10000E+03	1.20088E-01	-4.80000E+02
1.01325D-02	2.50000D-01	1.12500E+03	1.20126E-01	-4.40899E+02
1.01325D-02	2.50000D-01	1.15000E+03	1.20153E-01	-4.01798E+02
1.01325D-02	2.50000D-01	1.17500E+03	1.20172E-01	-3.62646E+02
1.01325D-02	2.50000D-01	1.20000E+03	1.20188E-01	-3.23410E+02
1.01325D-02	2.50000D-01	1.22500E+03	1.20202E-01	-2.84068E+02
1.01325D-02	2.50000D-01	1.25000E+03	1.20216E-01	-2.44608E+02
1.01325D-02	2.50000D-01	1.27500E+03	1.20231E-01	-2.05018E+02
1.01325D-02	2.50000D-01	1.30000E+03	1.20247E-01	-1.65291E+02
1.01325D-02	2.50000D-01	1.32500E+03	1.20265E-01	-1.25419E+02
1.01325D-02	2.50000D-01	1.35000E+03	1.20286E-01	-8.53941E+01
1.01325D-02	2.50000D-01	1.37500E+03	1.20311E-01	-4.52087E+01
1.01325D-02	2.50000D-01	1.40000E+03	1.20340E-01	-4.85342E+00
1.01325D-02	2.50000D-01	1.42500E+03	1.20375E-01	3.56830E+01
1.01325D-02	2.50000D-01	1.45000E+03	1.20415E-01	7.64136E+01
1.01325D-02	2.50000D-01	1.47500E+03	1.20461E-01	1.17354E+02
1.01325D-02	2.50000D-01	1.50000E+03	1.20515E-01	1.58524E+02
1.01325D-02	2.50000D-01	1.52500E+03	1.20578E-01	1.99944E+02
1.01325D-02	2.50000D-01	1.55000E+03	1.20649E-01	2.41642E+02
1.01325D-02	2.50000D-01	1.57500E+03	1.20731E-01	2.83649E+02
1.01325D-02	2.50000D-01	1.60000E+03	1.20824E-01	3.26000E+02
1.01325D-02	2.50000D-01	1.62500E+03	1.20929E-01	3.68739E+02
1.01325D-02	2.50000D-01	1.65000E+03	1.21048E-01	4.11914E+02
1.01325D-02	2.50000D-01	1.67500E+03	1.21182E-01	4.55582E+02
1.01325D-02	2.50000D-01	1.70000E+03	1.21332E-01	4.99808E+02
1.01325D-02	2.50000D-01	1.72500E+03	1.21499E-01	5.44664E+02
1.01325D-02	2.50000D-01	1.75000E+03	1.21685E-01	5.90235E+02
1.01325D-02	2.50000D-01	1.77500E+03	1.21892E-01	6.36616E+02
1.01325D-02	2.50000D-01	1.80000E+03	1.22121E-01	6.83912E+02
1.01325D-02	2.50000D-01	1.82500E+03	1.22373E-01	7.32242E+02
1.01325D-02	2.50000D-01	1.85000E+03	1.22650E-01	7.81738E+02
1.01325D-02	2.50000D-01	1.87500E+03	1.22954E-01	8.32547E+02
1.01325D-02	2.50000D-01	1.90000E+03	1.23287E-01	8.84830E+02
1.01325D-02	2.50000D-01	1.92500E+03	1.23649E-01	9.38763E+02
1.01325D-02	2.50000D-01	1.95000E+03	1.24044E-01	9.94540E+02
1.01325D-02	2.50000D-01	1.97500E+03	1.24471E-01	1.05237E+03
1.01325D-02	2.50000D-01	2.00000E+03	1.24934E-01	1.11248E+03
1.01325D-02	2.50000D-01	2.02500E+03	1.25434E-01	1.17512E+03
1.01325D-02	2.50000D-01	2.05000E+03	1.25971E-01	1.24054E+03
1.01325D-02	2.50000D-01	2.07500E+03	1.26549E-01	1.30903E+03
1.01325D-02	2.50000D-01	2.10000E+03	1.27168E-01	1.38088E+03
1.01325D-02	2.50000D-01	2.12500E+03	1.27829E-01	1.45639E+03
1.01325D-02	2.50000D-01	2.15000E+03	1.28534E-01	1.53589E+03
1.01325D-02	2.50000D-01	2.17500E+03	1.29283E-01	1.61971E+03
1.01325D-02	2.50000D-01	2.20000E+03	1.30077E-01	1.70820E+03
1.01325D-02	2.50000D-01	2.22500E+03	1.30917E-01	1.80171E+03
1.01325D-02	2.50000D-01	2.25000E+03	1.31803E-01	1.90058E+03
1.01325D-02	2.50000D-01	2.27500E+03	1.32735E-01	2.00517E+03
1.01325D-02	2.50000D-01	2.30000E+03	1.33713E-01	2.11583E+03
1.01325D-02	2.50000D-01	2.32500E+03	1.34736E-01	2.23289E+03
1.01325D-02	2.50000D-01	2.35000E+03	1.35803E-01	2.35668E+03
1.01325D-02	2.50000D-01	2.37500E+03	1.36915E-01	2.48748E+03
1.01325D-02	2.50000D-01	2.40000E+03	1.38069E-01	2.62557E+03
1.01325D-02	2.50000D-01	2.42500E+03	1.39265E-01	2.77119E+03
1.01325D-02	2.50000D-01	2.45000E+03	1.40503E-01	2.92454E+03
1.01325D-02	2.50000D-01	2.47500E+03	1.41784E-01	3.08575E+03
1.01325D-02	2.50000D-01	2.50000E+03	1.43107E-01	3.25495E+03
1.01325D-02	2.50000D-01	2.52500E+03	1.44477E-01	3.43218E+03
1.01325D-02	2.50000D-01	2.55000E+03	1.45899E-01	3.61746E+03
1.01325D-02	2.50000D-01	2.57500E+03	1.47383E-01	3.81077E+03
1.01325D-02	2.50000D-01	2.60000E+03	1.48943E-01	4.01205E+03
1.01325D-02	2.50000D-01	2.62500E+03	1.50600E-01	4.22125E+03
1.01325D-02	2.50000D-01	2.65000E+03	1.52384E-01	4.43837E+03
1.01325D-02	2.50000D-01	2.67500E+03	1.54338E-01	4.66347E+03
1.01325D-02	2.50000D-01	2.70000E+03	1.56522E-01	4.89675E+03
1.01325D-02	2.50000D-01	2.72500E+03	1.59013E-01	5.13863E+03
1.01325D-02	2.50000D-01	2.75000E+03	1.61920E-01	5.38987E+03
1.01325D-02	2.50000D-01	2.77500E+03	1.65383E-01	5.65164E+03
1.01325D-02	2.50000D-01	2.80000E+03	1.69589E-01	5.92572E+03
1.01325D-02	2.50000D-01	2.82500E+03	1.74781E-01	6.21463E+03
1.01325D-02	2.50000D-01	2.85000E+03	1.81278E-01	6.52183E+03
1.01325D-02	2.50000D-01	2.87500E+03	1.89492E-01	6.85197E+03
1.01325D-02	2.50000D-01	2.90000E+03	1.99958E-01	7.21107E+03
1.01325D-02	2.50000D-01	2.92500E+03	2.13375E-01	7.60675E+03
1.01325D-02	2.50000D-01	2.95000E+03	2.30650E-01	8.04851E+03
1.01325D-02	2.50000D-01	2.97500E+03	2.52975E-01	8.54781E+03
1.01325D-02	2.50000D-01	3.00000E+03	2.81926E-01	9.11824E+03
1.01325D-02	2.50000D-01	3.02500E+03	3.19613E-01	9.77542E+03
1.01325D-02	2.50000D-01	3.05000E+03	3.68902E-01	1.05367E+04
1.01325D-02	2.50000D-01	3.07500E+03	4.33775E-01	1.14206E+04
1.01325D-02	2.50000D-01	3.10000E+03	5.19893E-01	1.24457E+04
1.01325D-02	2.50000D-01	3.12500E+03	6.35583E-01	1.36291E+04
1.01325D-02	2.50000D-01	3.15000E+03	7.93596E-01	1.49844E+04
1.01325D-02	2.50000D-01	3.17500E+03	1.01449E+00	1.65186E+04
1.01325D-02	2.50000D-01	3.20000E+03	1.33372E+00	1.82298E+04
1.01325D-02	2.50000D-01	3.22500E+03	1.81811E+00	2.01038E+04
1.01325D-02	2.50000D-01	3.25000E+03	2.61041E+00	2.21119E+04
1.01325D-02	2.50000D-01	3.27500E+03	4.07955E+00	2.42091E+04
1.01325D-02	2.50000D-01	3.30000E+03	7.55615E+00	2.63305E+04
1.01325D-02	2.50000D-01	3.32500E+03	2.40545E+01	2.83739E+04
1.01325D-02	2.50000D-01	3.35000E+03	2.40545E+01	2.83739E+04
1.01325D-02	2.50000D-01	3.37500E+03	2.40545E+01	2.83739E+04
1.01325D-02	2.50000D-01	3.40000E+03	2.40545E+01	2.83739E+04
1.01325D-02	2.50000D-01	3.42500E+03	2.40545E+01	2.83739E+04
1.01325D-02	2.50000D-01	3.45000E+03	2.40545E+01	2.83739E+04
1.01325D-02	2.50000D-01	3.47500E+03	2.40545E+01	2.83739E+04
1.01325D-02	2.50000D-01	3.50000E+03	2.40545E+01	2.83739E+04
1.01325D-02	2.50000D-01	3.52500E+03	2.40545E+01	2.83739E+04
1.01325D-02	2.50000D-01	3.55000E+03	2.40545E+01	2.83739E+04
1.01325D-02	2.50000D-01	3.57500E+03	2.40545E+01	2.83739E+04
1.01325D-02	2.50000D-01	3.60000E+03	2.40545E+01	2.83739E+04
1.01325D-02	2.50000D-01	3.62500E+03	2.40545E+01	2.83739E+04
1.01325D-02	2.50000D-01	3.65000E+03	2.40545E+01	2.83739E+04
1.01325D-02	2.50000D-01	3.67500E+03	2.40545E+01	2.83739E+04
1.01325D-02	2.50000D-01	3.70000E+03	2.40545E+01	2.83739E+04
1.01325D-02	2.50000D-01	3.72500E+03	2.40545E+01	2.83739E+04
1.01325D-02	2.50000D-01	3.75000E+03	2.40545E+01	2.83739E+04
1.01325D-02	2.50000D-01	3.77500E+03	2.40545E+01	2.83739E+04
1.01325D-02	2.50000D-01	3.80000E+03	2.40545E+01	2.83739E+04
1.01325D-02	2.50000D-01	3.82500E+03	2.40545E+01	2.83739E+04
1.01325D-02	2.50000D-01	3.85000E+03	2.40545E+01	2.83739E+04
1.01325D-02	2.50000D-01	3.87500E+03	2.40545E+01	2.83739E+04
1.01325D-02	2.50000D-01	3.90000E+03	2.40545E+01	2.83739E+04
1.01325D-02	2.50000D-01	3.92500E+03	2.40545E+01	2.83739E+04
1.01325D-02	2.50000D-01	3.95000E+03	2.40545E+01	2.83739E+04
1.01325D-02	2.50000D-01	3.97500E+03	2.40545E+01	2.83739E+04
1.01325D-02	2.50000D-01	4.00000E+03	2.40545E+01	2.83739E+04
p (bar)	B'g	Temp (K)	B'c	Hw (kJ/kg)
1.01325D-02	3.20000D-01	2.50000E+02	0.00000E+00	-4.52258E+03
1.01325D-02	3.20000D-01	2.75000E+02	0.00000E+00	-4.45533E+03
1.01325D-02	3.20000D-01	3.00000E+02	0.00000E+00	-4.38725E+03
1.01325D-02	3.20000D-01	3.25000E+02	0.00000E+00	-4.31977E+03
1.01325D-02	3.20000D-01	3.50000E+02	0.00000E+00	-4.25358E+03
1.01325D-02	3.20000D-01	3.75000E+02	0.00000E+00	-4.18873E+03
1.01325D-02	3.20000D-01	4.00000E+02	0.00000E+00	-4.12456E+03
1.01325D-02	3.20000D-01	4.25000E+02	0.00000E+00	-4.05978E+03
1.01325D-02	3.20000D-01	4.50000E+02	0.00000E+00	-3.99249E+03
1.01325D-02	3.20000D-01	4.75000E+02	0.00000E+00	-3.92025E+03
1.01325D-02	3.20000D-01	5.00000E+02	0.00000E+00	-3.84028E+03
1.01325D-02	3.20000D-01	5.25000E+02	0.00000E+00	-3.74987E+03
1.01325D-02	3.20000D-01	5.50000E+02	0.00000E+00	-3.64693E+03
1.01325D-02	3.20000D-01	5.75000E+02	0.00000E+00	-3.53043E+03
1.01325D-02	3.20000D-01	6.00000E+02	0.00000E+00	-3.40026E+03
1.01325D-02	3.20000D-01	6.25000E+02	0.00000E+00	-3.25604E+03
1.01325D-02	3.20000D-01	6.50000E+02	0.00000E+00	-3.09510E+03
1.01325D-02	3.20000D-01	6.75000E+02	0.00000E+00	-2.91099E+03
1.01325D-02	3.20000D-01	7.00000E+02	0.00000E+00	-2.69428E+03
1.01325D-02	3.20000D-01	7.25000E+02	0.00000E+00	-2.43679E+03
1.01325D-02	3.20000D-01	7.50000E+02	1.02632E-02	-2.13947E+03
1.01325D-02	3.20000D-01	7.75000E+02	3.29685E-02	-1.82095E+03
1.01325D-02	3.20000D-01	8.00000E+02	5.51772E-02	-1.51757E+03
1.01325D-02	3.20000D-01	8.25000E+02	7.35501E-02	-1.26615E+03
1.01325D-02	3.20000D-01	8.50000E+02	8.64350E-02	-1.08139E+03
1.01325D-02	3.20000D-01	8.75000E+02	9.43944E-02	-9.53510E+02
1.01325D-02	3.20000D-01	9.00000E+02	9.89613E-02	-8.63700E+02
1.01325D-02	3.20000D-01	9.25000E+02	1.01506E-01	-7.96187E+02
1.01325D-02	3.20000D-01	9.50000E+02	1.02921E-01	-7.40955E+02
1.01325D-02	3.20000D-01	9.75000E+02	1.03718E-01	-6.92349E+02
1.01325D-02	3.20000D-01	1.00000E+03	1.04177E-01	-6.47307E+02
1.01325D-02	3.20000D-01	1.02500E+03	1.04446E-01	-6.04190E+02
1.01325D-02	3.20000D-01	1.05000E+03	1.04609E-01	-5.62107E+02
1.01325D-02	3.20000D-01	1.07500E+03	1.04709E-01	-5.20568E+02
1.01325D-02	3.20000D-01	1.10000E+03	1.04773E-01	-4.79291E+02
1.01325D-02	3.20000D-01	1.12500E+03	1.04815E-01	-4.38117E+02
1.01325D-02	3.20000D-01	1.15000E+03	1.04845E-01	-3.96951E+02
1.01325D-02	3.20000D-01	1.17500E+03	1.04867E-01	-3.55734E+02
1.01325D-02	3.20000D-01	1.20000E+03	1.04884E-01	-3.14432E+02
1.01325D-02	3.20000D-01	1.22500E+03	1.04900E-01	-2.73020E+02
1.01325D-02	3.20000D-01	1.25000E+03	1.04915E-01	-2.31483E+02
1.01325D-02	3.20000D-01	1.27500E+03	1.04931E-01	-1.89809E+02
1.01325D-02	3.20000D-01	1.30000E+03	1.04949E-01	-1.47989E+02
1.01325D-02	3.20000D-01	1.32500E+03	1.04970E-01	-1.06014E+02
1.01325D-02	3.20000D-01	1.35000E+03	1.04994E-01	-6.38759E+01
1.01325D-02	3.20000D-01	1.37500E+03	1.05022E-01	-2.15650E+01
1.01325D-02	3.20000D-01	1.40000E+03	1.05055E-01	2.09293E+01
1.01325D-02	3.20000D-01	1.42500E+03	1.05094E-01	6.36199E+01
1.01325D-02	3.20000D-01	1.45000E+03	1.05139E-01	1.06522E+02
1.01325D-02	3.20000D-01	1.47500E+03	1.05192E-01	1.49653E+02
1.01325D-02	3.20000D-01	1.50000E+03	1.05253E-01	1.93034E+02
1.01325D-02	3.20000D-01	1.52500E+03	1.05324E-01	2.36691E+02
1.01325D-02	3.20000D-01	1.55000E+03	1.05405E-01	2.80654E+02
1.01325D-02	3.20000D-01	1.57500E+03	1.05497E-01	3.24958E+02
1.01325D-02	3.20000D-01	1.60000E+03	1.05603E-01	3.69644E+02
1.01325D-02	3.20000D-01	1.62500E+03	1.05723E-01	4.14760E+02
1.01325D-02	3.20000D-01	1.65000E+03	1.05858E-01	4.60362E+02
1.01325D-02	3.20000D-01	1.67500E+03	1.06010E-01	5.06514E+02
1.01325D-02	3.20000D-01	1.70000E+03	1.06181E-01	5.53290E+02
1.01325D-02	3.20000D-01	1.72500E+03	1.06371E-01	6.00773E+02
1.01325D-02	3.20000D-01	1.75000E+03	1.06583E-01	6.49058E+02
1.01325D-02	3.20000D-01	1.77500E+03	1.06819E-01	6.98252E+02
1.01325D-02	3.20000D-01	1.80000E+03	1.07080E-01	7.48478E+02
1.01325D-02	3.20000D-01	1.82500E+03	1.07368E-01	7.99869E+02
1.01325D-02	3.20000D-01	1.85000E+03	1.07685E-01	8.52577E+02
1.01325D-02	3.20000D-01	1.87500E+03	1.08032E-01	9.06768E+02
1.01325D-02	3.20000D-01	1.90000E+03	1.08412E-01	9.62626E+02
1.01325D-02	3.20000D-01	1.92500E+03	1.08827E-01	1.02035E+03
1.01325D-02	3.20000D-01	1.95000E+03	1.09279E-01	1.08017E+03
1.01325D-02	3.20000D-01	1.97500E+03	1.09770E-01	1.14233E+03
1.01325D-02	3.20000D-01	2.00000E+03	1.10302E-01	1.20707E+03
1.01325D-02	3.20000D-01	2.02500E+03	1.10876E-01	1.27468E+03
1.01325D-02	3.20000D-01	2.05000E+03	1.11495E-01	1.34547E+03
1.01325D-02	3.20000D-01	2.07500E+03	1.12161E-01	1.41976E+03
1.01325D-02	3.20000D-01	2.10000E+03	1.12875E-01	1.49788E+03
1.01325D-02	3.20000D-01	2.12500E+03	1.13639E-01	1.58019E+03
1.01325D-02	3.20000D-01	2.15000E+03	1.14454E-01	1.66707E+03
1.01325D-02	3.20000D-01	2.17500E+03	1.15322E-01	1.75890E+03
1.01325D-02	3.20000D-01	2.20000E+03	1.16244E-01	1.85610E+03
1.01325D-02	3.20000D-01	2.22500E+03	1.17221E-01	1.95907E+03
1.01325D-02	3.20000D-01	2.25000E+03	1.18253E-01	2.06824E+03
1.01325D-02	3.20000D-01	2.27500E+03	1.19340E-01	2.18402E+03
1.01325D-02	3.20000D-01	2.30000E+03	1.20483E-01	2.30683E+03
1.01325D-02	3.20000D-01	2.32500E+03	1.21681E-01	2.43708E+03
1.01325D-02	3.20000D-01	2.35000E+03	1.22934E-01	2.57517E+03
1.01325D-02	3.20000D-01	2.37500E+03	1.24241E-01	2.72148E+03
1.01325D-02	3.20000D-01	2.40000E+03	1.25601E-01	2.87635E+03
1.01325D-02	3.20000D-01	2.42500E+03	1.27014E-01	3.04010E+03
1.01325D-02	3.20000D-01	2.45000E+03	1.28479E-01	3.21300E+03
1.01325D-02	3.20000D-01	2.47500E+03	1.29997E-01	3.39527E+03
1.01325D-02	3.20000D-01	2.50000E+03	1.31568E-01	3.58709E+03
1.01325D-02	3.20000D-01	2.52500E+03	1.33197E-01	3.78858E+03
1.01325D-02	3.20000D-01	2.55000E+03	1.34889E-01	3.99979E+03
1.01325D-02	3.20000D-01	2.57500E+03	1.36654E-01	4.22076E+03
1.01325D-02	3.20000D-01	2.60000E+03	1.38508E-01	4.45145E+03
1.01325D-02	3.20000D-01	2.62500E+03	1.40473E-01	4.69182E+03
1.01325D-02	3.20000D-01	2.65000E+03	1.42583E-01	4.94185E+03
1.01325D-02	3.20000D-01	2.67500E+03	1.44885E-01	5.20157E+03
1.01325D-02	3.20000D-01	2.70000E+03	1.47441E-01	5.47113E+03
1.01325D-02	3.20000D-01	2.72500E+03	1.50342E-01	5.75085E+03
1.01325D-02	3.20000D-01	2.75000E+03	1.53703E-01	6.04138E+03
1.01325D-02	3.20000D-01	2.77500E+03	1.57682E-01	6.34374E+03
1.01325D-02	3.20000D-01	2.80000E+03	1.62488E-01	6.65954E+03
1.01325D-02	3.20000D-01	2.82500E+03	1.68392E-01	6.99110E+03
1.01325D-02	3.20000D-01	2.85000E+03	1.75750E-01	7.34168E+03
1.01325D-02	3.20000D-01	2.87500E+03	1.85027E-01	7.71566E+03
1.01325D-02	3.20000D-01	2.90000E+03	1.96824E-01	8.11877E+03
1.01325D-02	3.20000D-01	2.92500E+03	2.11928E-01	8.55833E+03
1.01325D-02	3.20000D-01	2.95000E+03	2.31362E-01	9.04342E+03
1.01325D-02	3.20000D-01	2.97500E+03	2.56472E-01	9.58500E+03
1.01325D-02	3.20000D-01	3.00000E+03	2.89037E-01	1.01959E+04
1.01325D-02	3.20000D-01	3.02500E+03	3.31440E-01	1.08908E+04
1.01325D-02	3.20000D-01	3.05000E+03	3.86921E-01	1.16856E+04
1.01325D-02	3.20000D-01	3.07500E+03	4.59977E-01	1.25967E+04
1.01325D-02	3.20000D-01	3.10000E+03	5.57005E-01	1.36398E+04
1.01325D-02	3.20000D-01	3.12500E+03	6.87413E-01	1.48282E+04
1.01325D-02	3.20000D-01	3.15000E+03	8.65600E-01	1.61703E+04
1.01325D-02	3.20000D-01	3.17500E+03	1.11478E+00	1.76676E+04
1.01325D-02	3.20000D-01	3.20000E+03	1.47498E+00	1.93113E+04
1.01325D-02	3.20000D-01	3.22500E+03	2.02158E+00	2.10810E+04
1.01325D-02	3.20000D-01	3.25000E+03	2.91556E+00	2.29429E+04
1.01325D-02	3.20000D-01	3.27500E+03	4.57256E+00	2.48495E+04
1.01325D-02	3.20000D-01	3.30000E+03	8.48947E+00	2.67385E+04
1.01325D-02	3.20000D-01	3.32500E+03	2.70147E+01	2.85181E+04
1.01325D-02	3.20000D-01	3.35000E+03	2.70147E+01	2.85181E+04
1.01325D-02	3.20000D-01	3.37500E+03	2.70147E+01	2.85181E+04
1.01325D-02	3.20000D-01	3.40000E+03	2.70147E+01	2.85181E+04
1.01325D-02	3.20000D-01	3.42500E+03	2.70147E+01	2.85181E+04
1.01325D-02	3.20000D-01	3.45000E+03	2.70147E+01	2.85181E+04
1.01325D-02	3.20000D-01	3.47500E+03	2.70147E+01	2.85181E+04
1.01325D-02	3.20000D-01	3.50000E+03	2.70147E+01	2.85181E+04
1.01325D-02	3.20000D-01	3.52500E+03	2.70147E+01	2.85181E+04
1.01325D-02	3.20000D-01	3.55000E+03	2.70147E+01	2.85181E+04
1.01325D-02	3.20000D-01	3.57500E+03	2.70147E+01	2.85181E+04
1.01325D-02	3.20000D-01	3.60000E+03	2.70147E+01	2.85181E+04
1.01325D-02	3.20000D-01	3.62500E+03	2.70147E+01	2.85181E+04
1.01325D-02	3.20000D-01	3.65000E+03	2.70147E+01	2.85181E+04
1.01325D-02	3.20000D-01	3.67500E+03	2.70147E+01	2.85181E+04
1.01325D-02	3.20000D-01	3.70000E+03	2.70147E+01	2.85181E+04
1.01325D-02	3.20000D-01	3.72500E+03	2.70147E+01	2.85181E+04
1.01325D-02	3.20000D-01	3.75000E+03	2.70147E+01	2.85181E+04
1.01325D-02	3.20000D-01	3.77500E+03	2.70147E+01	2.85181E+04
1.01325D-02	3.20000D-01	3.80000E+03	2.70147E+01	2.85181E+04
1.01325D-02	3.20000D-01	3.82500E+03	2.70147E+01	2.85181E+04
1.01325D-02	3.20000D-01	3.85000E+03	2.70147E+01	2.85181E+04
1.01325D-02	3.20000D-01	3.87500E+03	2.70147E+01	2.85181E+04
1.01325D-02	3.20000D-01	3.90000E+03	2.70147E+01	2.85181E+04
1.01325D-02	3.20000D-01	3.92500E+03	2.70147E+01	2.85181E+04
1.01325D-02	3.20000D-01	3.95000E+03	2.70147E+01	2.85181E+04
1.01325D-02	3.20000D-01	3.97500E+03	2.70147E+01	2.85181E+04
1.01325D-02	3.20000D-01	4.00000E+03	2.70147E+01	2.85181E+04
p (bar)	B'g	Temp (K)	B'c	Hw (kJ/kg)
1.01325D-02	4.00000D-01	2.50000E+02	0.00000E+00	-4.81656E+03
1.01325D-02	4.00000D-01	2.75000E+02	0.00000E+00	-4.74925E+03
1.01325D-02	4.00000D-01	3.00000E+02	0.00000E+00	-4.67830E+03
1.01325D-02	4.00000D-01	3.25000E+02	0.00000E+00	-4.60643E+03
1.01325D-02	4.00000D-01	3.50000E+02	0.00000E+00	-4.53516E+03
1.01325D-02	4.00000D-01	3.75000E+02	0.00000E+00	-4.46501E+03
1.01325D-02	4.00000D-01	4.00000E+02	0.00000E+00	-4.39554E+03
1.01325D-02	4.00000D-01	4.25000E+02	0.00000E+00	-4.32553E+03
1.01325D-02	4.00000D-01	4.50000E+02	0.00000E+00	-4.25300E+03
1.01325D-02	4.00000D-01	4.75000E+02	0.00000E+00	-4.17533E+03
1.01325D-02	4.00000D-01	5.00000E+02	0.00000E+00	-4.08939E+03
1.01325D-02	4.00000D-01	5.25000E+02	0.00000E+00	-3.99199E+03
1.01325D-02	4.00000D-01	5.50000E+02	0.00000E+00	-3.88043E+03
1.01325D-02	4.00000D-01	5.75000E+02	0.00000E+00	-3.75314E+03
1.01325D-02	4.00000D-01	6.00000E+02	0.00000E+00	-3.60978E+03
1.01325D-02	4.00000D-01	6.25000E+02	0.00000E+00	-3.45015E+03
1.01325D-02	4.00000D-01	6.50000E+02	0.00000E+00	-3.27202E+03
1.01325D-02	4.00000D-01	6.75000E+02	0.00000E+00	-3.06938E+03
1.01325D-02	4.00000D-01	7.00000E+02	0.00000E+00	-2.83293E+03
1.01325D-02	4.00000D-01	7.25000E+02	0.00000E+00	-2.55454E+03
1.01325D-02	4.00000D-01	7.50000E+02	0.00000E+00	-2.23566E+03
1.01325D-02	4.00000D-01	7.75000E+02	8.42330E-03	-1.89625E+03
1.01325D-02	4.00000D-01	8.00000E+02	3.28091E-02	-1.57457E+03
1.01325D-02	4.00000D-01	8.25000E+02	5.29657E-02	-1.30886E+03
1.01325D-02	4.00000D-01	8.50000E+02	6.71002E-02	-1.11389E+03
1.01325D-02	4.00000D-01	8.75000E+02	7.58388E-02	-9.78942E+02
1.01325D-02	4.00000D-01	9.00000E+02	8.08605E-02	-8.84104E+02
1.01325D-02	4.00000D-01	9.25000E+02	8.36630E-02	-8.12779E+02
1.01325D-02	4.00000D-01	9.50000E+02	8.52245E-02	-7.54436E+02
1.01325D-02	4.00000D-01	9.75000E+02	8.61055E-02	-7.03119E+02
1.01325D-02	4.00000D-01	1.00000E+03	8.66125E-02	-6.55596E+02
1.01325D-02	4.00000D-01	1.02500E+03	8.69107E-02	-6.10131E+02
1.01325D-02	4.00000D-01	1.05000E+03	8.70904E-02	-5.65781E+02
1.01325D-02	4.00000D-01	1.07500E+03	8.72014E-02	-5.22019E+02
1.01325D-02	4.00000D-01	1.10000E+03	8.72720E-02	-4.78547E+02
1.01325D-02	4.00000D-01	1.12500E+03	8.73185E-02	-4.35192E+02
1.01325D-02	4.00000D-01	1.15000E+03	8.73508E-02	-3.91851E+02
1.01325D-02	4.00000D-01	1.17500E+03	8.73747E-02	-3.48462E+02
1.01325D-02	4.00000D-01	1.20000E+03	8.73941E-02	-3.04984E+02
1.01325D-02	4.00000D-01	1.22500E+03	8.74113E-02	-2.61393E+02
1.01325D-02	4.00000D-01	1.25000E+03	8.74282E-02	-2.17671E+02
1.01325D-02	4.00000D-01	1.27500E+03	8.74461E-02	-1.73804E+02
1.01325D-02	4.00000D-01	1.30000E+03	8.74661E-02	-1.29783E+02
1.01325D-02	4.00000D-01	1.32500E+03	8.74890E-02	-8.55973E+01
1.01325D-02	4.00000D-01	1.35000E+03	8.75157E-02	-4.12373E+01
1.01325D-02	4.00000D-01	1.37500E+03	8.75471E-02	3.30762E+00
1.01325D-02	4.00000D-01	1.40000E+03	8.75840E-02	4.80495E+01
1.01325D-02	4.00000D-01	1.42500E+03	8.76273E-02	9.30026E+01
1.01325D-02	4.00000D-01	1.45000E+03	8.76780E-02	1.38184E+02
1.01325D-02	4.00000D-01	1.47500E+03	8.77370E-02	1.83613E+02
1.01325D-02	4.00000D-01	1.50000E+03	8.78055E-02	2.29313E+02
1.01325D-02	4.00000D-01	1.52500E+03	8.78845E-02	2.75314E+02
1.01325D-02	4.00000D-01	1.55000E+03	8.79754E-02	3.21649E+02
1.01325D-02	4.00000D-01	1.57500E+03	8.80793E-02	3.68356E+02
1.01325D-02	4.00000D-01	1.60000E+03	8.81977E-02	4.15483E+02
1.01325D-02	4.00000D-01	1.62500E+03	8.83321E-02	4.63082E+02
1.01325D-02	4.00000D-01	1.65000E+03	8.84839E-02	5.11215E+02
1.01325D-02	4.00000D-01	1.67500E+03	8.86548E-02	5.59956E+02
1.01325D-02	4.00000D-01	1.70000E+03	8.88466E-02	6.09385E+02
1.01325D-02	4.00000D-01	1.72500E+03	8.90610E-02	6.59596E+02
1.01325D-02	4.00000D-01	1.75000E+03	8.92999E-02	7.10696E+02
1.01325D-02	4.00000D-01	1.77500E+03	8.95654E-02	7.62806E+02
1.01325D-02	4.00000D-01	1.80000E+03	8.98593E-02	8.16061E+02
1.01325D-02	4.00000D-01	1.82500E+03	9.01839E-02	8.70613E+02
1.01325D-02	4.00000D-01	1.85000E+03	9.05413E-02	9.26631E+02
1.01325D-02	4.00000D-01	1.87500E+03	9.09338E-02	9.84302E+02
1.01325D-02	4.00000D-01	1.90000E+03	9.13637E-02	1.04383E+03
1.01325D-02	4.00000D-01	1.92500E+03	9.18333E-02	1.10545E+03
1.01325D-02	4.00000D-01	1.95000E+03	9.23450E-02	1.16941E+03
1.01325D-02	4.00000D-01	1.97500E+03	9.29012E-02	1.23598E+03
1.01325D-02	4.00000D-01	2.00000E+03	9.35042E-02	1.30545E+03
1.01325D-02	4.00000D-01	2.02500E+03	9.41565E-02	1.37814E+03
1.01325D-02	4.00000D-01	2.05000E+03	9.48603E-02	1.45440E+03
1.01325D-02	4.00000D-01	2.07500E+03	9.56178E-02	1.53458E+03
1.01325D-02	4.00000D-01	2.10000E+03	9.64314E-02	1.61907E+03
1.01325D-02	4.00000D-01	2.12500E+03	9.73028E-02	1.70828E+03
1.01325D-02	4.00000D-01	2.15000E+03	9.82342E-02	1.80264E+03
1.01325D-02	4.00000D-01	2.17500E+03	9.92270E-02	1.90259E+03
1.01325D-02	4.00000D-01	2.20000E+03	1.00283E-01	2.00861E+03
1.01325D-02	4.00000D-01	2.22500E+03	1.01403E-01	2.12115E+03
1.01325D-02	4.00000D-01	2.25000E+03	1.02588E-01	2.24072E+03
1.01325D-02	4.00000D-01	2.27500E+03	1.03839E-01	2.36780E+03
1.01325D-02	4.00000D-01	2.30000E+03	1.05156E-01	2.50289E+03
1.01325D-02	4.00000D-01	2.32500E+03	1.06539E-01	2.64646E+03
1.01325D-02	4.00000D-01	2.35000E+03	1.07987E-01	2.79900E+03
1.01325D-02	4.00000D-01	2.37500E+03	1.09501E-01	2.96095E+03
1.01325D-02	4.00000D-01	2.40000E+03	1.11079E-01	3.13276E+03
1.01325D-02	4.00000D-01	2.42500E+03	1.12721E-01	3.31480E+03
1.01325D-02	4.00000D-01	2.45000E+03	1.14427E-01	3.50743E+03
1.01325D-02	4.00000D-01	2.47500E+03	1.16197E-01	3.71095E+03
1.01325D-02	4.00000D-01	2.50000E+03	1.18032E-01	3.92561E+03
1.01325D-02	4.00000D-01	2.52500E+03	1.19937E-01	4.15160E+03
1.01325D-02	4.00000D-01	2.55000E+03	1.21917E-01	4.38902E+03
1.01325D-02	4.00000D-01	2.57500E+03	1.23984E-01	4.63795E+03
1.01325D-02	4.00000D-01	2.60000E+03	1.26155E-01	4.89840E+03
1.01325D-02	4.00000D-01	2.62500E+03	1.28453E-01	5.17034E+03
1.01325D-02	4.00000D-01	2.65000E+03	1.30917E-01	5.45375E+03
1.01325D-02	4.00000D-01	2.67500E+03	1.33595E-01	5.74863E+03
1.01325D-02	4.00000D-01	2.70000E+03	1.36561E-01	6.05507E+03
1.01325D-02	4.00000D-01	2.72500E+03	1.39910E-01	6.37333E+03
1.01325D-02	4.00000D-01	2.75000E+03	1.43773E-01	6.70392E+03
1.01325D-02	4.00000D-01	2.77500E+03	1.48327E-01	7.04775E+03
1.01325D-02	4.00000D-01	2.80000E+03	1.53802E-01	7.40622E+03
1.01325D-02	4.00000D-01	2.82500E+03	1.60505E-01	7.78146E+03
1.01325D-02	4.00000D-01	2.85000E+03	1.68833E-01	8.17646E+03
1.01325D-02	4.00000D-01	2.87500E+03	1.79310E-01	8.59531E+03
1.01325D-02	4.00000D-01	2.90000E+03	1.92614E-01	9.04339E+03
1.01325D-02	4.00000D-01	2.92500E+03	2.09630E-01	9.52760E+03
1.01325D-02	4.00000D-01	2.95000E+03	2.31516E-01	1.00565E+04
1.01325D-02	4.00000D-01	2.97500E+03	2.59790E-01	1.06403E+04
1.01325D-02	4.00000D-01	3.00000E+03	2.96465E-01	1.12910E+04
1.01325D-02	4.00000D-01	3.02500E+03	3.44235E-01	1.20220E+04
1.01325D-02	4.00000D-01	3.05000E+03	4.06766E-01	1.28475E+04
1.01325D-02	4.00000D-01	3.07500E+03	4.89143E-01	1.37815E+04
1.01325D-02	4.00000D-01	3.10000E+03	5.98603E-01	1.48366E+04
1.01325D-02	4.00000D-01	3.12500E+03	7.45785E-01	1.60222E+04
1.01325D-02	4.00000D-01	3.15000E+03	9.46973E-01	1.73421E+04
1.01325D-02	4.00000D-01	3.17500E+03	1.22841E+00	1.87920E+04
1.01325D-02	4.00000D-01	3.20000E+03	1.63533E+00	2.03580E+04
1.01325D-02	4.00000D-01	3.22500E+03	2.25289E+00	2.20150E+04
1.01325D-02	4.00000D-01	3.25000E+03	3.26282E+00	2.37262E+04
1.01325D-02	4.00000D-01	3.27500E+03	5.13399E+00	2.54445E+04
1.01325D-02	4.00000D-01	3.30000E+03	9.55260E+00	2.71119E+04
1.01325D-02	4.00000D-01	3.32500E+03	3.03841E+01	2.86486E+04
1.01325D-02	4.00000D-01	3.35000E+03	3.03841E+01	2.86486E+04
1.01325D-02	4.00000D-01	3.37500E+03	3.03841E+01	2.86486E+04
1.01325D-02	4.00000D-01	3.40000E+03	3.03841E+01	2.86486E+04
1.01325D-02	4.00000D-01	3.42500E+03	3.03841E+01	2.86486E+04
1.01325D-02	4.00000D-01	3.45000E+03	3.03841E+01	2.86486E+04
1.01325D-02	4.00000D-01	3.47500E+03	3.03841E+01	2.86486E+04
1.01325D-02	4.00000D-01	3.50000E+03	3.03841E+01	2.86486E+04
1.01325D-02	4.00000D-01	3.52500E+03	3.03841E+01	2.86486E+04
1.01325D-02	4.00000D-01	3.55000E+03	3.03841E+01	2.86486E+04
1.01325D-02	4.00000D-01	3.57500E+03	3.03841E+01	2.86486E+04
1.01325D-02	4.00000D-01	3.60000E+03	3.03841E+01	2.86486E+04
1.01325D-02	4.00000D-01	3.62500E+03	3.03841E+01	2.86486E+04
1.01325D-02	4.00000D-01	3.65000E+03	3.03841E+01	2.86486E+04
1.01325D-02	4.00000D-01	3.67500E+03	3.03841E+01	2.86486E+04
1.01325D-02	4.00000D-01	3.70000E+03	3.03841E+01	2.86486E+04
1.01325D-02	4.00000D-01	3.72500E+03	3.03841E+01	2.86486E+04
1.01325D-02	4.00000D-01	3.75000E+03	3.03841E+01	2.86486E+04
1.01325D-02	4.00000D-01	3.77500E+03	3.03841E+01	2.86486E+04
1.01325D-02	4.00000D-01	3.80000E+03	3.03841E+01	2.86486E+04
1.01325D-02	4.00000D-01	3.82500E+03	3.03841E+01	2.86486E+04
1.01325D-02	4.00000D-01	3.85000E+03	3.03841E+01	2.86486E+04
1.01325D-02	4.00000D-01	3.87500E+03	3.03841E+01	2.86486E+04
1.01325D-02	4.00000D-01	3.90000E+03	3.03841E+01	2.86486E+04
1.01325D-02	4.00000D-01	3.92500E+03	3.03841E+01	2.86486E+04
1.01325D-02	4.00000D-01	3.95000E+03	3.03841E+01	2.86486E+04
1.01325D-02	4.00000D-01	3.97500E+03	3.03841E+01	2.86486E+04
1.01325D-02	4.00000D-01	4.00000E+03	3.03841E+01	2.86486E+04
p (bar)	B'g	Temp (K)	B'c	Hw (kJ/kg)
1.01325D-02	5.00000D-01	2.50000E+02	0.00000E+00	-5.10821E+03
1.01325D-02	5.00000D-01	2.75000E+02	0.00000E+00	-5.04662E+03
1.01325D-02	5.00000D-01	3.00000E+02	0.00000E+00	-4.97855E+03
1.01325D-02	5.00000D-01	3.25000E+02	0.00000E+00	-4.90688E+03
1.01325D-02	5.00000D-01	3.50000E+02	0.00000E+00	-4.83388E+03
1.01325D-02	5.00000D-01	3.75000E+02	0.00000E+00	-4.76078E+03
1.01325D-02	5.00000D-01	4.00000E+02	0.00000E+00	-4.68768E+03
1.01325D-02	5.00000D-01	4.25000E+02	0.00000E+00	-4.61366E+03
1.01325D-02	5.00000D-01	4.50000E+02	0.00000E+00	-4.53687E+03
1.01325D-02	5.00000D-01	4.75000E+02	0.00000E+00	-4.45460E+03
1.01325D-02	5.00000D-01	5.00000E+02	0.00000E+00	-4.36351E+03
1.01325D-02	5.00000D-01	5.25000E+02	0.00000E+00	-4.25990E+03
1.01325D-02	5.00000D-01	5.50000E+02	0.00000E+00	-4.14041E+03
1.01325D-02	5.00000D-01	5.75000E+02	0.00000E+00	-4.00274E+03
1.01325D-02	5.00000D-01	6.00000E+02	0.00000E+00	-3.84609E+03
1.01325D-02	5.00000D-01	6.25000E+02	0.00000E+00	-3.67027E+03
1.01325D-02	5.00000D-01	6.50000E+02	0.00000E+00	-3.47349E+03
1.01325D-02	5.00000D-01	6.75000E+02	0.00000E+00	-3.25021E+03
1.01325D-02	5.00000D-01	7.00000E+02	0.00000E+00	-2.99140E+03
1.01325D-02	5.00000D-01	7.25000E+02	0.00000E+00	-2.68914E+03
1.01325D-02	5.00000D-01	7.50000E+02	0.00000E+00	-2.34553E+03
1.01325D-02	5.00000D-01	7.75000E+02	0.00000E+00	-1.98216E+03
1.01325D-02	5.00000D-01	8.00000E+02	4.93811E-03	-1.63953E+03
1.01325D-02	5.00000D-01	8.25000E+02	2.72951E-02	-1.35749E+03
1.01325D-02	5.00000D-01	8.50000E+02	4.29721E-02	-1.15087E+03
1.01325D-02	5.00000D-01	8.75000E+02	5.26720E-02	-1.00787E+03
1.01325D-02	5.00000D-01	9.00000E+02	5.82535E-02	-9.07312E+02
1.01325D-02	5.00000D-01	9.25000E+02	6.13732E-02	-8.31653E+02
1.01325D-02	5.00000D-01	9.50000E+02	6.31135E-02	-7.69773E+02
1.01325D-02	5.00000D-01	9.75000E+02	6.40965E-02	-7.15373E+02
1.01325D-02	5.00000D-01	1.00000E+03	6.46623E-02	-6.65029E+02
1.01325D-02	5.00000D-01	1.02500E+03	6.49950E-02	-6.16894E+02
1.01325D-02	5.00000D-01	1.05000E+03	6.51953E-02	-5.69963E+02
1.01325D-02	5.00000D-01	1.07500E+03	6.53188E-02	-5.23674E+02
1.01325D-02	5.00000D-01	1.10000E+03	6.53971E-02	-4.77704E+02
1.01325D-02	5.00000D-01	1.12500E+03	6.54487E-02	-4.31868E+02
1.01325D-02	5.00000D-01	1.15000E+03	6.54842E-02	-3.86053E+02
1.01325D-02	5.00000D-01	1.17500E+03	6.55105E-02	-3.40192E+02
1.01325D-02	5.00000D-01	1.20000E+03	6.55317E-02	-2.94240E+02
1.01325D-02	5.00000D-01	1.22500E+03	6.55507E-02	-2.48171E+02
1.01325D-02	5.00000D-01	1.25000E+03	6.55693E-02	-2.01964E+02
1.01325D-02	5.00000D-01	1.27500E+03	6.55890E-02	-1.55604E+02
1.01325D-02	5.00000D-01	1.30000E+03	6.56111E-02	-1.09081E+02
1.01325D-02	5.00000D-01	1.32500E+03	6.56365E-02	-6.23820E+01
1.01325D-02	5.00000D-01	1.35000E+03	6.56662E-02	-1.54971E+01
1.01325D-02	5.00000D-01	1.37500E+03	6.57012E-02	3.15858E+01
1.01325D-02	5.00000D-01	1.40000E+03	6.57424E-02	7.88802E+01
1.01325D-02	5.00000D-01	1.42500E+03	6.57908E-02	1.26402E+02
1.01325D-02	5.00000D-01	1.45000E+03	6.58475E-02	1.74170E+02
1.01325D-02	5.00000D-01	1.47500E+03	6.59135E-02	2.22206E+02
1.01325D-02	5.00000D-01	1.50000E+03	6.59902E-02	2.70536E+02
1.01325D-02	5.00000D-01	1.52500E+03	6.60788E-02	3.19193E+02
1.01325D-02	5.00000D-01	1.55000E+03	6.61807E-02	3.68214E+02
1.01325D-02	5.00000D-01	1.57500E+03	6.62972E-02	4.17641E+02
1.01325D-02	5.00000D-01	1.60000E+03	6.64301E-02	4.67527E+02
1.01325D-02	5.00000D-01	1.62500E+03	6.65810E-02	5.17931E+02
1.01325D-02	5.00000D-01	1.65000E+03	6.67516E-02	5.68922E+02
1.01325D-02	5.00000D-01	1.67500E+03	6.69437E-02	6.20580E+02
1.01325D-02	5.00000D-01	1.70000E+03	6.71595E-02	6.72997E+02
1.01325D-02	5.00000D-01	1.72500E+03	6.74008E-02	7.26278E+02
1.01325D-02	5.00000D-01	1.75000E+03	6.76699E-02	7.80542E+02
1.01325D-02	5.00000D-01	1.77500E+03	6.79690E-02	8.35923E+02
1.01325D-02	5.00000D-01	1.80000E+03	6.83005E-02	8.92573E+02
1.01325D-02	5.00000D-01	1.82500E+03	6.86669E-02	9.50661E+02
1.01325D-02	5.00000D-01	1.85000E+03	6.90706E-02	1.01038E+03
1.01325D-02	5.00000D-01	1.87500E+03	6.95143E-02	1.07193E+03
1.01325D-02	5.00000D-01	1.90000E+03	7.00007E-02	1.13556E+03
1.01325D-02	5.00000D-01	1.92500E+03	7.05324E-02	1.20151E+03
1.01325D-02	5.00000D-01	1.95000E+03	7.11124E-02	1.27007E+03
1.01325D-02	5.00000D-01	1.97500E+03	7.17433E-02	1.34154E+03
1.01325D-02	5.00000D-01	2.00000E+03	7.24281E-02	1.41625E+03
1.01325D-02	5.00000D-01	2.02500E+03	7.31696E-02	1.49456E+03
1.01325D-02	5.00000D-01	2.05000E+03	7.39705E-02	1.57686E+03
1.01325D-02	5.00000D-01	2.07500E+03	7.48336E-02	1.66355E+03
1.01325D-02	5.00000D-01	2.10000E+03	7.57615E-02	1.75508E+03
1.01325D-02	5.00000D-01	2.12500E+03	7.67567E-02	1.85190E+03
1.01325D-02	5.00000D-01	2.15000E+03	7.78216E-02	1.95450E+03
1.01325D-02	5.00000D-01	2.17500E+03	7.89583E-02	2.06340E+03
1.01325D-02	5.00000D-01	2.20000E+03	8.01688E-02	2.17912E+03
1.01325D-02	5.00000D-01	2.22500E+03	8.14546E-02	2.30221E+03
1.01325D-02	5.00000D-01	2.25000E+03	8.28172E-02	2.43322E+03
1.01325D-02	5.00000D-01	2.27500E+03	8.42576E-02	2.57273E+03
1.01325D-02	5.00000D-01	2.30000E+03	8.57763E-02	2.72131E+03
1.01325D-02	5.00000D-01	2.32500E+03	8.73736E-02	2.87952E+03
1.01325D-02	5.00000D-01	2.35000E+03	8.90496E-02	3.04792E+03
1.01325D-02	5.00000D-01	2.37500E+03	9.08039E-02	3.22707E+03
1.01325D-02	5.00000D-01	2.40000E+03	9.26361E-02	3.41746E+03
1.01325D-02	5.00000D-01	2.42500E+03	9.45457E-02	3.61959E+03
1.01325D-02	5.00000D-01	2.45000E+03	9.65325E-02	3.83390E+03
1.01325D-02	5.00000D-01	2.47500E+03	9.85974E-02	4.06077E+03
1.01325D-02	5.00000D-01	2.50000E+03	1.00742E-01	4.30052E+03
1.01325D-02	5.00000D-01	2.52500E+03	1.02971E-01	4.55342E+03
1.01325D-02	5.00000D-01	2.55000E+03	1.05290E-01	4.81965E+03
1.01325D-02	5.00000D-01	2.57500E+03	1.07713E-01	5.09934E+03
1.01325D-02	5.00000D-01	2.60000E+03	1.10257E-01	5.39253E+03
1.01325D-02	5.00000D-01	2.62500E+03	1.12951E-01	5.69923E+03
1.01325D-02	5.00000D-01	2.65000E+03	1.15833E-01	6.01941E+03
1.01325D-02	5.00000D-01	2.67500E+03	1.18963E-01	6.35305E+03
1.01325D-02	5.00000D-01	2.70000E+03	1.22418E-01	6.70020E+03
1.01325D-02	5.00000D-01	2.72500E+03	1.26308E-01	7.06102E+03
1.01325D-02	5.00000D-01	2.75000E+03	1.30780E-01	7.43592E+03
1.01325D-02	5.00000D-01	2.77500E+03	1.36032E-01	7.82562E+03
1.01325D-02	5.00000D-01	2.80000E+03	1.42326E-01	8.23134E+03
1.01325D-02	5.00000D-01	2.82500E+03	1.50008E-01	8.65493E+03
1.01325D-02	5.00000D-01	2.85000E+03	1.59532E-01	9.09908E+03
1.01325D-02	5.00000D-01	2.87500E+03	1.71491E-01	9.56748E+03
1.01325D-02	5.00000D-01	2.90000E+03	1.86659E-01	1.00651E+04
1.01325D-02	5.00000D-01	2.92500E+03	2.06047E-01	1.05981E+04
1.01325D-02	5.00000D-01	2.95000E+03	2.30977E-01	1.11745E+04
1.01325D-02	5.00000D-01	2.97500E+03	2.63185E-01	1.18036E+04
1.01325D-02	5.00000D-01	3.00000E+03	3.04973E-01	1.24960E+04
1.01325D-02	5.00000D-01	3.02500E+03	3.59425E-01	1.32636E+04
1.01325D-02	5.00000D-01	3.05000E+03	4.30737E-01	1.41183E+04
1.01325D-02	5.00000D-01	3.07500E+03	5.24729E-01	1.50716E+04
1.01325D-02	5.00000D-01	3.10000E+03	6.49685E-01	1.61325E+04
1.01325D-02	5.00000D-01	3.12500E+03	8.17783E-01	1.73060E+04
1.01325D-02	5.00000D-01	3.15000E+03	1.04766E+00	1.85911E+04
1.01325D-02	5.00000D-01	3.17500E+03	1.36934E+00	1.99786E+04
1.01325D-02	5.00000D-01	3.20000E+03	1.83453E+00	2.14500E+04
1.01325D-02	5.00000D-01	3.22500E+03	2.54061E+00	2.29769E+04
1.01325D-02	5.00000D-01	3.25000E+03	3.69519E+00	2.45219E+04
1.01325D-02	5.00000D-01	3.27500E+03	5.83344E+00	2.60402E+04
1.01325D-02	5.00000D-01	3.30000E+03	1.08773E+01	2.74806E+04
1.01325D-02	5.00000D-01	3.32500E+03	3.45793E+01	2.87760E+04
1.01325D-02	5.00000D-01	3.35000E+03	3.45793E+01	2.87760E+04
1.01325D-02	5.00000D-01	3.37500E+03	3.45793E+01	2.87760E+04
1.01325D-02	5.00000D-01	3.40000E+03	3.45793E+01	2.87760E+04
1.01325D-02	5.00000D-01	3.42500E+03	3.45793E+01	2.87760E+04
1.01325D-02	5.00000D-01	3.45000E+03	3.45793E+01	2.87760E+04
1.01325D-02	5.00000D-01	3.47500E+03	3.45793E+01	2.87760E+04
1.01325D-02	5.00000D-01	3.50000E+03	3.45793E+01	2.87760E+04
1.01325D-02	5.00000D-01	3.52500E+03	3.45793E+01	2.87760E+04
1.01325D-02	5.00000D-01	3.55000E+03	3.45793E+01	2.87760E+04
1.01325D-02	5.00000D-01	3.57500E+03	3.45793E+01	2.87760E+04
1.01325D-02	5.00000D-01	3.60000E+03	3.45793E+01	2.87760E+04
1.01325D-02	5.00000D-01	3.62500E+03	3.45793E+01	2.87760E+04
1.01325D-02	5.00000D-01	3.65000E+03	3.45793E+01	2.87760E+04
1.01325D-02	5.00000D-01	3.67500E+03	3.45793E+01	2.87760E+04
1.01325D-02	5.00000D-01	3.70000E+03	3.45793E+01	2.87760E+04
1.01325D-02	5.00000D-01	3.72500E+03	3.45793E+01	2.87760E+04
1.01325D-02	5.00000D-01	3.75000E+03	3.45793E+01	2.87760E+04
1.01325D-02	5.00000D-01	3.77500E+03	3.45793E+01	2.87760E+04
1.01325D-02	5.00000D-01	3.80000E+03	3.45793E+01	2.87760E+04
1.01325D-02	5.00000D-01	3.82500E+03	3.45793E+01	2.87760E+04
1.01325D-02	5.00000D-01	3.85000E+03	3.45793E+01	2.87760E+04
1.01325D-02	5.00000D-01	3.87500E+03	3.45793E+01	2.87760E+04
1.01325D-02	5.00000D-01	3.90000E+03	3.45793E+01	2.87760E+04
1.01325D-02	5.00000D-01	3.92500E+03	3.45793E+01	2.87760E+04
1.01325D-02	5.00000D-01	3.95000E+03	3.45793E+01	2.87760E+04
1.01325D-02	5.00000D-01	3.97500E+03	3.45793E+01	2.87760E+04
1.01325D-02	5.00000D-01	4.00000E+03	3.45793E+01	2.87760E+04
p (bar)	B'g	Temp (K)	B'c	Hw (kJ/kg)
1.01325D-02	6.00000D-01	2.50000E+02	0.00000E+00	-5.35730E+03
1.01325D-02	6.00000D-01	2.75000E+02	0.00000E+00	-5.29902E+03
1.01325D-02	6.00000D-01	3.00000E+02	0.00000E+00	-5.23355E+03
1.01325D-02	6.00000D-01	3.25000E+02	0.00000E+00	-5.16309E+03
1.01325D-02	6.00000D-01	3.50000E+02	0.00000E+00	-5.08991E+03
1.01325D-02	6.00000D-01	3.75000E+02	0.00000E+00	-5.01551E+03
1.01325D-02	6.00000D-01	4.00000E+02	0.00000E+00	-4.94037E+03
1.01325D-02	6.00000D-01	4.25000E+02	0.00000E+00	-4.86383E+03
1.01325D-02	6.00000D-01	4.50000E+02	0.00000E+00	-4.78422E+03
1.01325D-02	6.00000D-01	4.75000E+02	0.00000E+00	-4.69885E+03
1.01325D-02	6.00000D-01	5.00000E+02	0.00000E+00	-4.60420E+03
1.01325D-02	6.00000D-01	5.25000E+02	0.00000E+00	-4.49624E+03
1.01325D-02	6.00000D-01	5.50000E+02	0.00000E+00	-4.37100E+03
1.01325D-02	6.00000D-01	5.75000E+02	0.00000E+00	-4.22547E+03
1.01325D-02	6.00000D-01	6.00000E+02	0.00000E+00	-4.05823E+03
1.01325D-02	6.00000D-01	6.25000E+02	0.00000E+00	-3.86891E+03
1.01325D-02	6.00000D-01	6.50000E+02	0.00000E+00	-3.65603E+03
1.01325D-02	6.00000D-01	6.75000E+02	0.00000E+00	-3.41448E+03
1.01325D-02	6.00000D-01	7.00000E+02	0.00000E+00	-3.13555E+03
1.01325D-02	6.00000D-01	7.25000E+02	0.00000E+00	-2.81157E+03
1.01325D-02	6.00000D-01	7.50000E+02	0.00000E+00	-2.44539E+03
1.01325D-02	6.00000D-01	7.75000E+02	0.00000E+00	-2.06014E+03
1.01325D-02	6.00000D-01	8.00000E+02	0.00000E+00	-1.69841E+03
1.01325D-02	6.00000D-01	8.25000E+02	1.67335E-03	-1.40152E+03
1.01325D-02	6.00000D-01	8.50000E+02	1.88770E-02	-1.18434E+03
1.01325D-02	6.00000D-01	8.75000E+02	2.95276E-02	-1.03405E+03
1.01325D-02	6.00000D-01	9.00000E+02	3.56620E-02	-9.28311E+02
1.01325D-02	6.00000D-01	9.25000E+02	3.90941E-02	-8.48732E+02
1.01325D-02	6.00000D-01	9.50000E+02	4.10103E-02	-7.83651E+02
1.01325D-02	6.00000D-01	9.75000E+02	4.20930E-02	-7.26463E+02
1.01325D-02	6.00000D-01	1.00000E+03	4.27161E-02	-6.73566E+02
1.01325D-02	6.00000D-01	1.02500E+03	4.30824E-02	-6.23015E+02
1.01325D-02	6.00000D-01	1.05000E+03	4.33024E-02	-5.73750E+02
1.01325D-02	6.00000D-01	1.07500E+03	4.34379E-02	-5.25173E+02
1.01325D-02	6.00000D-01	1.10000E+03	4.35236E-02	-4.76944E+02
1.01325D-02	6.00000D-01	1.12500E+03	4.35797E-02	-4.28862E+02
1.01325D-02	6.00000D-01	1.15000E+03	4.36183E-02	-3.80809E+02
1.01325D-02	6.00000D-01	1.17500E+03	4.36467E-02	-3.32711E+02
1.01325D-02	6.00000D-01	1.20000E+03	4.36696E-02	-2.84522E+02
1.01325D-02	6.00000D-01	1.22500E+03	4.36900E-02	-2.36210E+02
1.01325D-02	6.00000D-01	1.25000E+03	4.37101E-02	-1.87755E+02
1.01325D-02	6.00000D-01	1.27500E+03	4.37315E-02	-1.39141E+02
1.01325D-02	6.00000D-01	1.30000E+03	4.37554E-02	-9.03547E+01
1.01325D-02	6.00000D-01	1.32500E+03	4.37831E-02	-4.13837E+01
1.01325D-02	6.00000D-01	1.35000E+03	4.38155E-02	7.78367E+00
1.01325D-02	6.00000D-01	1.37500E+03	4.38537E-02	5.71604E+01
1.01325D-02	6.00000D-01	1.40000E+03	4.38987E-02	1.06761E+02
1.01325D-02	6.00000D-01	1.42500E+03	4.39517E-02	1.56603E+02
1.01325D-02	6.00000D-01	1.45000E+03	4.40138E-02	2.06707E+02
1.01325D-02	6.00000D-01	1.47500E+03	4.40863E-02	2.57096E+02
1.01325D-02	6.00000D-01	1.50000E+03	4.41704E-02	3.07800E+02
1.01325D-02	6.00000D-01	1.52500E+03	4.42676E-02	3.58852E+02
1.01325D-02	6.00000D-01	1.55000E+03	4.43795E-02	4.10294E+02
1.01325D-02	6.00000D-01	1.57500E+03	4.45076E-02	4.62171E+02
1.01325D-02	6.00000D-01	1.60000E+03	4.46536E-02	5.14542E+02
1.01325D-02	6.00000D-01	1.62500E+03	4.48195E-02	5.67469E+02
1.01325D-02	6.00000D-01	1.65000E+03	4.50072E-02	6.21029E+02
1.01325D-02	6.00000D-01	1.67500E+03	4.52188E-02	6.75308E+02
1.01325D-02	6.00000D-01	1.70000E+03	4.54563E-02	7.30407E+02
1.01325D-02	6.00000D-01	1.72500E+03	4.57223E-02	7.86440E+02
1.01325D-02	6.00000D-01	1.75000E+03	4.60190E-02	8.43537E+02
1.01325D-02	6.00000D-01	1.77500E+03	4.63490E-02	9.01844E+02
1.01325D-02	6.00000D-01	1.80000E+03	4.67150E-02	9.61528E+02
1.01325D-02	6.00000D-01	1.82500E+03	4.71196E-02	1.02277E+03
1.01325D-02	6.00000D-01	1.85000E+03	4.75659E-02	1.08579E+03
1.01325D-02	6.00000D-01	1.87500E+03	4.80567E-02	1.15080E+03
1.01325D-02	6.00000D-01	1.90000E+03	4.85951E-02	1.21807E+03
1.01325D-02	6.00000D-01	1.92500E+03	4.91841E-02	1.28787E+03
1.01325D-02	6.00000D-01	1.95000E+03	4.98271E-02	1.36051E+03
1.01325D-02	6.00000D-01	1.97500E+03	5.05272E-02	1.43633E+03
1.01325D-02	6.00000D-01	2.00000E+03	5.12876E-02	1.51568E+03
1.01325D-02	6.00000D-01	2.02500E+03	5.21117E-02	1.59897E+03
1.01325D-02	6.00000D-01	2.05000E+03	5.30026E-02	1.68662E+03
1.01325D-02	6.00000D-01	2.07500E+03	5.39636E-02	1.77907E+03
1.01325D-02	6.00000D-01	2.10000E+03	5.49977E-02	1.87681E+03
1.01325D-02	6.00000D-01	2.12500E+03	5.61080E-02	1.98035E+03
1.01325D-02	6.00000D-01	2.15000E+03	5.72973E-02	2.09023E+03
1.01325D-02	6.00000D-01	2.17500E+03	5.85681E-02	2.20701E+03
1.01325D-02	6.00000D-01	2.20000E+03	5.99228E-02	2.33129E+03
1.01325D-02	6.00000D-01	2.22500E+03	6.13636E-02	2.46366E+03
1.01325D-02	6.00000D-01	2.25000E+03	6.28921E-02	2.60476E+03
1.01325D-02	6.00000D-01	2.27500E+03	6.45097E-02	2.75521E+03
1.01325D-02	6.00000D-01	2.30000E+03	6.62175E-02	2.91566E+03
1.01325D-02	6.00000D-01	2.32500E+03	6.80160E-02	3.08676E+03
1.01325D-02	6.00000D-01	2.35000E+03	6.99054E-02	3.26913E+03
1.01325D-02	6.00000D-01	2.37500E+03	7.18858E-02	3.46340E+03
1.01325D-02	6.00000D-01	2.40000E+03	7.39568E-02	3.67016E+03
1.01325D-02	6.00000D-01	2.42500E+03	7.61183E-02	3.88997E+03
1.01325D-02	6.00000D-01	2.45000E+03	7.83702E-02	4.12335E+03
1.01325D-02	6.00000D-01	2.47500E+03	8.07135E-02	4.37076E+03
1.01325D-02	6.00000D-01	2.50000E+03	8.31504E-02	4.63260E+03
1.01325D-02	6.00000D-01	2.52500E+03	8.56855E-02	4.90919E+03
1.01325D-02	6.00000D-01	2.55000E+03	8.83267E-02	5.20078E+03
1.01325D-02	6.00000D-01	2.57500E+03	9.10871E-02	5.50755E+03
1.01325D-02	6.00000D-01	2.60000E+03	9.39871E-02	5.82959E+03
1.01325D-02	6.00000D-01	2.62500E+03	9.70573E-02	6.16692E+03
1.01325D-02	6.00000D-01	2.65000E+03	1.00342E-01	6.51952E+03
1.01325D-02	6.00000D-01	2.67500E+03	1.03904E-01	6.88735E+03
1.01325D-02	6.00000D-01	2.70000E+03	1.07831E-01	7.27042E+03
1.01325D-02	6.00000D-01	2.72500E+03	1.12245E-01	7.66883E+03
1.01325D-02	6.00000D-01	2.75000E+03	1.17308E-01	8.08286E+03
1.01325D-02	6.00000D-01	2.77500E+03	1.23242E-01	8.51309E+03
1.01325D-02	6.00000D-01	2.80000E+03	1.30338E-01	8.96054E+03
1.01325D-02	6.00000D-01	2.82500E+03	1.38983E-01	9.42681E+03
1.01325D-02	6.00000D-01	2.85000E+03	1.49686E-01	9.91428E+03
1.01325D-02	6.00000D-01	2.87500E+03	1.63111E-01	1.04263E+04
1.01325D-02	6.00000D-01	2.90000E+03	1.80128E-01	1.09672E+04
1.01325D-02	6.00000D-01	2.92500E+03	2.01871E-01	1.15428E+04
1.01325D-02	6.00000D-01	2.95000E+03	2.29826E-01	1.21601E+04
1.01325D-02	6.00000D-01	2.97500E+03	2.65949E-01	1.28275E+04
1.01325D-02	6.00000D-01	3.00000E+03	3.12830E-01	1.35544E+04
1.01325D-02	6.00000D-01	3.02500E+03	3.73940E-01	1.43511E+04
1.01325D-02	6.00000D-01	3.05000E+03	4.54005E-01	1.52275E+04
1.01325D-02	6.00000D-01	3.07500E+03	5.59581E-01	1.61924E+04
1.01325D-02	6.00000D-01	3.10000E+03	6.99998E-01	1.72517E+04
1.01325D-02	6.00000D-01	3.12500E+03	8.88968E-01	1.84069E+04
1.01325D-02	6.00000D-01	3.15000E+03	1.14747E+00	1.96532E+04
1.01325D-02	6.00000D-01	3.17500E+03	1.50932E+00	2.09778E+04
1.01325D-02	6.00000D-01	3.20000E+03	2.03270E+00	2.23594E+04
1.01325D-02	6.00000D-01	3.22500E+03	2.82714E+00	2.37683E+04
1.01325D-02	6.00000D-01	3.25000E+03	4.12609E+00	2.51681E+04
1.01325D-02	6.00000D-01	3.27500E+03	6.53083E+00	2.65176E+04
1.01325D-02	6.00000D-01	3.30000E+03	1.21983E+01	2.77723E+04
1.01325D-02	6.00000D-01	3.32500E+03	3.87595E+01	2.88758E+04
1.01325D-02	6.00000D-01	3.35000E+03	3.87595E+01	2.88758E+04
1.01325D-02	6.00000D-01	3.37500E+03	3.87595E+01	2.88758E+04
1.01325D-02	6.00000D-01	3.40000E+03	3.87595E+01	2.88758E+04
1.01325D-02	6.00000D-01	3.42500E+03	3.87595E+01	2.88758E+04
1.01325D-02	6.00000D-01	3.45000E+03	3.87595E+01	2.88758E+04
1.01325D-02	6.00000D-01	3.47500E+03	3.87595E+01	2.88758E+04
1.01325D-02	6.00000D-01	3.50000E+03	3.87595E+01	2.88758E+04
1.01325D-02	6.00000D-01	3.52500E+03	3.87595E+01	2.88758E+04
1.01325D-02	6.00000D-01	3.55000E+03	3.87595E+01	2.88758E+04
1.01325D-02	6.00000D-01	3.57500E+03	3.87595E+01	2.88758E+04
1.01325D-02	6.00000D-01	3.60000E+03	3.87595E+01	2.88758E+04
1.01325D-02	6.00000D-01	3.62500E+03	3.87595E+01	2.88758E+04
1.01325D-02	6.00000D-01	3.65000E+03	3.87595E+01	2.88758E+04
1.01325D-02	6.00000D-01	3.67500E+03	3.87595E+01	2.88758E+04
1.01325D-02	6.00000D-01	3.70000E+03	3.87595E+01	2.88758E+04
1.01325D-02	6.00000D-01	3.72500E+03	3.87595E+01	2.88758E+04
1.01325D-02	6.00000D-01	3.75000E+03	3.87595E+01	2.88758E+04
1.01325D-02	6.00000D-01	3.77500E+03	3.87595E+01	2.88758E+04
1.01325D-02	6.00000D-01	3.80000E+03	3.87595E+01	2.88758E+04
1.01325D-02	6.00000D-01	3.82500E+03	3.87595E+01	2.88758E+04
1.01325D-02	6.00000D-01	3.85000E+03	3.87595E+01	2.88758E+04
1.01325D-02	6.00000D-01	3.87500E+03	3.87595E+01	2.88758E+04
1.01325D-02	6.00000D-01	3.90000E+03	3.87595E+01	2.88758E+04
1.01325D-02	6.00000D-01	3.92500E+03	3.87595E+01	2.88758E+04
1.01325D-02	6.00000D-01	3.95000E+03	3.87595E+01	2.88758E+04
1.01325D-02	6.00000D-01	3.97500E+03	3.87595E+01	2.88758E+04
1.01325D-02	6.00000D-01	4.00000E+03	3.87595E+01	2.88758E+04
p (bar)	B'g	Temp (K)	B'c	Hw (kJ/kg)
1.01325D-02	7.00000D-01	2.50000E+02	0.00000E+00	-5.57702E+03
1.01325D-02	7.00000D-01	2.75000E+02	0.00000E+00	-5.52044E+03
1.01325D-02	7.00000D-01	3.00000E+02	0.00000E+00	-5.45658E+03
1.01325D-02	7.00000D-01	3.25000E+02	0.00000E+00	-5.38708E+03
1.01325D-02	7.00000D-01	3.50000E+02	0.00000E+00	-5.31397E+03
1.01325D-02	7.00000D-01	3.75000E+02	0.00000E+00	-5.23885E+03
1.01325D-02	7.00000D-01	4.00000E+02	0.00000E+00	-5.16237E+03
1.01325D-02	7.00000D-01	4.25000E+02	0.00000E+00	-5.08409E+03
1.01325D-02	7.00000D-01	4.50000E+02	0.00000E+00	-5.00247E+03
1.01325D-02	7.00000D-01	4.75000E+02	0.00000E+00	-4.91489E+03
1.01325D-02	7.00000D-01	5.00000E+02	0.00000E+00	-4.81773E+03
1.01325D-02	7.00000D-01	5.25000E+02	0.00000E+00	-4.70666E+03
1.01325D-02	7.00000D-01	5.50000E+02	0.00000E+00	-4.57719E+03
1.01325D-02	7.00000D-01	5.75000E+02	0.00000E+00	-4.42560E+03
1.01325D-02	7.00000D-01	6.00000E+02	0.00000E+00	-4.24981E+03
1.01325D-02	7.00000D-01	6.25000E+02	0.00000E+00	-4.04915E+03
1.01325D-02	7.00000D-01	6.50000E+02	0.00000E+00	-3.82226E+03
1.01325D-02	7.00000D-01	6.75000E+02	0.00000E+00	-3.56441E+03
1.01325D-02	7.00000D-01	7.00000E+02	0.00000E+00	-3.26724E+03
1.01325D-02	7.00000D-01	7.25000E+02	0.00000E+00	-2.92344E+03
1.01325D-02	7.00000D-01	7.50000E+02	0.00000E+00	-2.53656E+03
1.01325D-02	7.00000D-01	7.75000E+02	0.00000E+00	-2.13126E+03
1.01325D-02	7.00000D-01	8.00000E+02	0.00000E+00	-1.75205E+03
1.01325D-02	7.00000D-01	8.25000E+02	0.00000E+00	-1.44160E+03
1.01325D-02	7.00000D-01	8.50000E+02	0.00000E+00	-1.21478E+03
1.01325D-02	7.00000D-01	8.75000E+02	6.39999E-03	-1.05785E+03
1.01325D-02	7.00000D-01	9.00000E+02	1.30820E-02	-9.47403E+02
1.01325D-02	7.00000D-01	9.25000E+02	1.68231E-02	-8.64259E+02
1.01325D-02	7.00000D-01	9.50000E+02	1.89128E-02	-7.96270E+02
1.01325D-02	7.00000D-01	9.75000E+02	2.00936E-02	-7.36547E+02
1.01325D-02	7.00000D-01	1.00000E+03	2.07730E-02	-6.81329E+02
1.01325D-02	7.00000D-01	1.02500E+03	2.11719E-02	-6.28583E+02
1.01325D-02	7.00000D-01	1.05000E+03	2.14113E-02	-5.77195E+02
1.01325D-02	7.00000D-01	1.07500E+03	2.15583E-02	-5.26538E+02
1.01325D-02	7.00000D-01	1.10000E+03	2.16510E-02	-4.76254E+02
1.01325D-02	7.00000D-01	1.12500E+03	2.17115E-02	-4.26131E+02
1.01325D-02	7.00000D-01	1.15000E+03	2.17529E-02	-3.76043E+02
1.01325D-02	7.00000D-01	1.17500E+03	2.17833E-02	-3.25911E+02
1.01325D-02	7.00000D-01	1.20000E+03	2.18077E-02	-2.75688E+02
1.01325D-02	7.00000D-01	1.22500E+03	2.18294E-02	-2.25338E+02
1.01325D-02	7.00000D-01	1.25000E+03	2.18508E-02	-1.74840E+02
1.01325D-02	7.00000D-01	1.27500E+03	2.18736E-02	-1.24177E+02
1.01325D-02	7.00000D-01	1.30000E+03	2.18993E-02	-7.33340E+01
1.01325D-02	7.00000D-01	1.32500E+03	2.19290E-02	-2.22984E+01
1.01325D-02	7.00000D-01	1.35000E+03	2.19638E-02	2.89427E+01
1.01325D-02	7.00000D-01	1.37500E+03	2.20050E-02	8.04032E+01
1.01325D-02	7.00000D-01	1.40000E+03	2.20535E-02	1.32099E+02
1.01325D-02	7.00000D-01	1.42500E+03	2.21107E-02	1.84048E+02
1.01325D-02	7.00000D-01	1.45000E+03	2.21778E-02	2.36272E+02
1.01325D-02	7.00000D-01	1.47500E+03	2.22561E-02	2.88797E+02
1.01325D-02	7.00000D-01	1.50000E+03	2.23471E-02	3.41653E+02
1.01325D-02	7.00000D-01	1.52500E+03	2.24523E-02	3.94878E+02
1.01325D-02	7.00000D-01	1.55000E+03	2.25734E-02	4.48514E+02
1.01325D-02	7.00000D-01	1.57500E+03	2.27121E-02	5.02612E+02
1.01325D-02	7.00000D-01	1.60000E+03	2.28704E-02	5.57232E+02
1.01325D-02	7.00000D-01	1.62500E+03	2.30502E-02	6.12443E+02
1.01325D-02	7.00000D-01	1.65000E+03	2.32537E-02	6.68327E+02
1.01325D-02	7.00000D-01	1.67500E+03	2.34832E-02	7.24976E+02
1.01325D-02	7.00000D-01	1.70000E+03	2.37411E-02	7.82498E+02
1.01325D-02	7.00000D-01	1.72500E+03	2.40299E-02	8.41016E+02
1.01325D-02	7.00000D-01	1.75000E+03	2.43523E-02	9.00668E+02
1.01325D-02	7.00000D-01	1.77500E+03	2.47111E-02	9.61613E+02
1.01325D-02	7.00000D-01	1.80000E+03	2.51091E-02	1.02403E+03
1.01325D-02	7.00000D-01	1.82500E+03	2.55495E-02	1.08812E+03
1.01325D-02	7.00000D-01	1.85000E+03	2.60355E-02	1.15410E+03
1.01325D-02	7.00000D-01	1.87500E+03	2.65703E-02	1.22222E+03
1.01325D-02	7.00000D-01	1.90000E+03	2.71573E-02	1.29275E+03
1.01325D-02	7.00000D-01	1.92500E+03	2.78000E-02	1.36601E+03
1.01325D-02	7.00000D-01	1.95000E+03	2.85019E-02	1.44231E+03
1.01325D-02	7.00000D-01	1.97500E+03	2.92668E-02	1.52202E+03
1.01325D-02	7.00000D-01	2.00000E+03	3.00982E-02	1.60553E+03
1.01325D-02	7.00000D-01	2.02500E+03	3.09999E-02	1.69327E+03
1.01325D-02	7.00000D-01	2.05000E+03	3.19755E-02	1.78569E+03
1.01325D-02	7.00000D-01	2.07500E+03	3.30287E-02	1.88329E+03
1.01325D-02	7.00000D-01	2.10000E+03	3.41629E-02	1.98658E+03
1.01325D-02	7.00000D-01	2.12500E+03	3.53817E-02	2.09612E+03
1.01325D-02	7.00000D-01	2.15000E+03	3.66884E-02	2.21249E+03
1.01325D-02	7.00000D-01	2.17500E+03	3.80859E-02	2.33631E+03
1.01325D-02	7.00000D-01	2.20000E+03	3.95770E-02	2.46821E+03
1.01325D-02	7.00000D-01	2.22500E+03	4.11644E-02	2.60886E+03
1.01325D-02	7.00000D-01	2.25000E+03	4.28500E-02	2.75894E+03
1.01325D-02	7.00000D-01	2.27500E+03	4.46358E-02	2.91915E+03
1.01325D-02	7.00000D-01	2.30000E+03	4.65230E-02	3.09019E+03
1.01325D-02	7.00000D-01	2.32500E+03	4.85125E-02	3.27276E+03
1.01325D-02	7.00000D-01	2.35000E+03	5.06049E-02	3.46758E+03
1.01325D-02	7.00000D-01	2.37500E+03	5.28003E-02	3.67533E+03
1.01325D-02	7.00000D-01	2.40000E+03	5.50987E-02	3.89666E+03
1.01325D-02	7.00000D-01	2.42500E+03	5.75002E-02	4.13222E+03
1.01325D-02	7.00000D-01	2.45000E+03	6.00050E-02	4.38259E+03
1.01325D-02	7.00000D-01	2.47500E+03	6.26141E-02	4.64830E+03
1.01325D-02	7.00000D-01	2.50000E+03	6.53304E-02	4.92981E+03
1.01325D-02	7.00000D-01	2.52500E+03	6.81587E-02	5.22751E+03
1.01325D-02	7.00000D-01	2.55000E+03	7.11079E-02	5.54170E+03
1.01325D-02	7.00000D-01	2.57500E+03	7.41923E-02	5.87261E+03
1.01325D-02	7.00000D-01	2.60000E+03	7.74344E-02	6.22036E+03
1.01325D-02	7.00000D-01	2.62500E+03	8.08674E-02	6.58499E+03
1.01325D-02	7.00000D-01	2.65000E+03	8.45398E-02	6.96651E+03
1.01325D-02	7.00000D-01	2.67500E+03	8.85208E-02	7.36484E+03
1.01325D-02	7.00000D-01	2.70000E+03	9.29066E-02	7.77997E+03
1.01325D-02	7.00000D-01	2.72500E+03	9.78300E-02	8.21191E+03
1.01325D-02	7.00000D-01	2.75000E+03	1.03471E-01	8.66085E+03
1.01325D-02	7.00000D-01	2.77500E+03	1.10073E-01	9.12724E+03
1.01325D-02	7.00000D-01	2.80000E+03	1.17958E-01	9.61190E+03
1.01325D-02	7.00000D-01	2.82500E+03	1.27554E-01	1.01162E+04
1.01325D-02	7.00000D-01	2.85000E+03	1.39422E-01	1.06422E+04
1.01325D-02	7.00000D-01	2.87500E+03	1.54301E-01	1.11928E+04
1.01325D-02	7.00000D-01	2.90000E+03	1.73152E-01	1.17720E+04
1.01325D-02	7.00000D-01	2.92500E+03	1.97237E-01	1.23849E+04
1.01325D-02	7.00000D-01	2.95000E+03	2.28204E-01	1.30377E+04
1.01325D-02	7.00000D-01	2.97500E+03	2.68226E-01	1.37379E+04
1.01325D-02	7.00000D-01	3.00000E+03	3.20182E-01	1.44938E+04
1.01325D-02	7.00000D-01	3.02500E+03	3.87932E-01	1.53138E+04
1.01325D-02	7.00000D-01	3.05000E+03	4.76730E-01	1.62060E+04
1.01325D-02	7.00000D-01	3.07500E+03	5.93865E-01	1.71769E+04
1.01325D-02	7.00000D-01	3.10000E+03	7.49714E-01	1.82297E+04
1.01325D-02	7.00000D-01	3.12500E+03	9.59521E-01	1.93629E+04
1.01325D-02	7.00000D-01	3.15000E+03	1.24661E+00	2.05687E+04
1.01325D-02	7.00000D-01	3.17500E+03	1.64856E+00	2.18317E+04
1.01325D-02	7.00000D-01	3.20000E+03	2.23004E+00	2.31292E+04
1.01325D-02	7.00000D-01	3.22500E+03	3.11272E+00	2.44314E+04
1.01325D-02	7.00000D-01	3.25000E+03	4.55581E+00	2.57037E+04
1.01325D-02	7.00000D-01	3.27500E+03	7.22657E+00	2.69090E+04
1.01325D-02	7.00000D-01	3.30000E+03	1.35162E+01	2.80089E+04
1.01325D-02	7.00000D-01	3.32500E+03	4.29275E+01	2.89561E+04
1.01325D-02	7.00000D-01	3.35000E+03	4.29275E+01	2.89561E+04
1.01325D-02	7.00000D-01	3.37500E+03	4.29275E+01	2.89561E+04
1.01325D-02	7.00000D-01	3.40000E+03	4.29275E+01	2.89561E+04
1.01325D-02	7.00000D-01	3.42500E+03	4.29275E+01	2.89561E+04
1.01325D-02	7.00000D-01	3.45000E+03	4.29275E+01	2.89561E+04
1.01325D-02	7.00000D-01	3.47500E+03	4.29275E+01	2.89561E+04
1.01325D-02	7.00000D-01	3.50000E+03	4.29275E+01	2.89561E+04
1.01325D-02	7.00000D-01	3.52500E+03	4.29275E+01	2.89561E+04
1.01325D-02	7.00000D-01	3.55000E+03	4.29275E+01	2.89561E+04
1.01325D-02	7.00000D-01	3.57500E+03	4.29275E+01	2.89561E+04
1.01325D-02	7.00000D-01	3.60000E+03	4.29275E+01	2.89561E+04
1.01325D-02	7.00000D-01	3.62500E+03	4.29275E+01	2.89561E+04
1.01325D-02	7.00000D-01	3.65000E+03	4.29275E+01	2.89561E+04
1.01325D-02	7.00000D-01	3.67500E+03	4.29275E+01	2.89561E+04
1.01325D-02	7.00000D-01	3.70000E+03	4.29275E+01	2.89561E+04
1.01325D-02	7.00000D-01	3.72500E+03	4.29275E+01	2.89561E+04
1.01325D-02	7.00000D-01	3.75000E+03	4.29275E+01	2.89561E+04
1.01325D-02	7.00000D-01	3.77500E+03	4.29275E+01	2.89561E+04
1.01325D-02	7.00000D-01	3.80000E+03	4.29275E+01	2.89561E+04
1.01325D-02	7.00000D-01	3.82500E+03	4.29275E+01	2.89561E+04
1.01325D-02	7.00000D-01	3.85000E+03	4.29275E+01	2.89561E+04
1.01325D-02	7.00000D-01	3.87500E+03	4.29275E+01	2.89561E+04
1.01325D-02	7.00000D-01	3.90000E+03	4.29275E+01	2.89561E+04
1.01325D-02	7.00000D-01	3.92500E+03	4.29275E+01	2.89561E+04
1.01325D-02	7.00000D-01	3.95000E+03	4.29275E+01	2.89561E+04
1.01325D-02	7.00000D-01	3.97500E+03	4.29275E+01	2.89561E+04
1.01325D-02	7.00000D-01	4.00000E+03	4.29275E+01	2.89561E+04
p (bar)	B'g	Temp (K)	B'c	Hw (kJ/kg)
1.01325D-02	8.00000D-01	2.50000E+02	0.00000E+00	-5.77337E+03
1.01325D-02	8.00000D-01	2.75000E+02	0.00000E+00	-5.71768E+03
1.01325D-02	8.00000D-01	3.00000E+02	0.00000E+00	-5.65475E+03
1.01325D-02	8.00000D-01	3.25000E+02	0.00000E+00	-5.58584E+03
1.01325D-02	8.00000D-01	3.50000E+02	0.00000E+00	-5.51278E+03
1.01325D-02	8.00000D-01	3.75000E+02	0.00000E+00	-5.43713E+03
1.01325D-02	8.00000D-01	4.00000E+02	0.00000E+00	-5.35965E+03
1.01325D-02	8.00000D-01	4.25000E+02	0.00000E+00	-5.28006E+03
1.01325D-02	8.00000D-01	4.50000E+02	0.00000E+00	-5.19694E+03
1.01325D-02	8.00000D-01	4.75000E+02	0.00000E+00	-5.10772E+03
1.01325D-02	8.00000D-01	5.00000E+02	0.00000E+00	-5.00873E+03
1.01325D-02	8.00000D-01	5.25000E+02	0.00000E+00	-4.89541E+03
1.01325D-02	8.00000D-01	5.50000E+02	0.00000E+00	-4.76280E+03
1.01325D-02	8.00000D-01	5.75000E+02	0.00000E+00	-4.60651E+03
1.01325D-02	8.00000D-01	6.00000E+02	0.00000E+00	-4.42376E+03
1.01325D-02	8.00000D-01	6.25000E+02	0.00000E+00	-4.21347E+03
1.01325D-02	8.00000D-01	6.50000E+02	0.00000E+00	-3.97429E+03
1.01325D-02	8.00000D-01	6.75000E+02	0.00000E+00	-3.70183E+03
1.01325D-02	8.00000D-01	7.00000E+02	0.00000E+00	-3.38806E+03
1.01325D-02	8.00000D-01	7.25000E+02	0.00000E+00	-3.02606E+03
1.01325D-02	8.00000D-01	7.50000E+02	0.00000E+00	-2.62015E+03
1.01325D-02	8.00000D-01	7.75000E+02	0.00000E+00	-2.19639E+03
1.01325D-02	8.00000D-01	8.00000E+02	0.00000E+00	-1.80112E+03
1.01325D-02	8.00000D-01	8.25000E+02	0.00000E+00	-1.47823E+03
1.01325D-02	8.00000D-01	8.50000E+02	0.00000E+00	-1.24259E+03
1.01325D-02	8.00000D-01	8.75000E+02	0.00000E+00	-1.07958E+03
1.01325D-02	8.00000D-01	9.00000E+02	0.00000E+00	-9.64836E+02
1.01325D-02	8.00000D-01	9.25000E+02	0.00000E+00	-8.78438E+02
1.01325D-02	8.00000D-01	9.50000E+02	0.00000E+00	-8.07794E+02
1.01325D-02	8.00000D-01	9.75000E+02	0.00000E+00	-7.45756E+02
1.01325D-02	8.00000D-01	1.00000E+03	0.00000E+00	-6.88419E+02
1.01325D-02	8.00000D-01	1.02500E+03	0.00000E+00	-6.33668E+02
1.01325D-02	8.00000D-01	1.05000E+03	0.00000E+00	-5.80341E+02
1.01325D-02	8.00000D-01	1.07500E+03	0.00000E+00	-5.27786E+02
1.01325D-02	8.00000D-01	1.10000E+03	0.00000E+00	-4.75625E+02
1.01325D-02	8.00000D-01	1.12500E+03	0.00000E+00	-4.23638E+02
1.01325D-02	8.00000D-01	1.15000E+03	0.00000E+00	-3.71692E+02
1.01325D-02	8.00000D-01	1.17500E+03	0.00000E+00	-3.19704E+02
1.01325D-02	8.00000D-01	1.20000E+03	0.00000E+00	-2.67623E+02
1.01325D-02	8.00000D-01	1.22500E+03	0.00000E+00	-2.15413E+02
1.01325D-02	8.00000D-01	1.25000E+03	0.00000E+00	-1.63050E+02
1.01325D-02	8.00000D-01	1.27500E+03	1.55336E-05	-1.10516E+02
1.01325D-02	8.00000D-01	1.30000E+03	4.27330E-05	-5.77954E+01
1.01325D-02	8.00000D-01	1.32500E+03	7.42798E-05	-4.87532E+00
1.01325D-02	8.00000D-01	1.35000E+03	1.11390E-04	4.82582E+01
1.01325D-02	8.00000D-01	1.37500E+03	1.55258E-04	1.01620E+02
1.01325D-02	8.00000D-01	1.40000E+03	2.07106E-04	1.55226E+02
1.01325D-02	8.00000D-01	1.42500E+03	2.68211E-04	2.09097E+02
1.01325D-02	8.00000D-01	1.45000E+03	3.39925E-04	2.63255E+02
1.01325D-02	8.00000D-01	1.47500E+03	4.23696E-04	3.17727E+02
1.01325D-02	8.00000D-01	1.50000E+03	5.21074E-04	3.72546E+02
1.01325D-02	8.00000D-01	1.52500E+03	6.33724E-04	4.27750E+02
1.01325D-02	8.00000D-01	1.55000E+03	7.63429E-04	4.83385E+02
1.01325D-02	8.00000D-01	1.57500E+03	9.12102E-04	5.39505E+02
1.01325D-02	8.00000D-01	1.60000E+03	1.08179E-03	5.96173E+02
1.01325D-02	8.00000D-01	1.62500E+03	1.27466E-03	6.53463E+02
1.01325D-02	8.00000D-01	1.65000E+03	1.49305E-03	7.11460E+02
1.01325D-02	8.00000D-01	1.67500E+03	1.73940E-03	7.70263E+02
1.01325D-02	8.00000D-01	1.70000E+03	2.01634E-03	8.29986E+02
1.01325D-02	8.00000D-01	1.72500E+03	2.32661E-03	8.90759E+02
1.01325D-02	8.00000D-01	1.75000E+03	2.67312E-03	9.52731E+02
1.01325D-02	8.00000D-01	1.77500E+03	3.05892E-03	1.01607E+03
1.01325D-02	8.00000D-01	1.80000E+03	3.48721E-03	1.08096E+03
1.01325D-02	8.00000D-01	1.82500E+03	3.96131E-03	1.14762E+03
1.01325D-02	8.00000D-01	1.85000E+03	4.48471E-03	1.21628E+03
1.01325D-02	8.00000D-01	1.87500E+03	5.06102E-03	1.28722E+03
1.01325D-02	8.00000D-01	1.90000E+03	5.69397E-03	1.36071E+03
1.01325D-02	8.00000D-01	1.92500E+03	6.38739E-03	1.43708E+03
1.01325D-02	8.00000D-01	1.95000E+03	7.14522E-03	1.51668E+03
1.01325D-02	8.00000D-01	1.97500E+03	7.97147E-03	1.59991E+03
1.01325D-02	8.00000D-01	2.00000E+03	8.87022E-03	1.68717E+03
1.01325D-02	8.00000D-01	2.02500E+03	9.84555E-03	1.77892E+03
1.01325D-02	8.00000D-01	2.05000E+03	1.09016E-02	1.87565E+03
1.01325D-02	8.00000D-01	2.07500E+03	1.20424E-02	1.97788E+03
1.01325D-02	8.00000D-01	2.10000E+03	1.32719E-02	2.08616E+03
1.01325D-02	8.00000D-01	2.12500E+03	1.45940E-02	2.20110E+03
1.01325D-02	8.00000D-01	2.15000E+03	1.60125E-02	2.32332E+03
1.01325D-02	8.00000D-01	2.17500E+03	1.75308E-02	2.45346E+03
1.01325D-02	8.00000D-01	2.20000E+03	1.91522E-02	2.59223E+03
1.01325D-02	8.00000D-01	2.22500E+03	2.08796E-02	2.74033E+03
1.01325D-02	8.00000D-01	2.25000E+03	2.27155E-02	2.89849E+03
1.01325D-02	8.00000D-01	2.27500E+03	2.46621E-02	3.06747E+03
1.01325D-02	8.00000D-01	2.30000E+03	2.67210E-02	3.24802E+03
1.01325D-02	8.00000D-01	2.32500E+03	2.88936E-02	3.44092E+03
1.01325D-02	8.00000D-01	2.35000E+03	3.11805E-02	3.64692E+03
1.01325D-02	8.00000D-01	2.37500E+03	3.35823E-02	3.86678E+03
1.01325D-02	8.00000D-01	2.40000E+03	3.60991E-02	4.10122E+03
1.01325D-02	8.00000D-01	2.42500E+03	3.87312E-02	4.35093E+03
1.01325D-02	8.00000D-01	2.45000E+03	4.14791E-02	4.61658E+03
1.01325D-02	8.00000D-01	2.47500E+03	4.43441E-02	4.89873E+03
1.01325D-02	8.00000D-01	2.50000E+03	4.73294E-02	5.19793E+03
1.01325D-02	8.00000D-01	2.52500E+03	5.04404E-02	5.51461E+03
1.01325D-02	8.00000D-01	2.55000E+03	5.36869E-02	5.84913E+03
1.01325D-02	8.00000D-01	2.57500E+03	5.70846E-02	6.20174E+03
1.01325D-02	8.00000D-01	2.60000E+03	6.06577E-02	6.57261E+03
1.01325D-02	8.00000D-01	2.62500E+03	6.44424E-02	6.96182E+03
1.01325D-02	8.00000D-01	2.65000E+03	6.84915E-02	7.36934E+03
1.01325D-02	8.00000D-01	2.67500E+03	7.28801E-02	7.79512E+03
1.01325D-02	8.00000D-01	2.70000E+03	7.77132E-02	8.23908E+03
1.01325D-02	8.00000D-01	2.72500E+03	8.31354E-02	8.70119E+03
1.01325D-02	8.00000D-01	2.75000E+03	8.93436E-02	9.18155E+03
1.01325D-02	8.00000D-01	2.77500E+03	9.66026E-02	9.68046E+03
1.01325D-02	8.00000D-01	2.80000E+03	1.05266E-01	1.01986E+04
1.01325D-02	8.00000D-01	2.82500E+03	1.15801E-01	1.07370E+04
1.01325D-02	8.00000D-01	2.85000E+03	1.28825E-01	1.12975E+04
1.01325D-02	8.00000D-01	2.87500E+03	1.45146E-01	1.18827E+04
1.01325D-02	8.00000D-01	2.90000E+03	1.65821E-01	1.24959E+04
1.01325D-02	8.00000D-01	2.92500E+03	1.92236E-01	1.31418E+04
1.01325D-02	8.00000D-01	2.95000E+03	2.26203E-01	1.38257E+04
1.01325D-02	8.00000D-01	2.97500E+03	2.70111E-01	1.45543E+04
1.01325D-02	8.00000D-01	3.00000E+03	3.27129E-01	1.53344E+04
1.01325D-02	8.00000D-01	3.02500E+03	4.01504E-01	1.61731E+04
1.01325D-02	8.00000D-01	3.05000E+03	4.99017E-01	1.70768E+04
1.01325D-02	8.00000D-01	3.07500E+03	6.27693E-01	1.80497E+04
1.01325D-02	8.00000D-01	3.10000E+03	7.98950E-01	1.90926E+04
1.01325D-02	8.00000D-01	3.12500E+03	1.02957E+00	2.02016E+04
1.01325D-02	8.00000D-01	3.15000E+03	1.34521E+00	2.13665E+04
1.01325D-02	8.00000D-01	3.17500E+03	1.78722E+00	2.25704E+04
1.01325D-02	8.00000D-01	3.20000E+03	2.42673E+00	2.37897E+04
1.01325D-02	8.00000D-01	3.22500E+03	3.39754E+00	2.49953E+04
1.01325D-02	8.00000D-01	3.25000E+03	4.98459E+00	2.61550E+04
1.01325D-02	8.00000D-01	3.27500E+03	7.92095E+00	2.72358E+04
1.01325D-02	8.00000D-01	3.30000E+03	1.48315E+01	2.82048E+04
1.01325D-02	8.00000D-01	3.32500E+03	4.70853E+01	2.90221E+04
1.01325D-02	8.00000D-01	3.35000E+03	4.70853E+01	2.90221E+04
1.01325D-02	8.00000D-01	3.37500E+03	4.70853E+01	2.90221E+04
1.01325D-02	8.00000D-01	3.40000E+03	4.70853E+01	2.90221E+04
1.01325D-02	8.00000D-01	3.42500E+03	4.70853E+01	2.90221E+04
1.01325D-02	8.00000D-01	3.45000E+03	4.70853E+01	2.90221E+04
1.01325D-02	8.00000D-01	3.47500E+03	4.70853E+01	2.90221E+04
1.01325D-02	8.00000D-01	3.50000E+03	4.70853E+01	2.90221E+04
1.01325D-02	8.00000D-01	3.52500E+03	4.70853E+01	2.90221E+04
1.01325D-02	8.00000D-01	3.55000E+03	4.70853E+01	2.90221E+04
1.01325D-02	8.00000D-01	3.57500E+03	4.70853E+01	2.90221E+04
1.01325D-02	8.00000D-01	3.60000E+03	4.70853E+01	2.90221E+04
1.01325D-02	8.00000D-01	3.62500E+03	4.70853E+01	2.90221E+04
1.01325D-02	8.00000D-01	3.65000E+03	4.70853E+01	2.90221E+04
1.01325D-02	8.00000D-01	3.67500E+03	4.70853E+01	2.90221E+04
1.01325D-02	8.00000D-01	3.70000E+03	4.70853E+01	2.90221E+04
1.01325D-02	8.00000D-01	3.72500E+03	4.70853E+01	2.90221E+04
1.01325D-02	8.00000D-01	3.75000E+03	4.70853E+01	2.90221E+04
1.01325D-02	8.00000D-01	3.77500E+03	4.70853E+01	2.90221E+04
1.01325D-02	8.00000D-01	3.80000E+03	4.70853E+01	2.90221E+04
1.01325D-02	8.00000D-01	3.82500E+03	4.70853E+01	2.90221E+04
1.01325D-02	8.00000D-01	3.85000E+03	4.70853E+01	2.90221E+04
1.01325D-02	8.00000D-01	3.87500E+03	4.70853E+01	2.90221E+04
1.01325D-02	8.00000D-01	3.90000E+03	4.70853E+01	2.90221E+04
1.01325D-02	8.00000D-01	3.92500E+03	4.70853E+01	2.90221E+04
1.01325D-02	8.00000D-01	3.95000E+03	4.70853E+01	2.90221E+04
1.01325D-02	8.00000D-01	3.97500E+03	4.70853E+01	2.90221E+04
1.01325D-02	8.00000D-01	4.00000E+03	4.70853E+01	2.90221E+04
p (bar)	B'g	Temp (K)	B'c	Hw (kJ/kg)
1.01325D-02	9.00000D-01	2.50000E+02	0.00000E+00	-5.95026E+03
1.01325D-02	9.00000D-01	2.75000E+02	0.00000E+00	-5.89502E+03
1.01325D-02	9.00000D-01	3.00000E+02	0.00000E+00	-5.83261E+03
1.01325D-02	9.00000D-01	3.25000E+02	0.00000E+00	-5.76402E+03
1.01325D-02	9.00000D-01	3.50000E+02	0.00000E+00	-5.69091E+03
1.01325D-02	9.00000D-01	3.75000E+02	0.00000E+00	-5.61480E+03
1.01325D-02	9.00000D-01	4.00000E+02	0.00000E+00	-5.53651E+03
1.01325D-02	9.00000D-01	4.25000E+02	0.00000E+00	-5.45587E+03
1.01325D-02	9.00000D-01	4.50000E+02	0.00000E+00	-5.37157E+03
1.01325D-02	9.00000D-01	4.75000E+02	0.00000E+00	-5.28111E+03
1.01325D-02	9.00000D-01	5.00000E+02	0.00000E+00	-5.18077E+03
1.01325D-02	9.00000D-01	5.25000E+02	0.00000E+00	-5.06581E+03
1.01325D-02	9.00000D-01	5.50000E+02	0.00000E+00	-4.93085E+03
1.01325D-02	9.00000D-01	5.75000E+02	0.00000E+00	-4.77089E+03
1.01325D-02	9.00000D-01	6.00000E+02	0.00000E+00	-4.58244E+03
1.01325D-02	9.00000D-01	6.25000E+02	0.00000E+00	-4.36390E+03
1.01325D-02	9.00000D-01	6.50000E+02	0.00000E+00	-4.11388E+03
1.01325D-02	9.00000D-01	6.75000E+02	0.00000E+00	-3.82824E+03
1.01325D-02	9.00000D-01	7.00000E+02	0.00000E+00	-3.49931E+03
1.01325D-02	9.00000D-01	7.25000E+02	0.00000E+00	-3.12056E+03
1.01325D-02	9.00000D-01	7.50000E+02	0.00000E+00	-2.69707E+03
1.01325D-02	9.00000D-01	7.75000E+02	0.00000E+00	-2.25626E+03
1.01325D-02	9.00000D-01	8.00000E+02	0.00000E+00	-1.84618E+03
1.01325D-02	9.00000D-01	8.25000E+02	0.00000E+00	-1.51184E+03
1.01325D-02	9.00000D-01	8.50000E+02	0.00000E+00	-1.26809E+03
1.01325D-02	9.00000D-01	8.75000E+02	0.00000E+00	-1.09951E+03
1.01325D-02	9.00000D-01	9.00000E+02	0.00000E+00	-9.80819E+02
1.01325D-02	9.00000D-01	9.25000E+02	0.00000E+00	-8.91437E+02
1.01325D-02	9.00000D-01	9.50000E+02	0.00000E+00	-8.18358E+02
1.01325D-02	9.00000D-01	9.75000E+02	0.00000E+00	-7.54199E+02
1.01325D-02	9.00000D-01	1.00000E+03	0.00000E+00	-6.94920E+02
1.01325D-02	9.00000D-01	1.02500E+03	0.00000E+00	-6.38330E+02
1.01325D-02	9.00000D-01	1.05000E+03	0.00000E+00	-5.83227E+02
1.01325D-02	9.00000D-01	1.07500E+03	0.00000E+00	-5.28931E+02
1.01325D-02	9.00000D-01	1.10000E+03	0.00000E+00	-4.75049E+02
1.01325D-02	9.00000D-01	1.12500E+03	0.00000E+00	-4.21353E+02
1.01325D-02	9.00000D-01	1.15000E+03	0.00000E+00	-3.67704E+02
1.01325D-02	9.00000D-01	1.17500E+03	0.00000E+00	-3.14014E+02
1.01325D-02	9.00000D-01	1.20000E+03	0.00000E+00	-2.60230E+02
1.01325D-02	9.00000D-01	1.22500E+03	0.00000E+00	-2.06315E+02
1.01325D-02	9.00000D-01	1.25000E+03	0.00000E+00	-1.52242E+02
1.01325D-02	9.00000D-01	1.27500E+03	0.00000E+00	-9.79936E+01
1.01325D-02	9.00000D-01	1.30000E+03	0.00000E+00	-4.35530E+01
1.01325D-02	9.00000D-01	1.32500E+03	0.00000E+00	1.10938E+01
1.01325D-02	9.00000D-01	1.35000E+03	0.00000E+00	6.59614E+01
1.01325D-02	9.00000D-01	1.37500E+03	0.00000E+00	1.21065E+02
1.01325D-02	9.00000D-01	1.40000E+03	0.00000E+00	1.76422E+02
1.01325D-02	9.00000D-01	1.42500E+03	0.00000E+00	2.32053E+02
1.01325D-02	9.00000D-01	1.45000E+03	0.00000E+00	2.87982E+02
1.01325D-02	9.00000D-01	1.47500E+03	0.00000E+00	3.44237E+02
1.01325D-02	9.00000D-01	1.50000E+03	0.00000E+00	4.00852E+02
1.01325D-02	9.00000D-01	1.52500E+03	0.00000E+00	4.57867E+02
1.01325D-02	9.00000D-01	1.55000E+03	0.00000E+00	5.15332E+02
1.01325D-02	9.00000D-01	1.57500E+03	0.00000E+00	5.73301E+02
1.01325D-02	9.00000D-01	1.60000E+03	0.00000E+00	6.31842E+02
1.01325D-02	9.00000D-01	1.62500E+03	0.00000E+00	6.91031E+02
1.01325D-02	9.00000D-01	1.65000E+03	0.00000E+00	7.50958E+02
1.01325D-02	9.00000D-01	1.67500E+03	0.00000E+00	8.11729E+02
1.01325D-02	9.00000D-01	1.70000E+03	0.00000E+00	8.73461E+02
1.01325D-02	9.00000D-01	1.72500E+03	0.00000E+00	9.36293E+02
1.01325D-02	9.00000D-01	1.75000E+03	0.00000E+00	1.00038E+03
1.01325D-02	9.00000D-01	1.77500E+03	0.00000E+00	1.06590E+03
1.01325D-02	9.00000D-01	1.80000E+03	0.00000E+00	1.13305E+03
1.01325D-02	9.00000D-01	1.82500E+03	0.00000E+00	1.20205E+03
1.01325D-02	9.00000D-01	1.85000E+03	0.00000E+00	1.27315E+03
1.01325D-02	9.00000D-01	1.87500E+03	0.00000E+00	1.34664E+03
1.01325D-02	9.00000D-01	1.90000E+03	0.00000E+00	1.42282E+03
1.01325D-02	9.00000D-01	1.92500E+03	0.00000E+00	1.50203E+03
1.01325D-02	9.00000D-01	1.95000E+03	0.00000E+00	1.58463E+03
1.01325D-02	9.00000D-01	1.97500E+03	0.00000E+00	1.67105E+03
1.01325D-02	9.00000D-01	2.00000E+03	0.00000E+00	1.76171E+03
1.01325D-02	9.00000D-01	2.02500E+03	0.00000E+00	1.85710E+03
1.01325D-02	9.00000D-01	2.05000E+03	0.00000E+00	1.95773E+03
1.01325D-02	9.00000D-01	2.07500E+03	0.00000E+00	2.06416E+03
1.01325D-02	9.00000D-01	2.10000E+03	0.00000E+00	2.17698E+03
1.01325D-02	9.00000D-01	2.12500E+03	0.00000E+00	2.29681E+03
1.01325D-02	9.00000D-01	2.15000E+03	0.00000E+00	2.42432E+03
1.01325D-02	9.00000D-01	2.17500E+03	0.00000E+00	2.56020E+03
1.01325D-02	9.00000D-01	2.20000E+03	0.00000E+00	2.70518E+03
1.01325D-02	9.00000D-01	2.22500E+03	5.24954E-04	2.86002E+03
1.01325D-02	9.00000D-01	2.25000E+03	2.50547E-03	3.02550E+03
1.01325D-02	9.00000D-01	2.27500E+03	4.60694E-03	3.20242E+03
1.01325D-02	9.00000D-01	2.30000E+03	6.83141E-03	3.39159E+03
1.01325D-02	9.00000D-01	2.32500E+03	9.18042E-03	3.59383E+03
1.01325D-02	9.00000D-01	2.35000E+03	1.16551E-02	3.80997E+03
1.01325D-02	9.00000D-01	2.37500E+03	1.42561E-02	4.04079E+03
1.01325D-02	9.00000D-01	2.40000E+03	1.69839E-02	4.28710E+03
1.01325D-02	9.00000D-01	2.42500E+03	1.98389E-02	4.54963E+03
1.01325D-02	9.00000D-01	2.45000E+03	2.28220E-02	4.82910E+03
1.01325D-02	9.00000D-01	2.47500E+03	2.59348E-02	5.12616E+03
1.01325D-02	9.00000D-01	2.50000E+03	2.91807E-02	5.44137E+03
1.01325D-02	9.00000D-01	2.52500E+03	3.25658E-02	5.77524E+03
1.01325D-02	9.00000D-01	2.55000E+03	3.61009E-02	6.12816E+03
1.01325D-02	9.00000D-01	2.57500E+03	3.98028E-02	6.50044E+03
1.01325D-02	9.00000D-01	2.60000E+03	4.36978E-02	6.89226E+03
1.01325D-02	9.00000D-01	2.62500E+03	4.78251E-02	7.30371E+03
1.01325D-02	9.00000D-01	2.65000E+03	5.22417E-02	7.73480E+03
1.01325D-02	9.00000D-01	2.67500E+03	5.70287E-02	8.18544E+03
1.01325D-02	9.00000D-01	2.70000E+03	6.22999E-02	8.65553E+03
1.01325D-02	9.00000D-01	2.72500E+03	6.82118E-02	9.14498E+03
1.01325D-02	9.00000D-01	2.75000E+03	7.49777E-02	9.65379E+03
1.01325D-02	9.00000D-01	2.77500E+03	8.28850E-02	1.01821E+04
1.01325D-02	9.00000D-01	2.80000E+03	9.23173E-02	1.07305E+04
1.01325D-02	9.00000D-01	2.82500E+03	1.03783E-01	1.12998E+04
1.01325D-02	9.00000D-01	2.85000E+03	1.17953E-01	1.18914E+04
1.01325D-02	9.00000D-01	2.87500E+03	1.35708E-01	1.25076E+04
1.01325D-02	9.00000D-01	2.90000E+03	1.58198E-01	1.31514E+04
1.01325D-02	9.00000D-01	2.92500E+03	1.86933E-01	1.38266E+04
1.01325D-02	9.00000D-01	2.95000E+03	2.23890E-01	1.45380E+04
1.01325D-02	9.00000D-01	2.97500E+03	2.71674E-01	1.52912E+04
1.01325D-02	9.00000D-01	3.00000E+03	3.33742E-01	1.60919E+04
1.01325D-02	9.00000D-01	3.02500E+03	4.14729E-01	1.69458E+04
1.01325D-02	9.00000D-01	3.05000E+03	5.20945E-01	1.78575E+04
1.01325D-02	9.00000D-01	3.07500E+03	6.61144E-01	1.88294E+04
1.01325D-02	9.00000D-01	3.10000E+03	8.47791E-01	1.98602E+04
1.01325D-02	9.00000D-01	3.12500E+03	1.09919E+00	2.09439E+04
1.01325D-02	9.00000D-01	3.15000E+03	1.44336E+00	2.20686E+04
1.01325D-02	9.00000D-01	3.17500E+03	1.92539E+00	2.32162E+04
1.01325D-02	9.00000D-01	3.20000E+03	2.62288E+00	2.43629E+04
1.01325D-02	9.00000D-01	3.22500E+03	3.68172E+00	2.54809E+04
1.01325D-02	9.00000D-01	3.25000E+03	5.41257E+00	2.65407E+04
1.01325D-02	9.00000D-01	3.27500E+03	8.61419E+00	2.75129E+04
1.01325D-02	9.00000D-01	3.30000E+03	1.61447E+01	2.83696E+04
1.01325D-02	9.00000D-01	3.32500E+03	5.12345E+01	2.90773E+04
1.01325D-02	9.00000D-01	3.35000E+03	5.12345E+01	2.90773E+04
1.01325D-02	9.00000D-01	3.37500E+03	5.12345E+01	2.90773E+04
1.01325D-02	9.00000D-01	3.40000E+03	5.12345E+01	2.90773E+04
1.01325D-02	9.00000D-01	3.42500E+03	5.12345E+01	2.90773E+04
1.01325D-02	9.00000D-01	3.45000E+03	5.12345E+01	2.90773E+04
1.01325D-02	9.00000D-01	3.47500E+03	5.12345E+01	2.90773E+04
1.01325D-02	9.00000D-01	3.50000E+03	5.12345E+01	2.90773E+04
1.01325D-02	9.00000D-01	3.52500E+03	5.12345E+01	2.90773E+04
1.01325D-02	9.00000D-01	3.55000E+03	5.12345E+01	2.90773E+04
1.01325D-02	9.00000D-01	3.57500E+03	5.12345E+01	2.90773E+04
1.01325D-02	9.00000D-01	3.60000E+03	5.12345E+01	2.90773E+04
1.01325D-02	9.00000D-01	3.62500E+03	5.12345E+01	2.90773E+04
1.01325D-02	9.00000D-01	3.65000E+03	5.12345E+01	2.90773E+04
1.01325D-02	9.00000D-01	3.67500E+03	5.12345E+01	2.90773E+04
1.01325D-02	9.00000D-01	3.70000E+03	5.12345E+01	2.90773E+04
1.01325D-02	9.00000D-01	3.72500E+03	5.12345E+01	2.90773E+04
1.01325D-02	9.00000D-01	3.75000E+03	5.12345E+01	2.90773E+04
1.01325D-02	9.00000D-01	3.77500E+03	5.12345E+01	2.90773E+04
1.01325D-02	9.00000D-01	3.80000E+03	5.12345E+01	2.90773E+04
1.01325D-02	9.00000D-01	3.82500E+03	5.12345E+01	2.90773E+04
1.01325D-02	9.00000D-01	3.85000E+03	5.12345E+01	2.90773E+04
1.01325D-02	9.00000D-01	3.87500E+03	5.12345E+01	2.90773E+04
1.01325D-02	9.00000D-01	3.90000E+03	5.12345E+01	2.90773E+04
1.01325D-02	9.00000D-01	3.92500E+03	5.12345E+01	2.90773E+04
1.01325D-02	9.00000D-01	3.95000E+03	5.12345E+01	2.90773E+04
1.01325D-02	9.00000D-01	3.97500E+03	5.12345E+01	2.90773E+04
1.01325D-02	9.00000D-01	4.00000E+03	5.12345E+01	2.90773E+04
p (bar)	B'g	Temp (K)	B'c	Hw (kJ/kg)
1.01325D-02	1.00000D+00	2.50000E+02	0.00000E+00	-6.11061E+03
1.01325D-02	1.00000D+00	2.75000E+02	0.00000E+00	-6.05555E+03
1.01325D-02	1.00000D+00	3.00000E+02	0.00000E+00	-5.99340E+03
1.01325D-02	1.00000D+00	3.25000E+02	0.00000E+00	-5.92495E+03
1.01325D-02	1.00000D+00	3.50000E+02	0.00000E+00	-5.85171E+03
1.01325D-02	1.00000D+00	3.75000E+02	0.00000E+00	-5.77516E+03
1.01325D-02	1.00000D+00	4.00000E+02	0.00000E+00	-5.69618E+03
1.01325D-02	1.00000D+00	4.25000E+02	0.00000E+00	-5.61467E+03
1.01325D-02	1.00000D+00	4.50000E+02	0.00000E+00	-5.52941E+03
1.01325D-02	1.00000D+00	4.75000E+02	0.00000E+00	-5.43798E+03
1.01325D-02	1.00000D+00	5.00000E+02	0.00000E+00	-5.33664E+03
1.01325D-02	1.00000D+00	5.25000E+02	0.00000E+00	-5.22048E+03
1.01325D-02	1.00000D+00	5.50000E+02	0.00000E+00	-5.08379E+03
1.01325D-02	1.00000D+00	5.75000E+02	0.00000E+00	-4.92095E+03
1.01325D-02	1.00000D+00	6.00000E+02	0.00000E+00	-4.72778E+03
1.01325D-02	1.00000D+00	6.25000E+02	0.00000E+00	-4.50215E+03
1.01325D-02	1.00000D+00	6.50000E+02	0.00000E+00	-4.24251E+03
1.01325D-02	1.00000D+00	6.75000E+02	0.00000E+00	-3.94493E+03
1.01325D-02	1.00000D+00	7.00000E+02	0.00000E+00	-3.60208E+03
1.01325D-02	1.00000D+00	7.25000E+02	0.00000E+00	-3.20786E+03
1.01325D-02	1.00000D+00	7.50000E+02	0.00000E+00	-2.76809E+03
1.01325D-02	1.00000D+00	7.75000E+02	0.00000E+00	-2.31150E+03
1.01325D-02	1.00000D+00	8.00000E+02	0.00000E+00	-1.88771E+03
1.01325D-02	1.00000D+00	8.25000E+02	0.00000E+00	-1.54280E+03
1.01325D-02	1.00000D+00	8.50000E+02	0.00000E+00	-1.29157E+03
1.01325D-02	1.00000D+00	8.75000E+02	0.00000E+00	-1.11785E+03
1.01325D-02	1.00000D+00	9.00000E+02	0.00000E+00	-9.95525E+02
1.01325D-02	1.00000D+00	9.25000E+02	0.00000E+00	-9.03397E+02
1.01325D-02	1.00000D+00	9.50000E+02	0.00000E+00	-8.28079E+02
1.01325D-02	1.00000D+00	9.75000E+02	0.00000E+00	-7.61968E+02
1.01325D-02	1.00000D+00	1.00000E+03	0.00000E+00	-7.00902E+02
1.01325D-02	1.00000D+00	1.02500E+03	0.00000E+00	-6.42621E+02
1.01325D-02	1.00000D+00	1.05000E+03	0.00000E+00	-5.85883E+02
1.01325D-02	1.00000D+00	1.07500E+03	0.00000E+00	-5.29984E+02
1.01325D-02	1.00000D+00	1.10000E+03	0.00000E+00	-4.74520E+02
1.01325D-02	1.00000D+00	1.12500E+03	0.00000E+00	-4.19252E+02
1.01325D-02	1.00000D+00	1.15000E+03	0.00000E+00	-3.64035E+02
1.01325D-02	1.00000D+00	1.17500E+03	0.00000E+00	-3.08780E+02
1.01325D-02	1.00000D+00	1.20000E+03	0.00000E+00	-2.53429E+02
1.01325D-02	1.00000D+00	1.22500E+03	0.00000E+00	-1.97945E+02
1.01325D-02	1.00000D+00	1.25000E+03	0.00000E+00	-1.42300E+02
1.01325D-02	1.00000D+00	1.27500E+03	0.00000E+00	-8.64740E+01
1.01325D-02	1.00000D+00	1.30000E+03	0.00000E+00	-3.04511E+01
1.01325D-02	1.00000D+00	1.32500E+03	0.00000E+00	2.57840E+01
1.01325D-02	1.00000D+00	1.35000E+03	0.00000E+00	8.22462E+01
1.01325D-02	1.00000D+00	1.37500E+03	0.00000E+00	1.38952E+02
1.01325D-02	1.00000D+00	1.40000E+03	0.00000E+00	1.95918E+02
1.01325D-02	1.00000D+00	1.42500E+03	0.00000E+00	2.53167E+02
1.01325D-02	1.00000D+00	1.45000E+03	0.00000E+00	3.10724E+02
1.01325D-02	1.00000D+00	1.47500E+03	0.00000E+00	3.68617E+02
1.01325D-02	1.00000D+00	1.50000E+03	0.00000E+00	4.26883E+02
1.01325D-02	1.00000D+00	1.52500E+03	0.00000E+00	4.85563E+02
1.01325D-02	1.00000D+00	1.55000E+03	0.00000E+00	5.44708E+02
1.01325D-02	1.00000D+00	1.57500E+03	0.00000E+00	6.04375E+02
1.01325D-02	1.00000D+00	1.60000E+03	0.00000E+00	6.64635E+02
1.01325D-02	1.00000D+00	1.62500E+03	0.00000E+00	7.25567E+02
1.01325D-02	1.00000D+00	1.65000E+03	0.00000E+00	7.87266E+02
1.01325D-02	1.00000D+00	1.67500E+03	0.00000E+00	8.49840E+02
1.01325D-02	1.00000D+00	1.70000E+03	0.00000E+00	9.13415E+02
1.01325D-02	1.00000D+00	1.72500E+03	0.00000E+00	9.78133E+02
1.01325D-02	1.00000D+00	1.75000E+03	0.00000E+00	1.04416E+03
1.01325D-02	1.00000D+00	1.77500E+03	0.00000E+00	1.11167E+03
1.01325D-02	1.00000D+00	1.80000E+03	0.00000E+00	1.18088E+03
1.01325D-02	1.00000D+00	1.82500E+03	0.00000E+00	1.25203E+03
1.01325D-02	1.00000D+00	1.85000E+03	0.00000E+00	1.32537E+03
1.01325D-02	1.00000D+00	1.87500E+03	0.00000E+00	1.40120E+03
1.01325D-02	1.00000D+00	1.90000E+03	0.00000E+00	1.47983E+03
1.01325D-02	1.00000D+00	1.92500E+03	0.00000E+00	1.56162E+03
1.01325D-02	1.00000D+00	1.95000E+03	0.00000E+00	1.64697E+03
1.01325D-02	1.00000D+00	1.97500E+03	0.00000E+00	1.73630E+03
1.01325D-02	1.00000D+00	2.00000E+03	0.00000E+00	1.83006E+03
1.01325D-02	1.00000D+00	2.02500E+03	0.00000E+00	1.92877E+03
1.01325D-02	1.00000D+00	2.05000E+03	0.00000E+00	2.03297E+03
1.01325D-02	1.00000D+00	2.07500E+03	0.00000E+00	2.14323E+03
1.01325D-02	1.00000D+00	2.10000E+03	0.00000E+00	2.26017E+03
1.01325D-02	1.00000D+00	2.12500E+03	0.00000E+00	2.38446E+03
1.01325D-02	1.00000D+00	2.15000E+03	0.00000E+00	2.51679E+03
1.01325D-02	1.00000D+00	2.17500E+03	0.00000E+00	2.65789E+03
1.01325D-02	1.00000D+00	2.20000E+03	0.00000E+00	2.80854E+03
1.01325D-02	1.00000D+00	2.22500E+03	0.00000E+00	2.96952E+03
1.01325D-02	1.00000D+00	2.25000E+03	0.00000E+00	3.14167E+03
1.01325D-02	1.00000D+00	2.27500E+03	0.00000E+00	3.32582E+03
1.01325D-02	1.00000D+00	2.30000E+03	0.00000E+00	3.52284E+03
1.01325D-02	1.00000D+00	2.32500E+03	0.00000E+00	3.73360E+03
1.01325D-02	1.00000D+00	2.35000E+03	0.00000E+00	3.95895E+03
1.01325D-02	1.00000D+00	2.37500E+03	0.00000E+00	4.19977E+03
1.01325D-02	1.00000D+00	2.40000E+03	0.00000E+00	4.45688E+03
1.01325D-02	1.00000D+00	2.42500E+03	8.43550E-04	4.73110E+03
1.01325D-02	1.00000D+00	2.45000E+03	4.05516E-03	5.02316E+03
1.01325D-02	1.00000D+00	2.47500E+03	7.40880E-03	5.33379E+03
1.01325D-02	1.00000D+00	2.50000E+03	1.09083E-02	5.66360E+03
1.01325D-02	1.00000D+00	2.52500E+03	1.45604E-02	6.01313E+03
1.01325D-02	1.00000D+00	2.55000E+03	1.83766E-02	6.38282E+03
1.01325D-02	1.00000D+00	2.57500E+03	2.23753E-02	6.77301E+03
1.01325D-02	1.00000D+00	2.60000E+03	2.65846E-02	7.18392E+03
1.01325D-02	1.00000D+00	2.62500E+03	3.10468E-02	7.61565E+03
1.01325D-02	1.00000D+00	2.65000E+03	3.58231E-02	8.06821E+03
1.01325D-02	1.00000D+00	2.67500E+03	4.10008E-02	8.54151E+03
1.01325D-02	1.00000D+00	2.70000E+03	4.67023E-02	9.03541E+03
1.01325D-02	1.00000D+00	2.72500E+03	5.30961E-02	9.54977E+03
1.01325D-02	1.00000D+00	2.75000E+03	6.04120E-02	1.00845E+04
1.01325D-02	1.00000D+00	2.77500E+03	6.89599E-02	1.06396E+04
1.01325D-02	1.00000D+00	2.80000E+03	7.91538E-02	1.12155E+04
1.01325D-02	1.00000D+00	2.82500E+03	9.15429E-02	1.18128E+04
1.01325D-02	1.00000D+00	2.85000E+03	1.06852E-01	1.24327E+04
1.01325D-02	1.00000D+00	2.87500E+03	1.26031E-01	1.30771E+04
1.01325D-02	1.00000D+00	2.90000E+03	1.50329E-01	1.37483E+04
1.01325D-02	1.00000D+00	2.92500E+03	1.81376E-01	1.44498E+04
1.01325D-02	1.00000D+00	2.95000E+03	2.21314E-01	1.51856E+04
1.01325D-02	1.00000D+00	2.97500E+03	2.72966E-01	1.59603E+04
1.01325D-02	1.00000D+00	3.00000E+03	3.40075E-01	1.67786E+04
1.01325D-02	1.00000D+00	3.02500E+03	4.27663E-01	1.76448E+04
1.01325D-02	1.00000D+00	3.05000E+03	5.42568E-01	1.85620E+04
1.01325D-02	1.00000D+00	3.07500E+03	6.94279E-01	1.95307E+04
1.01325D-02	1.00000D+00	3.10000E+03	8.96299E-01	2.05479E+04
1.01325D-02	1.00000D+00	3.12500E+03	1.16847E+00	2.16059E+04
1.01325D-02	1.00000D+00	3.15000E+03	1.54113E+00	2.26914E+04
1.01325D-02	1.00000D+00	3.17500E+03	2.06315E+00	2.37857E+04
1.01325D-02	1.00000D+00	3.20000E+03	2.81856E+00	2.48652E+04
1.01325D-02	1.00000D+00	3.22500E+03	3.96537E+00	2.59037E+04
1.01325D-02	1.00000D+00	3.25000E+03	5.83987E+00	2.68741E+04
1.01325D-02	1.00000D+00	3.27500E+03	9.30645E+00	2.77508E+04
1.01325D-02	1.00000D+00	3.30000E+03	1.74560E+01	2.85103E+04
1.01325D-02	1.00000D+00	3.32500E+03	5.53763E+01	2.91243E+04
1.01325D-02	1.00000D+00	3.35000E+03	5.53763E+01	2.91243E+04
1.01325D-02	1.00000D+00	3.37500E+03	5.53763E+01	2.91243E+04
1.01325D-02	1.00000D+00	3.40000E+03	5.53763E+01	2.91243E+04
1.01325D-02	1.00000D+00	3.42500E+03	5.53763E+01	2.91243E+04
1.01325D-02	1.00000D+00	3.45000E+03	5.53763E+01	2.91243E+04
1.01325D-02	1.00000D+00	3.47500E+03	5.53763E+01	2.91243E+04
1.01325D-02	1.00000D+00	3.50000E+03	5.53763E+01	2.91243E+04
1.01325D-02	1.00000D+00	3.52500E+03	5.53763E+01	2.91243E+04
1.01325D-02	1.00000D+00	3.55000E+03	5.53763E+01	2.91243E+04
1.01325D-02	1.00000D+00	3.57500E+03	5.53763E+01	2.91243E+04
1.01325D-02	1.00000D+00	3.60000E+03	5.53763E+01	2.91243E+04
1.01325D-02	1.00000D+00	3.62500E+03	5.53763E+01	2.91243E+04
1.01325D-02	1.00000D+00	3.65000E+03	5.53763E+01	2.91243E+04
1.01325D-02	1.00000D+00	3.67500E+03	5.53763E+01	2.91243E+04
1.01325D-02	1.00000D+00	3.70000E+03	5.53763E+01	2.91243E+04
1.01325D-02	1.00000D+00	3.72500E+03	5.53763E+01	2.91243E+04
1.01325D-02	1.00000D+00	3.75000E+03	5.53763E+01	2.91243E+04
1.01325D-02	1.00000D+00	3.77500E+03	5.53763E+01	2.91243E+04
1.01325D-02	1.00000D+00	3.80000E+03	5.53763E+01	2.91243E+04
1.01325D-02	1.00000D+00	3.82500E+03	5.53763E+01	2.91243E+04
1.01325D-02	1.00000D+00	3.85000E+03	5.53763E+01	2.91243E+04
1.01325D-02	1.00000D+00	3.87500E+03	5.53763E+01	2.91243E+04
1.01325D-02	1.00000D+00	3.90000E+03	5.53763E+01	2.91243E+04
1.01325D-02	1.00000D+00	3.92500E+03	5.53763E+01	2.91243E+04
1.01325D-02	1.00000D+00	3.95000E+03	5.53763E+01	2.91243E+04
1.01325D-02	1.00000D+00	3.97500E+03	5.53763E+01	2.91243E+04
1.01325D-02	1.00000D+00	4.00000E+03	5.53763E+01	2.91243E+04
p (bar)	B'g	Temp (K)	B'c	Hw (kJ/kg)
1.01325D-02	1.20000D+00	2.50000E+02	0.00000E+00	-6.39036E+03
1.01325D-02	1.20000D+00	2.75000E+02	0.00000E+00	-6.33529E+03
1.01325D-02	1.20000D+00	3.00000E+02	0.00000E+00	-6.27322E+03
1.01325D-02	1.20000D+00	3.25000E+02	0.00000E+00	-6.20471E+03
1.01325D-02	1.20000D+00	3.50000E+02	0.00000E+00	-6.13107E+03
1.01325D-02	1.20000D+00	3.75000E+02	0.00000E+00	-6.05369E+03
1.01325D-02	1.20000D+00	4.00000E+02	0.00000E+00	-5.97352E+03
1.01325D-02	1.20000D+00	4.25000E+02	0.00000E+00	-5.89060E+03
1.01325D-02	1.20000D+00	4.50000E+02	0.00000E+00	-5.80389E+03
1.01325D-02	1.20000D+00	4.75000E+02	0.00000E+00	-5.71107E+03
1.01325D-02	1.20000D+00	5.00000E+02	0.00000E+00	-5.60842E+03
1.01325D-02	1.20000D+00	5.25000E+02	0.00000E+00	-5.49081E+03
1.01325D-02	1.20000D+00	5.50000E+02	0.00000E+00	-5.35192E+03
1.01325D-02	1.20000D+00	5.75000E+02	0.00000E+00	-5.18508E+03
1.01325D-02	1.20000D+00	6.00000E+02	0.00000E+00	-4.98475E+03
1.01325D-02	1.20000D+00	6.25000E+02	0.00000E+00	-4.74762E+03
1.01325D-02	1.20000D+00	6.50000E+02	0.00000E+00	-4.47171E+03
1.01325D-02	1.20000D+00	6.75000E+02	0.00000E+00	-4.15334E+03
1.01325D-02	1.20000D+00	7.00000E+02	0.00000E+00	-3.78584E+03
1.01325D-02	1.20000D+00	7.25000E+02	0.00000E+00	-3.36395E+03
1.01325D-02	1.20000D+00	7.50000E+02	0.00000E+00	-2.89497E+03
1.01325D-02	1.20000D+00	7.75000E+02	0.00000E+00	-2.41005E+03
1.01325D-02	1.20000D+00	8.00000E+02	0.00000E+00	-1.96172E+03
1.01325D-02	1.20000D+00	8.25000E+02	0.00000E+00	-1.59790E+03
1.01325D-02	1.20000D+00	8.50000E+02	0.00000E+00	-1.33333E+03
1.01325D-02	1.20000D+00	8.75000E+02	0.00000E+00	-1.15046E+03
1.01325D-02	1.20000D+00	9.00000E+02	0.00000E+00	-1.02168E+03
1.01325D-02	1.20000D+00	9.25000E+02	0.00000E+00	-9.24664E+02
1.01325D-02	1.20000D+00	9.50000E+02	0.00000E+00	-8.45364E+02
1.01325D-02	1.20000D+00	9.75000E+02	0.00000E+00	-7.75783E+02
1.01325D-02	1.20000D+00	1.00000E+03	0.00000E+00	-7.11539E+02
1.01325D-02	1.20000D+00	1.02500E+03	0.00000E+00	-6.50251E+02
1.01325D-02	1.20000D+00	1.05000E+03	0.00000E+00	-5.90606E+02
1.01325D-02	1.20000D+00	1.07500E+03	0.00000E+00	-5.31860E+02
1.01325D-02	1.20000D+00	1.10000E+03	0.00000E+00	-4.73582E+02
1.01325D-02	1.20000D+00	1.12500E+03	0.00000E+00	-4.15518E+02
1.01325D-02	1.20000D+00	1.15000E+03	0.00000E+00	-3.57515E+02
1.01325D-02	1.20000D+00	1.17500E+03	0.00000E+00	-2.99476E+02
1.01325D-02	1.20000D+00	1.20000E+03	0.00000E+00	-2.41340E+02
1.01325D-02	1.20000D+00	1.22500E+03	0.00000E+00	-1.83066E+02
1.01325D-02	1.20000D+00	1.25000E+03	0.00000E+00	-1.24625E+02
1.01325D-02	1.20000D+00	1.27500E+03	0.00000E+00	-6.59963E+01
1.01325D-02	1.20000D+00	1.30000E+03	0.00000E+00	-7.16091E+00
1.01325D-02	1.20000D+00	1.32500E+03	0.00000E+00	5.18968E+01
1.01325D-02	1.20000D+00	1.35000E+03	0.00000E+00	1.11193E+02
1.01325D-02	1.20000D+00	1.37500E+03	0.00000E+00	1.70744E+02
1.01325D-02	1.20000D+00	1.40000E+03	0.00000E+00	2.30571E+02
1.01325D-02	1.20000D+00	1.42500E+03	0.00000E+00	2.90694E+02
1.01325D-02	1.20000D+00	1.45000E+03	0.00000E+00	3.51141E+02
1.01325D-02	1.20000D+00	1.47500E+03	0.00000E+00	4.11944E+02
1.01325D-02	1.20000D+00	1.50000E+03	0.00000E+00	4.73140E+02
1.01325D-02	1.20000D+00	1.52500E+03	0.00000E+00	5.34774E+02
1.01325D-02	1.20000D+00	1.55000E+03	0.00000E+00	5.96899E+02
1.01325D-02	1.20000D+00	1.57500E+03	0.00000E+00	6.59578E+02
1.01325D-02	1.20000D+00	1.60000E+03	0.00000E+00	7.22885E+02
1.01325D-02	1.20000D+00	1.62500E+03	0.00000E+00	7.86907E+02
1.01325D-02	1.20000D+00	1.65000E+03	0.00000E+00	8.51744E+02
1.01325D-02	1.20000D+00	1.67500E+03	0.00000E+00	9.17514E+02
1.01325D-02	1.20000D+00	1.70000E+03	0.00000E+00	9.84349E+02
1.01325D-02	1.20000D+00	1.72500E+03	0.00000E+00	1.05240E+03
1.01325D-02	1.20000D+00	1.75000E+03	0.00000E+00	1.12185E+03
1.01325D-02	1.20000D+00	1.77500E+03	0.00000E+00	1.19290E+03
1.01325D-02	1.20000D+00	1.80000E+03	0.00000E+00	1.26576E+03
1.01325D-02	1.20000D+00	1.82500E+03	0.00000E+00	1.34069E+03
1.01325D-02	1.20000D+00	1.85000E+03	0.00000E+00	1.41797E+03
1.01325D-02	1.20000D+00	1.87500E+03	0.00000E+00	1.49792E+03
1.01325D-02	1.20000D+00	1.90000E+03	0.00000E+00	1.58088E+03
1.01325D-02	1.20000D+00	1.92500E+03	0.00000E+00	1.66723E+03
1.01325D-02	1.20000D+00	1.95000E+03	0.00000E+00	1.75741E+03
1.01325D-02	1.20000D+00	1.97500E+03	0.00000E+00	1.85186E+03
1.01325D-02	1.20000D+00	2.00000E+03	0.00000E+00	1.95108E+03
1.01325D-02	1.20000D+00	2.02500E+03	0.00000E+00	2.05563E+03
1.01325D-02	1.20000D+00	2.05000E+03	0.00000E+00	2.16609E+03
1.01325D-02	1.20000D+00	2.07500E+03	0.00000E+00	2.28309E+03
1.01325D-02	1.20000D+00	2.10000E+03	0.00000E+00	2.40729E+03
1.01325D-02	1.20000D+00	2.12500E+03	0.00000E+00	2.53941E+03
1.01325D-02	1.20000D+00	2.15000E+03	0.00000E+00	2.68022E+03
1.01325D-02	1.20000D+00	2.17500E+03	0.00000E+00	2.83051E+03
1.01325D-02	1.20000D+00	2.20000E+03	0.00000E+00	2.99110E+03
1.01325D-02	1.20000D+00	2.22500E+03	0.00000E+00	3.16288E+03
1.01325D-02	1.20000D+00	2.25000E+03	0.00000E+00	3.34674E+03
1.01325D-02	1.20000D+00	2.27500E+03	0.00000E+00	3.54361E+03
1.01325D-02	1.20000D+00	2.30000E+03	0.00000E+00	3.75442E+03
1.01325D-02	1.20000D+00	2.32500E+03	0.00000E+00	3.98013E+03
1.01325D-02	1.20000D+00	2.35000E+03	0.00000E+00	4.22170E+03
1.01325D-02	1.20000D+00	2.37500E+03	0.00000E+00	4.48008E+03
1.01325D-02	1.20000D+00	2.40000E+03	0.00000E+00	4.75618E+03
1.01325D-02	1.20000D+00	2.42500E+03	0.00000E+00	5.05092E+03
1.01325D-02	1.20000D+00	2.45000E+03	0.00000E+00	5.36513E+03
1.01325D-02	1.20000D+00	2.47500E+03	0.00000E+00	5.69961E+03
1.01325D-02	1.20000D+00	2.50000E+03	0.00000E+00	6.05507E+03
1.01325D-02	1.20000D+00	2.52500E+03	0.00000E+00	6.43213E+03
1.01325D-02	1.20000D+00	2.55000E+03	0.00000E+00	6.83131E+03
1.01325D-02	1.20000D+00	2.57500E+03	0.00000E+00	7.25300E+03
1.01325D-02	1.20000D+00	2.60000E+03	0.00000E+00	7.69748E+03
1.01325D-02	1.20000D+00	2.62500E+03	0.00000E+00	8.16487E+03
1.01325D-02	1.20000D+00	2.65000E+03	2.57338E-03	8.65519E+03
1.01325D-02	1.20000D+00	2.67500E+03	8.51342E-03	9.16833E+03
1.01325D-02	1.20000D+00	2.70000E+03	1.50563E-02	9.70409E+03
1.01325D-02	1.20000D+00	2.72500E+03	2.23947E-02	1.02622E+04
1.01325D-02	1.20000D+00	2.75000E+03	3.07916E-02	1.08425E+04
1.01325D-02	1.20000D+00	2.77500E+03	4.06017E-02	1.14447E+04
1.01325D-02	1.20000D+00	2.80000E+03	5.22996E-02	1.20689E+04
1.01325D-02	1.20000D+00	2.82500E+03	6.65159E-02	1.27152E+04
1.01325D-02	1.20000D+00	2.85000E+03	8.40828E-02	1.33845E+04
1.01325D-02	1.20000D+00	2.87500E+03	1.06094E-01	1.40777E+04
1.01325D-02	1.20000D+00	2.90000E+03	1.33986E-01	1.47965E+04
1.01325D-02	1.20000D+00	2.92500E+03	1.69638E-01	1.55432E+04
1.01325D-02	1.20000D+00	2.95000E+03	2.15518E-01	1.63203E+04
1.01325D-02	1.20000D+00	2.97500E+03	2.74882E-01	1.71307E+04
1.01325D-02	1.20000D+00	3.00000E+03	3.52049E-01	1.79772E+04
1.01325D-02	1.20000D+00	3.02500E+03	4.52814E-01	1.88615E+04
1.01325D-02	1.20000D+00	3.05000E+03	5.85069E-01	1.97839E+04
1.01325D-02	1.20000D+00	3.07500E+03	7.59767E-01	2.07420E+04
1.01325D-02	1.20000D+00	3.10000E+03	9.92495E-01	2.17297E+04
1.01325D-02	1.20000D+00	3.12500E+03	1.30615E+00	2.27368E+04
1.01325D-02	1.20000D+00	3.15000E+03	1.73575E+00	2.37483E+04
1.01325D-02	1.20000D+00	3.17500E+03	2.33765E+00	2.47449E+04
1.01325D-02	1.20000D+00	3.20000E+03	3.20880E+00	2.57045E+04
1.01325D-02	1.20000D+00	3.22500E+03	4.53134E+00	2.66041E+04
1.01325D-02	1.20000D+00	3.25000E+03	6.69278E+00	2.74218E+04
1.01325D-02	1.20000D+00	3.27500E+03	1.06885E+01	2.81384E+04
1.01325D-02	1.20000D+00	3.30000E+03	2.00740E+01	2.87377E+04
1.01325D-02	1.20000D+00	3.32500E+03	6.36412E+01	2.91997E+04
1.01325D-02	1.20000D+00	3.35000E+03	6.36412E+01	2.91997E+04
1.01325D-02	1.20000D+00	3.37500E+03	6.36412E+01	2.91997E+04
1.01325D-02	1.20000D+00	3.40000E+03	6.36412E+01	2.91997E+04
1.01325D-02	1.20000D+00	3.42500E+03	6.36412E+01	2.91997E+04
1.01325D-02	1.20000D+00	3.45000E+03	6.36412E+01	2.91997E+04
1.01325D-02	1.20000D+00	3.47500E+03	6.36412E+01	2.91997E+04
1.01325D-02	1.20000D+00	3.50000E+03	6.36412E+01	2.91997E+04
1.01325D-02	1.20000D+00	3.52500E+03	6.36412E+01	2.91997E+04
1.01325D-02	1.20000D+00	3.55000E+03	6.36412E+01	2.91997E+04
1.01325D-02	1.20000D+00	3.57500E+03	6.36412E+01	2.91997E+04
1.01325D-02	1.20000D+00	3.60000E+03	6.36412E+01	2.91997E+04
1.01325D-02	1.20000D+00	3.62500E+03	6.36412E+01	2.91997E+04
1.01325D-02	1.20000D+00	3.65000E+03	6.36412E+01	2.91997E+04
1.01325D-02	1.20000D+00	3.67500E+03	6.36412E+01	2.91997E+04
1.01325D-02	1.20000D+00	3.70000E+03	6.36412E+01	2.91997E+04
1.01325D-02	1.20000D+00	3.72500E+03	6.36412E+01	2.91997E+04
1.01325D-02	1.20000D+00	3.75000E+03	6.36412E+01	2.91997E+04
1.01325D-02	1.20000D+00	3.77500E+03	6.36412E+01	2.91997E+04
1.01325D-02	1.20000D+00	3.80000E+03	6.36412E+01	2.91997E+04
1.01325D-02	1.20000D+00	3.82500E+03	6.36412E+01	2.91997E+04
1.01325D-02	1.20000D+00	3.85000E+03	6.36412E+01	2.91997E+04
1.01325D-02	1.20000D+00	3.87500E+03	6.36412E+01	2.91997E+04
1.01325D-02	1.20000D+00	3.90000E+03	6.36412E+01	2.91997E+04
1.01325D-02	1.20000D+00	3.92500E+03	6.36412E+01	2.91997E+04
1.01325D-02	1.20000D+00	3.95000E+03	6.36412E+01	2.91997E+04
1.01325D-02	1.20000D+00	3.97500E+03	6.36412E+01	2.91997E+04
1.01325D-02	1.20000D+00	4.00000E+03	6.36412E+01	2.91997E+04
p (bar)	B'g	Temp (K)	B'c	Hw (kJ/kg)
1.01325D-02	1.50000D+00	2.50000E+02	0.00000E+00	-6.73112E+03
1.01325D-02	1.50000D+00	2.75000E+02	0.00000E+00	-6.67561E+03
1.01325D-02	1.50000D+00	3.00000E+02	0.00000E+00	-6.61319E+03
1.01325D-02	1.50000D+00	3.25000E+02	0.00000E+00	-6.54420E+03
1.01325D-02	1.50000D+00	3.50000E+02	0.00000E+00	-6.46977E+03
1.01325D-02	1.50000D+00	3.75000E+02	0.00000E+00	-6.39125E+03
1.01325D-02	1.50000D+00	4.00000E+02	0.00000E+00	-6.30962E+03
1.01325D-02	1.50000D+00	4.25000E+02	0.00000E+00	-6.22513E+03
1.01325D-02	1.50000D+00	4.50000E+02	0.00000E+00	-6.13692E+03
1.01325D-02	1.50000D+00	4.75000E+02	0.00000E+00	-6.04286E+03
1.01325D-02	1.50000D+00	5.00000E+02	0.00000E+00	-5.93931E+03
1.01325D-02	1.50000D+00	5.25000E+02	0.00000E+00	-5.82092E+03
1.01325D-02	1.50000D+00	5.50000E+02	0.00000E+00	-5.68071E+03
1.01325D-02	1.50000D+00	5.75000E+02	0.00000E+00	-5.51070E+03
1.01325D-02	1.50000D+00	6.00000E+02	0.00000E+00	-5.30348E+03
1.01325D-02	1.50000D+00	6.25000E+02	0.00000E+00	-5.05395E+03
1.01325D-02	1.50000D+00	6.50000E+02	0.00000E+00	-4.75917E+03
1.01325D-02	1.50000D+00	6.75000E+02	0.00000E+00	-4.41563E+03
1.01325D-02	1.50000D+00	7.00000E+02	0.00000E+00	-4.01746E+03
1.01325D-02	1.50000D+00	7.25000E+02	0.00000E+00	-3.56071E+03
1.01325D-02	1.50000D+00	7.50000E+02	0.00000E+00	-3.05471E+03
1.01325D-02	1.50000D+00	7.75000E+02	0.00000E+00	-2.53392E+03
1.01325D-02	1.50000D+00	8.00000E+02	0.00000E+00	-2.05456E+03
1.01325D-02	1.50000D+00	8.25000E+02	0.00000E+00	-1.66693E+03
1.01325D-02	1.50000D+00	8.50000E+02	0.00000E+00	-1.38559E+03
1.01325D-02	1.50000D+00	8.75000E+02	0.00000E+00	-1.19126E+03
1.01325D-02	1.50000D+00	9.00000E+02	0.00000E+00	-1.05438E+03
1.01325D-02	1.50000D+00	9.25000E+02	0.00000E+00	-9.51255E+02
1.01325D-02	1.50000D+00	9.50000E+02	0.00000E+00	-8.66976E+02
1.01325D-02	1.50000D+00	9.75000E+02	0.00000E+00	-7.93056E+02
1.01325D-02	1.50000D+00	1.00000E+03	0.00000E+00	-7.24841E+02
1.01325D-02	1.50000D+00	1.02500E+03	0.00000E+00	-6.59793E+02
1.01325D-02	1.50000D+00	1.05000E+03	0.00000E+00	-5.96514E+02
1.01325D-02	1.50000D+00	1.07500E+03	0.00000E+00	-5.34207E+02
1.01325D-02	1.50000D+00	1.10000E+03	0.00000E+00	-4.72411E+02
1.01325D-02	1.50000D+00	1.12500E+03	0.00000E+00	-4.10852E+02
1.01325D-02	1.50000D+00	1.15000E+03	0.00000E+00	-3.49365E+02
1.01325D-02	1.50000D+00	1.17500E+03	0.00000E+00	-2.87846E+02
1.01325D-02	1.50000D+00	1.20000E+03	0.00000E+00	-2.26229E+02
1.01325D-02	1.50000D+00	1.22500E+03	0.00000E+00	-1.64469E+02
1.01325D-02	1.50000D+00	1.25000E+03	0.00000E+00	-1.02534E+02
1.01325D-02	1.50000D+00	1.27500E+03	0.00000E+00	-4.04013E+01
1.01325D-02	1.50000D+00	1.30000E+03	0.00000E+00	2.19485E+01
1.01325D-02	1.50000D+00	1.32500E+03	0.00000E+00	8.45329E+01
1.01325D-02	1.50000D+00	1.35000E+03	0.00000E+00	1.47369E+02
1.01325D-02	1.50000D+00	1.37500E+03	0.00000E+00	2.10475E+02
1.01325D-02	1.50000D+00	1.40000E+03	0.00000E+00	2.73873E+02
1.01325D-02	1.50000D+00	1.42500E+03	0.00000E+00	3.37585E+02
1.01325D-02	1.50000D+00	1.45000E+03	0.00000E+00	4.01640E+02
1.01325D-02	1.50000D+00	1.47500E+03	0.00000E+00	4.66074E+02
1.01325D-02	1.50000D+00	1.50000E+03	0.00000E+00	5.30924E+02
1.01325D-02	1.50000D+00	1.52500E+03	0.00000E+00	5.96242E+02
1.01325D-02	1.50000D+00	1.55000E+03	0.00000E+00	6.62082E+02
1.01325D-02	1.50000D+00	1.57500E+03	0.00000E+00	7.28514E+02
1.01325D-02	1.50000D+00	1.60000E+03	0.00000E+00	7.95618E+02
1.01325D-02	1.50000D+00	1.62500E+03	0.00000E+00	8.63486E+02
1.01325D-02	1.50000D+00	1.65000E+03	0.00000E+00	9.32228E+02
1.01325D-02	1.50000D+00	1.67500E+03	0.00000E+00	1.00197E+03
1.01325D-02	1.50000D+00	1.70000E+03	0.00000E+00	1.07286E+03
1.01325D-02	1.50000D+00	1.72500E+03	0.00000E+00	1.14506E+03
1.01325D-02	1.50000D+00	1.75000E+03	0.00000E+00	1.21876E+03
1.01325D-02	1.50000D+00	1.77500E+03	0.00000E+00	1.29418E+03
1.01325D-02	1.50000D+00	1.80000E+03	0.00000E+00	1.37156E+03
1.01325D-02	1.50000D+00	1.82500E+03	0.00000E+00	1.45118E+03
1.01325D-02	1.50000D+00	1.85000E+03	0.00000E+00	1.53334E+03
1.01325D-02	1.50000D+00	1.87500E+03	0.00000E+00	1.61838E+03
1.01325D-02	1.50000D+00	1.90000E+03	0.00000E+00	1.70669E+03
1.01325D-02	1.50000D+00	1.92500E+03	0.00000E+00	1.79869E+03
1.01325D-02	1.50000D+00	1.95000E+03	0.00000E+00	1.89482E+03
1.01325D-02	1.50000D+00	1.97500E+03	0.00000E+00	1.99560E+03
1.01325D-02	1.50000D+00	2.00000E+03	0.00000E+00	2.10156E+03
1.01325D-02	1.50000D+00	2.02500E+03	0.00000E+00	2.21332E+03
1.01325D-02	1.50000D+00	2.05000E+03	0.00000E+00	2.33150E+03
1.01325D-02	1.50000D+00	2.07500E+03	0.00000E+00	2.45679E+03
1.01325D-02	1.50000D+00	2.10000E+03	0.00000E+00	2.58994E+03
1.01325D-02	1.50000D+00	2.12500E+03	0.00000E+00	2.73172E+03
1.01325D-02	1.50000D+00	2.15000E+03	0.00000E+00	2.88297E+03
1.01325D-02	1.50000D+00	2.17500E+03	0.00000E+00	3.04457E+03
1.01325D-02	1.50000D+00	2.20000E+03	0.00000E+00	3.21742E+03
1.01325D-02	1.50000D+00	2.22500E+03	0.00000E+00	3.40250E+03
1.01325D-02	1.50000D+00	2.25000E+03	0.00000E+00	3.60079E+03
1.01325D-02	1.50000D+00	2.27500E+03	0.00000E+00	3.81332E+03
1.01325D-02	1.50000D+00	2.30000E+03	0.00000E+00	4.04112E+03
1.01325D-02	1.50000D+00	2.32500E+03	0.00000E+00	4.28527E+03
1.01325D-02	1.50000D+00	2.35000E+03	0.00000E+00	4.54682E+03
1.01325D-02	1.50000D+00	2.37500E+03	0.00000E+00	4.82683E+03
1.01325D-02	1.50000D+00	2.40000E+03	0.00000E+00	5.12635E+03
1.01325D-02	1.50000D+00	2.42500E+03	0.00000E+00	5.44639E+03
1.01325D-02	1.50000D+00	2.45000E+03	0.00000E+00	5.78791E+03
1.01325D-02	1.50000D+00	2.47500E+03	0.00000E+00	6.15181E+03
1.01325D-02	1.50000D+00	2.50000E+03	0.00000E+00	6.53890E+03
1.01325D-02	1.50000D+00	2.52500E+03	0.00000E+00	6.94993E+03
1.01325D-02	1.50000D+00	2.55000E+03	0.00000E+00	7.38548E+03
1.01325D-02	1.50000D+00	2.57500E+03	0.00000E+00	7.84603E+03
1.01325D-02	1.50000D+00	2.60000E+03	0.00000E+00	8.33192E+03
1.01325D-02	1.50000D+00	2.62500E+03	0.00000E+00	8.84331E+03
1.01325D-02	1.50000D+00	2.65000E+03	0.00000E+00	9.38023E+03
1.01325D-02	1.50000D+00	2.67500E+03	0.00000E+00	9.94252E+03
1.01325D-02	1.50000D+00	2.70000E+03	0.00000E+00	1.05299E+04
1.01325D-02	1.50000D+00	2.72500E+03	0.00000E+00	1.11420E+04
1.01325D-02	1.50000D+00	2.75000E+03	0.00000E+00	1.17784E+04
1.01325D-02	1.50000D+00	2.77500E+03	0.00000E+00	1.24385E+04
1.01325D-02	1.50000D+00	2.80000E+03	1.10002E-02	1.31220E+04
1.01325D-02	1.50000D+00	2.82500E+03	2.79201E-02	1.38285E+04
1.01325D-02	1.50000D+00	2.85000E+03	4.88369E-02	1.45580E+04
1.01325D-02	1.50000D+00	2.87500E+03	7.50589E-02	1.53105E+04
1.01325D-02	1.50000D+00	2.90000E+03	1.08303E-01	1.60867E+04
1.01325D-02	1.50000D+00	2.92500E+03	1.50823E-01	1.68870E+04
1.01325D-02	1.50000D+00	2.95000E+03	2.05576E-01	1.77123E+04
1.01325D-02	1.50000D+00	2.97500E+03	2.76464E-01	1.85631E+04
1.01325D-02	1.50000D+00	3.00000E+03	3.68671E-01	1.94394E+04
1.01325D-02	1.50000D+00	3.02500E+03	4.89151E-01	2.03398E+04
1.01325D-02	1.50000D+00	3.05000E+03	6.47376E-01	2.12613E+04
1.01325D-02	1.50000D+00	3.07500E+03	8.56491E-01	2.21977E+04
1.01325D-02	1.50000D+00	3.10000E+03	1.13520E+00	2.31400E+04
1.01325D-02	1.50000D+00	3.12500E+03	1.51099E+00	2.40752E+04
1.01325D-02	1.50000D+00	3.15000E+03	2.02587E+00	2.49874E+04
1.01325D-02	1.50000D+00	3.17500E+03	2.74745E+00	2.58579E+04
1.01325D-02	1.50000D+00	3.20000E+03	3.79195E+00	2.66678E+04
1.01325D-02	1.50000D+00	3.22500E+03	5.37769E+00	2.73989E+04
1.01325D-02	1.50000D+00	3.25000E+03	7.96884E+00	2.80363E+04
1.01325D-02	1.50000D+00	3.27500E+03	1.27568E+01	2.85685E+04
1.01325D-02	1.50000D+00	3.30000E+03	2.39916E+01	2.89874E+04
1.01325D-02	1.50000D+00	3.32500E+03	7.60020E+01	2.92818E+04
1.01325D-02	1.50000D+00	3.35000E+03	7.60020E+01	2.92818E+04
1.01325D-02	1.50000D+00	3.37500E+03	7.60020E+01	2.92818E+04
1.01325D-02	1.50000D+00	3.40000E+03	7.60020E+01	2.92818E+04
1.01325D-02	1.50000D+00	3.42500E+03	7.60020E+01	2.92818E+04
1.01325D-02	1.50000D+00	3.45000E+03	7.60020E+01	2.92818E+04
1.01325D-02	1.50000D+00	3.47500E+03	7.60020E+01	2.92818E+04
1.01325D-02	1.50000D+00	3.50000E+03	7.60020E+01	2.92818E+04
1.01325D-02	1.50000D+00	3.52500E+03	7.60020E+01	2.92818E+04
1.01325D-02	1.50000D+00	3.55000E+03	7.60020E+01	2.92818E+04
1.01325D-02	1.50000D+00	3.57500E+03	7.60020E+01	2.92818E+04
1.01325D-02	1.50000D+00	3.60000E+03	7.60020E+01	2.92818E+04
1.01325D-02	1.50000D+00	3.62500E+03	7.60020E+01	2.92818E+04
1.01325D-02	1.50000D+00	3.65000E+03	7.60020E+01	2.92818E+04
1.01325D-02	1.50000D+00	3.67500E+03	7.60020E+01	2.92818E+04
1.01325D-02	1.50000D+00	3.70000E+03	7.60020E+01	2.92818E+04
1.01325D-02	1.50000D+00	3.72500E+03	7.60020E+01	2.92818E+04
1.01325D-02	1.50000D+00	3.75000E+03	7.60020E+01	2.92818E+04
1.01325D-02	1.50000D+00	3.77500E+03	7.60020E+01	2.92818E+04
1.01325D-02	1.50000D+00	3.80000E+03	7.60020E+01	2.92818E+04
1.01325D-02	1.50000D+00	3.82500E+03	7.60020E+01	2.92818E+04
1.01325D-02	1.50000D+00	3.85000E+03	7.60020E+01	2.92818E+04
1.01325D-02	1.50000D+00	3.87500E+03	7.60020E+01	2.92818E+04
1.01325D-02	1.50000D+00	3.90000E+03	7.60020E+01	2.92818E+04
1.01325D-02	1.50000D+00	3.92500E+03	7.60020E+01	2.92818E+04
1.01325D-02	1.50000D+00	3.95000E+03	7.60020E+01	2.92818E+04
1.01325D-02	1.50000D+00	3.97500E+03	7.60020E+01	2.92818E+04
1.01325D-02	1.50000D+00	4.00000E+03	7.60020E+01	2.92818E+04
p (bar)	B'g	Temp (K)	B'c	Hw (kJ/kg)
1.01325D-02	1.90000D+00	2.50000E+02	0.00000E+00	-7.08175E+03
1.01325D-02	1.90000D+00	2.75000E+02	0.00000E+00	-7.02549E+03
1.01325D-02	1.90000D+00	3.00000E+02	0.00000E+00	-6.96234E+03
1.01325D-02	1.90000D+00	3.25000E+02	0.00000E+00	-6.89251E+03
1.01325D-02	1.90000D+00	3.50000E+02	0.00000E+00	-6.81701E+03
1.01325D-02	1.90000D+00	3.75000E+02	0.00000E+00	-6.73715E+03
1.01325D-02	1.90000D+00	4.00000E+02	0.00000E+00	-6.65400E+03
1.01325D-02	1.90000D+00	4.25000E+02	0.00000E+00	-6.56798E+03
1.01325D-02	1.90000D+00	4.50000E+02	0.00000E+00	-6.47847E+03
1.01325D-02	1.90000D+00	4.75000E+02	0.00000E+00	-6.38359E+03
1.01325D-02	1.90000D+00	5.00000E+02	0.00000E+00	-6.27981E+03
1.01325D-02	1.90000D+00	5.25000E+02	0.00000E+00	-6.16168E+03
1.01325D-02	1.90000D+00	5.50000E+02	0.00000E+00	-6.02161E+03
1.01325D-02	1.90000D+00	5.75000E+02	0.00000E+00	-5.85025E+03
1.01325D-02	1.90000D+00	6.00000E+02	0.00000E+00	-5.63810E+03
1.01325D-02	1.90000D+00	6.25000E+02	0.00000E+00	-5.37775E+03
1.01325D-02	1.90000D+00	6.50000E+02	0.00000E+00	-5.06478E+03
1.01325D-02	1.90000D+00	6.75000E+02	0.00000E+00	-4.69556E+03
1.01325D-02	1.90000D+00	7.00000E+02	0.00000E+00	-4.26513E+03
1.01325D-02	1.90000D+00	7.25000E+02	0.00000E+00	-3.77109E+03
1.01325D-02	1.90000D+00	7.50000E+02	0.00000E+00	-3.22530E+03
1.01325D-02	1.90000D+00	7.75000E+02	0.00000E+00	-2.66591E+03
1.01325D-02	1.90000D+00	8.00000E+02	0.00000E+00	-2.15329E+03
1.01325D-02	1.90000D+00	8.25000E+02	0.00000E+00	-1.74020E+03
1.01325D-02	1.90000D+00	8.50000E+02	0.00000E+00	-1.44101E+03
1.01325D-02	1.90000D+00	8.75000E+02	0.00000E+00	-1.23448E+03
1.01325D-02	1.90000D+00	9.00000E+02	0.00000E+00	-1.08901E+03
1.01325D-02	1.90000D+00	9.25000E+02	0.00000E+00	-9.79421E+02
1.01325D-02	1.90000D+00	9.50000E+02	0.00000E+00	-8.89867E+02
1.01325D-02	1.90000D+00	9.75000E+02	0.00000E+00	-8.11353E+02
1.01325D-02	1.90000D+00	1.00000E+03	0.00000E+00	-7.38931E+02
1.01325D-02	1.90000D+00	1.02500E+03	0.00000E+00	-6.69901E+02
1.01325D-02	1.90000D+00	1.05000E+03	0.00000E+00	-6.02774E+02
1.01325D-02	1.90000D+00	1.07500E+03	0.00000E+00	-5.36696E+02
1.01325D-02	1.90000D+00	1.10000E+03	0.00000E+00	-4.71173E+02
1.01325D-02	1.90000D+00	1.12500E+03	0.00000E+00	-4.05913E+02
1.01325D-02	1.90000D+00	1.15000E+03	0.00000E+00	-3.40738E+02
1.01325D-02	1.90000D+00	1.17500E+03	0.00000E+00	-2.75534E+02
1.01325D-02	1.90000D+00	1.20000E+03	0.00000E+00	-2.10230E+02
1.01325D-02	1.90000D+00	1.22500E+03	0.00000E+00	-1.44778E+02
1.01325D-02	1.90000D+00	1.25000E+03	0.00000E+00	-7.91445E+01
1.01325D-02	1.90000D+00	1.27500E+03	0.00000E+00	-1.33031E+01
1.01325D-02	1.90000D+00	1.30000E+03	0.00000E+00	5.27666E+01
1.01325D-02	1.90000D+00	1.32500E+03	0.00000E+00	1.19083E+02
1.01325D-02	1.90000D+00	1.35000E+03	0.00000E+00	1.85665E+02
1.01325D-02	1.90000D+00	1.37500E+03	0.00000E+00	2.52532E+02
1.01325D-02	1.90000D+00	1.40000E+03	0.00000E+00	3.19707E+02
1.01325D-02	1.90000D+00	1.42500E+03	0.00000E+00	3.87214E+02
1.01325D-02	1.90000D+00	1.45000E+03	0.00000E+00	4.55084E+02
1.01325D-02	1.90000D+00	1.47500E+03	0.00000E+00	5.23354E+02
1.01325D-02	1.90000D+00	1.50000E+03	0.00000E+00	5.92067E+02
1.01325D-02	1.90000D+00	1.52500E+03	0.00000E+00	6.61274E+02
1.01325D-02	1.90000D+00	1.55000E+03	0.00000E+00	7.31037E+02
1.01325D-02	1.90000D+00	1.57500E+03	0.00000E+00	8.01429E+02
1.01325D-02	1.90000D+00	1.60000E+03	0.00000E+00	8.72536E+02
1.01325D-02	1.90000D+00	1.62500E+03	0.00000E+00	9.44459E+02
1.01325D-02	1.90000D+00	1.65000E+03	0.00000E+00	1.01731E+03
1.01325D-02	1.90000D+00	1.67500E+03	0.00000E+00	1.09124E+03
1.01325D-02	1.90000D+00	1.70000E+03	0.00000E+00	1.16639E+03
1.01325D-02	1.90000D+00	1.72500E+03	0.00000E+00	1.24295E+03
1.01325D-02	1.90000D+00	1.75000E+03	0.00000E+00	1.32112E+03
1.01325D-02	1.90000D+00	1.77500E+03	0.00000E+00	1.40113E+03
1.01325D-02	1.90000D+00	1.80000E+03	0.00000E+00	1.48326E+03
1.01325D-02	1.90000D+00	1.82500E+03	0.00000E+00	1.56779E+03
1.01325D-02	1.90000D+00	1.85000E+03	0.00000E+00	1.65507E+03
1.01325D-02	1.90000D+00	1.87500E+03	0.00000E+00	1.74545E+03
1.01325D-02	1.90000D+00	1.90000E+03	0.00000E+00	1.83936E+03
1.01325D-02	1.90000D+00	1.92500E+03	0.00000E+00	1.93725E+03
1.01325D-02	1.90000D+00	1.95000E+03	0.00000E+00	2.03961E+03
1.01325D-02	1.90000D+00	1.97500E+03	0.00000E+00	2.14700E+03
1.01325D-02	1.90000D+00	2.00000E+03	0.00000E+00	2.26001E+03
1.01325D-02	1.90000D+00	2.02500E+03	0.00000E+00	2.37929E+03
1.01325D-02	1.90000D+00	2.05000E+03	0.00000E+00	2.50553E+03
1.01325D-02	1.90000D+00	2.07500E+03	0.00000E+00	2.63949E+03
1.01325D-02	1.90000D+00	2.10000E+03	0.00000E+00	2.78197E+03
1.01325D-02	1.90000D+00	2.12500E+03	0.00000E+00	2.93383E+03
1.01325D-02	1.90000D+00	2.15000E+03	0.00000E+00	3.09598E+03
1.01325D-02	1.90000D+00	2.17500E+03	0.00000E+00	3.26938E+03
1.01325D-02	1.90000D+00	2.20000E+03	0.00000E+00	3.45504E+03
1.01325D-02	1.90000D+00	2.22500E+03	0.00000E+00	3.65399E+03
1.01325D-02	1.90000D+00	2.25000E+03	0.00000E+00	3.86735E+03
1.01325D-02	1.90000D+00	2.27500E+03	0.00000E+00	4.09623E+03
1.01325D-02	1.90000D+00	2.30000E+03	0.00000E+00	4.34178E+03
1.01325D-02	1.90000D+00	2.32500E+03	0.00000E+00	4.60518E+03
1.01325D-02	1.90000D+00	2.35000E+03	0.00000E+00	4.88761E+03
1.01325D-02	1.90000D+00	2.37500E+03	0.00000E+00	5.19024E+03
1.01325D-02	1.90000D+00	2.40000E+03	0.00000E+00	5.51423E+03
1.01325D-02	1.90000D+00	2.42500E+03	0.00000E+00	5.86072E+03
1.01325D-02	1.90000D+00	2.45000E+03	0.00000E+00	6.23079E+03
1.01325D-02	1.90000D+00	2.47500E+03	0.00000E+00	6.62546E+03
1.01325D-02	1.90000D+00	2.50000E+03	0.00000E+00	7.04566E+03
1.01325D-02	1.90000D+00	2.52500E+03	0.00000E+00	7.49222E+03
1.01325D-02	1.90000D+00	2.55000E+03	0.00000E+00	7.96583E+03
1.01325D-02	1.90000D+00	2.57500E+03	0.00000E+00	8.46707E+03
1.01325D-02	1.90000D+00	2.60000E+03	0.00000E+00	8.99631E+03
1.01325D-02	1.90000D+00	2.62500E+03	0.00000E+00	9.55376E+03
1.01325D-02	1.90000D+00	2.65000E+03	0.00000E+00	1.01394E+04
1.01325D-02	1.90000D+00	2.67500E+03	0.00000E+00	1.07532E+04
1.01325D-02	1.90000D+00	2.70000E+03	0.00000E+00	1.13946E+04
1.01325D-02	1.90000D+00	2.72500E+03	0.00000E+00	1.20632E+04
1.01325D-02	1.90000D+00	2.75000E+03	0.00000E+00	1.27581E+04
1.01325D-02	1.90000D+00	2.77500E+03	0.00000E+00	1.34787E+04
1.01325D-02	1.90000D+00	2.80000E+03	0.00000E+00	1.42239E+04
1.01325D-02	1.90000D+00	2.82500E+03	0.00000E+00	1.49929E+04
1.01325D-02	1.90000D+00	2.85000E+03	3.64756E-04	1.57846E+04
1.01325D-02	1.90000D+00	2.87500E+03	3.21491E-02	1.65981E+04
1.01325D-02	1.90000D+00	2.90000E+03	7.24786E-02	1.74324E+04
1.01325D-02	1.90000D+00	2.92500E+03	1.24101E-01	1.82864E+04
1.01325D-02	1.90000D+00	2.95000E+03	1.90627E-01	1.91588E+04
1.01325D-02	1.90000D+00	2.97500E+03	2.76824E-01	2.00474E+04
1.01325D-02	1.90000D+00	3.00000E+03	3.89022E-01	2.09491E+04
1.01325D-02	1.90000D+00	3.02500E+03	5.35720E-01	2.18594E+04
1.01325D-02	1.90000D+00	3.05000E+03	7.28495E-01	2.27714E+04
1.01325D-02	1.90000D+00	3.07500E+03	9.83413E-01	2.36757E+04
1.01325D-02	1.90000D+00	3.10000E+03	1.32334E+00	2.45604E+04
1.01325D-02	1.90000D+00	3.12500E+03	1.78185E+00	2.54110E+04
1.01325D-02	1.90000D+00	3.15000E+03	2.41027E+00	2.62114E+04
1.01325D-02	1.90000D+00	3.17500E+03	3.29117E+00	2.69453E+04
1.01325D-02	1.90000D+00	3.20000E+03	4.56648E+00	2.75978E+04
1.01325D-02	1.90000D+00	3.22500E+03	6.50261E+00	2.81571E+04
1.01325D-02	1.90000D+00	3.25000E+03	9.66571E+00	2.86154E+04
1.01325D-02	1.90000D+00	3.27500E+03	1.55077E+01	2.89692E+04
1.01325D-02	1.90000D+00	3.30000E+03	2.92022E+01	2.92175E+04
1.01325D-02	1.90000D+00	3.32500E+03	9.24329E+01	2.93570E+04
1.01325D-02	1.90000D+00	3.35000E+03	9.24329E+01	2.93570E+04
1.01325D-02	1.90000D+00	3.37500E+03	9.24329E+01	2.93570E+04
1.01325D-02	1.90000D+00	3.40000E+03	9.24329E+01	2.93570E+04
1.01325D-02	1.90000D+00	3.42500E+03	9.24329E+01	2.93570E+04
1.01325D-02	1.90000D+00	3.45000E+03	9.24329E+01	2.93570E+04
1.01325D-02	1.90000D+00	3.47500E+03	9.24329E+01	2.93570E+04
1.01325D-02	1.90000D+00	3.50000E+03	9.24329E+01	2.93570E+04
1.01325D-02	1.90000D+00	3.52500E+03	9.24329E+01	2.93570E+04
1.01325D-02	1.90000D+00	3.55000E+03	9.24329E+01	2.93570E+04
1.01325D-02	1.90000D+00	3.57500E+03	9.24329E+01	2.93570E+04
1.01325D-02	1.90000D+00	3.60000E+03	9.24329E+01	2.93570E+04
1.01325D-02	1.90000D+00	3.62500E+03	9.24329E+01	2.93570E+04
1.01325D-02	1.90000D+00	3.65000E+03	9.24329E+01	2.93570E+04
1.01325D-02	1.90000D+00	3.67500E+03	9.24329E+01	2.93570E+04
1.01325D-02	1.90000D+00	3.70000E+03	9.24329E+01	2.93570E+04
1.01325D-02	1.90000D+00	3.72500E+03	9.24329E+01	2.93570E+04
1.01325D-02	1.90000D+00	3.75000E+03	9.24329E+01	2.93570E+04
1.01325D-02	1.90000D+00	3.77500E+03	9.24329E+01	2.93570E+04
1.01325D-02	1.90000D+00	3.80000E+03	9.24329E+01	2.93570E+04
1.01325D-02	1.90000D+00	3.82500E+03	9.24329E+01	2.93570E+04
1.01325D-02	1.90000D+00	3.85000E+03	9.24329E+01	2.93570E+04
1.01325D-02	1.90000D+00	3.87500E+03	9.24329E+01	2.93570E+04
1.01325D-02	1.90000D+00	3.90000E+03	9.24329E+01	2.93570E+04
1.01325D-02	1.90000D+00	3.92500E+03	9.24329E+01	2.93570E+04
1.01325D-02	1.90000D+00	3.95000E+03	9.24329E+01	2.93570E+04
1.01325D-02	1.90000D+00	3.97500E+03	9.24329E+01	2.93570E+04
1.01325D-02	1.90000D+00	4.00000E+03	9.24329E+01	2.93570E+04
p (bar)	B'g	Temp (K)	B'c	Hw (kJ/kg)
1.01325D-02	2.40000D+00	2.50000E+02	0.00000E+00	-7.40956E+03
1.01325D-02	2.40000D+00	2.75000E+02	0.00000E+00	-7.35240E+03
1.01325D-02	2.40000D+00	3.00000E+02	0.00000E+00	-7.28834E+03
1.01325D-02	2.40000D+00	3.25000E+02	0.00000E+00	-7.21750E+03
1.01325D-02	2.40000D+00	3.50000E+02	0.00000E+00	-7.14080E+03
1.01325D-02	2.40000D+00	3.75000E+02	0.00000E+00	-7.05956E+03
1.01325D-02	2.40000D+00	4.00000E+02	0.00000E+00	-6.97495E+03
1.01325D-02	2.40000D+00	4.25000E+02	0.00000E+00	-6.88756E+03
1.01325D-02	2.40000D+00	4.50000E+02	0.00000E+00	-6.79704E+03
1.01325D-02	2.40000D+00	4.75000E+02	0.00000E+00	-6.70174E+03
1.01325D-02	2.40000D+00	5.00000E+02	0.00000E+00	-6.59835E+03
1.01325D-02	2.40000D+00	5.25000E+02	0.00000E+00	-6.48139E+03
1.01325D-02	2.40000D+00	5.50000E+02	0.00000E+00	-6.34277E+03
1.01325D-02	2.40000D+00	5.75000E+02	0.00000E+00	-6.17192E+03
1.01325D-02	2.40000D+00	6.00000E+02	0.00000E+00	-5.95717E+03
1.01325D-02	2.40000D+00	6.25000E+02	0.00000E+00	-5.68859E+03
1.01325D-02	2.40000D+00	6.50000E+02	0.00000E+00	-5.35986E+03
1.01325D-02	2.40000D+00	6.75000E+02	0.00000E+00	-4.96692E+03
1.01325D-02	2.40000D+00	7.00000E+02	0.00000E+00	-4.50567E+03
1.01325D-02	2.40000D+00	7.25000E+02	0.00000E+00	-3.97544E+03
1.01325D-02	2.40000D+00	7.50000E+02	0.00000E+00	-3.39076E+03
1.01325D-02	2.40000D+00	7.75000E+02	0.00000E+00	-2.79367E+03
1.01325D-02	2.40000D+00	8.00000E+02	0.00000E+00	-2.24864E+03
1.01325D-02	2.40000D+00	8.25000E+02	0.00000E+00	-1.81084E+03
1.01325D-02	2.40000D+00	8.50000E+02	0.00000E+00	-1.49437E+03
1.01325D-02	2.40000D+00	8.75000E+02	0.00000E+00	-1.27608E+03
1.01325D-02	2.40000D+00	9.00000E+02	0.00000E+00	-1.12234E+03
1.01325D-02	2.40000D+00	9.25000E+02	0.00000E+00	-1.00651E+03
1.01325D-02	2.40000D+00	9.50000E+02	0.00000E+00	-9.11885E+02
1.01325D-02	2.40000D+00	9.75000E+02	0.00000E+00	-8.28951E+02
1.01325D-02	2.40000D+00	1.00000E+03	0.00000E+00	-7.52484E+02
1.01325D-02	2.40000D+00	1.02500E+03	0.00000E+00	-6.79625E+02
1.01325D-02	2.40000D+00	1.05000E+03	0.00000E+00	-6.08796E+02
1.01325D-02	2.40000D+00	1.07500E+03	0.00000E+00	-5.39091E+02
1.01325D-02	2.40000D+00	1.10000E+03	0.00000E+00	-4.69985E+02
1.01325D-02	2.40000D+00	1.12500E+03	0.00000E+00	-4.01166E+02
1.01325D-02	2.40000D+00	1.15000E+03	0.00000E+00	-3.32443E+02
1.01325D-02	2.40000D+00	1.17500E+03	0.00000E+00	-2.63696E+02
1.01325D-02	2.40000D+00	1.20000E+03	0.00000E+00	-1.94847E+02
1.01325D-02	2.40000D+00	1.22500E+03	0.00000E+00	-1.25846E+02
1.01325D-02	2.40000D+00	1.25000E+03	0.00000E+00	-5.66561E+01
1.01325D-02	2.40000D+00	1.27500E+03	0.00000E+00	1.27506E+01
1.01325D-02	2.40000D+00	1.30000E+03	0.00000E+00	8.23958E+01
1.01325D-02	2.40000D+00	1.32500E+03	0.00000E+00	1.52299E+02
1.01325D-02	2.40000D+00	1.35000E+03	0.00000E+00	2.22481E+02
1.01325D-02	2.40000D+00	1.37500E+03	0.00000E+00	2.92961E+02
1.01325D-02	2.40000D+00	1.40000E+03	0.00000E+00	3.63763E+02
1.01325D-02	2.40000D+00	1.42500E+03	0.00000E+00	4.34915E+02
1.01325D-02	2.40000D+00	1.45000E+03	0.00000E+00	5.06448E+02
1.01325D-02	2.40000D+00	1.47500E+03	0.00000E+00	5.78400E+02
1.01325D-02	2.40000D+00	1.50000E+03	0.00000E+00	6.50817E+02
1.01325D-02	2.40000D+00	1.52500E+03	0.00000E+00	7.23755E+02
1.01325D-02	2.40000D+00	1.55000E+03	0.00000E+00	7.97279E+02
1.01325D-02	2.40000D+00	1.57500E+03	0.00000E+00	8.71466E+02
1.01325D-02	2.40000D+00	1.60000E+03	0.00000E+00	9.46407E+02
1.01325D-02	2.40000D+00	1.62500E+03	0.00000E+00	1.02221E+03
1.01325D-02	2.40000D+00	1.65000E+03	0.00000E+00	1.09900E+03
1.01325D-02	2.40000D+00	1.67500E+03	0.00000E+00	1.17693E+03
1.01325D-02	2.40000D+00	1.70000E+03	0.00000E+00	1.25615E+03
1.01325D-02	2.40000D+00	1.72500E+03	0.00000E+00	1.33687E+03
1.01325D-02	2.40000D+00	1.75000E+03	0.00000E+00	1.41931E+03
1.01325D-02	2.40000D+00	1.77500E+03	0.00000E+00	1.50371E+03
1.01325D-02	2.40000D+00	1.80000E+03	0.00000E+00	1.59036E+03
1.01325D-02	2.40000D+00	1.82500E+03	0.00000E+00	1.67957E+03
1.01325D-02	2.40000D+00	1.85000E+03	0.00000E+00	1.77171E+03
1.01325D-02	2.40000D+00	1.87500E+03	0.00000E+00	1.86718E+03
1.01325D-02	2.40000D+00	1.90000E+03	0.00000E+00	1.96642E+03
1.01325D-02	2.40000D+00	1.92500E+03	0.00000E+00	2.06991E+03
1.01325D-02	2.40000D+00	1.95000E+03	0.00000E+00	2.17819E+03
1.01325D-02	2.40000D+00	1.97500E+03	0.00000E+00	2.29186E+03
1.01325D-02	2.40000D+00	2.00000E+03	0.00000E+00	2.41156E+03
1.01325D-02	2.40000D+00	2.02500E+03	0.00000E+00	2.53797E+03
1.01325D-02	2.40000D+00	2.05000E+03	0.00000E+00	2.67187E+03
1.01325D-02	2.40000D+00	2.07500E+03	0.00000E+00	2.81405E+03
1.01325D-02	2.40000D+00	2.10000E+03	0.00000E+00	2.96540E+03
1.01325D-02	2.40000D+00	2.12500E+03	0.00000E+00	3.12682E+03
1.01325D-02	2.40000D+00	2.15000E+03	0.00000E+00	3.29932E+03
1.01325D-02	2.40000D+00	2.17500E+03	0.00000E+00	3.48392E+03
1.01325D-02	2.40000D+00	2.20000E+03	0.00000E+00	3.68173E+03
1.01325D-02	2.40000D+00	2.22500E+03	0.00000E+00	3.89387E+03
1.01325D-02	2.40000D+00	2.25000E+03	0.00000E+00	4.12154E+03
1.01325D-02	2.40000D+00	2.27500E+03	0.00000E+00	4.36596E+03
1.01325D-02	2.40000D+00	2.30000E+03	0.00000E+00	4.62838E+03
1.01325D-02	2.40000D+00	2.32500E+03	0.00000E+00	4.91009E+03
1.01325D-02	2.40000D+00	2.35000E+03	0.00000E+00	5.21237E+03
1.01325D-02	2.40000D+00	2.37500E+03	0.00000E+00	5.53651E+03
1.01325D-02	2.40000D+00	2.40000E+03	0.00000E+00	5.88380E+03
1.01325D-02	2.40000D+00	2.42500E+03	0.00000E+00	6.25547E+03
1.01325D-02	2.40000D+00	2.45000E+03	0.00000E+00	6.65273E+03
1.01325D-02	2.40000D+00	2.47500E+03	0.00000E+00	7.07671E+03
1.01325D-02	2.40000D+00	2.50000E+03	0.00000E+00	7.52844E+03
1.01325D-02	2.40000D+00	2.52500E+03	0.00000E+00	8.00887E+03
1.01325D-02	2.40000D+00	2.55000E+03	0.00000E+00	8.51877E+03
1.01325D-02	2.40000D+00	2.57500E+03	0.00000E+00	9.05879E+03
1.01325D-02	2.40000D+00	2.60000E+03	0.00000E+00	9.62937E+03
1.01325D-02	2.40000D+00	2.62500E+03	0.00000E+00	1.02308E+04
1.01325D-02	2.40000D+00	2.65000E+03	0.00000E+00	1.08630E+04
1.01325D-02	2.40000D+00	2.67500E+03	0.00000E+00	1.15258E+04
1.01325D-02	2.40000D+00	2.70000E+03	0.00000E+00	1.22187E+04
1.01325D-02	2.40000D+00	2.72500E+03	0.00000E+00	1.29410E+04
1.01325D-02	2.40000D+00	2.75000E+03	0.00000E+00	1.36918E+04
1.01325D-02	2.40000D+00	2.77500E+03	0.00000E+00	1.44697E+04
1.01325D-02	2.40000D+00	2.80000E+03	0.00000E+00	1.52735E+04
1.01325D-02	2.40000D+00	2.82500E+03	0.00000E+00	1.61015E+04
1.01325D-02	2.40000D+00	2.85000E+03	0.00000E+00	1.69517E+04
1.01325D-02	2.40000D+00	2.87500E+03	0.00000E+00	1.78222E+04
1.01325D-02	2.40000D+00	2.90000E+03	2.59024E-02	1.87103E+04
1.01325D-02	2.40000D+00	2.92500E+03	8.88422E-02	1.96132E+04
1.01325D-02	2.40000D+00	2.95000E+03	1.70023E-01	2.05272E+04
1.01325D-02	2.40000D+00	2.97500E+03	2.75287E-01	2.14476E+04
1.01325D-02	2.40000D+00	3.00000E+03	4.12403E-01	2.23683E+04
1.01325D-02	2.40000D+00	3.02500E+03	5.91797E-01	2.32813E+04
1.01325D-02	2.40000D+00	3.05000E+03	8.27673E-01	2.41766E+04
1.01325D-02	2.40000D+00	3.07500E+03	1.13975E+00	2.50419E+04
1.01325D-02	2.40000D+00	3.10000E+03	1.55607E+00	2.58632E+04
1.01325D-02	2.40000D+00	3.12500E+03	2.11783E+00	2.66254E+04
1.01325D-02	2.40000D+00	3.15000E+03	2.88800E+00	2.73133E+04
1.01325D-02	2.40000D+00	3.17500E+03	3.96781E+00	2.79138E+04
1.01325D-02	2.40000D+00	3.20000E+03	5.53122E+00	2.84170E+04
1.01325D-02	2.40000D+00	3.22500E+03	7.90470E+00	2.88175E+04
1.01325D-02	2.40000D+00	3.25000E+03	1.17816E+01	2.91143E+04
1.01325D-02	2.40000D+00	3.27500E+03	1.89387E+01	2.93107E+04
1.01325D-02	2.40000D+00	3.30000E+03	3.57004E+01	2.94118E+04
1.01325D-02	2.40000D+00	3.32500E+03	3.57004E+01	2.94118E+04
1.01325D-02	2.40000D+00	3.35000E+03	3.57004E+01	2.94118E+04
1.01325D-02	2.40000D+00	3.37500E+03	3.57004E+01	2.94118E+04
1.01325D-02	2.40000D+00	3.40000E+03	3.57004E+01	2.94118E+04
1.01325D-02	2.40000D+00	3.42500E+03	3.57004E+01	2.94118E+04
1.01325D-02	2.40000D+00	3.45000E+03	3.57004E+01	2.94118E+04
1.01325D-02	2.40000D+00	3.47500E+03	3.57004E+01	2.94118E+04
1.01325D-02	2.40000D+00	3.50000E+03	3.57004E+01	2.94118E+04
1.01325D-02	2.40000D+00	3.52500E+03	3.57004E+01	2.94118E+04
1.01325D-02	2.40000D+00	3.55000E+03	3.57004E+01	2.94118E+04
1.01325D-02	2.40000D+00	3.57500E+03	3.57004E+01	2.94118E+04
1.01325D-02	2.40000D+00	3.60000E+03	3.57004E+01	2.94118E+04
1.01325D-02	2.40000D+00	3.62500E+03	3.57004E+01	2.94118E+04
1.01325D-02	2.40000D+00	3.65000E+03	3.57004E+01	2.94118E+04
1.01325D-02	2.40000D+00	3.67500E+03	3.57004E+01	2.94118E+04
1.01325D-02	2.40000D+00	3.70000E+03	3.57004E+01	2.94118E+04
1.01325D-02	2.40000D+00	3.72500E+03	3.57004E+01	2.94118E+04
1.01325D-02	2.40000D+00	3.75000E+03	3.57004E+01	2.94118E+04
1.01325D-02	2.40000D+00	3.77500E+03	3.57004E+01	2.94118E+04
1.01325D-02	2.40000D+00	3.80000E+03	3.57004E+01	2.94118E+04
1.01325D-02	2.40000D+00	3.82500E+03	3.57004E+01	2.94118E+04
1.01325D-02	2.40000D+00	3.85000E+03	3.57004E+01	2.94118E+04
1.01325D-02	2.40000D+00	3.87500E+03	3.57004E+01	2.94118E+04
1.01325D-02	2.40000D+00	3.90000E+03	3.57004E+01	2.94118E+04
1.01325D-02	2.40000D+00	3.92500E+03	3.57004E+01	2.94118E+04
1.01325D-02	2.40000D+00	3.95000E+03	3.57004E+01	2.94118E+04
1.01325D-02	2.40000D+00	3.97500E+03	3.57004E+01	2.94118E+04
1.01325D-02	2.40000D+00	4.00000E+03	3.57004E+01	2.94118E+04
p (bar)	B'g	Temp (K)	B'c	Hw (kJ/kg)
1.01325D-02	3.00000D+00	2.50000E+02	0.00000E+00	-7.69923E+03
1.01325D-02	3.00000D+00	2.75000E+02	0.00000E+00	-7.64117E+03
1.01325D-02	3.00000D+00	3.00000E+02	0.00000E+00	-7.57617E+03
1.01325D-02	3.00000D+00	3.25000E+02	0.00000E+00	-7.50428E+03
1.01325D-02	3.00000D+00	3.50000E+02	0.00000E+00	-7.42640E+03
1.01325D-02	3.00000D+00	3.75000E+02	0.00000E+00	-7.34385E+03
1.01325D-02	3.00000D+00	4.00000E+02	0.00000E+00	-7.25792E+03
1.01325D-02	3.00000D+00	4.25000E+02	0.00000E+00	-7.16937E+03
1.01325D-02	3.00000D+00	4.50000E+02	0.00000E+00	-7.07809E+03
1.01325D-02	3.00000D+00	4.75000E+02	0.00000E+00	-6.98270E+03
1.01325D-02	3.00000D+00	5.00000E+02	0.00000E+00	-6.88011E+03
1.01325D-02	3.00000D+00	5.25000E+02	0.00000E+00	-6.76488E+03
1.01325D-02	3.00000D+00	5.50000E+02	0.00000E+00	-6.62860E+03
1.01325D-02	3.00000D+00	5.75000E+02	0.00000E+00	-6.45961E+03
1.01325D-02	3.00000D+00	6.00000E+02	0.00000E+00	-6.24426E+03
1.01325D-02	3.00000D+00	6.25000E+02	0.00000E+00	-5.97001E+03
1.01325D-02	3.00000D+00	6.50000E+02	0.00000E+00	-5.62847E+03
1.01325D-02	3.00000D+00	6.75000E+02	0.00000E+00	-5.21487E+03
1.01325D-02	3.00000D+00	7.00000E+02	0.00000E+00	-4.72586E+03
1.01325D-02	3.00000D+00	7.25000E+02	0.00000E+00	-4.16250E+03
1.01325D-02	3.00000D+00	7.50000E+02	0.00000E+00	-3.54204E+03
1.01325D-02	3.00000D+00	7.75000E+02	0.00000E+00	-2.91024E+03
1.01325D-02	3.00000D+00	8.00000E+02	0.00000E+00	-2.33545E+03
1.01325D-02	3.00000D+00	8.25000E+02	0.00000E+00	-1.87505E+03
1.01325D-02	3.00000D+00	8.50000E+02	0.00000E+00	-1.54282E+03
1.01325D-02	3.00000D+00	8.75000E+02	0.00000E+00	-1.31382E+03
1.01325D-02	3.00000D+00	9.00000E+02	0.00000E+00	-1.15257E+03
1.01325D-02	3.00000D+00	9.25000E+02	0.00000E+00	-1.03109E+03
1.01325D-02	3.00000D+00	9.50000E+02	0.00000E+00	-9.31855E+02
1.01325D-02	3.00000D+00	9.75000E+02	0.00000E+00	-8.44913E+02
1.01325D-02	3.00000D+00	1.00000E+03	0.00000E+00	-7.64776E+02
1.01325D-02	3.00000D+00	1.02500E+03	0.00000E+00	-6.88445E+02
1.01325D-02	3.00000D+00	1.05000E+03	0.00000E+00	-6.14259E+02
1.01325D-02	3.00000D+00	1.07500E+03	0.00000E+00	-5.41266E+02
1.01325D-02	3.00000D+00	1.10000E+03	0.00000E+00	-4.68910E+02
1.01325D-02	3.00000D+00	1.12500E+03	0.00000E+00	-3.96864E+02
1.01325D-02	3.00000D+00	1.15000E+03	0.00000E+00	-3.24923E+02
1.01325D-02	3.00000D+00	1.17500E+03	0.00000E+00	-2.52963E+02
1.01325D-02	3.00000D+00	1.20000E+03	0.00000E+00	-1.80901E+02
1.01325D-02	3.00000D+00	1.22500E+03	0.00000E+00	-1.08682E+02
1.01325D-02	3.00000D+00	1.25000E+03	0.00000E+00	-3.62680E+01
1.01325D-02	3.00000D+00	1.27500E+03	0.00000E+00	3.63703E+01
1.01325D-02	3.00000D+00	1.30000E+03	0.00000E+00	1.09256E+02
1.01325D-02	3.00000D+00	1.32500E+03	0.00000E+00	1.82410E+02
1.01325D-02	3.00000D+00	1.35000E+03	0.00000E+00	2.55853E+02
1.01325D-02	3.00000D+00	1.37500E+03	0.00000E+00	3.29607E+02
1.01325D-02	3.00000D+00	1.40000E+03	0.00000E+00	4.03695E+02
1.01325D-02	3.00000D+00	1.42500E+03	0.00000E+00	4.78146E+02
1.01325D-02	3.00000D+00	1.45000E+03	0.00000E+00	5.52994E+02
1.01325D-02	3.00000D+00	1.47500E+03	0.00000E+00	6.28279E+02
1.01325D-02	3.00000D+00	1.50000E+03	0.00000E+00	7.04048E+02
1.01325D-02	3.00000D+00	1.52500E+03	0.00000E+00	7.80360E+02
1.01325D-02	3.00000D+00	1.55000E+03	0.00000E+00	8.57284E+02
1.01325D-02	3.00000D+00	1.57500E+03	0.00000E+00	9.34900E+02
1.01325D-02	3.00000D+00	1.60000E+03	0.00000E+00	1.01331E+03
1.01325D-02	3.00000D+00	1.62500E+03	0.00000E+00	1.09261E+03
1.01325D-02	3.00000D+00	1.65000E+03	0.00000E+00	1.17296E+03
1.01325D-02	3.00000D+00	1.67500E+03	0.00000E+00	1.25449E+03
1.01325D-02	3.00000D+00	1.70000E+03	0.00000E+00	1.33739E+03
1.01325D-02	3.00000D+00	1.72500E+03	0.00000E+00	1.42186E+03
1.01325D-02	3.00000D+00	1.75000E+03	0.00000E+00	1.50813E+03
1.01325D-02	3.00000D+00	1.77500E+03	0.00000E+00	1.59647E+03
1.01325D-02	3.00000D+00	1.80000E+03	0.00000E+00	1.68719E+03
1.01325D-02	3.00000D+00	1.82500E+03	0.00000E+00	1.78062E+03
1.01325D-02	3.00000D+00	1.85000E+03	0.00000E+00	1.87713E+03
1.01325D-02	3.00000D+00	1.87500E+03	0.00000E+00	1.97716E+03
1.01325D-02	3.00000D+00	1.90000E+03	0.00000E+00	2.08118E+03
1.01325D-02	3.00000D+00	1.92500E+03	0.00000E+00	2.18969E+03
1.01325D-02	3.00000D+00	1.95000E+03	0.00000E+00	2.30329E+03
1.01325D-02	3.00000D+00	1.97500E+03	0.00000E+00	2.42259E+03
1.01325D-02	3.00000D+00	2.00000E+03	0.00000E+00	2.54828E+03
1.01325D-02	3.00000D+00	2.02500E+03	0.00000E+00	2.68109E+03
1.01325D-02	3.00000D+00	2.05000E+03	0.00000E+00	2.82185E+03
1.01325D-02	3.00000D+00	2.07500E+03	0.00000E+00	2.97141E+03
1.01325D-02	3.00000D+00	2.10000E+03	0.00000E+00	3.13069E+03
1.01325D-02	3.00000D+00	2.12500E+03	0.00000E+00	3.30069E+03
1.01325D-02	3.00000D+00	2.15000E+03	0.00000E+00	3.48247E+03
1.01325D-02	3.00000D+00	2.17500E+03	0.00000E+00	3.67712E+03
1.01325D-02	3.00000D+00	2.20000E+03	0.00000E+00	3.88583E+03
1.01325D-02	3.00000D+00	2.22500E+03	0.00000E+00	4.10980E+03
1.01325D-02	3.00000D+00	2.25000E+03	0.00000E+00	4.35032E+03
1.01325D-02	3.00000D+00	2.27500E+03	0.00000E+00	4.60869E+03
1.01325D-02	3.00000D+00	2.30000E+03	0.00000E+00	4.88627E+03
1.01325D-02	3.00000D+00	2.32500E+03	0.00000E+00	5.18443E+03
1.01325D-02	3.00000D+00	2.35000E+03	0.00000E+00	5.50456E+03
1.01325D-02	3.00000D+00	2.37500E+03	0.00000E+00	5.84806E+03
1.01325D-02	3.00000D+00	2.40000E+03	0.00000E+00	6.21630E+03
1.01325D-02	3.00000D+00	2.42500E+03	0.00000E+00	6.61065E+03
1.01325D-02	3.00000D+00	2.45000E+03	0.00000E+00	7.03239E+03
1.01325D-02	3.00000D+00	2.47500E+03	0.00000E+00	7.48277E+03
1.01325D-02	3.00000D+00	2.50000E+03	0.00000E+00	7.96293E+03
1.01325D-02	3.00000D+00	2.52500E+03	0.00000E+00	8.47389E+03
1.01325D-02	3.00000D+00	2.55000E+03	0.00000E+00	9.01652E+03
1.01325D-02	3.00000D+00	2.57500E+03	0.00000E+00	9.59153E+03
1.01325D-02	3.00000D+00	2.60000E+03	0.00000E+00	1.01994E+04
1.01325D-02	3.00000D+00	2.62500E+03	0.00000E+00	1.08404E+04
1.01325D-02	3.00000D+00	2.65000E+03	0.00000E+00	1.15146E+04
1.01325D-02	3.00000D+00	2.67500E+03	0.00000E+00	1.22217E+04
1.01325D-02	3.00000D+00	2.70000E+03	0.00000E+00	1.29611E+04
1.01325D-02	3.00000D+00	2.72500E+03	0.00000E+00	1.37319E+04
1.01325D-02	3.00000D+00	2.75000E+03	0.00000E+00	1.45329E+04
1.01325D-02	3.00000D+00	2.77500E+03	0.00000E+00	1.53625E+04
1.01325D-02	3.00000D+00	2.80000E+03	0.00000E+00	1.62189E+04
1.01325D-02	3.00000D+00	2.82500E+03	0.00000E+00	1.70997E+04
1.01325D-02	3.00000D+00	2.85000E+03	0.00000E+00	1.80021E+04
1.01325D-02	3.00000D+00	2.87500E+03	0.00000E+00	1.89229E+04
1.01325D-02	3.00000D+00	2.90000E+03	0.00000E+00	1.98582E+04
1.01325D-02	3.00000D+00	2.92500E+03	4.46107E-02	2.08032E+04
1.01325D-02	3.00000D+00	2.95000E+03	1.43310E-01	2.17521E+04
1.01325D-02	3.00000D+00	2.97500E+03	2.71388E-01	2.26977E+04
1.01325D-02	3.00000D+00	3.00000E+03	4.38332E-01	2.36310E+04
1.01325D-02	3.00000D+00	3.02500E+03	6.56882E-01	2.45411E+04
1.01325D-02	3.00000D+00	3.05000E+03	9.44391E-01	2.54153E+04
1.01325D-02	3.00000D+00	3.07500E+03	1.32495E+00	2.62390E+04
1.01325D-02	3.00000D+00	3.10000E+03	1.83283E+00	2.69967E+04
1.01325D-02	3.00000D+00	3.12500E+03	2.51835E+00	2.76734E+04
1.01325D-02	3.00000D+00	3.15000E+03	3.45841E+00	2.82559E+04
1.01325D-02	3.00000D+00	3.17500E+03	4.77663E+00	2.87345E+04
1.01325D-02	3.00000D+00	3.20000E+03	6.68537E+00	2.91045E+04
1.01325D-02	3.00000D+00	3.22500E+03	9.58300E+00	2.93662E+04
1.01325D-02	3.00000D+00	3.25000E+03	1.43151E+01	2.95248E+04
1.01325D-02	3.00000D+00	3.27500E+03	2.30477E+01	2.95891E+04
1.01325D-02	3.00000D+00	3.30000E+03	4.34827E+01	2.95689E+04
1.01325D-02	3.00000D+00	3.32500E+03	4.34827E+01	2.95689E+04
1.01325D-02	3.00000D+00	3.35000E+03	4.34827E+01	2.95689E+04
1.01325D-02	3.00000D+00	3.37500E+03	4.34827E+01	2.95689E+04
1.01325D-02	3.00000D+00	3.40000E+03	4.34827E+01	2.95689E+04
1.01325D-02	3.00000D+00	3.42500E+03	4.34827E+01	2.95689E+04
1.01325D-02	3.00000D+00	3.45000E+03	4.34827E+01	2.95689E+04
1.01325D-02	3.00000D+00	3.47500E+03	4.34827E+01	2.95689E+04
1.01325D-02	3.00000D+00	3.50000E+03	4.34827E+01	2.95689E+04
1.01325D-02	3.00000D+00	3.52500E+03	4.34827E+01	2.95689E+04
1.01325D-02	3.00000D+00	3.55000E+03	4.34827E+01	2.95689E+04
1.01325D-02	3.00000D+00	3.57500E+03	4.34827E+01	2.95689E+04
1.01325D-02	3.00000D+00	3.60000E+03	4.34827E+01	2.95689E+04
1.01325D-02	3.00000D+00	3.62500E+03	4.34827E+01	2.95689E+04
1.01325D-02	3.00000D+00	3.65000E+03	4.34827E+01	2.95689E+04
1.01325D-02	3.00000D+00	3.67500E+03	4.34827E+01	2.95689E+04
1.01325D-02	3.00000D+00	3.70000E+03	4.34827E+01	2.95689E+04
1.01325D-02	3.00000D+00	3.72500E+03	4.34827E+01	2.95689E+04
1.01325D-02	3.00000D+00	3.75000E+03	4.34827E+01	2.95689E+04
1.01325D-02	3.00000D+00	3.77500E+03	4.34827E+01	2.95689E+04
1.01325D-02	3.00000D+00	3.80000E+03	4.34827E+01	2.95689E+04
1.01325D-02	3.00000D+00	3.82500E+03	4.34827E+01	2.95689E+04
1.01325D-02	3.00000D+00	3.85000E+03	4.34827E+01	2.95689E+04
1.01325D-02	3.00000D+00	3.87500E+03	4.34827E+01	2.95689E+04
1.01325D-02	3.00000D+00	3.90000E+03	4.34827E+01	2.95689E+04
1.01325D-02	3.00000D+00	3.92500E+03	4.34827E+01	2.95689E+04
1.01325D-02	3.00000D+00	3.95000E+03	4.34827E+01	2.95689E+04
1.01325D-02	3.00000D+00	3.97500E+03	4.34827E+01	2.95689E+04
1.01325D-02	3.00000D+00	4.00000E+03	4.34827E+01	2.95689E+04
p (bar)	B'g	Temp (K)	B'c	Hw (kJ/kg)
1.01325D-02	4.00000D+00	2.50000E+02	0.00000E+00	-8.03272E+03
1.01325D-02	4.00000D+00	2.75000E+02	0.00000E+00	-7.97353E+03
1.01325D-02	4.00000D+00	3.00000E+02	0.00000E+00	-7.90731E+03
1.01325D-02	4.00000D+00	3.25000E+02	0.00000E+00	-7.83409E+03
1.01325D-02	4.00000D+00	3.50000E+02	0.00000E+00	-7.75473E+03
1.01325D-02	4.00000D+00	3.75000E+02	0.00000E+00	-7.67060E+03
1.01325D-02	4.00000D+00	4.00000E+02	0.00000E+00	-7.58311E+03
1.01325D-02	4.00000D+00	4.25000E+02	0.00000E+00	-7.49328E+03
1.01325D-02	4.00000D+00	4.50000E+02	0.00000E+00	-7.40128E+03
1.01325D-02	4.00000D+00	4.75000E+02	0.00000E+00	-7.30608E+03
1.01325D-02	4.00000D+00	5.00000E+02	0.00000E+00	-7.20491E+03
1.01325D-02	4.00000D+00	5.25000E+02	0.00000E+00	-7.09249E+03
1.01325D-02	4.00000D+00	5.50000E+02	0.00000E+00	-6.96010E+03
1.01325D-02	4.00000D+00	5.75000E+02	0.00000E+00	-6.79493E+03
1.01325D-02	4.00000D+00	6.00000E+02	0.00000E+00	-6.58089E+03
1.01325D-02	4.00000D+00	6.25000E+02	0.00000E+00	-6.30212E+03
1.01325D-02	4.00000D+00	6.50000E+02	0.00000E+00	-5.94724E+03
1.01325D-02	4.00000D+00	6.75000E+02	0.00000E+00	-5.51030E+03
1.01325D-02	4.00000D+00	7.00000E+02	0.00000E+00	-4.98872E+03
1.01325D-02	4.00000D+00	7.25000E+02	0.00000E+00	-4.38581E+03
1.01325D-02	4.00000D+00	7.50000E+02	0.00000E+00	-3.72238E+03
1.01325D-02	4.00000D+00	7.75000E+02	0.00000E+00	-3.04893E+03
1.01325D-02	4.00000D+00	8.00000E+02	0.00000E+00	-2.43852E+03
1.01325D-02	4.00000D+00	8.25000E+02	0.00000E+00	-1.95114E+03
1.01325D-02	4.00000D+00	8.50000E+02	0.00000E+00	-1.60017E+03
1.01325D-02	4.00000D+00	8.75000E+02	0.00000E+00	-1.35847E+03
1.01325D-02	4.00000D+00	9.00000E+02	0.00000E+00	-1.18831E+03
1.01325D-02	4.00000D+00	9.25000E+02	0.00000E+00	-1.06014E+03
1.01325D-02	4.00000D+00	9.50000E+02	0.00000E+00	-9.55464E+02
1.01325D-02	4.00000D+00	9.75000E+02	0.00000E+00	-8.63783E+02
1.01325D-02	4.00000D+00	1.00000E+03	0.00000E+00	-7.79308E+02
1.01325D-02	4.00000D+00	1.02500E+03	0.00000E+00	-6.98873E+02
1.01325D-02	4.00000D+00	1.05000E+03	0.00000E+00	-6.20719E+02
1.01325D-02	4.00000D+00	1.07500E+03	0.00000E+00	-5.43838E+02
1.01325D-02	4.00000D+00	1.10000E+03	0.00000E+00	-4.67642E+02
1.01325D-02	4.00000D+00	1.12500E+03	0.00000E+00	-3.91780E+02
1.01325D-02	4.00000D+00	1.15000E+03	0.00000E+00	-3.16038E+02
1.01325D-02	4.00000D+00	1.17500E+03	0.00000E+00	-2.40281E+02
1.01325D-02	4.00000D+00	1.20000E+03	0.00000E+00	-1.64420E+02
1.01325D-02	4.00000D+00	1.22500E+03	0.00000E+00	-8.83990E+01
1.01325D-02	4.00000D+00	1.25000E+03	0.00000E+00	-1.21755E+01
1.01325D-02	4.00000D+00	1.27500E+03	0.00000E+00	6.42808E+01
1.01325D-02	4.00000D+00	1.30000E+03	0.00000E+00	1.40995E+02
1.01325D-02	4.00000D+00	1.32500E+03	0.00000E+00	2.17988E+02
1.01325D-02	4.00000D+00	1.35000E+03	0.00000E+00	2.95282E+02
1.01325D-02	4.00000D+00	1.37500E+03	0.00000E+00	3.72900E+02
1.01325D-02	4.00000D+00	1.40000E+03	0.00000E+00	4.50867E+02
1.01325D-02	4.00000D+00	1.42500E+03	0.00000E+00	5.29212E+02
1.01325D-02	4.00000D+00	1.45000E+03	0.00000E+00	6.07971E+02
1.01325D-02	4.00000D+00	1.47500E+03	0.00000E+00	6.87186E+02
1.01325D-02	4.00000D+00	1.50000E+03	0.00000E+00	7.66908E+02
1.01325D-02	4.00000D+00	1.52500E+03	0.00000E+00	8.47196E+02
1.01325D-02	4.00000D+00	1.55000E+03	0.00000E+00	9.28124E+02
1.01325D-02	4.00000D+00	1.57500E+03	0.00000E+00	1.00978E+03
1.01325D-02	4.00000D+00	1.60000E+03	0.00000E+00	1.09226E+03
1.01325D-02	4.00000D+00	1.62500E+03	0.00000E+00	1.17569E+03
1.01325D-02	4.00000D+00	1.65000E+03	0.00000E+00	1.26021E+03
1.01325D-02	4.00000D+00	1.67500E+03	0.00000E+00	1.34598E+03
1.01325D-02	4.00000D+00	1.70000E+03	0.00000E+00	1.43319E+03
1.01325D-02	4.00000D+00	1.72500E+03	0.00000E+00	1.52206E+03
1.01325D-02	4.00000D+00	1.75000E+03	0.00000E+00	1.61284E+03
1.01325D-02	4.00000D+00	1.77500E+03	0.00000E+00	1.70580E+03
1.01325D-02	4.00000D+00	1.80000E+03	0.00000E+00	1.80128E+03
1.01325D-02	4.00000D+00	1.82500E+03	0.00000E+00	1.89964E+03
1.01325D-02	4.00000D+00	1.85000E+03	0.00000E+00	2.00127E+03
1.01325D-02	4.00000D+00	1.87500E+03	0.00000E+00	2.10663E+03
1.01325D-02	4.00000D+00	1.90000E+03	0.00000E+00	2.21623E+03
1.01325D-02	4.00000D+00	1.92500E+03	0.00000E+00	2.33063E+03
1.01325D-02	4.00000D+00	1.95000E+03	0.00000E+00	2.45042E+03
1.01325D-02	4.00000D+00	1.97500E+03	0.00000E+00	2.57630E+03
1.01325D-02	4.00000D+00	2.00000E+03	0.00000E+00	2.70899E+03
1.01325D-02	4.00000D+00	2.02500E+03	0.00000E+00	2.84928E+03
1.01325D-02	4.00000D+00	2.05000E+03	0.00000E+00	2.99804E+03
1.01325D-02	4.00000D+00	2.07500E+03	0.00000E+00	3.15621E+03
1.01325D-02	4.00000D+00	2.10000E+03	0.00000E+00	3.32477E+03
1.01325D-02	4.00000D+00	2.12500E+03	0.00000E+00	3.50480E+03
1.01325D-02	4.00000D+00	2.15000E+03	0.00000E+00	3.69741E+03
1.01325D-02	4.00000D+00	2.17500E+03	0.00000E+00	3.90382E+03
1.01325D-02	4.00000D+00	2.20000E+03	0.00000E+00	4.12528E+03
1.01325D-02	4.00000D+00	2.22500E+03	0.00000E+00	4.36310E+03
1.01325D-02	4.00000D+00	2.25000E+03	0.00000E+00	4.61866E+03
1.01325D-02	4.00000D+00	2.27500E+03	0.00000E+00	4.89338E+03
1.01325D-02	4.00000D+00	2.30000E+03	0.00000E+00	5.18873E+03
1.01325D-02	4.00000D+00	2.32500E+03	0.00000E+00	5.50619E+03
1.01325D-02	4.00000D+00	2.35000E+03	0.00000E+00	5.84727E+03
1.01325D-02	4.00000D+00	2.37500E+03	0.00000E+00	6.21349E+03
1.01325D-02	4.00000D+00	2.40000E+03	0.00000E+00	6.60636E+03
1.01325D-02	4.00000D+00	2.42500E+03	0.00000E+00	7.02735E+03
1.01325D-02	4.00000D+00	2.45000E+03	0.00000E+00	7.47790E+03
1.01325D-02	4.00000D+00	2.47500E+03	0.00000E+00	7.95936E+03
1.01325D-02	4.00000D+00	2.50000E+03	0.00000E+00	8.47299E+03
1.01325D-02	4.00000D+00	2.52500E+03	0.00000E+00	9.01991E+03
1.01325D-02	4.00000D+00	2.55000E+03	0.00000E+00	9.60111E+03
1.01325D-02	4.00000D+00	2.57500E+03	0.00000E+00	1.02174E+04
1.01325D-02	4.00000D+00	2.60000E+03	0.00000E+00	1.08692E+04
1.01325D-02	4.00000D+00	2.62500E+03	0.00000E+00	1.15570E+04
1.01325D-02	4.00000D+00	2.65000E+03	0.00000E+00	1.22807E+04
1.01325D-02	4.00000D+00	2.67500E+03	0.00000E+00	1.30400E+04
1.01325D-02	4.00000D+00	2.70000E+03	0.00000E+00	1.38342E+04
1.01325D-02	4.00000D+00	2.72500E+03	0.00000E+00	1.46622E+04
1.01325D-02	4.00000D+00	2.75000E+03	0.00000E+00	1.55224E+04
1.01325D-02	4.00000D+00	2.77500E+03	0.00000E+00	1.64129E+04
1.01325D-02	4.00000D+00	2.80000E+03	0.00000E+00	1.73310E+04
1.01325D-02	4.00000D+00	2.82500E+03	0.00000E+00	1.82736E+04
1.01325D-02	4.00000D+00	2.85000E+03	0.00000E+00	1.92367E+04
1.01325D-02	4.00000D+00	2.87500E+03	0.00000E+00	2.02158E+04
1.01325D-02	4.00000D+00	2.90000E+03	0.00000E+00	2.12050E+04
1.01325D-02	4.00000D+00	2.92500E+03	0.00000E+00	2.21973E+04
1.01325D-02	4.00000D+00	2.95000E+03	9.54949E-02	2.31841E+04
1.01325D-02	4.00000D+00	2.97500E+03	2.61481E-01	2.41553E+04
1.01325D-02	4.00000D+00	3.00000E+03	4.78019E-01	2.50983E+04
1.01325D-02	4.00000D+00	3.02500E+03	7.61697E-01	2.59989E+04
1.01325D-02	4.00000D+00	3.05000E+03	1.13512E+00	2.68413E+04
1.01325D-02	4.00000D+00	3.07500E+03	1.62965E+00	2.76084E+04
1.01325D-02	4.00000D+00	3.10000E+03	2.28993E+00	2.82842E+04
1.01325D-02	4.00000D+00	3.12500E+03	3.18147E+00	2.88543E+04
1.01325D-02	4.00000D+00	3.15000E+03	4.40436E+00	2.93087E+04
1.01325D-02	4.00000D+00	3.17500E+03	6.11948E+00	2.96427E+04
1.01325D-02	4.00000D+00	3.20000E+03	8.60308E+00	2.98579E+04
1.01325D-02	4.00000D+00	3.22500E+03	1.23732E+01	2.99618E+04
1.01325D-02	4.00000D+00	3.25000E+03	1.85287E+01	2.99663E+04
1.01325D-02	4.00000D+00	3.27500E+03	2.98826E+01	2.98859E+04
1.01325D-02	4.00000D+00	3.30000E+03	5.64274E+01	2.97349E+04
1.01325D-02	4.00000D+00	3.32500E+03	5.64274E+01	2.97349E+04
1.01325D-02	4.00000D+00	3.35000E+03	5.64274E+01	2.97349E+04
1.01325D-02	4.00000D+00	3.37500E+03	5.64274E+01	2.97349E+04
1.01325D-02	4.00000D+00	3.40000E+03	5.64274E+01	2.97349E+04
1.01325D-02	4.00000D+00	3.42500E+03	5.64274E+01	2.97349E+04
1.01325D-02	4.00000D+00	3.45000E+03	5.64274E+01	2.97349E+04
1.01325D-02	4.00000D+00	3.47500E+03	5.64274E+01	2.97349E+04
1.01325D-02	4.00000D+00	3.50000E+03	5.64274E+01	2.97349E+04
1.01325D-02	4.00000D+00	3.52500E+03	5.64274E+01	2.97349E+04
1.01325D-02	4.00000D+00	3.55000E+03	5.64274E+01	2.97349E+04
1.01325D-02	4.00000D+00	3.57500E+03	5.64274E+01	2.97349E+04
1.01325D-02	4.00000D+00	3.60000E+03	5.64274E+01	2.97349E+04
1.01325D-02	4.00000D+00	3.62500E+03	5.64274E+01	2.97349E+04
1.01325D-02	4.00000D+00	3.65000E+03	5.64274E+01	2.97349E+04
1.01325D-02	4.00000D+00	3.67500E+03	5.64274E+01	2.97349E+04
1.01325D-02	4.00000D+00	3.70000E+03	5.64274E+01	2.97349E+04
1.01325D-02	4.00000D+00	3.72500E+03	5.64274E+01	2.97349E+04
1.01325D-02	4.00000D+00	3.75000E+03	5.64274E+01	2.97349E+04
1.01325D-02	4.00000D+00	3.77500E+03	5.64274E+01	2.97349E+04
1.01325D-02	4.00000D+00	3.80000E+03	5.64274E+01	2.97349E+04
1.01325D-02	4.00000D+00	3.82500E+03	5.64274E+01	2.97349E+04
1.01325D-02	4.00000D+00	3.85000E+03	5.64274E+01	2.97349E+04
1.01325D-02	4.00000D+00	3.87500E+03	5.64274E+01	2.97349E+04
1.01325D-02	4.00000D+00	3.90000E+03	5.64274E+01	2.97349E+04
1.01325D-02	4.00000D+00	3.92500E+03	5.64274E+01	2.97349E+04
1.01325D-02	4.00000D+00	3.95000E+03	5.64274E+01	2.97349E+04
1.01325D-02	4.00000D+00	3.97500E+03	5.64274E+01	2.97349E+04
1.01325D-02	4.00000D+00	4.00000E+03	5.64274E+01	2.97349E+04
p (bar)	B'g	Temp (K)	B'c	Hw (kJ/kg)
1.01325D-02	5.50000D+00	2.50000E+02	0.00000E+00	-8.34560E+03
1.01325D-02	5.50000D+00	2.75000E+02	0.00000E+00	-8.28527E+03
1.01325D-02	5.50000D+00	3.00000E+02	0.00000E+00	-8.21782E+03
1.01325D-02	5.50000D+00	3.25000E+02	0.00000E+00	-8.14324E+03
1.01325D-02	5.50000D+00	3.50000E+02	0.00000E+00	-8.06240E+03
1.01325D-02	5.50000D+00	3.75000E+02	0.00000E+00	-7.97671E+03
1.01325D-02	5.50000D+00	4.00000E+02	0.00000E+00	-7.88775E+03
1.01325D-02	5.50000D+00	4.25000E+02	0.00000E+00	-7.79675E+03
1.01325D-02	5.50000D+00	4.50000E+02	0.00000E+00	-7.70422E+03
1.01325D-02	5.50000D+00	4.75000E+02	0.00000E+00	-7.60948E+03
1.01325D-02	5.50000D+00	5.00000E+02	0.00000E+00	-7.51013E+03
1.01325D-02	5.50000D+00	5.25000E+02	0.00000E+00	-7.40112E+03
1.01325D-02	5.50000D+00	5.50000E+02	0.00000E+00	-7.27356E+03
1.01325D-02	5.50000D+00	5.75000E+02	0.00000E+00	-7.11360E+03
1.01325D-02	5.50000D+00	6.00000E+02	0.00000E+00	-6.90283E+03
1.01325D-02	5.50000D+00	6.25000E+02	0.00000E+00	-6.62187E+03
1.01325D-02	5.50000D+00	6.50000E+02	0.00000E+00	-6.25600E+03
1.01325D-02	5.50000D+00	6.75000E+02	0.00000E+00	-5.79766E+03
1.01325D-02	5.50000D+00	7.00000E+02	0.00000E+00	-5.24493E+03
1.01325D-02	5.50000D+00	7.25000E+02	0.00000E+00	-4.60350E+03
1.01325D-02	5.50000D+00	7.50000E+02	0.00000E+00	-3.89794E+03
1.01325D-02	5.50000D+00	7.75000E+02	0.00000E+00	-3.18363E+03
1.01325D-02	5.50000D+00	8.00000E+02	0.00000E+00	-2.53838E+03
1.01325D-02	5.50000D+00	8.25000E+02	0.00000E+00	-2.02474E+03
1.01325D-02	5.50000D+00	8.50000E+02	0.00000E+00	-1.65556E+03
1.01325D-02	5.50000D+00	8.75000E+02	0.00000E+00	-1.40157E+03
1.01325D-02	5.50000D+00	9.00000E+02	0.00000E+00	-1.22280E+03
1.01325D-02	5.50000D+00	9.25000E+02	0.00000E+00	-1.08817E+03
1.01325D-02	5.50000D+00	9.50000E+02	0.00000E+00	-9.78238E+02
1.01325D-02	5.50000D+00	9.75000E+02	0.00000E+00	-8.81985E+02
1.01325D-02	5.50000D+00	1.00000E+03	0.00000E+00	-7.93327E+02
1.01325D-02	5.50000D+00	1.02500E+03	0.00000E+00	-7.08933E+02
1.01325D-02	5.50000D+00	1.05000E+03	0.00000E+00	-6.26952E+02
1.01325D-02	5.50000D+00	1.07500E+03	0.00000E+00	-5.46322E+02
1.01325D-02	5.50000D+00	1.10000E+03	0.00000E+00	-4.66421E+02
1.01325D-02	5.50000D+00	1.12500E+03	0.00000E+00	-3.86880E+02
1.01325D-02	5.50000D+00	1.15000E+03	0.00000E+00	-3.07472E+02
1.01325D-02	5.50000D+00	1.17500E+03	0.00000E+00	-2.28053E+02
1.01325D-02	5.50000D+00	1.20000E+03	0.00000E+00	-1.48530E+02
1.01325D-02	5.50000D+00	1.22500E+03	0.00000E+00	-6.88432E+01
1.01325D-02	5.50000D+00	1.25000E+03	0.00000E+00	1.10525E+01
1.01325D-02	5.50000D+00	1.27500E+03	0.00000E+00	9.11888E+01
1.01325D-02	5.50000D+00	1.30000E+03	0.00000E+00	1.71592E+02
1.01325D-02	5.50000D+00	1.32500E+03	0.00000E+00	2.52284E+02
1.01325D-02	5.50000D+00	1.35000E+03	0.00000E+00	3.33288E+02
1.01325D-02	5.50000D+00	1.37500E+03	0.00000E+00	4.14628E+02
1.01325D-02	5.50000D+00	1.40000E+03	0.00000E+00	4.96329E+02
1.01325D-02	5.50000D+00	1.42500E+03	0.00000E+00	5.78422E+02
1.01325D-02	5.50000D+00	1.45000E+03	0.00000E+00	6.60945E+02
1.01325D-02	5.50000D+00	1.47500E+03	0.00000E+00	7.43940E+02
1.01325D-02	5.50000D+00	1.50000E+03	0.00000E+00	8.27460E+02
1.01325D-02	5.50000D+00	1.52500E+03	0.00000E+00	9.11569E+02
1.01325D-02	5.50000D+00	1.55000E+03	0.00000E+00	9.96344E+02
1.01325D-02	5.50000D+00	1.57500E+03	0.00000E+00	1.08187E+03
1.01325D-02	5.50000D+00	1.60000E+03	0.00000E+00	1.16827E+03
1.01325D-02	5.50000D+00	1.62500E+03	0.00000E+00	1.25565E+03
1.01325D-02	5.50000D+00	1.65000E+03	0.00000E+00	1.34416E+03
1.01325D-02	5.50000D+00	1.67500E+03	0.00000E+00	1.43399E+03
1.01325D-02	5.50000D+00	1.70000E+03	0.00000E+00	1.52533E+03
1.01325D-02	5.50000D+00	1.72500E+03	0.00000E+00	1.61840E+03
1.01325D-02	5.50000D+00	1.75000E+03	0.00000E+00	1.71348E+03
1.01325D-02	5.50000D+00	1.77500E+03	0.00000E+00	1.81086E+03
1.01325D-02	5.50000D+00	1.80000E+03	0.00000E+00	1.91089E+03
1.01325D-02	5.50000D+00	1.82500E+03	0.00000E+00	2.01394E+03
1.01325D-02	5.50000D+00	1.85000E+03	0.00000E+00	2.12045E+03
1.01325D-02	5.50000D+00	1.87500E+03	0.00000E+00	2.23089E+03
1.01325D-02	5.50000D+00	1.90000E+03	0.00000E+00	2.34581E+03
1.01325D-02	5.50000D+00	1.92500E+03	0.00000E+00	2.46579E+03
1.01325D-02	5.50000D+00	1.95000E+03	0.00000E+00	2.59149E+03
1.01325D-02	5.50000D+00	1.97500E+03	0.00000E+00	2.72362E+03
1.01325D-02	5.50000D+00	2.00000E+03	0.00000E+00	2.86296E+03
1.01325D-02	5.50000D+00	2.02500E+03	0.00000E+00	3.01036E+03
1.01325D-02	5.50000D+00	2.05000E+03	0.00000E+00	3.16674E+03
1.01325D-02	5.50000D+00	2.07500E+03	0.00000E+00	3.33310E+03
1.01325D-02	5.50000D+00	2.10000E+03	0.00000E+00	3.51050E+03
1.01325D-02	5.50000D+00	2.12500E+03	0.00000E+00	3.70006E+03
1.01325D-02	5.50000D+00	2.15000E+03	0.00000E+00	3.90301E+03
1.01325D-02	5.50000D+00	2.17500E+03	0.00000E+00	4.12062E+03
1.01325D-02	5.50000D+00	2.20000E+03	0.00000E+00	4.35424E+03
1.01325D-02	5.50000D+00	2.22500E+03	0.00000E+00	4.60529E+03
1.01325D-02	5.50000D+00	2.25000E+03	0.00000E+00	4.87523E+03
1.01325D-02	5.50000D+00	2.27500E+03	0.00000E+00	5.16559E+03
1.01325D-02	5.50000D+00	2.30000E+03	0.00000E+00	5.47793E+03
1.01325D-02	5.50000D+00	2.32500E+03	0.00000E+00	5.81388E+03
1.01325D-02	5.50000D+00	2.35000E+03	0.00000E+00	6.17505E+03
1.01325D-02	5.50000D+00	2.37500E+03	0.00000E+00	6.56307E+03
1.01325D-02	5.50000D+00	2.40000E+03	0.00000E+00	6.97959E+03
1.01325D-02	5.50000D+00	2.42500E+03	0.00000E+00	7.42620E+03
1.01325D-02	5.50000D+00	2.45000E+03	0.00000E+00	7.90445E+03
1.01325D-02	5.50000D+00	2.47500E+03	0.00000E+00	8.41583E+03
1.01325D-02	5.50000D+00	2.50000E+03	0.00000E+00	8.96170E+03
1.01325D-02	5.50000D+00	2.52500E+03	0.00000E+00	9.54331E+03
1.01325D-02	5.50000D+00	2.55000E+03	0.00000E+00	1.01617E+04
1.01325D-02	5.50000D+00	2.57500E+03	0.00000E+00	1.08178E+04
1.01325D-02	5.50000D+00	2.60000E+03	0.00000E+00	1.15122E+04
1.01325D-02	5.50000D+00	2.62500E+03	0.00000E+00	1.22452E+04
1.01325D-02	5.50000D+00	2.65000E+03	0.00000E+00	1.30168E+04
1.01325D-02	5.50000D+00	2.67500E+03	0.00000E+00	1.38266E+04
1.01325D-02	5.50000D+00	2.70000E+03	0.00000E+00	1.46737E+04
1.01325D-02	5.50000D+00	2.72500E+03	0.00000E+00	1.55570E+04
1.01325D-02	5.50000D+00	2.75000E+03	0.00000E+00	1.64744E+04
1.01325D-02	5.50000D+00	2.77500E+03	0.00000E+00	1.74234E+04
1.01325D-02	5.50000D+00	2.80000E+03	0.00000E+00	1.84009E+04
1.01325D-02	5.50000D+00	2.82500E+03	0.00000E+00	1.94028E+04
1.01325D-02	5.50000D+00	2.85000E+03	0.00000E+00	2.04239E+04
1.01325D-02	5.50000D+00	2.87500E+03	0.00000E+00	2.14581E+04
1.01325D-02	5.50000D+00	2.90000E+03	0.00000E+00	2.24977E+04
1.01325D-02	5.50000D+00	2.92500E+03	0.00000E+00	2.35334E+04
1.01325D-02	5.50000D+00	2.95000E+03	1.87383E-02	2.45537E+04
1.01325D-02	5.50000D+00	2.97500E+03	2.41417E-01	2.55454E+04
1.01325D-02	5.50000D+00	3.00000E+03	5.32162E-01	2.64927E+04
1.01325D-02	5.50000D+00	3.02500E+03	9.13338E-01	2.73781E+04
1.01325D-02	5.50000D+00	3.05000E+03	1.41541E+00	2.81830E+04
1.01325D-02	5.50000D+00	3.07500E+03	2.08065E+00	2.88887E+04
1.01325D-02	5.50000D+00	3.10000E+03	2.96923E+00	2.94788E+04
1.01325D-02	5.50000D+00	3.12500E+03	4.16942E+00	2.99409E+04
1.01325D-02	5.50000D+00	3.15000E+03	5.81607E+00	3.02687E+04
1.01325D-02	5.50000D+00	3.17500E+03	8.12585E+00	3.04629E+04
1.01325D-02	5.50000D+00	3.20000E+03	1.14707E+01	3.05317E+04
1.01325D-02	5.50000D+00	3.22500E+03	1.65477E+01	3.04893E+04
1.01325D-02	5.50000D+00	3.25000E+03	2.48353E+01	3.03535E+04
1.01325D-02	5.50000D+00	3.27500E+03	4.01145E+01	3.01438E+04
1.01325D-02	5.50000D+00	3.30000E+03	7.58060E+01	2.98779E+04
1.01325D-02	5.50000D+00	3.32500E+03	7.58060E+01	2.98779E+04
1.01325D-02	5.50000D+00	3.35000E+03	7.58060E+01	2.98779E+04
1.01325D-02	5.50000D+00	3.37500E+03	7.58060E+01	2.98779E+04
1.01325D-02	5.50000D+00	3.40000E+03	7.58060E+01	2.98779E+04
1.01325D-02	5.50000D+00	3.42500E+03	7.58060E+01	2.98779E+04
1.01325D-02	5.50000D+00	3.45000E+03	7.58060E+01	2.98779E+04
1.01325D-02	5.50000D+00	3.47500E+03	7.58060E+01	2.98779E+04
1.01325D-02	5.50000D+00	3.50000E+03	7.58060E+01	2.98779E+04
1.01325D-02	5.50000D+00	3.52500E+03	7.58060E+01	2.98779E+04
1.01325D-02	5.50000D+00	3.55000E+03	7.58060E+01	2.98779E+04
1.01325D-02	5.50000D+00	3.57500E+03	7.58060E+01	2.98779E+04
1.01325D-02	5.50000D+00	3.60000E+03	7.58060E+01	2.98779E+04
1.01325D-02	5.50000D+00	3.62500E+03	7.58060E+01	2.98779E+04
1.01325D-02	5.50000D+00	3.65000E+03	7.58060E+01	2.98779E+04
1.01325D-02	5.50000D+00	3.67500E+03	7.58060E+01	2.98779E+04
1.01325D-02	5.50000D+00	3.70000E+03	7.58060E+01	2.98779E+04
1.01325D-02	5.50000D+00	3.72500E+03	7.58060E+01	2.98779E+04
1.01325D-02	5.50000D+00	3.75000E+03	7.58060E+01	2.98779E+04
1.01325D-02	5.50000D+00	3.77500E+03	7.58060E+01	2.98779E+04
1.01325D-02	5.50000D+00	3.80000E+03	7.58060E+01	2.98779E+04
1.01325D-02	5.50000D+00	3.82500E+03	7.58060E+01	2.98779E+04
1.01325D-02	5.50000D+00	3.85000E+03	7.58060E+01	2.98779E+04
1.01325D-02	5.50000D+00	3.87500E+03	7.58060E+01	2.98779E+04
1.01325D-02	5.50000D+00	3.90000E+03	7.58060E+01	2.98779E+04
1.01325D-02	5.50000D+00	3.92500E+03	7.58060E+01	2.98779E+04
1.01325D-02	5.50000D+00	3.95000E+03	7.58060E+01	2.98779E+04
1.01325D-02	5.50000D+00	3.97500E+03	7.58060E+01	2.98779E+04
1.01325D-02	5.50000D+00	4.00000E+03	7.58060E+01	2.98779E+04
p (bar)	B'g	Temp (K)	B'c	Hw (kJ/kg)
1.01325D-02	7.50000D+00	2.50000E+02	0.00000E+00	-8.59447E+03
1.01325D-02	7.50000D+00	2.75000E+02	0.00000E+00	-8.53319E+03
1.01325D-02	7.50000D+00	3.00000E+02	0.00000E+00	-8.46471E+03
1.01325D-02	7.50000D+00	3.25000E+02	0.00000E+00	-8.38899E+03
1.01325D-02	7.50000D+00	3.50000E+02	0.00000E+00	-8.30691E+03
1.01325D-02	7.50000D+00	3.75000E+02	0.00000E+00	-8.21995E+03
1.01325D-02	7.50000D+00	4.00000E+02	0.00000E+00	-8.12981E+03
1.01325D-02	7.50000D+00	4.25000E+02	0.00000E+00	-8.03792E+03
1.01325D-02	7.50000D+00	4.50000E+02	0.00000E+00	-7.94505E+03
1.01325D-02	7.50000D+00	4.75000E+02	0.00000E+00	-7.85087E+03
1.01325D-02	7.50000D+00	5.00000E+02	0.00000E+00	-7.75329E+03
1.01325D-02	7.50000D+00	5.25000E+02	0.00000E+00	-7.64752E+03
1.01325D-02	7.50000D+00	5.50000E+02	0.00000E+00	-7.52461E+03
1.01325D-02	7.50000D+00	5.75000E+02	0.00000E+00	-7.36995E+03
1.01325D-02	7.50000D+00	6.00000E+02	0.00000E+00	-7.16323E+03
1.01325D-02	7.50000D+00	6.25000E+02	0.00000E+00	-6.88206E+03
1.01325D-02	7.50000D+00	6.50000E+02	0.00000E+00	-6.50859E+03
1.01325D-02	7.50000D+00	6.75000E+02	0.00000E+00	-6.03366E+03
1.01325D-02	7.50000D+00	7.00000E+02	0.00000E+00	-5.45574E+03
1.01325D-02	7.50000D+00	7.25000E+02	0.00000E+00	-4.78263E+03
1.01325D-02	7.50000D+00	7.50000E+02	0.00000E+00	-4.04221E+03
1.01325D-02	7.50000D+00	7.75000E+02	0.00000E+00	-3.29409E+03
1.01325D-02	7.50000D+00	8.00000E+02	0.00000E+00	-2.62011E+03
1.01325D-02	7.50000D+00	8.25000E+02	0.00000E+00	-2.08486E+03
1.01325D-02	7.50000D+00	8.50000E+02	0.00000E+00	-1.70077E+03
1.01325D-02	7.50000D+00	8.75000E+02	0.00000E+00	-1.43671E+03
1.01325D-02	7.50000D+00	9.00000E+02	0.00000E+00	-1.25092E+03
1.01325D-02	7.50000D+00	9.25000E+02	0.00000E+00	-1.11101E+03
1.01325D-02	7.50000D+00	9.50000E+02	0.00000E+00	-9.96801E+02
1.01325D-02	7.50000D+00	9.75000E+02	0.00000E+00	-8.96821E+02
1.01325D-02	7.50000D+00	1.00000E+03	0.00000E+00	-8.04754E+02
1.01325D-02	7.50000D+00	1.02500E+03	0.00000E+00	-7.17133E+02
1.01325D-02	7.50000D+00	1.05000E+03	0.00000E+00	-6.32033E+02
1.01325D-02	7.50000D+00	1.07500E+03	0.00000E+00	-5.48347E+02
1.01325D-02	7.50000D+00	1.10000E+03	0.00000E+00	-4.65429E+02
1.01325D-02	7.50000D+00	1.12500E+03	0.00000E+00	-3.82890E+02
1.01325D-02	7.50000D+00	1.15000E+03	0.00000E+00	-3.00494E+02
1.01325D-02	7.50000D+00	1.17500E+03	0.00000E+00	-2.18091E+02
1.01325D-02	7.50000D+00	1.20000E+03	0.00000E+00	-1.35586E+02
1.01325D-02	7.50000D+00	1.22500E+03	0.00000E+00	-5.29123E+01
1.01325D-02	7.50000D+00	1.25000E+03	0.00000E+00	2.99742E+01
1.01325D-02	7.50000D+00	1.27500E+03	0.00000E+00	1.13107E+02
1.01325D-02	7.50000D+00	1.30000E+03	0.00000E+00	1.96514E+02
1.01325D-02	7.50000D+00	1.32500E+03	0.00000E+00	2.80217E+02
1.01325D-02	7.50000D+00	1.35000E+03	0.00000E+00	3.64241E+02
1.01325D-02	7.50000D+00	1.37500E+03	0.00000E+00	4.48608E+02
1.01325D-02	7.50000D+00	1.40000E+03	0.00000E+00	5.33347E+02
1.01325D-02	7.50000D+00	1.42500E+03	0.00000E+00	6.18487E+02
1.01325D-02	7.50000D+00	1.45000E+03	0.00000E+00	7.04068E+02
1.01325D-02	7.50000D+00	1.47500E+03	0.00000E+00	7.90134E+02
1.01325D-02	7.50000D+00	1.50000E+03	0.00000E+00	8.76739E+02
1.01325D-02	7.50000D+00	1.52500E+03	0.00000E+00	9.63950E+02
1.01325D-02	7.50000D+00	1.55000E+03	0.00000E+00	1.05184E+03
1.01325D-02	7.50000D+00	1.57500E+03	0.00000E+00	1.14051E+03
1.01325D-02	7.50000D+00	1.60000E+03	0.00000E+00	1.23007E+03
1.01325D-02	7.50000D+00	1.62500E+03	0.00000E+00	1.32065E+03
1.01325D-02	7.50000D+00	1.65000E+03	0.00000E+00	1.41241E+03
1.01325D-02	7.50000D+00	1.67500E+03	0.00000E+00	1.50551E+03
1.01325D-02	7.50000D+00	1.70000E+03	0.00000E+00	1.60018E+03
1.01325D-02	7.50000D+00	1.72500E+03	0.00000E+00	1.69665E+03
1.01325D-02	7.50000D+00	1.75000E+03	0.00000E+00	1.79520E+03
1.01325D-02	7.50000D+00	1.77500E+03	0.00000E+00	1.89614E+03
1.01325D-02	7.50000D+00	1.80000E+03	0.00000E+00	1.99982E+03
1.01325D-02	7.50000D+00	1.82500E+03	0.00000E+00	2.10665E+03
1.01325D-02	7.50000D+00	1.85000E+03	0.00000E+00	2.21708E+03
1.01325D-02	7.50000D+00	1.87500E+03	0.00000E+00	2.33161E+03
1.01325D-02	7.50000D+00	1.90000E+03	0.00000E+00	2.45079E+03
1.01325D-02	7.50000D+00	1.92500E+03	0.00000E+00	2.57526E+03
1.01325D-02	7.50000D+00	1.95000E+03	0.00000E+00	2.70570E+03
1.01325D-02	7.50000D+00	1.97500E+03	0.00000E+00	2.84285E+03
1.01325D-02	7.50000D+00	2.00000E+03	0.00000E+00	2.98754E+03
1.01325D-02	7.50000D+00	2.02500E+03	0.00000E+00	3.14065E+03
1.01325D-02	7.50000D+00	2.05000E+03	0.00000E+00	3.30315E+03
1.01325D-02	7.50000D+00	2.07500E+03	0.00000E+00	3.47610E+03
1.01325D-02	7.50000D+00	2.10000E+03	0.00000E+00	3.66059E+03
1.01325D-02	7.50000D+00	2.12500E+03	0.00000E+00	3.85784E+03
1.01325D-02	7.50000D+00	2.15000E+03	0.00000E+00	4.06911E+03
1.01325D-02	7.50000D+00	2.17500E+03	0.00000E+00	4.29575E+03
1.01325D-02	7.50000D+00	2.20000E+03	0.00000E+00	4.53918E+03
1.01325D-02	7.50000D+00	2.22500E+03	0.00000E+00	4.80090E+03
1.01325D-02	7.50000D+00	2.25000E+03	0.00000E+00	5.08246E+03
1.01325D-02	7.50000D+00	2.27500E+03	0.00000E+00	5.38547E+03
1.01325D-02	7.50000D+00	2.30000E+03	0.00000E+00	5.71159E+03
1.01325D-02	7.50000D+00	2.32500E+03	0.00000E+00	6.06252E+03
1.01325D-02	7.50000D+00	2.35000E+03	0.00000E+00	6.44000E+03
1.01325D-02	7.50000D+00	2.37500E+03	0.00000E+00	6.84574E+03
1.01325D-02	7.50000D+00	2.40000E+03	0.00000E+00	7.28150E+03
1.01325D-02	7.50000D+00	2.42500E+03	0.00000E+00	7.74897E+03
1.01325D-02	7.50000D+00	2.45000E+03	0.00000E+00	8.24981E+03
1.01325D-02	7.50000D+00	2.47500E+03	0.00000E+00	8.78560E+03
1.01325D-02	7.50000D+00	2.50000E+03	0.00000E+00	9.35781E+03
1.01325D-02	7.50000D+00	2.52500E+03	0.00000E+00	9.96778E+03
1.01325D-02	7.50000D+00	2.55000E+03	0.00000E+00	1.06166E+04
1.01325D-02	7.50000D+00	2.57500E+03	0.00000E+00	1.13054E+04
1.01325D-02	7.50000D+00	2.60000E+03	0.00000E+00	1.20346E+04
1.01325D-02	7.50000D+00	2.62500E+03	0.00000E+00	1.28046E+04
1.01325D-02	7.50000D+00	2.65000E+03	0.00000E+00	1.36155E+04
1.01325D-02	7.50000D+00	2.67500E+03	0.00000E+00	1.44668E+04
1.01325D-02	7.50000D+00	2.70000E+03	0.00000E+00	1.53575E+04
1.01325D-02	7.50000D+00	2.72500E+03	0.00000E+00	1.62861E+04
1.01325D-02	7.50000D+00	2.75000E+03	0.00000E+00	1.72504E+04
1.01325D-02	7.50000D+00	2.77500E+03	0.00000E+00	1.82475E+04
1.01325D-02	7.50000D+00	2.80000E+03	0.00000E+00	1.92736E+04
1.01325D-02	7.50000D+00	2.82500E+03	0.00000E+00	2.03238E+04
1.01325D-02	7.50000D+00	2.85000E+03	0.00000E+00	2.13920E+04
1.01325D-02	7.50000D+00	2.87500E+03	0.00000E+00	2.24707E+04
1.01325D-02	7.50000D+00	2.90000E+03	0.00000E+00	2.35505E+04
1.01325D-02	7.50000D+00	2.92500E+03	0.00000E+00	2.46200E+04
1.01325D-02	7.50000D+00	2.95000E+03	0.00000E+00	2.56657E+04
1.01325D-02	7.50000D+00	2.97500E+03	2.08604E-01	2.66713E+04
1.01325D-02	7.50000D+00	3.00000E+03	5.98087E-01	2.76186E+04
1.01325D-02	7.50000D+00	3.02500E+03	1.10903E+00	2.84873E+04
1.01325D-02	7.50000D+00	3.05000E+03	1.78239E+00	2.92568E+04
1.01325D-02	7.50000D+00	3.07500E+03	2.67497E+00	2.99074E+04
1.01325D-02	7.50000D+00	3.10000E+03	3.86761E+00	3.04232E+04
1.01325D-02	7.50000D+00	3.12500E+03	5.47891E+00	3.07936E+04
1.01325D-02	7.50000D+00	3.15000E+03	7.69000E+00	3.10161E+04
1.01325D-02	7.50000D+00	3.17500E+03	1.07919E+01	3.10962E+04
1.01325D-02	7.50000D+00	3.20000E+03	1.52839E+01	3.10475E+04
1.01325D-02	7.50000D+00	3.22500E+03	2.21016E+01	3.08895E+04
1.01325D-02	7.50000D+00	3.25000E+03	3.32282E+01	3.06449E+04
1.01325D-02	7.50000D+00	3.27500E+03	5.37337E+01	3.03363E+04
1.01325D-02	7.50000D+00	3.30000E+03	5.37337E+01	3.03363E+04
1.01325D-02	7.50000D+00	3.32500E+03	5.37337E+01	3.03363E+04
1.01325D-02	7.50000D+00	3.35000E+03	5.37337E+01	3.03363E+04
1.01325D-02	7.50000D+00	3.37500E+03	5.37337E+01	3.03363E+04
1.01325D-02	7.50000D+00	3.40000E+03	5.37337E+01	3.03363E+04
1.01325D-02	7.50000D+00	3.42500E+03	5.37337E+01	3.03363E+04
1.01325D-02	7.50000D+00	3.45000E+03	5.37337E+01	3.03363E+04
1.01325D-02	7.50000D+00	3.47500E+03	5.37337E+01	3.03363E+04
1.01325D-02	7.50000D+00	3.50000E+03	5.37337E+01	3.03363E+04
1.01325D-02	7.50000D+00	3.52500E+03	5.37337E+01	3.03363E+04
1.01325D-02	7.50000D+00	3.55000E+03	5.37337E+01	3.03363E+04
1.01325D-02	7.50000D+00	3.57500E+03	5.37337E+01	3.03363E+04
1.01325D-02	7.50000D+00	3.60000E+03	5.37337E+01	3.03363E+04
1.01325D-02	7.50000D+00	3.62500E+03	5.37337E+01	3.03363E+04
1.01325D-02	7.50000D+00	3.65000E+03	5.37337E+01	3.03363E+04
1.01325D-02	7.50000D+00	3.67500E+03	5.37337E+01	3.03363E+04
1.01325D-02	7.50000D+00	3.70000E+03	5.37337E+01	3.03363E+04
1.01325D-02	7.50000D+00	3.72500E+03	5.37337E+01	3.03363E+04
1.01325D-02	7.50000D+00	3.75000E+03	5.37337E+01	3.03363E+04
1.01325D-02	7.50000D+00	3.77500E+03	5.37337E+01	3.03363E+04
1.01325D-02	7.50000D+00	3.80000E+03	5.37337E+01	3.03363E+04
1.01325D-02	7.50000D+00	3.82500E+03	5.37337E+01	3.03363E+04
1.01325D-02	7.50000D+00	3.85000E+03	5.37337E+01	3.03363E+04
1.01325D-02	7.50000D+00	3.87500E+03	5.37337E+01	3.03363E+04
1.01325D-02	7.50000D+00	3.90000E+03	5.37337E+01	3.03363E+04
1.01325D-02	7.50000D+00	3.92500E+03	5.37337E+01	3.03363E+04
1.01325D-02	7.50000D+00	3.95000E+03	5.37337E+01	3.03363E+04
1.01325D-02	7.50000D+00	3.97500E+03	5.37337E+01	3.03363E+04
1.01325D-02	7.50000D+00	4.00000E+03	5.37337E+01	3.03363E+04
p (bar)	B'g	Temp (K)	B'c	Hw (kJ/kg)
1.01325D-02	1.00000D+01	2.50000E+02	0.00000E+00	-8.78030E+03
1.01325D-02	1.00000D+01	2.75000E+02	0.00000E+00	-8.71829E+03
1.01325D-02	1.00000D+01	3.00000E+02	0.00000E+00	-8.64901E+03
1.01325D-02	1.00000D+01	3.25000E+02	0.00000E+00	-8.57241E+03
1.01325D-02	1.00000D+01	3.50000E+02	0.00000E+00	-8.48938E+03
1.01325D-02	1.00000D+01	3.75000E+02	0.00000E+00	-8.40145E+03
1.01325D-02	1.00000D+01	4.00000E+02	0.00000E+00	-8.31042E+03
1.01325D-02	1.00000D+01	4.25000E+02	0.00000E+00	-8.21788E+03
1.01325D-02	1.00000D+01	4.50000E+02	0.00000E+00	-8.12482E+03
1.01325D-02	1.00000D+01	4.75000E+02	0.00000E+00	-8.03116E+03
1.01325D-02	1.00000D+01	5.00000E+02	0.00000E+00	-7.93510E+03
1.01325D-02	1.00000D+01	5.25000E+02	0.00000E+00	-7.83205E+03
1.01325D-02	1.00000D+01	5.50000E+02	0.00000E+00	-7.71308E+03
1.01325D-02	1.00000D+01	5.75000E+02	0.00000E+00	-7.56306E+03
1.01325D-02	1.00000D+01	6.00000E+02	0.00000E+00	-7.36023E+03
1.01325D-02	1.00000D+01	6.25000E+02	0.00000E+00	-7.07981E+03
1.01325D-02	1.00000D+01	6.50000E+02	0.00000E+00	-6.70139E+03
1.01325D-02	1.00000D+01	6.75000E+02	0.00000E+00	-6.21434E+03
1.01325D-02	1.00000D+01	7.00000E+02	0.00000E+00	-5.61739E+03
1.01325D-02	1.00000D+01	7.25000E+02	0.00000E+00	-4.91998E+03
1.01325D-02	1.00000D+01	7.50000E+02	0.00000E+00	-4.15272E+03
1.01325D-02	1.00000D+01	7.75000E+02	0.00000E+00	-3.37858E+03
1.01325D-02	1.00000D+01	8.00000E+02	0.00000E+00	-2.68252E+03
1.01325D-02	1.00000D+01	8.25000E+02	0.00000E+00	-2.13071E+03
1.01325D-02	1.00000D+01	8.50000E+02	0.00000E+00	-1.73521E+03
1.01325D-02	1.00000D+01	8.75000E+02	0.00000E+00	-1.46348E+03
1.01325D-02	1.00000D+01	9.00000E+02	0.00000E+00	-1.27233E+03
1.01325D-02	1.00000D+01	9.25000E+02	0.00000E+00	-1.12840E+03
1.01325D-02	1.00000D+01	9.50000E+02	0.00000E+00	-1.01093E+03
1.01325D-02	1.00000D+01	9.75000E+02	0.00000E+00	-9.08113E+02
1.01325D-02	1.00000D+01	1.00000E+03	0.00000E+00	-8.13450E+02
1.01325D-02	1.00000D+01	1.02500E+03	0.00000E+00	-7.23374E+02
1.01325D-02	1.00000D+01	1.05000E+03	0.00000E+00	-6.35901E+02
1.01325D-02	1.00000D+01	1.07500E+03	0.00000E+00	-5.49890E+02
1.01325D-02	1.00000D+01	1.10000E+03	0.00000E+00	-4.64675E+02
1.01325D-02	1.00000D+01	1.12500E+03	0.00000E+00	-3.79855E+02
1.01325D-02	1.00000D+01	1.15000E+03	0.00000E+00	-2.95186E+02
1.01325D-02	1.00000D+01	1.17500E+03	0.00000E+00	-2.10514E+02
1.01325D-02	1.00000D+01	1.20000E+03	0.00000E+00	-1.25739E+02
1.01325D-02	1.00000D+01	1.22500E+03	0.00000E+00	-4.07945E+01
1.01325D-02	1.00000D+01	1.25000E+03	0.00000E+00	4.43665E+01
1.01325D-02	1.00000D+01	1.27500E+03	0.00000E+00	1.29778E+02
1.01325D-02	1.00000D+01	1.30000E+03	0.00000E+00	2.15468E+02
1.01325D-02	1.00000D+01	1.32500E+03	0.00000E+00	3.01460E+02
1.01325D-02	1.00000D+01	1.35000E+03	0.00000E+00	3.87778E+02
1.01325D-02	1.00000D+01	1.37500E+03	0.00000E+00	4.74445E+02
1.01325D-02	1.00000D+01	1.40000E+03	0.00000E+00	5.61490E+02
1.01325D-02	1.00000D+01	1.42500E+03	0.00000E+00	6.48944E+02
1.01325D-02	1.00000D+01	1.45000E+03	0.00000E+00	7.36846E+02
1.01325D-02	1.00000D+01	1.47500E+03	0.00000E+00	8.25241E+02
1.01325D-02	1.00000D+01	1.50000E+03	0.00000E+00	9.14185E+02
1.01325D-02	1.00000D+01	1.52500E+03	0.00000E+00	1.00374E+03
1.01325D-02	1.00000D+01	1.55000E+03	0.00000E+00	1.09400E+03
1.01325D-02	1.00000D+01	1.57500E+03	0.00000E+00	1.18505E+03
1.01325D-02	1.00000D+01	1.60000E+03	0.00000E+00	1.27700E+03
1.01325D-02	1.00000D+01	1.62500E+03	0.00000E+00	1.37000E+03
1.01325D-02	1.00000D+01	1.65000E+03	0.00000E+00	1.46420E+03
1.01325D-02	1.00000D+01	1.67500E+03	0.00000E+00	1.55978E+03
1.01325D-02	1.00000D+01	1.70000E+03	0.00000E+00	1.65696E+03
1.01325D-02	1.00000D+01	1.72500E+03	0.00000E+00	1.75599E+03
1.01325D-02	1.00000D+01	1.75000E+03	0.00000E+00	1.85714E+03
1.01325D-02	1.00000D+01	1.77500E+03	0.00000E+00	1.96076E+03
1.01325D-02	1.00000D+01	1.80000E+03	0.00000E+00	2.06719E+03
1.01325D-02	1.00000D+01	1.82500E+03	0.00000E+00	2.17686E+03
1.01325D-02	1.00000D+01	1.85000E+03	0.00000E+00	2.29023E+03
1.01325D-02	1.00000D+01	1.87500E+03	0.00000E+00	2.40782E+03
1.01325D-02	1.00000D+01	1.90000E+03	0.00000E+00	2.53021E+03
1.01325D-02	1.00000D+01	1.92500E+03	0.00000E+00	2.65804E+03
1.01325D-02	1.00000D+01	1.95000E+03	0.00000E+00	2.79203E+03
1.01325D-02	1.00000D+01	1.97500E+03	0.00000E+00	2.93294E+03
1.01325D-02	1.00000D+01	2.00000E+03	0.00000E+00	3.08164E+03
1.01325D-02	1.00000D+01	2.02500E+03	0.00000E+00	3.23903E+03
1.01325D-02	1.00000D+01	2.05000E+03	0.00000E+00	3.40613E+03
1.01325D-02	1.00000D+01	2.07500E+03	0.00000E+00	3.58401E+03
1.01325D-02	1.00000D+01	2.10000E+03	0.00000E+00	3.77384E+03
1.01325D-02	1.00000D+01	2.12500E+03	0.00000E+00	3.97686E+03
1.01325D-02	1.00000D+01	2.15000E+03	0.00000E+00	4.19439E+03
1.01325D-02	1.00000D+01	2.17500E+03	0.00000E+00	4.42783E+03
1.01325D-02	1.00000D+01	2.20000E+03	0.00000E+00	4.67867E+03
1.01325D-02	1.00000D+01	2.22500E+03	0.00000E+00	4.94845E+03
1.01325D-02	1.00000D+01	2.25000E+03	0.00000E+00	5.23878E+03
1.01325D-02	1.00000D+01	2.27500E+03	0.00000E+00	5.55136E+03
1.01325D-02	1.00000D+01	2.30000E+03	0.00000E+00	5.88791E+03
1.01325D-02	1.00000D+01	2.32500E+03	0.00000E+00	6.25021E+03
1.01325D-02	1.00000D+01	2.35000E+03	0.00000E+00	6.64007E+03
1.01325D-02	1.00000D+01	2.37500E+03	0.00000E+00	7.05928E+03
1.01325D-02	1.00000D+01	2.40000E+03	0.00000E+00	7.50968E+03
1.01325D-02	1.00000D+01	2.42500E+03	0.00000E+00	7.99305E+03
1.01325D-02	1.00000D+01	2.45000E+03	0.00000E+00	8.51113E+03
1.01325D-02	1.00000D+01	2.47500E+03	0.00000E+00	9.06557E+03
1.01325D-02	1.00000D+01	2.50000E+03	0.00000E+00	9.65793E+03
1.01325D-02	1.00000D+01	2.52500E+03	0.00000E+00	1.02896E+04
1.01325D-02	1.00000D+01	2.55000E+03	0.00000E+00	1.09618E+04
1.01325D-02	1.00000D+01	2.57500E+03	0.00000E+00	1.16755E+04
1.01325D-02	1.00000D+01	2.60000E+03	0.00000E+00	1.24315E+04
1.01325D-02	1.00000D+01	2.62500E+03	0.00000E+00	1.32300E+04
1.01325D-02	1.00000D+01	2.65000E+03	0.00000E+00	1.40712E+04
1.01325D-02	1.00000D+01	2.67500E+03	0.00000E+00	1.49543E+04
1.01325D-02	1.00000D+01	2.70000E+03	0.00000E+00	1.58785E+04
1.01325D-02	1.00000D+01	2.72500E+03	0.00000E+00	1.68420E+04
1.01325D-02	1.00000D+01	2.75000E+03	0.00000E+00	1.78424E+04
1.01325D-02	1.00000D+01	2.77500E+03	0.00000E+00	1.88765E+04
1.01325D-02	1.00000D+01	2.80000E+03	0.00000E+00	1.99399E+04
1.01325D-02	1.00000D+01	2.82500E+03	0.00000E+00	2.10272E+04
1.01325D-02	1.00000D+01	2.85000E+03	0.00000E+00	2.21314E+04
1.01325D-02	1.00000D+01	2.87500E+03	0.00000E+00	2.32438E+04
1.01325D-02	1.00000D+01	2.90000E+03	0.00000E+00	2.43539E+04
1.01325D-02	1.00000D+01	2.92500E+03	0.00000E+00	2.54486E+04
1.01325D-02	1.00000D+01	2.95000E+03	0.00000E+00	2.65124E+04
1.01325D-02	1.00000D+01	2.97500E+03	1.61519E-01	2.75271E+04
1.01325D-02	1.00000D+01	3.00000E+03	6.74223E-01	2.84722E+04
1.01325D-02	1.00000D+01	3.02500E+03	1.34717E+00	2.93256E+04
1.01325D-02	1.00000D+01	3.05000E+03	2.23439E+00	3.00653E+04
1.01325D-02	1.00000D+01	3.07500E+03	3.41086E+00	3.06711E+04
1.01325D-02	1.00000D+01	3.10000E+03	4.98325E+00	3.11274E+04
1.01325D-02	1.00000D+01	3.12500E+03	7.10804E+00	3.14258E+04
1.01325D-02	1.00000D+01	3.15000E+03	1.00242E+01	3.15667E+04
1.01325D-02	1.00000D+01	3.17500E+03	1.41154E+01	3.15596E+04
1.01325D-02	1.00000D+01	3.20000E+03	2.00401E+01	3.14224E+04
1.01325D-02	1.00000D+01	3.22500E+03	2.90318E+01	3.11785E+04
1.01325D-02	1.00000D+01	3.25000E+03	4.37039E+01	3.08538E+04
1.01325D-02	1.00000D+01	3.27500E+03	7.07354E+01	3.04734E+04
1.01325D-02	1.00000D+01	3.30000E+03	7.07354E+01	3.04734E+04
1.01325D-02	1.00000D+01	3.32500E+03	7.07354E+01	3.04734E+04
1.01325D-02	1.00000D+01	3.35000E+03	7.07354E+01	3.04734E+04
1.01325D-02	1.00000D+01	3.37500E+03	7.07354E+01	3.04734E+04
1.01325D-02	1.00000D+01	3.40000E+03	7.07354E+01	3.04734E+04
1.01325D-02	1.00000D+01	3.42500E+03	7.07354E+01	3.04734E+04
1.01325D-02	1.00000D+01	3.45000E+03	7.07354E+01	3.04734E+04
1.01325D-02	1.00000D+01	3.47500E+03	7.07354E+01	3.04734E+04
1.01325D-02	1.00000D+01	3.50000E+03	7.07354E+01	3.04734E+04
1.01325D-02	1.00000D+01	3.52500E+03	7.07354E+01	3.04734E+04
1.01325D-02	1.00000D+01	3.55000E+03	7.07354E+01	3.04734E+04
1.01325D-02	1.00000D+01	3.57500E+03	7.07354E+01	3.04734E+04
1.01325D-02	1.00000D+01	3.60000E+03	7.07354E+01	3.04734E+04
1.01325D-02	1.00000D+01	3.62500E+03	7.07354E+01	3.04734E+04
1.01325D-02	1.00000D+01	3.65000E+03	7.07354E+01	3.04734E+04
1.01325D-02	1.00000D+01	3.67500E+03	7.07354E+01	3.04734E+04
1.01325D-02	1.00000D+01	3.70000E+03	7.07354E+01	3.04734E+04
1.01325D-02	1.00000D+01	3.72500E+03	7.07354E+01	3.04734E+04
1.01325D-02	1.00000D+01	3.75000E+03	7.07354E+01	3.04734E+04
1.01325D-02	1.00000D+01	3.77500E+03	7.07354E+01	3.04734E+04
1.01325D-02	1.00000D+01	3.80000E+03	7.07354E+01	3.04734E+04
1.01325D-02	1.00000D+01	3.82500E+03	7.07354E+01	3.04734E+04
1.01325D-02	1.00000D+01	3.85000E+03	7.07354E+01	3.04734E+04
1.01325D-02	1.00000D+01	3.87500E+03	7.07354E+01	3.04734E+04
1.01325D-02	1.00000D+01	3.90000E+03	7.07354E+01	3.04734E+04
1.01325D-02	1.00000D+01	3.92500E+03	7.07354E+01	3.04734E+04
1.01325D-02	1.00000D+01	3.95000E+03	7.07354E+01	3.04734E+04
1.01325D-02	1.00000D+01	3.97500E+03	7.07354E+01	3.04734E+04
1.01325D-02	1.00000D+01	4.00000E+03	7.07354E+01	3.04734E+04
p (bar)	B'g	Temp (K)	B'c	Hw (kJ/kg)
1.01325D-01	0.00000D+00	2.50000E+02	8.74262E-02	-2.68099E+03
1.01325D-01	0.00000D+00	2.75000E+02	8.74262E-02	-2.65673E+03
1.01325D-01	0.00000D+00	3.00000E+02	8.74262E-02	-2.63226E+03
1.01325D-01	0.00000D+00	3.25000E+02	8.74262E-02	-2.60760E+03
1.01325D-01	0.00000D+00	3.50000E+02	8.74262E-02	-2.58275E+03
1.01325D-01	0.00000D+00	3.75000E+02	8.74262E-02	-2.55770E+03
1.01325D-01	0.00000D+00	4.00000E+02	8.74262E-02	-2.53246E+03
1.01325D-01	0.00000D+00	4.25000E+02	8.74265E-02	-2.50704E+03
1.01325D-01	0.00000D+00	4.50000E+02	8.74274E-02	-2.48141E+03
1.01325D-01	0.00000D+00	4.75000E+02	8.74302E-02	-2.45557E+03
1.01325D-01	0.00000D+00	5.00000E+02	8.74383E-02	-2.42944E+03
1.01325D-01	0.00000D+00	5.25000E+02	8.74591E-02	-2.40293E+03
1.01325D-01	0.00000D+00	5.50000E+02	8.75074E-02	-2.37579E+03
1.01325D-01	0.00000D+00	5.75000E+02	8.76114E-02	-2.34758E+03
1.01325D-01	0.00000D+00	6.00000E+02	8.78204E-02	-2.31752E+03
1.01325D-01	0.00000D+00	6.25000E+02	8.82149E-02	-2.28435E+03
1.01325D-01	0.00000D+00	6.50000E+02	8.89193E-02	-2.24613E+03
1.01325D-01	0.00000D+00	6.75000E+02	9.01143E-02	-2.20005E+03
1.01325D-01	0.00000D+00	7.00000E+02	9.20458E-02	-2.14233E+03
1.01325D-01	0.00000D+00	7.25000E+02	9.50237E-02	-2.06830E+03
1.01325D-01	0.00000D+00	7.50000E+02	9.93974E-02	-1.97285E+03
1.01325D-01	0.00000D+00	7.75000E+02	1.05490E-01	-1.85158E+03
1.01325D-01	0.00000D+00	8.00000E+02	1.13476E-01	-1.70276E+03
1.01325D-01	0.00000D+00	8.25000E+02	1.23194E-01	-1.52998E+03
1.01325D-01	0.00000D+00	8.50000E+02	1.33980E-01	-1.34412E+03
1.01325D-01	0.00000D+00	8.75000E+02	1.44685E-01	-1.16228E+03
1.01325D-01	0.00000D+00	9.00000E+02	1.54054E-01	-1.00180E+03
1.01325D-01	0.00000D+00	9.25000E+02	1.61292E-01	-8.72610E+02
1.01325D-01	0.00000D+00	9.50000E+02	1.66327E-01	-7.74577E+02
1.01325D-01	0.00000D+00	9.75000E+02	1.69581E-01	-7.01160E+02
1.01325D-01	0.00000D+00	1.00000E+03	1.71597E-01	-6.44583E+02
1.01325D-01	0.00000D+00	1.02500E+03	1.72825E-01	-5.98606E+02
1.01325D-01	0.00000D+00	1.05000E+03	1.73572E-01	-5.59019E+02
1.01325D-01	0.00000D+00	1.07500E+03	1.74031E-01	-5.23212E+02
1.01325D-01	0.00000D+00	1.10000E+03	1.74315E-01	-4.89625E+02
1.01325D-01	0.00000D+00	1.12500E+03	1.74495E-01	-4.57339E+02
1.01325D-01	0.00000D+00	1.15000E+03	1.74611E-01	-4.25809E+02
1.01325D-01	0.00000D+00	1.17500E+03	1.74686E-01	-3.94713E+02
1.01325D-01	0.00000D+00	1.20000E+03	1.74736E-01	-3.63855E+02
1.01325D-01	0.00000D+00	1.22500E+03	1.74770E-01	-3.33117E+02
1.01325D-01	0.00000D+00	1.25000E+03	1.74793E-01	-3.02427E+02
1.01325D-01	0.00000D+00	1.27500E+03	1.74809E-01	-2.71739E+02
1.01325D-01	0.00000D+00	1.30000E+03	1.74821E-01	-2.41025E+02
1.01325D-01	0.00000D+00	1.32500E+03	1.74829E-01	-2.10269E+02
1.01325D-01	0.00000D+00	1.35000E+03	1.74834E-01	-1.79459E+02
1.01325D-01	0.00000D+00	1.37500E+03	1.74839E-01	-1.48590E+02
1.01325D-01	0.00000D+00	1.40000E+03	1.74842E-01	-1.17657E+02
1.01325D-01	0.00000D+00	1.42500E+03	1.74844E-01	-8.66604E+01
1.01325D-01	0.00000D+00	1.45000E+03	1.74846E-01	-5.55982E+01
1.01325D-01	0.00000D+00	1.47500E+03	1.74847E-01	-2.44714E+01
1.01325D-01	0.00000D+00	1.50000E+03	1.74848E-01	6.71943E+00
1.01325D-01	0.00000D+00	1.52500E+03	1.74849E-01	3.79730E+01
1.01325D-01	0.00000D+00	1.55000E+03	1.74850E-01	6.92879E+01
1.01325D-01	0.00000D+00	1.57500E+03	1.74850E-01	1.00663E+02
1.01325D-01	0.00000D+00	1.60000E+03	1.74851E-01	1.32096E+02
1.01325D-01	0.00000D+00	1.62500E+03	1.74851E-01	1.63586E+02
1.01325D-01	0.00000D+00	1.65000E+03	1.74851E-01	1.95131E+02
1.01325D-01	0.00000D+00	1.67500E+03	1.74851E-01	2.26729E+02
1.01325D-01	0.00000D+00	1.70000E+03	1.74851E-01	2.58380E+02
1.01325D-01	0.00000D+00	1.72500E+03	1.74852E-01	2.90081E+02
1.01325D-01	0.00000D+00	1.75000E+03	1.74852E-01	3.21832E+02
1.01325D-01	0.00000D+00	1.77500E+03	1.74852E-01	3.53630E+02
1.01325D-01	0.00000D+00	1.80000E+03	1.74852E-01	3.85474E+02
1.01325D-01	0.00000D+00	1.82500E+03	1.74852E-01	4.17363E+02
1.01325D-01	0.00000D+00	1.85000E+03	1.74852E-01	4.49297E+02
1.01325D-01	0.00000D+00	1.87500E+03	1.74852E-01	4.81273E+02
1.01325D-01	0.00000D+00	1.90000E+03	1.74852E-01	5.13290E+02
1.01325D-01	0.00000D+00	1.92500E+03	1.74852E-01	5.45348E+02
1.01325D-01	0.00000D+00	1.95000E+03	1.74853E-01	5.77447E+02
1.01325D-01	0.00000D+00	1.97500E+03	1.74853E-01	6.09584E+02
1.01325D-01	0.00000D+00	2.00000E+03	1.74853E-01	6.41760E+02
1.01325D-01	0.00000D+00	2.02500E+03	1.74853E-01	6.73974E+02
1.01325D-01	0.00000D+00	2.05000E+03	1.74854E-01	7.06226E+02
1.01325D-01	0.00000D+00	2.07500E+03	1.74854E-01	7.38516E+02
1.01325D-01	0.00000D+00	2.10000E+03	1.74855E-01	7.70845E+02
1.01325D-01	0.00000D+00	2.12500E+03	1.74856E-01	8.03213E+02
1.01325D-01	0.00000D+00	2.15000E+03	1.74857E-01	8.35621E+02
1.01325D-01	0.00000D+00	2.17500E+03	1.74859E-01	8.68072E+02
1.01325D-01	0.00000D+00	2.20000E+03	1.74861E-01	9.00567E+02
1.01325D-01	0.00000D+00	2.22500E+03	1.74863E-01	9.33109E+02
1.01325D-01	0.00000D+00	2.25000E+03	1.74867E-01	9.65702E+02
1.01325D-01	0.00000D+00	2.27500E+03	1.74871E-01	9.98352E+02
1.01325D-01	0.00000D+00	2.30000E+03	1.74876E-01	1.03106E+03
1.01325D-01	0.00000D+00	2.32500E+03	1.74883E-01	1.06385E+03
1.01325D-01	0.00000D+00	2.35000E+03	1.74891E-01	1.09671E+03
1.01325D-01	0.00000D+00	2.37500E+03	1.74901E-01	1.12966E+03
1.01325D-01	0.00000D+00	2.40000E+03	1.74914E-01	1.16272E+03
1.01325D-01	0.00000D+00	2.42500E+03	1.74930E-01	1.19590E+03
1.01325D-01	0.00000D+00	2.45000E+03	1.74950E-01	1.22922E+03
1.01325D-01	0.00000D+00	2.47500E+03	1.74974E-01	1.26271E+03
1.01325D-01	0.00000D+00	2.50000E+03	1.75004E-01	1.29640E+03
1.01325D-01	0.00000D+00	2.52500E+03	1.75040E-01	1.33032E+03
1.01325D-01	0.00000D+00	2.55000E+03	1.75085E-01	1.36452E+03
1.01325D-01	0.00000D+00	2.57500E+03	1.75140E-01	1.39905E+03
1.01325D-01	0.00000D+00	2.60000E+03	1.75207E-01	1.43398E+03
1.01325D-01	0.00000D+00	2.62500E+03	1.75289E-01	1.46939E+03
1.01325D-01	0.00000D+00	2.65000E+03	1.75390E-01	1.50536E+03
1.01325D-01	0.00000D+00	2.67500E+03	1.75513E-01	1.54203E+03
1.01325D-01	0.00000D+00	2.70000E+03	1.75664E-01	1.57952E+03
1.01325D-01	0.00000D+00	2.72500E+03	1.75850E-01	1.61802E+03
1.01325D-01	0.00000D+00	2.75000E+03	1.76078E-01	1.65774E+03
1.01325D-01	0.00000D+00	2.77500E+03	1.76358E-01	1.69894E+03
1.01325D-01	0.00000D+00	2.80000E+03	1.76704E-01	1.74194E+03
1.01325D-01	0.00000D+00	2.82500E+03	1.77129E-01	1.78715E+03
1.01325D-01	0.00000D+00	2.85000E+03	1.77655E-01	1.83504E+03
1.01325D-01	0.00000D+00	2.87500E+03	1.78304E-01	1.88621E+03
1.01325D-01	0.00000D+00	2.90000E+03	1.79108E-01	1.94140E+03
1.01325D-01	0.00000D+00	2.92500E+03	1.80102E-01	2.00150E+03
1.01325D-01	0.00000D+00	2.95000E+03	1.81334E-01	2.06762E+03
1.01325D-01	0.00000D+00	2.97500E+03	1.82862E-01	2.14110E+03
1.01325D-01	0.00000D+00	3.00000E+03	1.84756E-01	2.22358E+03
1.01325D-01	0.00000D+00	3.02500E+03	1.87107E-01	2.31708E+03
1.01325D-01	0.00000D+00	3.05000E+03	1.90024E-01	2.42401E+03
1.01325D-01	0.00000D+00	3.07500E+03	1.93645E-01	2.54734E+03
1.01325D-01	0.00000D+00	3.10000E+03	1.98140E-01	2.69063E+03
1.01325D-01	0.00000D+00	3.12500E+03	2.03722E-01	2.85817E+03
1.01325D-01	0.00000D+00	3.15000E+03	2.10657E-01	3.05512E+03
1.01325D-01	0.00000D+00	3.17500E+03	2.19279E-01	3.28762E+03
1.01325D-01	0.00000D+00	3.20000E+03	2.30009E-01	3.56302E+03
1.01325D-01	0.00000D+00	3.22500E+03	2.43379E-01	3.88997E+03
1.01325D-01	0.00000D+00	3.25000E+03	2.60076E-01	4.27867E+03
1.01325D-01	0.00000D+00	3.27500E+03	2.80983E-01	4.74101E+03
1.01325D-01	0.00000D+00	3.30000E+03	3.07264E-01	5.29077E+03
1.01325D-01	0.00000D+00	3.32500E+03	3.40471E-01	5.94373E+03
1.01325D-01	0.00000D+00	3.35000E+03	3.82716E-01	6.71781E+03
1.01325D-01	0.00000D+00	3.37500E+03	4.36947E-01	7.63294E+03
1.01325D-01	0.00000D+00	3.40000E+03	5.07404E-01	8.71101E+03
1.01325D-01	0.00000D+00	3.42500E+03	6.00408E-01	9.97534E+03
1.01325D-01	0.00000D+00	3.45000E+03	7.25822E-01	1.14501E+04
1.01325D-01	0.00000D+00	3.47500E+03	8.99932E-01	1.31589E+04
1.01325D-01	0.00000D+00	3.50000E+03	1.15171E+00	1.51232E+04
1.01325D-01	0.00000D+00	3.52500E+03	1.53810E+00	1.73598E+04
1.01325D-01	0.00000D+00	3.55000E+03	2.18831E+00	1.98758E+04
1.01325D-01	0.00000D+00	3.57500E+03	3.47042E+00	2.26621E+04
1.01325D-01	0.00000D+00	3.60000E+03	6.99768E+00	2.56734E+04
1.01325D-01	0.00000D+00	3.62500E+03	4.45015E+01	2.87204E+04
1.01325D-01	0.00000D+00	3.65000E+03	4.45015E+01	2.87204E+04
1.01325D-01	0.00000D+00	3.67500E+03	4.45015E+01	2.87204E+04
1.01325D-01	0.00000D+00	3.70000E+03	4.45015E+01	2.87204E+04
1.01325D-01	0.00000D+00	3.72500E+03	4.45015E+01	2.87204E+04
1.01325D-01	0.00000D+00	3.75000E+03	4.45015E+01	2.87204E+04
1.01325D-01	0.00000D+00	3.77500E+03	4.45015E+01	2.87204E+04
1.01325D-01	0.00000D+00	3.80000E+03	4.45015E+01	2.87204E+04
1.01325D-01	0.00000D+00	3.82500E+03	4.45015E+01	2.87204E+04
1.01325D-01	0.00000D+00	3.85000E+03	4.45015E+01	2.87204E+04
1.01325D-01	0.00000D+00	3.87500E+03	4.45015E+01	2.87204E+04
1.01325D-01	0.00000D+00	3.90000E+03	4.45015E+01	2.87204E+04
1.01325D-01	0.00000D+00	3.92500E+03	4.45015E+01	2.87204E+04
1.01325D-01	0.00000D+00	3.95000E+03	4.45015E+01	2.87204E+04
1.01325D-01	0.00000D+00	3.97500E+03	4.45015E+01	2.87204E+04
1.01325D-01	0.00000D+00	4.00000E+03	4.45015E+01	2.87204E+04
p (bar)	B'g	Temp (K)	B'c	Hw (kJ/kg)
1.01325D-01	2.00000D-02	2.50000E+02	7.21455E-02	-2.80964E+03
1.01325D-01	2.00000D-02	2.75000E+02	7.21592E-02	-2.78477E+03
1.01325D-01	2.00000D-02	3.00000E+02	7.21801E-02	-2.75968E+03
1.01325D-01	2.00000D-02	3.25000E+02	7.22094E-02	-2.73437E+03
1.01325D-01	2.00000D-02	3.50000E+02	7.22483E-02	-2.70884E+03
1.01325D-01	2.00000D-02	3.75000E+02	7.22982E-02	-2.68307E+03
1.01325D-01	2.00000D-02	4.00000E+02	7.23616E-02	-2.65703E+03
1.01325D-01	2.00000D-02	4.25000E+02	7.24430E-02	-2.63067E+03
1.01325D-01	2.00000D-02	4.50000E+02	7.25495E-02	-2.60389E+03
1.01325D-01	2.00000D-02	4.75000E+02	7.26920E-02	-2.57656E+03
1.01325D-01	2.00000D-02	5.00000E+02	7.28853E-02	-2.54847E+03
1.01325D-01	2.00000D-02	5.25000E+02	7.31494E-02	-2.51935E+03
1.01325D-01	2.00000D-02	5.50000E+02	7.35100E-02	-2.48879E+03
1.01325D-01	2.00000D-02	5.75000E+02	7.40017E-02	-2.45627E+03
1.01325D-01	2.00000D-02	6.00000E+02	7.46727E-02	-2.42099E+03
1.01325D-01	2.00000D-02	6.25000E+02	7.55943E-02	-2.38178E+03
1.01325D-01	2.00000D-02	6.50000E+02	7.68750E-02	-2.33690E+03
1.01325D-01	2.00000D-02	6.75000E+02	7.86772E-02	-2.28374E+03
1.01325D-01	2.00000D-02	7.00000E+02	8.12313E-02	-2.21873E+03
1.01325D-01	2.00000D-02	7.25000E+02	8.48390E-02	-2.13729E+03
1.01325D-01	2.00000D-02	7.50000E+02	8.98498E-02	-2.03434E+03
1.01325D-01	2.00000D-02	7.75000E+02	9.65933E-02	-1.90547E+03
1.01325D-01	2.00000D-02	8.00000E+02	1.05248E-01	-1.74892E+03
1.01325D-01	2.00000D-02	8.25000E+02	1.15650E-01	-1.56840E+03
1.01325D-01	2.00000D-02	8.50000E+02	1.27112E-01	-1.37507E+03
1.01325D-01	2.00000D-02	8.75000E+02	1.38443E-01	-1.18642E+03
1.01325D-01	2.00000D-02	9.00000E+02	1.48347E-01	-1.02015E+03
1.01325D-01	2.00000D-02	9.25000E+02	1.56004E-01	-8.86348E+02
1.01325D-01	2.00000D-02	9.50000E+02	1.61341E-01	-7.84774E+02
1.01325D-01	2.00000D-02	9.75000E+02	1.64801E-01	-7.08677E+02
1.01325D-01	2.00000D-02	1.00000E+03	1.66954E-01	-6.50043E+02
1.01325D-01	2.00000D-02	1.02500E+03	1.68272E-01	-6.02431E+02
1.01325D-01	2.00000D-02	1.05000E+03	1.69077E-01	-5.61488E+02
1.01325D-01	2.00000D-02	1.07500E+03	1.69574E-01	-5.24506E+02
1.01325D-01	2.00000D-02	1.10000E+03	1.69885E-01	-4.89860E+02
1.01325D-01	2.00000D-02	1.12500E+03	1.70083E-01	-4.56588E+02
1.01325D-01	2.00000D-02	1.15000E+03	1.70211E-01	-4.24120E+02
1.01325D-01	2.00000D-02	1.17500E+03	1.70296E-01	-3.92115E+02
1.01325D-01	2.00000D-02	1.20000E+03	1.70354E-01	-3.60365E+02
1.01325D-01	2.00000D-02	1.22500E+03	1.70393E-01	-3.28744E+02
1.01325D-01	2.00000D-02	1.25000E+03	1.70422E-01	-2.97173E+02
1.01325D-01	2.00000D-02	1.27500E+03	1.70443E-01	-2.65603E+02
1.01325D-01	2.00000D-02	1.30000E+03	1.70460E-01	-2.34002E+02
1.01325D-01	2.00000D-02	1.32500E+03	1.70474E-01	-2.02350E+02
1.01325D-01	2.00000D-02	1.35000E+03	1.70487E-01	-1.70633E+02
1.01325D-01	2.00000D-02	1.37500E+03	1.70498E-01	-1.38843E+02
1.01325D-01	2.00000D-02	1.40000E+03	1.70510E-01	-1.06973E+02
1.01325D-01	2.00000D-02	1.42500E+03	1.70522E-01	-7.50181E+01
1.01325D-01	2.00000D-02	1.45000E+03	1.70535E-01	-4.29755E+01
1.01325D-01	2.00000D-02	1.47500E+03	1.70550E-01	-1.08419E+01
1.01325D-01	2.00000D-02	1.50000E+03	1.70566E-01	2.13857E+01
1.01325D-01	2.00000D-02	1.52500E+03	1.70584E-01	5.37100E+01
1.01325D-01	2.00000D-02	1.55000E+03	1.70605E-01	8.61344E+01
1.01325D-01	2.00000D-02	1.57500E+03	1.70628E-01	1.18662E+02
1.01325D-01	2.00000D-02	1.60000E+03	1.70654E-01	1.51298E+02
1.01325D-01	2.00000D-02	1.62500E+03	1.70684E-01	1.84045E+02
1.01325D-01	2.00000D-02	1.65000E+03	1.70717E-01	2.16910E+02
1.01325D-01	2.00000D-02	1.67500E+03	1.70754E-01	2.49898E+02
1.01325D-01	2.00000D-02	1.70000E+03	1.70795E-01	2.83015E+02
1.01325D-01	2.00000D-02	1.72500E+03	1.70840E-01	3.16270E+02
1.01325D-01	2.00000D-02	1.75000E+03	1.70891E-01	3.49672E+02
1.01325D-01	2.00000D-02	1.77500E+03	1.70947E-01	3.83228E+02
1.01325D-01	2.00000D-02	1.80000E+03	1.71008E-01	4.16950E+02
1.01325D-01	2.00000D-02	1.82500E+03	1.71076E-01	4.50850E+02
1.01325D-01	2.00000D-02	1.85000E+03	1.71150E-01	4.84940E+02
1.01325D-01	2.00000D-02	1.87500E+03	1.71230E-01	5.19234E+02
1.01325D-01	2.00000D-02	1.90000E+03	1.71318E-01	5.53747E+02
1.01325D-01	2.00000D-02	1.92500E+03	1.71413E-01	5.88495E+02
1.01325D-01	2.00000D-02	1.95000E+03	1.71515E-01	6.23496E+02
1.01325D-01	2.00000D-02	1.97500E+03	1.71626E-01	6.58768E+02
1.01325D-01	2.00000D-02	2.00000E+03	1.71745E-01	6.94331E+02
1.01325D-01	2.00000D-02	2.02500E+03	1.71872E-01	7.30207E+02
1.01325D-01	2.00000D-02	2.05000E+03	1.72009E-01	7.66416E+02
1.01325D-01	2.00000D-02	2.07500E+03	1.72154E-01	8.02982E+02
1.01325D-01	2.00000D-02	2.10000E+03	1.72308E-01	8.39929E+02
1.01325D-01	2.00000D-02	2.12500E+03	1.72472E-01	8.77281E+02
1.01325D-01	2.00000D-02	2.15000E+03	1.72645E-01	9.15063E+02
1.01325D-01	2.00000D-02	2.17500E+03	1.72828E-01	9.53301E+02
1.01325D-01	2.00000D-02	2.20000E+03	1.73020E-01	9.92018E+02
1.01325D-01	2.00000D-02	2.22500E+03	1.73221E-01	1.03124E+03
1.01325D-01	2.00000D-02	2.25000E+03	1.73432E-01	1.07099E+03
1.01325D-01	2.00000D-02	2.27500E+03	1.73651E-01	1.11130E+03
1.01325D-01	2.00000D-02	2.30000E+03	1.73879E-01	1.15218E+03
1.01325D-01	2.00000D-02	2.32500E+03	1.74115E-01	1.19366E+03
1.01325D-01	2.00000D-02	2.35000E+03	1.74359E-01	1.23576E+03
1.01325D-01	2.00000D-02	2.37500E+03	1.74611E-01	1.27849E+03
1.01325D-01	2.00000D-02	2.40000E+03	1.74870E-01	1.32187E+03
1.01325D-01	2.00000D-02	2.42500E+03	1.75135E-01	1.36591E+03
1.01325D-01	2.00000D-02	2.45000E+03	1.75406E-01	1.41062E+03
1.01325D-01	2.00000D-02	2.47500E+03	1.75683E-01	1.45601E+03
1.01325D-01	2.00000D-02	2.50000E+03	1.75965E-01	1.50210E+03
1.01325D-01	2.00000D-02	2.52500E+03	1.76252E-01	1.54888E+03
1.01325D-01	2.00000D-02	2.55000E+03	1.76544E-01	1.59636E+03
1.01325D-01	2.00000D-02	2.57500E+03	1.76841E-01	1.64456E+03
1.01325D-01	2.00000D-02	2.60000E+03	1.77145E-01	1.69349E+03
1.01325D-01	2.00000D-02	2.62500E+03	1.77456E-01	1.74316E+03
1.01325D-01	2.00000D-02	2.65000E+03	1.77777E-01	1.79362E+03
1.01325D-01	2.00000D-02	2.67500E+03	1.78110E-01	1.84492E+03
1.01325D-01	2.00000D-02	2.70000E+03	1.78460E-01	1.89713E+03
1.01325D-01	2.00000D-02	2.72500E+03	1.78832E-01	1.95035E+03
1.01325D-01	2.00000D-02	2.75000E+03	1.79233E-01	2.00472E+03
1.01325D-01	2.00000D-02	2.77500E+03	1.79675E-01	2.06045E+03
1.01325D-01	2.00000D-02	2.80000E+03	1.80169E-01	2.11778E+03
1.01325D-01	2.00000D-02	2.82500E+03	1.80731E-01	2.17707E+03
1.01325D-01	2.00000D-02	2.85000E+03	1.81382E-01	2.23873E+03
1.01325D-01	2.00000D-02	2.87500E+03	1.82148E-01	2.30333E+03
1.01325D-01	2.00000D-02	2.90000E+03	1.83061E-01	2.37157E+03
1.01325D-01	2.00000D-02	2.92500E+03	1.84161E-01	2.44433E+03
1.01325D-01	2.00000D-02	2.95000E+03	1.85499E-01	2.52272E+03
1.01325D-01	2.00000D-02	2.97500E+03	1.87137E-01	2.60808E+03
1.01325D-01	2.00000D-02	3.00000E+03	1.89153E-01	2.70209E+03
1.01325D-01	2.00000D-02	3.02500E+03	1.91642E-01	2.80679E+03
1.01325D-01	2.00000D-02	3.05000E+03	1.94724E-01	2.92467E+03
1.01325D-01	2.00000D-02	3.07500E+03	1.98546E-01	3.05876E+03
1.01325D-01	2.00000D-02	3.10000E+03	2.03292E-01	3.21270E+03
1.01325D-01	2.00000D-02	3.12500E+03	2.09189E-01	3.39089E+03
1.01325D-01	2.00000D-02	3.15000E+03	2.16523E-01	3.59858E+03
1.01325D-01	2.00000D-02	3.17500E+03	2.25650E-01	3.84205E+03
1.01325D-01	2.00000D-02	3.20000E+03	2.37021E-01	4.12872E+03
1.01325D-01	2.00000D-02	3.22500E+03	2.51206E-01	4.46737E+03
1.01325D-01	2.00000D-02	3.25000E+03	2.68935E-01	4.86823E+03
1.01325D-01	2.00000D-02	3.27500E+03	2.91156E-01	5.34321E+03
1.01325D-01	2.00000D-02	3.30000E+03	3.19108E-01	5.90600E+03
1.01325D-01	2.00000D-02	3.32500E+03	3.54449E-01	6.57214E+03
1.01325D-01	2.00000D-02	3.35000E+03	3.99433E-01	7.35906E+03
1.01325D-01	2.00000D-02	3.37500E+03	4.57209E-01	8.28593E+03
1.01325D-01	2.00000D-02	3.40000E+03	5.32301E-01	9.37338E+03
1.01325D-01	2.00000D-02	3.42500E+03	6.31456E-01	1.06429E+04
1.01325D-01	2.00000D-02	3.45000E+03	7.65201E-01	1.21160E+04
1.01325D-01	2.00000D-02	3.47500E+03	9.50921E-01	1.38128E+04
1.01325D-01	2.00000D-02	3.50000E+03	1.21953E+00	1.57501E+04
1.01325D-01	2.00000D-02	3.52500E+03	1.63177E+00	1.79383E+04
1.01325D-01	2.00000D-02	3.55000E+03	2.32545E+00	2.03778E+04
1.01325D-01	2.00000D-02	3.57500E+03	3.69278E+00	2.30514E+04
1.01325D-01	2.00000D-02	3.60000E+03	7.45048E+00	2.59073E+04
1.01325D-01	2.00000D-02	3.62500E+03	4.71836E+01	2.87602E+04
1.01325D-01	2.00000D-02	3.65000E+03	4.71836E+01	2.87602E+04
1.01325D-01	2.00000D-02	3.67500E+03	4.71836E+01	2.87602E+04
1.01325D-01	2.00000D-02	3.70000E+03	4.71836E+01	2.87602E+04
1.01325D-01	2.00000D-02	3.72500E+03	4.71836E+01	2.87602E+04
1.01325D-01	2.00000D-02	3.75000E+03	4.71836E+01	2.87602E+04
1.01325D-01	2.00000D-02	3.77500E+03	4.71836E+01	2.87602E+04
1.01325D-01	2.00000D-02	3.80000E+03	4.71836E+01	2.87602E+04
1.01325D-01	2.00000D-02	3.82500E+03	4.71836E+01	2.87602E+04
1.01325D-01	2.00000D-02	3.85000E+03	4.71836E+01	2.87602E+04
1.01325D-01	2.00000D-02	3.87500E+03	4.71836E+01	2.87602E+04
1.01325D-01	2.00000D-02	3.90000E+03	4.71836E+01	2.87602E+04
1.01325D-01	2.00000D-02	3.92500E+03	4.71836E+01	2.87602E+04
1.01325D-01	2.00000D-02	3.95000E+03	4.71836E+01	2.87602E+04
1.01325D-01	2.00000D-02	3.97500E+03	4.71836E+01	2.87602E+04
1.01325D-01	2.00000D-02	4.00000E+03	4.71836E+01	2.87602E+04
p (bar)	B'g	Temp (K)	B'c	Hw (kJ/kg)
1.01325D-01	4.00000D-02	2.50000E+02	5.68956E-02	-2.93709E+03
1.01325D-01	4.00000D-02	2.75000E+02	5.69535E-02	-2.91150E+03
1.01325D-01	4.00000D-02	3.00000E+02	5.70416E-02	-2.88564E+03
1.01325D-01	4.00000D-02	3.25000E+02	5.71635E-02	-2.85948E+03
1.01325D-01	4.00000D-02	3.50000E+02	5.73211E-02	-2.83302E+03
1.01325D-01	4.00000D-02	3.75000E+02	5.75153E-02	-2.80623E+03
1.01325D-01	4.00000D-02	4.00000E+02	5.77480E-02	-2.77905E+03
1.01325D-01	4.00000D-02	4.25000E+02	5.80234E-02	-2.75138E+03
1.01325D-01	4.00000D-02	4.50000E+02	5.83494E-02	-2.72308E+03
1.01325D-01	4.00000D-02	4.75000E+02	5.87387E-02	-2.69391E+03
1.01325D-01	4.00000D-02	5.00000E+02	5.92084E-02	-2.66355E+03
1.01325D-01	4.00000D-02	5.25000E+02	5.97807E-02	-2.63159E+03
1.01325D-01	4.00000D-02	5.50000E+02	6.04830E-02	-2.59753E+03
1.01325D-01	4.00000D-02	5.75000E+02	6.13499E-02	-2.56075E+03
1.01325D-01	4.00000D-02	6.00000E+02	6.24284E-02	-2.52047E+03
1.01325D-01	4.00000D-02	6.25000E+02	6.37875E-02	-2.47556E+03
1.01325D-01	4.00000D-02	6.50000E+02	6.55322E-02	-2.42442E+03
1.01325D-01	4.00000D-02	6.75000E+02	6.78209E-02	-2.36462E+03
1.01325D-01	4.00000D-02	7.00000E+02	7.08816E-02	-2.29272E+03
1.01325D-01	4.00000D-02	7.25000E+02	7.50161E-02	-2.20424E+03
1.01325D-01	4.00000D-02	7.50000E+02	8.05779E-02	-2.09412E+03
1.01325D-01	4.00000D-02	7.75000E+02	8.79030E-02	-1.95790E+03
1.01325D-01	4.00000D-02	8.00000E+02	9.71740E-02	-1.79386E+03
1.01325D-01	4.00000D-02	8.25000E+02	1.08219E-01	-1.60581E+03
1.01325D-01	4.00000D-02	8.50000E+02	1.20326E-01	-1.40520E+03
1.01325D-01	4.00000D-02	8.75000E+02	1.32262E-01	-1.20993E+03
1.01325D-01	4.00000D-02	9.00000E+02	1.42685E-01	-1.03803E+03
1.01325D-01	4.00000D-02	9.25000E+02	1.50747E-01	-8.99726E+02
1.01325D-01	4.00000D-02	9.50000E+02	1.56378E-01	-7.94707E+02
1.01325D-01	4.00000D-02	9.75000E+02	1.60038E-01	-7.16004E+02
1.01325D-01	4.00000D-02	1.00000E+03	1.62323E-01	-6.55369E+02
1.01325D-01	4.00000D-02	1.02500E+03	1.63727E-01	-6.06168E+02
1.01325D-01	4.00000D-02	1.05000E+03	1.64589E-01	-5.63907E+02
1.01325D-01	4.00000D-02	1.07500E+03	1.65123E-01	-5.25782E+02
1.01325D-01	4.00000D-02	1.10000E+03	1.65458E-01	-4.90107E+02
1.01325D-01	4.00000D-02	1.12500E+03	1.65673E-01	-4.55880E+02
1.01325D-01	4.00000D-02	1.15000E+03	1.65812E-01	-4.22503E+02
1.01325D-01	4.00000D-02	1.17500E+03	1.65905E-01	-3.89619E+02
1.01325D-01	4.00000D-02	1.20000E+03	1.65969E-01	-3.57010E+02
1.01325D-01	4.00000D-02	1.22500E+03	1.66013E-01	-3.24541E+02
1.01325D-01	4.00000D-02	1.25000E+03	1.66046E-01	-2.92129E+02
1.01325D-01	4.00000D-02	1.27500E+03	1.66070E-01	-2.59719E+02
1.01325D-01	4.00000D-02	1.30000E+03	1.66090E-01	-2.27279E+02
1.01325D-01	4.00000D-02	1.32500E+03	1.66107E-01	-1.94784E+02
1.01325D-01	4.00000D-02	1.35000E+03	1.66123E-01	-1.62221E+02
1.01325D-01	4.00000D-02	1.37500E+03	1.66138E-01	-1.29578E+02
1.01325D-01	4.00000D-02	1.40000E+03	1.66153E-01	-9.68474E+01
1.01325D-01	4.00000D-02	1.42500E+03	1.66170E-01	-6.40237E+01
1.01325D-01	4.00000D-02	1.45000E+03	1.66188E-01	-3.11017E+01
1.01325D-01	4.00000D-02	1.47500E+03	1.66208E-01	1.92310E+00
1.01325D-01	4.00000D-02	1.50000E+03	1.66231E-01	3.50553E+01
1.01325D-01	4.00000D-02	1.52500E+03	1.66256E-01	6.82995E+01
1.01325D-01	4.00000D-02	1.55000E+03	1.66285E-01	1.01661E+02
1.01325D-01	4.00000D-02	1.57500E+03	1.66318E-01	1.35145E+02
1.01325D-01	4.00000D-02	1.60000E+03	1.66355E-01	1.68758E+02
1.01325D-01	4.00000D-02	1.62500E+03	1.66397E-01	2.02508E+02
1.01325D-01	4.00000D-02	1.65000E+03	1.66443E-01	2.36402E+02
1.01325D-01	4.00000D-02	1.67500E+03	1.66496E-01	2.70450E+02
1.01325D-01	4.00000D-02	1.70000E+03	1.66555E-01	3.04661E+02
1.01325D-01	4.00000D-02	1.72500E+03	1.66620E-01	3.39048E+02
1.01325D-01	4.00000D-02	1.75000E+03	1.66692E-01	3.73624E+02
1.01325D-01	4.00000D-02	1.77500E+03	1.66772E-01	4.08402E+02
1.01325D-01	4.00000D-02	1.80000E+03	1.66860E-01	4.43398E+02
1.01325D-01	4.00000D-02	1.82500E+03	1.66957E-01	4.78630E+02
1.01325D-01	4.00000D-02	1.85000E+03	1.67063E-01	5.14117E+02
1.01325D-01	4.00000D-02	1.87500E+03	1.67178E-01	5.49881E+02
1.01325D-01	4.00000D-02	1.90000E+03	1.67305E-01	5.85943E+02
1.01325D-01	4.00000D-02	1.92500E+03	1.67442E-01	6.22328E+02
1.01325D-01	4.00000D-02	1.95000E+03	1.67590E-01	6.59063E+02
1.01325D-01	4.00000D-02	1.97500E+03	1.67751E-01	6.96176E+02
1.01325D-01	4.00000D-02	2.00000E+03	1.67923E-01	7.33698E+02
1.01325D-01	4.00000D-02	2.02500E+03	1.68109E-01	7.71662E+02
1.01325D-01	4.00000D-02	2.05000E+03	1.68309E-01	8.10101E+02
1.01325D-01	4.00000D-02	2.07500E+03	1.68522E-01	8.49051E+02
1.01325D-01	4.00000D-02	2.10000E+03	1.68749E-01	8.88551E+02
1.01325D-01	4.00000D-02	2.12500E+03	1.68991E-01	9.28639E+02
1.01325D-01	4.00000D-02	2.15000E+03	1.69248E-01	9.69357E+02
1.01325D-01	4.00000D-02	2.17500E+03	1.69520E-01	1.01075E+03
1.01325D-01	4.00000D-02	2.20000E+03	1.69808E-01	1.05285E+03
1.01325D-01	4.00000D-02	2.22500E+03	1.70110E-01	1.09571E+03
1.01325D-01	4.00000D-02	2.25000E+03	1.70429E-01	1.13938E+03
1.01325D-01	4.00000D-02	2.27500E+03	1.70763E-01	1.18388E+03
1.01325D-01	4.00000D-02	2.30000E+03	1.71112E-01	1.22928E+03
1.01325D-01	4.00000D-02	2.32500E+03	1.71476E-01	1.27561E+03
1.01325D-01	4.00000D-02	2.35000E+03	1.71855E-01	1.32291E+03
1.01325D-01	4.00000D-02	2.37500E+03	1.72249E-01	1.37122E+03
1.01325D-01	4.00000D-02	2.40000E+03	1.72657E-01	1.42058E+03
1.01325D-01	4.00000D-02	2.42500E+03	1.73078E-01	1.47102E+03
1.01325D-01	4.00000D-02	2.45000E+03	1.73512E-01	1.52258E+03
1.01325D-01	4.00000D-02	2.47500E+03	1.73959E-01	1.57528E+03
1.01325D-01	4.00000D-02	2.50000E+03	1.74417E-01	1.62915E+03
1.01325D-01	4.00000D-02	2.52500E+03	1.74887E-01	1.68421E+03
1.01325D-01	4.00000D-02	2.55000E+03	1.75368E-01	1.74049E+03
1.01325D-01	4.00000D-02	2.57500E+03	1.75860E-01	1.79800E+03
1.01325D-01	4.00000D-02	2.60000E+03	1.76363E-01	1.85677E+03
1.01325D-01	4.00000D-02	2.62500E+03	1.76878E-01	1.91683E+03
1.01325D-01	4.00000D-02	2.65000E+03	1.77407E-01	1.97819E+03
1.01325D-01	4.00000D-02	2.67500E+03	1.77951E-01	2.04092E+03
1.01325D-01	4.00000D-02	2.70000E+03	1.78515E-01	2.10506E+03
1.01325D-01	4.00000D-02	2.72500E+03	1.79102E-01	2.17070E+03
1.01325D-01	4.00000D-02	2.75000E+03	1.79721E-01	2.23795E+03
1.01325D-01	4.00000D-02	2.77500E+03	1.80378E-01	2.30698E+03
1.01325D-01	4.00000D-02	2.80000E+03	1.81088E-01	2.37799E+03
1.01325D-01	4.00000D-02	2.82500E+03	1.81865E-01	2.45128E+03
1.01325D-01	4.00000D-02	2.85000E+03	1.82730E-01	2.52723E+03
1.01325D-01	4.00000D-02	2.87500E+03	1.83709E-01	2.60634E+03
1.01325D-01	4.00000D-02	2.90000E+03	1.84834E-01	2.68925E+03
1.01325D-01	4.00000D-02	2.92500E+03	1.86148E-01	2.77679E+03
1.01325D-01	4.00000D-02	2.95000E+03	1.87703E-01	2.87000E+03
1.01325D-01	4.00000D-02	2.97500E+03	1.89563E-01	2.97019E+03
1.01325D-01	4.00000D-02	3.00000E+03	1.91811E-01	3.07899E+03
1.01325D-01	4.00000D-02	3.02500E+03	1.94548E-01	3.19842E+03
1.01325D-01	4.00000D-02	3.05000E+03	1.97901E-01	3.33095E+03
1.01325D-01	4.00000D-02	3.07500E+03	2.02025E-01	3.47959E+03
1.01325D-01	4.00000D-02	3.10000E+03	2.07116E-01	3.64803E+03
1.01325D-01	4.00000D-02	3.12500E+03	2.13418E-01	3.84068E+03
1.01325D-01	4.00000D-02	3.15000E+03	2.21231E-01	4.06285E+03
1.01325D-01	4.00000D-02	3.17500E+03	2.30938E-01	4.32086E+03
1.01325D-01	4.00000D-02	3.20000E+03	2.43015E-01	4.62219E+03
1.01325D-01	4.00000D-02	3.22500E+03	2.58072E-01	4.97566E+03
1.01325D-01	4.00000D-02	3.25000E+03	2.76884E-01	5.39154E+03
1.01325D-01	4.00000D-02	3.27500E+03	3.00458E-01	5.88169E+03
1.01325D-01	4.00000D-02	3.30000E+03	3.30115E-01	6.45966E+03
1.01325D-01	4.00000D-02	3.32500E+03	3.67616E-01	7.14075E+03
1.01325D-01	4.00000D-02	3.35000E+03	4.15358E-01	7.94187E+03
1.01325D-01	4.00000D-02	3.37500E+03	4.76689E-01	8.88143E+03
1.01325D-01	4.00000D-02	3.40000E+03	5.56419E-01	9.97883E+03
1.01325D-01	4.00000D-02	3.42500E+03	6.61721E-01	1.12538E+04
1.01325D-01	4.00000D-02	3.45000E+03	8.03786E-01	1.27254E+04
1.01325D-01	4.00000D-02	3.47500E+03	1.00109E+00	1.44104E+04
1.01325D-01	4.00000D-02	3.50000E+03	1.28650E+00	1.63213E+04
1.01325D-01	4.00000D-02	3.52500E+03	1.72455E+00	1.84635E+04
1.01325D-01	4.00000D-02	3.55000E+03	2.46161E+00	2.08310E+04
1.01325D-01	4.00000D-02	3.57500E+03	3.91399E+00	2.34007E+04
1.01325D-01	4.00000D-02	3.60000E+03	7.90156E+00	2.61156E+04
1.01325D-01	4.00000D-02	3.62500E+03	4.98543E+01	2.87956E+04
1.01325D-01	4.00000D-02	3.65000E+03	4.98543E+01	2.87956E+04
1.01325D-01	4.00000D-02	3.67500E+03	4.98543E+01	2.87956E+04
1.01325D-01	4.00000D-02	3.70000E+03	4.98543E+01	2.87956E+04
1.01325D-01	4.00000D-02	3.72500E+03	4.98543E+01	2.87956E+04
1.01325D-01	4.00000D-02	3.75000E+03	4.98543E+01	2.87956E+04
1.01325D-01	4.00000D-02	3.77500E+03	4.98543E+01	2.87956E+04
1.01325D-01	4.00000D-02	3.80000E+03	4.98543E+01	2.87956E+04
1.01325D-01	4.00000D-02	3.82500E+03	4.98543E+01	2.87956E+04
1.01325D-01	4.00000D-02	3.85000E+03	4.98543E+01	2.87956E+04
1.01325D-01	4.00000D-02	3.87500E+03	4.98543E+01	2.87956E+04
1.01325D-01	4.00000D-02	3.90000E+03	4.98543E+01	2.87956E+04
1.01325D-01	4.00000D-02	3.92500E+03	4.98543E+01	2.87956E+04
1.01325D-01	4.00000D-02	3.95000E+03	4.98543E+01	2.87956E+04
1.01325D-01	4.00000D-02	3.97500E+03	4.98543E+01	2.87956E+04
1.01325D-01	4.00000D-02	4.00000E+03	4.98543E+01	2.87956E+04
p (bar)	B'g	Temp (K)	B'c	Hw (kJ/kg)
1.01325D-01	7.00000D-02	2.50000E+02	3.40935E-02	-3.12596E+03
1.01325D-01	7.00000D-02	2.75000E+02	3.42889E-02	-3.09906E+03
1.01325D-01	7.00000D-02	3.00000E+02	3.45828E-02	-3.07167E+03
1.01325D-01	7.00000D-02	3.25000E+02	3.49825E-02	-3.04375E+03
1.01325D-01	7.00000D-02	3.50000E+02	3.54859E-02	-3.01531E+03
1.01325D-01	7.00000D-02	3.75000E+02	3.60850E-02	-2.98631E+03
1.01325D-01	7.00000D-02	4.00000E+02	3.67697E-02	-2.95672E+03
1.01325D-01	7.00000D-02	4.25000E+02	3.75322E-02	-2.92641E+03
1.01325D-01	7.00000D-02	4.50000E+02	3.83691E-02	-2.89517E+03
1.01325D-01	7.00000D-02	4.75000E+02	3.92826E-02	-2.86268E+03
1.01325D-01	7.00000D-02	5.00000E+02	4.02807E-02	-2.82850E+03
1.01325D-01	7.00000D-02	5.25000E+02	4.13773E-02	-2.79207E+03
1.01325D-01	7.00000D-02	5.50000E+02	4.25940E-02	-2.75278E+03
1.01325D-01	7.00000D-02	5.75000E+02	4.39632E-02	-2.70990E+03
1.01325D-01	7.00000D-02	6.00000E+02	4.55354E-02	-2.66260E+03
1.01325D-01	7.00000D-02	6.25000E+02	4.73886E-02	-2.60981E+03
1.01325D-01	7.00000D-02	6.50000E+02	4.96406E-02	-2.55004E+03
1.01325D-01	7.00000D-02	6.75000E+02	5.24640E-02	-2.48103E+03
1.01325D-01	7.00000D-02	7.00000E+02	5.60995E-02	-2.39950E+03
1.01325D-01	7.00000D-02	7.25000E+02	6.08606E-02	-2.30108E+03
1.01325D-01	7.00000D-02	7.50000E+02	6.71123E-02	-2.18073E+03
1.01325D-01	7.00000D-02	7.75000E+02	7.52003E-02	-2.03398E+03
1.01325D-01	7.00000D-02	8.00000E+02	8.53100E-02	-1.85911E+03
1.01325D-01	7.00000D-02	8.25000E+02	9.72548E-02	-1.66014E+03
1.01325D-01	7.00000D-02	8.50000E+02	1.10280E-01	-1.44896E+03
1.01325D-01	7.00000D-02	8.75000E+02	1.23088E-01	-1.24406E+03
1.01325D-01	7.00000D-02	9.00000E+02	1.34263E-01	-1.06398E+03
1.01325D-01	7.00000D-02	9.25000E+02	1.42914E-01	-9.19150E+02
1.01325D-01	7.00000D-02	9.50000E+02	1.48971E-01	-8.09134E+02
1.01325D-01	7.00000D-02	9.75000E+02	1.52921E-01	-7.26652E+02
1.01325D-01	7.00000D-02	1.00000E+03	1.55398E-01	-6.63115E+02
1.01325D-01	7.00000D-02	1.02500E+03	1.56925E-01	-6.11608E+02
1.01325D-01	7.00000D-02	1.05000E+03	1.57868E-01	-5.67433E+02
1.01325D-01	7.00000D-02	1.07500E+03	1.58454E-01	-5.27650E+02
1.01325D-01	7.00000D-02	1.10000E+03	1.58824E-01	-4.90480E+02
1.01325D-01	7.00000D-02	1.12500E+03	1.59062E-01	-4.54865E+02
1.01325D-01	7.00000D-02	1.15000E+03	1.59218E-01	-4.20170E+02
1.01325D-01	7.00000D-02	1.17500E+03	1.59322E-01	-3.86012E+02
1.01325D-01	7.00000D-02	1.20000E+03	1.59393E-01	-3.52156E+02
1.01325D-01	7.00000D-02	1.22500E+03	1.59444E-01	-3.18459E+02
1.01325D-01	7.00000D-02	1.25000E+03	1.59481E-01	-2.84827E+02
1.01325D-01	7.00000D-02	1.27500E+03	1.59510E-01	-2.51204E+02
1.01325D-01	7.00000D-02	1.30000E+03	1.59533E-01	-2.17550E+02
1.01325D-01	7.00000D-02	1.32500E+03	1.59554E-01	-1.83840E+02
1.01325D-01	7.00000D-02	1.35000E+03	1.59573E-01	-1.50056E+02
1.01325D-01	7.00000D-02	1.37500E+03	1.59592E-01	-1.16187E+02
1.01325D-01	7.00000D-02	1.40000E+03	1.59612E-01	-8.22217E+01
1.01325D-01	7.00000D-02	1.42500E+03	1.59633E-01	-4.81532E+01
1.01325D-01	7.00000D-02	1.45000E+03	1.59656E-01	-1.39748E+01
1.01325D-01	7.00000D-02	1.47500E+03	1.59683E-01	2.03198E+01
1.01325D-01	7.00000D-02	1.50000E+03	1.59713E-01	5.47369E+01
1.01325D-01	7.00000D-02	1.52500E+03	1.59746E-01	8.92833E+01
1.01325D-01	7.00000D-02	1.55000E+03	1.59785E-01	1.23966E+02
1.01325D-01	7.00000D-02	1.57500E+03	1.59828E-01	1.58793E+02
1.01325D-01	7.00000D-02	1.60000E+03	1.59877E-01	1.93774E+02
1.01325D-01	7.00000D-02	1.62500E+03	1.59932E-01	2.28917E+02
1.01325D-01	7.00000D-02	1.65000E+03	1.59995E-01	2.64236E+02
1.01325D-01	7.00000D-02	1.67500E+03	1.60065E-01	2.99742E+02
1.01325D-01	7.00000D-02	1.70000E+03	1.60143E-01	3.35449E+02
1.01325D-01	7.00000D-02	1.72500E+03	1.60229E-01	3.71374E+02
1.01325D-01	7.00000D-02	1.75000E+03	1.60326E-01	4.07535E+02
1.01325D-01	7.00000D-02	1.77500E+03	1.60432E-01	4.43950E+02
1.01325D-01	7.00000D-02	1.80000E+03	1.60550E-01	4.80642E+02
1.01325D-01	7.00000D-02	1.82500E+03	1.60680E-01	5.17635E+02
1.01325D-01	7.00000D-02	1.85000E+03	1.60822E-01	5.54955E+02
1.01325D-01	7.00000D-02	1.87500E+03	1.60977E-01	5.92630E+02
1.01325D-01	7.00000D-02	1.90000E+03	1.61147E-01	6.30692E+02
1.01325D-01	7.00000D-02	1.92500E+03	1.61331E-01	6.69176E+02
1.01325D-01	7.00000D-02	1.95000E+03	1.61531E-01	7.08117E+02
1.01325D-01	7.00000D-02	1.97500E+03	1.61748E-01	7.47555E+02
1.01325D-01	7.00000D-02	2.00000E+03	1.61981E-01	7.87533E+02
1.01325D-01	7.00000D-02	2.02500E+03	1.62233E-01	8.28096E+02
1.01325D-01	7.00000D-02	2.05000E+03	1.62504E-01	8.69292E+02
1.01325D-01	7.00000D-02	2.07500E+03	1.62794E-01	9.11171E+02
1.01325D-01	7.00000D-02	2.10000E+03	1.63104E-01	9.53788E+02
1.01325D-01	7.00000D-02	2.12500E+03	1.63435E-01	9.97199E+02
1.01325D-01	7.00000D-02	2.15000E+03	1.63788E-01	1.04146E+03
1.01325D-01	7.00000D-02	2.17500E+03	1.64162E-01	1.08664E+03
1.01325D-01	7.00000D-02	2.20000E+03	1.64559E-01	1.13279E+03
1.01325D-01	7.00000D-02	2.22500E+03	1.64979E-01	1.17999E+03
1.01325D-01	7.00000D-02	2.25000E+03	1.65421E-01	1.22829E+03
1.01325D-01	7.00000D-02	2.27500E+03	1.65887E-01	1.27776E+03
1.01325D-01	7.00000D-02	2.30000E+03	1.66376E-01	1.32848E+03
1.01325D-01	7.00000D-02	2.32500E+03	1.66889E-01	1.38050E+03
1.01325D-01	7.00000D-02	2.35000E+03	1.67425E-01	1.43390E+03
1.01325D-01	7.00000D-02	2.37500E+03	1.67984E-01	1.48874E+03
1.01325D-01	7.00000D-02	2.40000E+03	1.68566E-01	1.54509E+03
1.01325D-01	7.00000D-02	2.42500E+03	1.69171E-01	1.60300E+03
1.01325D-01	7.00000D-02	2.45000E+03	1.69797E-01	1.66254E+03
1.01325D-01	7.00000D-02	2.47500E+03	1.70445E-01	1.72375E+03
1.01325D-01	7.00000D-02	2.50000E+03	1.71114E-01	1.78671E+03
1.01325D-01	7.00000D-02	2.52500E+03	1.71803E-01	1.85144E+03
1.01325D-01	7.00000D-02	2.55000E+03	1.72512E-01	1.91801E+03
1.01325D-01	7.00000D-02	2.57500E+03	1.73240E-01	1.98645E+03
1.01325D-01	7.00000D-02	2.60000E+03	1.73988E-01	2.05681E+03
1.01325D-01	7.00000D-02	2.62500E+03	1.74756E-01	2.12912E+03
1.01325D-01	7.00000D-02	2.65000E+03	1.75545E-01	2.20345E+03
1.01325D-01	7.00000D-02	2.67500E+03	1.76357E-01	2.27983E+03
1.01325D-01	7.00000D-02	2.70000E+03	1.77195E-01	2.35833E+03
1.01325D-01	7.00000D-02	2.72500E+03	1.78063E-01	2.43905E+03
1.01325D-01	7.00000D-02	2.75000E+03	1.78968E-01	2.52207E+03
1.01325D-01	7.00000D-02	2.77500E+03	1.79917E-01	2.60757E+03
1.01325D-01	7.00000D-02	2.80000E+03	1.80924E-01	2.69572E+03
1.01325D-01	7.00000D-02	2.82500E+03	1.82003E-01	2.78679E+03
1.01325D-01	7.00000D-02	2.85000E+03	1.83175E-01	2.88114E+03
1.01325D-01	7.00000D-02	2.87500E+03	1.84466E-01	2.97922E+03
1.01325D-01	7.00000D-02	2.90000E+03	1.85911E-01	3.08164E+03
1.01325D-01	7.00000D-02	2.92500E+03	1.87554E-01	3.18916E+03
1.01325D-01	7.00000D-02	2.95000E+03	1.89449E-01	3.30278E+03
1.01325D-01	7.00000D-02	2.97500E+03	1.91665E-01	3.42377E+03
1.01325D-01	7.00000D-02	3.00000E+03	1.94290E-01	3.55369E+03
1.01325D-01	7.00000D-02	3.02500E+03	1.97432E-01	3.69454E+03
1.01325D-01	7.00000D-02	3.05000E+03	2.01228E-01	3.84873E+03
1.01325D-01	7.00000D-02	3.07500E+03	2.05847E-01	4.01928E+03
1.01325D-01	7.00000D-02	3.10000E+03	2.11500E-01	4.20983E+03
1.01325D-01	7.00000D-02	3.12500E+03	2.18450E-01	4.42482E+03
1.01325D-01	7.00000D-02	3.15000E+03	2.27026E-01	4.66955E+03
1.01325D-01	7.00000D-02	3.17500E+03	2.37643E-01	4.95037E+03
1.01325D-01	7.00000D-02	3.20000E+03	2.50819E-01	5.27479E+03
1.01325D-01	7.00000D-02	3.22500E+03	2.67218E-01	5.65159E+03
1.01325D-01	7.00000D-02	3.25000E+03	2.87684E-01	6.09100E+03
1.01325D-01	7.00000D-02	3.27500E+03	3.13314E-01	6.60476E+03
1.01325D-01	7.00000D-02	3.30000E+03	3.45546E-01	7.20614E+03
1.01325D-01	7.00000D-02	3.32500E+03	3.86298E-01	7.90996E+03
1.01325D-01	7.00000D-02	3.35000E+03	4.38182E-01	8.73236E+03
1.01325D-01	7.00000D-02	3.37500E+03	5.04841E-01	9.69053E+03
1.01325D-01	7.00000D-02	3.40000E+03	5.91515E-01	1.08021E+04
1.01325D-01	7.00000D-02	3.42500E+03	7.06017E-01	1.20843E+04
1.01325D-01	7.00000D-02	3.45000E+03	8.60529E-01	1.35526E+04
1.01325D-01	7.00000D-02	3.47500E+03	1.07517E+00	1.52195E+04
1.01325D-01	7.00000D-02	3.50000E+03	1.38571E+00	1.70916E+04
1.01325D-01	7.00000D-02	3.52500E+03	1.86238E+00	1.91678E+04
1.01325D-01	7.00000D-02	3.55000E+03	2.66437E+00	2.14349E+04
1.01325D-01	7.00000D-02	3.57500E+03	4.24404E+00	2.38624E+04
1.01325D-01	7.00000D-02	3.60000E+03	8.57541E+00	2.63886E+04
1.01325D-01	7.00000D-02	3.62500E+03	5.38415E+01	2.88419E+04
1.01325D-01	7.00000D-02	3.65000E+03	5.38415E+01	2.88419E+04
1.01325D-01	7.00000D-02	3.67500E+03	5.38415E+01	2.88419E+04
1.01325D-01	7.00000D-02	3.70000E+03	5.38415E+01	2.88419E+04
1.01325D-01	7.00000D-02	3.72500E+03	5.38415E+01	2.88419E+04
1.01325D-01	7.00000D-02	3.75000E+03	5.38415E+01	2.88419E+04
1.01325D-01	7.00000D-02	3.77500E+03	5.38415E+01	2.88419E+04
1.01325D-01	7.00000D-02	3.80000E+03	5.38415E+01	2.88419E+04
1.01325D-01	7.00000D-02	3.82500E+03	5.38415E+01	2.88419E+04
1.01325D-01	7.00000D-02	3.85000E+03	5.38415E+01	2.88419E+04
1.01325D-01	7.00000D-02	3.87500E+03	5.38415E+01	2.88419E+04
1.01325D-01	7.00000D-02	3.90000E+03	5.38415E+01	2.88419E+04
1.01325D-01	7.00000D-02	3.92500E+03	5.38415E+01	2.88419E+04
1.01325D-01	7.00000D-02	3.95000E+03	5.38415E+01	2.88419E+04
1.01325D-01	7.00000D-02	3.97500E+03	5.38415E+01	2.88419E+04
1.01325D-01	7.00000D-02	4.00000E+03	5.38415E+01	2.88419E+04
p (bar)	B'g	Temp (K)	B'c	Hw (kJ/kg)
1.01325D-01	1.00000D-01	2.50000E+02	1.14079E-02	-3.31196E+03
1.01325D-01	1.00000D-01	2.75000E+02	1.18514E-02	-3.28334E+03
1.01325D-01	1.00000D-01	3.00000E+02	1.25080E-02	-3.25382E+03
1.01325D-01	1.00000D-01	3.25000E+02	1.33817E-02	-3.22341E+03
1.01325D-01	1.00000D-01	3.50000E+02	1.44523E-02	-3.19214E+03
1.01325D-01	1.00000D-01	3.75000E+02	1.56849E-02	-3.16008E+03
1.01325D-01	1.00000D-01	4.00000E+02	1.70406E-02	-3.12724E+03
1.01325D-01	1.00000D-01	4.25000E+02	1.84845E-02	-3.09353E+03
1.01325D-01	1.00000D-01	4.50000E+02	1.99906E-02	-3.05873E+03
1.01325D-01	1.00000D-01	4.75000E+02	2.15419E-02	-3.02247E+03
1.01325D-01	1.00000D-01	5.00000E+02	2.31311E-02	-2.98421E+03
1.01325D-01	1.00000D-01	5.25000E+02	2.47602E-02	-2.94331E+03
1.01325D-01	1.00000D-01	5.50000E+02	2.64440E-02	-2.89900E+03
1.01325D-01	1.00000D-01	5.75000E+02	2.82165E-02	-2.85047E+03
1.01325D-01	1.00000D-01	6.00000E+02	3.01389E-02	-2.79681E+03
1.01325D-01	1.00000D-01	6.25000E+02	3.23101E-02	-2.73692E+03
1.01325D-01	1.00000D-01	6.50000E+02	3.48758E-02	-2.66937E+03
1.01325D-01	1.00000D-01	6.75000E+02	3.80379E-02	-2.59198E+03
1.01325D-01	1.00000D-01	7.00000E+02	4.20642E-02	-2.50160E+03
1.01325D-01	1.00000D-01	7.25000E+02	4.72895E-02	-2.39392E+03
1.01325D-01	1.00000D-01	7.50000E+02	5.40946E-02	-2.26393E+03
1.01325D-01	1.00000D-01	7.75000E+02	6.28356E-02	-2.10714E+03
1.01325D-01	1.00000D-01	8.00000E+02	7.36979E-02	-1.92190E+03
1.01325D-01	1.00000D-01	8.25000E+02	8.64769E-02	-1.71244E+03
1.01325D-01	1.00000D-01	8.50000E+02	1.00372E-01	-1.49109E+03
1.01325D-01	1.00000D-01	8.75000E+02	1.14014E-01	-1.27691E+03
1.01325D-01	1.00000D-01	9.00000E+02	1.25913E-01	-1.08895E+03
1.01325D-01	1.00000D-01	9.25000E+02	1.35135E-01	-9.37842E+02
1.01325D-01	1.00000D-01	9.50000E+02	1.41603E-01	-8.23022E+02
1.01325D-01	1.00000D-01	9.75000E+02	1.45833E-01	-7.36907E+02
1.01325D-01	1.00000D-01	1.00000E+03	1.48493E-01	-6.70580E+02
1.01325D-01	1.00000D-01	1.02500E+03	1.50140E-01	-6.16855E+02
1.01325D-01	1.00000D-01	1.05000E+03	1.51159E-01	-5.70840E+02
1.01325D-01	1.00000D-01	1.07500E+03	1.51795E-01	-5.29460E+02
1.01325D-01	1.00000D-01	1.10000E+03	1.52197E-01	-4.90852E+02
1.01325D-01	1.00000D-01	1.12500E+03	1.52457E-01	-4.53901E+02
1.01325D-01	1.00000D-01	1.15000E+03	1.52627E-01	-4.17936E+02
1.01325D-01	1.00000D-01	1.17500E+03	1.52741E-01	-3.82551E+02
1.01325D-01	1.00000D-01	1.20000E+03	1.52820E-01	-3.47497E+02
1.01325D-01	1.00000D-01	1.22500E+03	1.52876E-01	-3.12618E+02
1.01325D-01	1.00000D-01	1.25000E+03	1.52917E-01	-2.77815E+02
1.01325D-01	1.00000D-01	1.27500E+03	1.52950E-01	-2.43025E+02
1.01325D-01	1.00000D-01	1.30000E+03	1.52976E-01	-2.08206E+02
1.01325D-01	1.00000D-01	1.32500E+03	1.52999E-01	-1.73330E+02
1.01325D-01	1.00000D-01	1.35000E+03	1.53021E-01	-1.38378E+02
1.01325D-01	1.00000D-01	1.37500E+03	1.53044E-01	-1.03334E+02
1.01325D-01	1.00000D-01	1.40000E+03	1.53067E-01	-6.81877E+01
1.01325D-01	1.00000D-01	1.42500E+03	1.53092E-01	-3.29304E+01
1.01325D-01	1.00000D-01	1.45000E+03	1.53120E-01	2.44631E+00
1.01325D-01	1.00000D-01	1.47500E+03	1.53151E-01	3.79500E+01
1.01325D-01	1.00000D-01	1.50000E+03	1.53187E-01	7.35885E+01
1.01325D-01	1.00000D-01	1.52500E+03	1.53227E-01	1.09370E+02
1.01325D-01	1.00000D-01	1.55000E+03	1.53273E-01	1.45303E+02
1.01325D-01	1.00000D-01	1.57500E+03	1.53325E-01	1.81398E+02
1.01325D-01	1.00000D-01	1.60000E+03	1.53383E-01	2.17666E+02
1.01325D-01	1.00000D-01	1.62500E+03	1.53450E-01	2.54119E+02
1.01325D-01	1.00000D-01	1.65000E+03	1.53524E-01	2.90770E+02
1.01325D-01	1.00000D-01	1.67500E+03	1.53608E-01	3.27636E+02
1.01325D-01	1.00000D-01	1.70000E+03	1.53702E-01	3.64734E+02
1.01325D-01	1.00000D-01	1.72500E+03	1.53806E-01	4.02083E+02
1.01325D-01	1.00000D-01	1.75000E+03	1.53922E-01	4.39704E+02
1.01325D-01	1.00000D-01	1.77500E+03	1.54050E-01	4.77623E+02
1.01325D-01	1.00000D-01	1.80000E+03	1.54192E-01	5.15864E+02
1.01325D-01	1.00000D-01	1.82500E+03	1.54348E-01	5.54458E+02
1.01325D-01	1.00000D-01	1.85000E+03	1.54520E-01	5.93436E+02
1.01325D-01	1.00000D-01	1.87500E+03	1.54707E-01	6.32834E+02
1.01325D-01	1.00000D-01	1.90000E+03	1.54912E-01	6.72689E+02
1.01325D-01	1.00000D-01	1.92500E+03	1.55135E-01	7.13044E+02
1.01325D-01	1.00000D-01	1.95000E+03	1.55377E-01	7.53942E+02
1.01325D-01	1.00000D-01	1.97500E+03	1.55639E-01	7.95433E+02
1.01325D-01	1.00000D-01	2.00000E+03	1.55923E-01	8.37569E+02
1.01325D-01	1.00000D-01	2.02500E+03	1.56229E-01	8.80404E+02
1.01325D-01	1.00000D-01	2.05000E+03	1.56558E-01	9.23999E+02
1.01325D-01	1.00000D-01	2.07500E+03	1.56911E-01	9.68416E+02
1.01325D-01	1.00000D-01	2.10000E+03	1.57290E-01	1.01372E+03
1.01325D-01	1.00000D-01	2.12500E+03	1.57694E-01	1.05999E+03
1.01325D-01	1.00000D-01	2.15000E+03	1.58126E-01	1.10728E+03
1.01325D-01	1.00000D-01	2.17500E+03	1.58584E-01	1.15569E+03
1.01325D-01	1.00000D-01	2.20000E+03	1.59072E-01	1.20528E+03
1.01325D-01	1.00000D-01	2.22500E+03	1.59588E-01	1.25614E+03
1.01325D-01	1.00000D-01	2.25000E+03	1.60134E-01	1.30836E+03
1.01325D-01	1.00000D-01	2.27500E+03	1.60709E-01	1.36201E+03
1.01325D-01	1.00000D-01	2.30000E+03	1.61315E-01	1.41720E+03
1.01325D-01	1.00000D-01	2.32500E+03	1.61952E-01	1.47399E+03
1.01325D-01	1.00000D-01	2.35000E+03	1.62619E-01	1.53249E+03
1.01325D-01	1.00000D-01	2.37500E+03	1.63317E-01	1.59278E+03
1.01325D-01	1.00000D-01	2.40000E+03	1.64045E-01	1.65494E+03
1.01325D-01	1.00000D-01	2.42500E+03	1.64804E-01	1.71907E+03
1.01325D-01	1.00000D-01	2.45000E+03	1.65593E-01	1.78524E+03
1.01325D-01	1.00000D-01	2.47500E+03	1.66411E-01	1.85354E+03
1.01325D-01	1.00000D-01	2.50000E+03	1.67258E-01	1.92403E+03
1.01325D-01	1.00000D-01	2.52500E+03	1.68134E-01	1.99679E+03
1.01325D-01	1.00000D-01	2.55000E+03	1.69037E-01	2.07190E+03
1.01325D-01	1.00000D-01	2.57500E+03	1.69969E-01	2.14942E+03
1.01325D-01	1.00000D-01	2.60000E+03	1.70928E-01	2.22940E+03
1.01325D-01	1.00000D-01	2.62500E+03	1.71914E-01	2.31193E+03
1.01325D-01	1.00000D-01	2.65000E+03	1.72930E-01	2.39705E+03
1.01325D-01	1.00000D-01	2.67500E+03	1.73977E-01	2.48484E+03
1.01325D-01	1.00000D-01	2.70000E+03	1.75056E-01	2.57538E+03
1.01325D-01	1.00000D-01	2.72500E+03	1.76173E-01	2.66876E+03
1.01325D-01	1.00000D-01	2.75000E+03	1.77334E-01	2.76510E+03
1.01325D-01	1.00000D-01	2.77500E+03	1.78547E-01	2.86455E+03
1.01325D-01	1.00000D-01	2.80000E+03	1.79824E-01	2.96731E+03
1.01325D-01	1.00000D-01	2.82500E+03	1.81181E-01	3.07362E+03
1.01325D-01	1.00000D-01	2.85000E+03	1.82639E-01	3.18385E+03
1.01325D-01	1.00000D-01	2.87500E+03	1.84225E-01	3.29842E+03
1.01325D-01	1.00000D-01	2.90000E+03	1.85976E-01	3.41792E+03
1.01325D-01	1.00000D-01	2.92500E+03	1.87936E-01	3.54311E+03
1.01325D-01	1.00000D-01	2.95000E+03	1.90164E-01	3.67496E+03
1.01325D-01	1.00000D-01	2.97500E+03	1.92733E-01	3.81468E+03
1.01325D-01	1.00000D-01	3.00000E+03	1.95735E-01	3.96385E+03
1.01325D-01	1.00000D-01	3.02500E+03	1.99286E-01	4.12440E+03
1.01325D-01	1.00000D-01	3.05000E+03	2.03533E-01	4.29874E+03
1.01325D-01	1.00000D-01	3.07500E+03	2.08655E-01	4.48986E+03
1.01325D-01	1.00000D-01	3.10000E+03	2.14881E-01	4.70139E+03
1.01325D-01	1.00000D-01	3.12500E+03	2.22492E-01	4.93775E+03
1.01325D-01	1.00000D-01	3.15000E+03	2.31845E-01	5.20423E+03
1.01325D-01	1.00000D-01	3.17500E+03	2.43385E-01	5.50716E+03
1.01325D-01	1.00000D-01	3.20000E+03	2.57674E-01	5.85402E+03
1.01325D-01	1.00000D-01	3.22500E+03	2.75425E-01	6.25356E+03
1.01325D-01	1.00000D-01	3.25000E+03	2.97555E-01	6.71587E+03
1.01325D-01	1.00000D-01	3.27500E+03	3.25247E-01	7.25251E+03
1.01325D-01	1.00000D-01	3.30000E+03	3.60056E-01	7.87643E+03
1.01325D-01	1.00000D-01	3.32500E+03	4.04056E-01	8.60190E+03
1.01325D-01	1.00000D-01	3.35000E+03	4.60072E-01	9.44425E+03
1.01325D-01	1.00000D-01	3.37500E+03	5.32046E-01	1.04194E+04
1.01325D-01	1.00000D-01	3.40000E+03	6.25643E-01	1.15433E+04
1.01325D-01	1.00000D-01	3.42500E+03	7.49313E-01	1.28308E+04
1.01325D-01	1.00000D-01	3.45000E+03	9.16232E-01	1.42943E+04
1.01325D-01	1.00000D-01	3.47500E+03	1.14816E+00	1.59420E+04
1.01325D-01	1.00000D-01	3.50000E+03	1.48376E+00	1.77760E+04
1.01325D-01	1.00000D-01	3.52500E+03	1.99895E+00	1.97896E+04
1.01325D-01	1.00000D-01	3.55000E+03	2.86570E+00	2.19638E+04
1.01325D-01	1.00000D-01	3.57500E+03	4.57234E+00	2.42632E+04
1.01325D-01	1.00000D-01	3.60000E+03	9.24646E+00	2.66234E+04
1.01325D-01	1.00000D-01	3.62500E+03	5.78088E+01	2.88816E+04
1.01325D-01	1.00000D-01	3.65000E+03	5.78088E+01	2.88816E+04
1.01325D-01	1.00000D-01	3.67500E+03	5.78088E+01	2.88816E+04
1.01325D-01	1.00000D-01	3.70000E+03	5.78088E+01	2.88816E+04
1.01325D-01	1.00000D-01	3.72500E+03	5.78088E+01	2.88816E+04
1.01325D-01	1.00000D-01	3.75000E+03	5.78088E+01	2.88816E+04
1.01325D-01	1.00000D-01	3.77500E+03	5.78088E+01	2.88816E+04
1.01325D-01	1.00000D-01	3.80000E+03	5.78088E+01	2.88816E+04
1.01325D-01	1.00000D-01	3.82500E+03	5.78088E+01	2.88816E+04
1.01325D-01	1.00000D-01	3.85000E+03	5.78088E+01	2.88816E+04
1.01325D-01	1.00000D-01	3.87500E+03	5.78088E+01	2.88816E+04
1.01325D-01	1.00000D-01	3.90000E+03	5.78088E+01	2.88816E+04
1.01325D-01	1.00000D-01	3.92500E+03	5.78088E+01	2.88816E+04
1.01325D-01	1.00000D-01	3.95000E+03	5.78088E+01	2.88816E+04
1.01325D-01	1.00000D-01	3.97500E+03	5.78088E+01	2.88816E+04
1.01325D-01	1.00000D-01	4.00000E+03	5.78088E+01	2.88816E+04
p (bar)	B'g	Temp (K)	B'c	Hw (kJ/kg)
1.01325D-01	1.50000D-01	2.50000E+02	0.00000E+00	-3.61505E+03
1.01325D-01	1.50000D-01	2.75000E+02	0.00000E+00	-3.58209E+03
1.01325D-01	1.50000D-01	3.00000E+02	0.00000E+00	-3.54715E+03
1.01325D-01	1.50000D-01	3.25000E+02	0.00000E+00	-3.51047E+03
1.01325D-01	1.50000D-01	3.50000E+02	0.00000E+00	-3.47242E+03
1.01325D-01	1.50000D-01	3.75000E+02	0.00000E+00	-3.43341E+03
1.01325D-01	1.50000D-01	4.00000E+02	0.00000E+00	-3.39366E+03
1.01325D-01	1.50000D-01	4.25000E+02	0.00000E+00	-3.35319E+03
1.01325D-01	1.50000D-01	4.50000E+02	0.00000E+00	-3.31177E+03
1.01325D-01	1.50000D-01	4.75000E+02	0.00000E+00	-3.26893E+03
1.01325D-01	1.50000D-01	5.00000E+02	0.00000E+00	-3.22399E+03
1.01325D-01	1.50000D-01	5.25000E+02	3.94533E-04	-3.17609E+03
1.01325D-01	1.50000D-01	5.50000E+02	2.68040E-03	-3.12428E+03
1.01325D-01	1.50000D-01	5.75000E+02	4.88876E-03	-3.06750E+03
1.01325D-01	1.50000D-01	6.00000E+02	7.11000E-03	-3.00466E+03
1.01325D-01	1.50000D-01	6.25000E+02	9.49109E-03	-2.93456E+03
1.01325D-01	1.50000D-01	6.50000E+02	1.22410E-02	-2.85569E+03
1.01325D-01	1.50000D-01	6.75000E+02	1.56308E-02	-2.76596E+03
1.01325D-01	1.50000D-01	7.00000E+02	1.99917E-02	-2.66230E+03
1.01325D-01	1.50000D-01	7.25000E+02	2.57090E-02	-2.54050E+03
1.01325D-01	1.50000D-01	7.50000E+02	3.31981E-02	-2.39559E+03
1.01325D-01	1.50000D-01	7.75000E+02	4.28336E-02	-2.22311E+03
1.01325D-01	1.50000D-01	8.00000E+02	5.47978E-02	-2.02152E+03
1.01325D-01	1.50000D-01	8.25000E+02	6.88496E-02	-1.79543E+03
1.01325D-01	1.50000D-01	8.50000E+02	8.41056E-02	-1.55793E+03
1.01325D-01	1.50000D-01	8.75000E+02	9.90712E-02	-1.32901E+03
1.01325D-01	1.50000D-01	9.00000E+02	1.12130E-01	-1.12855E+03
1.01325D-01	1.50000D-01	9.25000E+02	1.22265E-01	-9.67483E+02
1.01325D-01	1.50000D-01	9.50000E+02	1.29393E-01	-8.45051E+02
1.01325D-01	1.50000D-01	9.75000E+02	1.34071E-01	-7.53182E+02
1.01325D-01	1.50000D-01	1.00000E+03	1.37024E-01	-6.82437E+02
1.01325D-01	1.50000D-01	1.02500E+03	1.38859E-01	-6.25199E+02
1.01325D-01	1.50000D-01	1.05000E+03	1.39998E-01	-5.76265E+02
1.01325D-01	1.50000D-01	1.07500E+03	1.40712E-01	-5.32352E+02
1.01325D-01	1.50000D-01	1.10000E+03	1.41165E-01	-4.91462E+02
1.01325D-01	1.50000D-01	1.12500E+03	1.41458E-01	-4.52391E+02
1.01325D-01	1.50000D-01	1.15000E+03	1.41651E-01	-4.14412E+02
1.01325D-01	1.50000D-01	1.17500E+03	1.41780E-01	-3.77081E+02
1.01325D-01	1.50000D-01	1.20000E+03	1.41870E-01	-3.40126E+02
1.01325D-01	1.50000D-01	1.22500E+03	1.41933E-01	-3.03373E+02
1.01325D-01	1.50000D-01	1.25000E+03	1.41981E-01	-2.66714E+02
1.01325D-01	1.50000D-01	1.27500E+03	1.42018E-01	-2.30076E+02
1.01325D-01	1.50000D-01	1.30000E+03	1.42048E-01	-1.93414E+02
1.01325D-01	1.50000D-01	1.32500E+03	1.42076E-01	-1.56693E+02
1.01325D-01	1.50000D-01	1.35000E+03	1.42101E-01	-1.19891E+02
1.01325D-01	1.50000D-01	1.37500E+03	1.42128E-01	-8.29916E+01
1.01325D-01	1.50000D-01	1.40000E+03	1.42156E-01	-4.59811E+01
1.01325D-01	1.50000D-01	1.42500E+03	1.42186E-01	-8.84841E+00
1.01325D-01	1.50000D-01	1.45000E+03	1.42220E-01	2.84165E+01
1.01325D-01	1.50000D-01	1.47500E+03	1.42258E-01	6.58231E+01
1.01325D-01	1.50000D-01	1.50000E+03	1.42301E-01	1.03381E+02
1.01325D-01	1.50000D-01	1.52500E+03	1.42350E-01	1.41101E+02
1.01325D-01	1.50000D-01	1.55000E+03	1.42406E-01	1.78994E+02
1.01325D-01	1.50000D-01	1.57500E+03	1.42470E-01	2.17073E+02
1.01325D-01	1.50000D-01	1.60000E+03	1.42542E-01	2.55350E+02
1.01325D-01	1.50000D-01	1.62500E+03	1.42624E-01	2.93842E+02
1.01325D-01	1.50000D-01	1.65000E+03	1.42716E-01	3.32565E+02
1.01325D-01	1.50000D-01	1.67500E+03	1.42819E-01	3.71540E+02
1.01325D-01	1.50000D-01	1.70000E+03	1.42934E-01	4.10787E+02
1.01325D-01	1.50000D-01	1.72500E+03	1.43063E-01	4.50332E+02
1.01325D-01	1.50000D-01	1.75000E+03	1.43206E-01	4.90199E+02
1.01325D-01	1.50000D-01	1.77500E+03	1.43364E-01	5.30420E+02
1.01325D-01	1.50000D-01	1.80000E+03	1.43540E-01	5.71028E+02
1.01325D-01	1.50000D-01	1.82500E+03	1.43733E-01	6.12058E+02
1.01325D-01	1.50000D-01	1.85000E+03	1.43945E-01	6.53551E+02
1.01325D-01	1.50000D-01	1.87500E+03	1.44177E-01	6.95550E+02
1.01325D-01	1.50000D-01	1.90000E+03	1.44431E-01	7.38103E+02
1.01325D-01	1.50000D-01	1.92500E+03	1.44708E-01	7.81262E+02
1.01325D-01	1.50000D-01	1.95000E+03	1.45010E-01	8.25083E+02
1.01325D-01	1.50000D-01	1.97500E+03	1.45337E-01	8.69627E+02
1.01325D-01	1.50000D-01	2.00000E+03	1.45690E-01	9.14959E+02
1.01325D-01	1.50000D-01	2.02500E+03	1.46073E-01	9.61149E+02
1.01325D-01	1.50000D-01	2.05000E+03	1.46484E-01	1.00827E+03
1.01325D-01	1.50000D-01	2.07500E+03	1.46927E-01	1.05641E+03
1.01325D-01	1.50000D-01	2.10000E+03	1.47402E-01	1.10564E+03
1.01325D-01	1.50000D-01	2.12500E+03	1.47910E-01	1.15606E+03
1.01325D-01	1.50000D-01	2.15000E+03	1.48453E-01	1.20775E+03
1.01325D-01	1.50000D-01	2.17500E+03	1.49032E-01	1.26083E+03
1.01325D-01	1.50000D-01	2.20000E+03	1.49648E-01	1.31538E+03
1.01325D-01	1.50000D-01	2.22500E+03	1.50302E-01	1.37152E+03
1.01325D-01	1.50000D-01	2.25000E+03	1.50995E-01	1.42935E+03
1.01325D-01	1.50000D-01	2.27500E+03	1.51728E-01	1.48899E+03
1.01325D-01	1.50000D-01	2.30000E+03	1.52501E-01	1.55055E+03
1.01325D-01	1.50000D-01	2.32500E+03	1.53315E-01	1.61415E+03
1.01325D-01	1.50000D-01	2.35000E+03	1.54171E-01	1.67990E+03
1.01325D-01	1.50000D-01	2.37500E+03	1.55069E-01	1.74793E+03
1.01325D-01	1.50000D-01	2.40000E+03	1.56008E-01	1.81835E+03
1.01325D-01	1.50000D-01	2.42500E+03	1.56990E-01	1.89128E+03
1.01325D-01	1.50000D-01	2.45000E+03	1.58013E-01	1.96683E+03
1.01325D-01	1.50000D-01	2.47500E+03	1.59079E-01	2.04513E+03
1.01325D-01	1.50000D-01	2.50000E+03	1.60185E-01	2.12627E+03
1.01325D-01	1.50000D-01	2.52500E+03	1.61333E-01	2.21037E+03
1.01325D-01	1.50000D-01	2.55000E+03	1.62521E-01	2.29753E+03
1.01325D-01	1.50000D-01	2.57500E+03	1.63750E-01	2.38785E+03
1.01325D-01	1.50000D-01	2.60000E+03	1.65019E-01	2.48142E+03
1.01325D-01	1.50000D-01	2.62500E+03	1.66328E-01	2.57835E+03
1.01325D-01	1.50000D-01	2.65000E+03	1.67679E-01	2.67873E+03
1.01325D-01	1.50000D-01	2.67500E+03	1.69073E-01	2.78265E+03
1.01325D-01	1.50000D-01	2.70000E+03	1.70513E-01	2.89022E+03
1.01325D-01	1.50000D-01	2.72500E+03	1.72003E-01	3.00155E+03
1.01325D-01	1.50000D-01	2.75000E+03	1.73550E-01	3.11680E+03
1.01325D-01	1.50000D-01	2.77500E+03	1.75162E-01	3.23611E+03
1.01325D-01	1.50000D-01	2.80000E+03	1.76851E-01	3.35970E+03
1.01325D-01	1.50000D-01	2.82500E+03	1.78635E-01	3.48784E+03
1.01325D-01	1.50000D-01	2.85000E+03	1.80535E-01	3.62087E+03
1.01325D-01	1.50000D-01	2.87500E+03	1.82582E-01	3.75924E+03
1.01325D-01	1.50000D-01	2.90000E+03	1.84812E-01	3.90351E+03
1.01325D-01	1.50000D-01	2.92500E+03	1.87276E-01	4.05443E+03
1.01325D-01	1.50000D-01	2.95000E+03	1.90037E-01	4.21296E+03
1.01325D-01	1.50000D-01	2.97500E+03	1.93174E-01	4.38030E+03
1.01325D-01	1.50000D-01	3.00000E+03	1.96789E-01	4.55798E+03
1.01325D-01	1.50000D-01	3.02500E+03	2.01010E-01	4.74793E+03
1.01325D-01	1.50000D-01	3.05000E+03	2.05999E-01	4.95253E+03
1.01325D-01	1.50000D-01	3.07500E+03	2.11955E-01	5.17474E+03
1.01325D-01	1.50000D-01	3.10000E+03	2.19132E-01	5.41816E+03
1.01325D-01	1.50000D-01	3.12500E+03	2.27846E-01	5.68718E+03
1.01325D-01	1.50000D-01	3.15000E+03	2.38493E-01	5.98707E+03
1.01325D-01	1.50000D-01	3.17500E+03	2.51572E-01	6.32408E+03
1.01325D-01	1.50000D-01	3.20000E+03	2.67714E-01	6.70560E+03
1.01325D-01	1.50000D-01	3.22500E+03	2.87719E-01	7.14024E+03
1.01325D-01	1.50000D-01	3.25000E+03	3.12616E-01	7.63784E+03
1.01325D-01	1.50000D-01	3.27500E+03	3.43736E-01	8.20954E+03
1.01325D-01	1.50000D-01	3.30000E+03	3.82826E-01	8.86767E+03
1.01325D-01	1.50000D-01	3.32500E+03	4.32220E-01	9.62554E+03
1.01325D-01	1.50000D-01	3.35000E+03	4.95096E-01	1.04971E+04
1.01325D-01	1.50000D-01	3.37500E+03	5.75889E-01	1.14962E+04
1.01325D-01	1.50000D-01	3.40000E+03	6.80976E-01	1.26362E+04
1.01325D-01	1.50000D-01	3.42500E+03	8.19863E-01	1.39280E+04
1.01325D-01	1.50000D-01	3.45000E+03	1.00738E+00	1.53796E+04
1.01325D-01	1.50000D-01	3.47500E+03	1.26801E+00	1.69934E+04
1.01325D-01	1.50000D-01	3.50000E+03	1.64524E+00	1.87650E+04
1.01325D-01	1.50000D-01	3.52500E+03	2.22444E+00	2.06806E+04
1.01325D-01	1.50000D-01	3.55000E+03	3.19885E+00	2.27146E+04
1.01325D-01	1.50000D-01	3.57500E+03	5.11648E+00	2.48261E+04
1.01325D-01	1.50000D-01	3.60000E+03	1.03598E+01	2.69497E+04
1.01325D-01	1.50000D-01	3.62500E+03	6.43839E+01	2.89367E+04
1.01325D-01	1.50000D-01	3.65000E+03	6.43839E+01	2.89367E+04
1.01325D-01	1.50000D-01	3.67500E+03	6.43839E+01	2.89367E+04
1.01325D-01	1.50000D-01	3.70000E+03	6.43839E+01	2.89367E+04
1.01325D-01	1.50000D-01	3.72500E+03	6.43839E+01	2.89367E+04
1.01325D-01	1.50000D-01	3.75000E+03	6.43839E+01	2.89367E+04
1.01325D-01	1.50000D-01	3.77500E+03	6.43839E+01	2.89367E+04
1.01325D-01	1.50000D-01	3.80000E+03	6.43839E+01	2.89367E+04
1.01325D-01	1.50000D-01	3.82500E+03	6.43839E+01	2.89367E+04
1.01325D-01	1.50000D-01	3.85000E+03	6.43839E+01	2.89367E+04
1.01325D-01	1.50000D-01	3.87500E+03	6.43839E+01	2.89367E+04
1.01325D-01	1.50000D-01	3.90000E+03	6.43839E+01	2.89367E+04
1.01325D-01	1.50000D-01	3.92500E+03	6.43839E+01	2.89367E+04
1.01325D-01	1.50000D-01	3.95000E+03	6.43839E+01	2.89367E+04
1.01325D-01	1.50000D-01	3.97500E+03	6.43839E+01	2.89367E+04
1.01325D-01	1.50000D-01	4.00000E+03	6.43839E+01	2.89367E+04
p (bar)	B'g	Temp (K)	B'c	Hw (kJ/kg)
1.01325D-01	2.00000D-01	2.50000E+02	0.00000E+00	-3.90768E+03
1.01325D-01	2.00000D-01	2.75000E+02	0.00000E+00	-3.86743E+03
1.01325D-01	2.00000D-01	3.00000E+02	0.00000E+00	-3.82390E+03
1.01325D-01	2.00000D-01	3.25000E+02	0.00000E+00	-3.77814E+03
1.01325D-01	2.00000D-01	3.50000E+02	0.00000E+00	-3.73121E+03
1.01325D-01	2.00000D-01	3.75000E+02	0.00000E+00	-3.68386E+03
1.01325D-01	2.00000D-01	4.00000E+02	0.00000E+00	-3.63646E+03
1.01325D-01	2.00000D-01	4.25000E+02	0.00000E+00	-3.58898E+03
1.01325D-01	2.00000D-01	4.50000E+02	0.00000E+00	-3.54108E+03
1.01325D-01	2.00000D-01	4.75000E+02	0.00000E+00	-3.49211E+03
1.01325D-01	2.00000D-01	5.00000E+02	0.00000E+00	-3.44120E+03
1.01325D-01	2.00000D-01	5.25000E+02	0.00000E+00	-3.38728E+03
1.01325D-01	2.00000D-01	5.50000E+02	0.00000E+00	-3.32916E+03
1.01325D-01	2.00000D-01	5.75000E+02	0.00000E+00	-3.26555E+03
1.01325D-01	2.00000D-01	6.00000E+02	0.00000E+00	-3.19514E+03
1.01325D-01	2.00000D-01	6.25000E+02	0.00000E+00	-3.11652E+03
1.01325D-01	2.00000D-01	6.50000E+02	0.00000E+00	-3.02809E+03
1.01325D-01	2.00000D-01	6.75000E+02	0.00000E+00	-2.92771E+03
1.01325D-01	2.00000D-01	7.00000E+02	0.00000E+00	-2.81234E+03
1.01325D-01	2.00000D-01	7.25000E+02	5.14174E-03	-2.67784E+03
1.01325D-01	2.00000D-01	7.50000E+02	1.30871E-02	-2.51928E+03
1.01325D-01	2.00000D-01	7.75000E+02	2.34297E-02	-2.33224E+03
1.01325D-01	2.00000D-01	8.00000E+02	3.63468E-02	-2.11535E+03
1.01325D-01	2.00000D-01	8.25000E+02	5.15560E-02	-1.87363E+03
1.01325D-01	2.00000D-01	8.50000E+02	6.80851E-02	-1.62089E+03
1.01325D-01	2.00000D-01	8.75000E+02	8.43093E-02	-1.37808E+03
1.01325D-01	2.00000D-01	9.00000E+02	9.84781E-02	-1.16582E+03
1.01325D-01	2.00000D-01	9.25000E+02	1.09492E-01	-9.95382E+02
1.01325D-01	2.00000D-01	9.50000E+02	1.17254E-01	-8.65791E+02
1.01325D-01	2.00000D-01	9.75000E+02	1.22361E-01	-7.68513E+02
1.01325D-01	2.00000D-01	1.00000E+03	1.25594E-01	-6.93615E+02
1.01325D-01	2.00000D-01	1.02500E+03	1.27607E-01	-6.33072E+02
1.01325D-01	2.00000D-01	1.05000E+03	1.28860E-01	-5.81392E+02
1.01325D-01	2.00000D-01	1.07500E+03	1.29647E-01	-5.35095E+02
1.01325D-01	2.00000D-01	1.10000E+03	1.30147E-01	-4.92056E+02
1.01325D-01	2.00000D-01	1.12500E+03	1.30470E-01	-4.50989E+02
1.01325D-01	2.00000D-01	1.15000E+03	1.30683E-01	-4.11112E+02
1.01325D-01	2.00000D-01	1.17500E+03	1.30826E-01	-3.71950E+02
1.01325D-01	2.00000D-01	1.20000E+03	1.30924E-01	-3.33204E+02
1.01325D-01	2.00000D-01	1.22500E+03	1.30995E-01	-2.94688E+02
1.01325D-01	2.00000D-01	1.25000E+03	1.31047E-01	-2.56282E+02
1.01325D-01	2.00000D-01	1.27500E+03	1.31087E-01	-2.17907E+02
1.01325D-01	2.00000D-01	1.30000E+03	1.31122E-01	-1.79510E+02
1.01325D-01	2.00000D-01	1.32500E+03	1.31152E-01	-1.41056E+02
1.01325D-01	2.00000D-01	1.35000E+03	1.31181E-01	-1.02517E+02
1.01325D-01	2.00000D-01	1.37500E+03	1.31211E-01	-6.38760E+01
1.01325D-01	2.00000D-01	1.40000E+03	1.31242E-01	-2.51164E+01
1.01325D-01	2.00000D-01	1.42500E+03	1.31277E-01	1.37743E+01
1.01325D-01	2.00000D-01	1.45000E+03	1.31316E-01	5.28078E+01
1.01325D-01	2.00000D-01	1.47500E+03	1.31359E-01	9.19953E+01
1.01325D-01	2.00000D-01	1.50000E+03	1.31409E-01	1.31348E+02
1.01325D-01	2.00000D-01	1.52500E+03	1.31466E-01	1.70878E+02
1.01325D-01	2.00000D-01	1.55000E+03	1.31531E-01	2.10599E+02
1.01325D-01	2.00000D-01	1.57500E+03	1.31604E-01	2.50525E+02
1.01325D-01	2.00000D-01	1.60000E+03	1.31688E-01	2.90671E+02
1.01325D-01	2.00000D-01	1.62500E+03	1.31782E-01	3.31056E+02
1.01325D-01	2.00000D-01	1.65000E+03	1.31888E-01	3.71700E+02
1.01325D-01	2.00000D-01	1.67500E+03	1.32008E-01	4.12625E+02
1.01325D-01	2.00000D-01	1.70000E+03	1.32142E-01	4.53856E+02
1.01325D-01	2.00000D-01	1.72500E+03	1.32291E-01	4.95422E+02
1.01325D-01	2.00000D-01	1.75000E+03	1.32457E-01	5.37354E+02
1.01325D-01	2.00000D-01	1.77500E+03	1.32642E-01	5.79685E+02
1.01325D-01	2.00000D-01	1.80000E+03	1.32845E-01	6.22455E+02
1.01325D-01	2.00000D-01	1.82500E+03	1.33070E-01	6.65706E+02
1.01325D-01	2.00000D-01	1.85000E+03	1.33317E-01	7.09484E+02
1.01325D-01	2.00000D-01	1.87500E+03	1.33588E-01	7.53841E+02
1.01325D-01	2.00000D-01	1.90000E+03	1.33885E-01	7.98831E+02
1.01325D-01	2.00000D-01	1.92500E+03	1.34208E-01	8.44516E+02
1.01325D-01	2.00000D-01	1.95000E+03	1.34561E-01	8.90960E+02
1.01325D-01	2.00000D-01	1.97500E+03	1.34943E-01	9.38236E+02
1.01325D-01	2.00000D-01	2.00000E+03	1.35357E-01	9.86420E+02
1.01325D-01	2.00000D-01	2.02500E+03	1.35805E-01	1.03559E+03
1.01325D-01	2.00000D-01	2.05000E+03	1.36289E-01	1.08584E+03
1.01325D-01	2.00000D-01	2.07500E+03	1.36809E-01	1.13727E+03
1.01325D-01	2.00000D-01	2.10000E+03	1.37367E-01	1.18996E+03
1.01325D-01	2.00000D-01	2.12500E+03	1.37966E-01	1.24403E+03
1.01325D-01	2.00000D-01	2.15000E+03	1.38606E-01	1.29958E+03
1.01325D-01	2.00000D-01	2.17500E+03	1.39290E-01	1.35674E+03
1.01325D-01	2.00000D-01	2.20000E+03	1.40019E-01	1.41562E+03
1.01325D-01	2.00000D-01	2.22500E+03	1.40793E-01	1.47635E+03
1.01325D-01	2.00000D-01	2.25000E+03	1.41615E-01	1.53906E+03
1.01325D-01	2.00000D-01	2.27500E+03	1.42485E-01	1.60389E+03
1.01325D-01	2.00000D-01	2.30000E+03	1.43405E-01	1.67097E+03
1.01325D-01	2.00000D-01	2.32500E+03	1.44376E-01	1.74044E+03
1.01325D-01	2.00000D-01	2.35000E+03	1.45398E-01	1.81245E+03
1.01325D-01	2.00000D-01	2.37500E+03	1.46471E-01	1.88715E+03
1.01325D-01	2.00000D-01	2.40000E+03	1.47598E-01	1.96467E+03
1.01325D-01	2.00000D-01	2.42500E+03	1.48777E-01	2.04516E+03
1.01325D-01	2.00000D-01	2.45000E+03	1.50008E-01	2.12877E+03
1.01325D-01	2.00000D-01	2.47500E+03	1.51293E-01	2.21564E+03
1.01325D-01	2.00000D-01	2.50000E+03	1.52631E-01	2.30591E+03
1.01325D-01	2.00000D-01	2.52500E+03	1.54021E-01	2.39971E+03
1.01325D-01	2.00000D-01	2.55000E+03	1.55463E-01	2.49719E+03
1.01325D-01	2.00000D-01	2.57500E+03	1.56958E-01	2.59846E+03
1.01325D-01	2.00000D-01	2.60000E+03	1.58505E-01	2.70366E+03
1.01325D-01	2.00000D-01	2.62500E+03	1.60105E-01	2.81291E+03
1.01325D-01	2.00000D-01	2.65000E+03	1.61758E-01	2.92633E+03
1.01325D-01	2.00000D-01	2.67500E+03	1.63467E-01	3.04405E+03
1.01325D-01	2.00000D-01	2.70000E+03	1.65234E-01	3.16619E+03
1.01325D-01	2.00000D-01	2.72500E+03	1.67064E-01	3.29291E+03
1.01325D-01	2.00000D-01	2.75000E+03	1.68963E-01	3.42436E+03
1.01325D-01	2.00000D-01	2.77500E+03	1.70941E-01	3.56073E+03
1.01325D-01	2.00000D-01	2.80000E+03	1.73011E-01	3.70224E+03
1.01325D-01	2.00000D-01	2.82500E+03	1.75190E-01	3.84917E+03
1.01325D-01	2.00000D-01	2.85000E+03	1.77502E-01	4.00189E+03
1.01325D-01	2.00000D-01	2.87500E+03	1.79980E-01	4.16083E+03
1.01325D-01	2.00000D-01	2.90000E+03	1.82663E-01	4.32659E+03
1.01325D-01	2.00000D-01	2.92500E+03	1.85605E-01	4.49990E+03
1.01325D-01	2.00000D-01	2.95000E+03	1.88874E-01	4.68172E+03
1.01325D-01	2.00000D-01	2.97500E+03	1.92558E-01	4.87324E+03
1.01325D-01	2.00000D-01	3.00000E+03	1.96766E-01	5.07600E+03
1.01325D-01	2.00000D-01	3.02500E+03	2.01640E-01	5.29190E+03
1.01325D-01	2.00000D-01	3.05000E+03	2.07354E-01	5.52331E+03
1.01325D-01	2.00000D-01	3.07500E+03	2.14131E-01	5.77317E+03
1.01325D-01	2.00000D-01	3.10000E+03	2.22247E-01	6.04505E+03
1.01325D-01	2.00000D-01	3.12500E+03	2.32052E-01	6.34331E+03
1.01325D-01	2.00000D-01	3.15000E+03	2.43983E-01	6.67315E+03
1.01325D-01	2.00000D-01	3.17500E+03	2.58591E-01	7.04075E+03
1.01325D-01	2.00000D-01	3.20000E+03	2.76576E-01	7.45339E+03
1.01325D-01	2.00000D-01	3.22500E+03	2.98823E-01	7.91944E+03
1.01325D-01	2.00000D-01	3.25000E+03	3.26474E-01	8.44846E+03
1.01325D-01	2.00000D-01	3.27500E+03	3.61004E-01	9.05114E+03
1.01325D-01	2.00000D-01	3.30000E+03	4.04354E-01	9.73911E+03
1.01325D-01	2.00000D-01	3.32500E+03	4.59115E-01	1.05247E+04
1.01325D-01	2.00000D-01	3.35000E+03	5.28817E-01	1.14204E+04
1.01325D-01	2.00000D-01	3.37500E+03	6.18387E-01	1.24383E+04
1.01325D-01	2.00000D-01	3.40000E+03	7.34910E-01	1.35890E+04
1.01325D-01	2.00000D-01	3.42500E+03	8.88951E-01	1.48803E+04
1.01325D-01	2.00000D-01	3.45000E+03	1.09699E+00	1.63161E+04
1.01325D-01	2.00000D-01	3.47500E+03	1.38621E+00	1.78943E+04
1.01325D-01	2.00000D-01	3.50000E+03	1.80494E+00	1.96053E+04
1.01325D-01	2.00000D-01	3.52500E+03	2.44796E+00	2.14303E+04
1.01325D-01	2.00000D-01	3.55000E+03	3.52969E+00	2.33392E+04
1.01325D-01	2.00000D-01	3.57500E+03	5.65766E+00	2.52888E+04
1.01325D-01	2.00000D-01	3.60000E+03	1.14680E+01	2.72147E+04
1.01325D-01	2.00000D-01	3.62500E+03	7.09203E+01	2.89813E+04
1.01325D-01	2.00000D-01	3.65000E+03	7.09203E+01	2.89813E+04
1.01325D-01	2.00000D-01	3.67500E+03	7.09203E+01	2.89813E+04
1.01325D-01	2.00000D-01	3.70000E+03	7.09203E+01	2.89813E+04
1.01325D-01	2.00000D-01	3.72500E+03	7.09203E+01	2.89813E+04
1.01325D-01	2.00000D-01	3.75000E+03	7.09203E+01	2.89813E+04
1.01325D-01	2.00000D-01	3.77500E+03	7.09203E+01	2.89813E+04
1.01325D-01	2.00000D-01	3.80000E+03	7.09203E+01	2.89813E+04
1.01325D-01	2.00000D-01	3.82500E+03	7.09203E+01	2.89813E+04
1.01325D-01	2.00000D-01	3.85000E+03	7.09203E+01	2.89813E+04
1.01325D-01	2.00000D-01	3.87500E+03	7.09203E+01	2.89813E+04
1.01325D-01	2.00000D-01	3.90000E+03	7.09203E+01	2.89813E+04
1.01325D-01	2.00000D-01	3.92500E+03	7.09203E+01	2.89813E+04
1.01325D-01	2.00000D-01	3.95000E+03	7.09203E+01	2.89813E+04
1.01325D-01	2.00000D-01	3.97500E+03	7.09203E+01	2.89813E+04
1.01325D-01	2.00000D-01	4.00000E+03	7.09203E+01	2.89813E+04
p (bar)	B'g	Temp (K)	B'c	Hw (kJ/kg)
1.01325D-01	2.50000D-01	2.50000E+02	0.00000E+00	-4.18469E+03
1.01325D-01	2.50000D-01	2.75000E+02	0.00000E+00	-4.13307E+03
1.01325D-01	2.50000D-01	3.00000E+02	0.00000E+00	-4.07816E+03
1.01325D-01	2.50000D-01	3.25000E+02	0.00000E+00	-4.02197E+03
1.01325D-01	2.50000D-01	3.50000E+02	0.00000E+00	-3.96585E+03
1.01325D-01	2.50000D-01	3.75000E+02	0.00000E+00	-3.91049E+03
1.01325D-01	2.50000D-01	4.00000E+02	0.00000E+00	-3.85607E+03
1.01325D-01	2.50000D-01	4.25000E+02	0.00000E+00	-3.80238E+03
1.01325D-01	2.50000D-01	4.50000E+02	0.00000E+00	-3.74885E+03
1.01325D-01	2.50000D-01	4.75000E+02	0.00000E+00	-3.69466E+03
1.01325D-01	2.50000D-01	5.00000E+02	0.00000E+00	-3.63874E+03
1.01325D-01	2.50000D-01	5.25000E+02	0.00000E+00	-3.57982E+03
1.01325D-01	2.50000D-01	5.50000E+02	0.00000E+00	-3.51650E+03
1.01325D-01	2.50000D-01	5.75000E+02	0.00000E+00	-3.44728E+03
1.01325D-01	2.50000D-01	6.00000E+02	0.00000E+00	-3.37060E+03
1.01325D-01	2.50000D-01	6.25000E+02	0.00000E+00	-3.28486E+03
1.01325D-01	2.50000D-01	6.50000E+02	0.00000E+00	-3.18828E+03
1.01325D-01	2.50000D-01	6.75000E+02	0.00000E+00	-3.07863E+03
1.01325D-01	2.50000D-01	7.00000E+02	0.00000E+00	-2.95287E+03
1.01325D-01	2.50000D-01	7.25000E+02	0.00000E+00	-2.80688E+03
1.01325D-01	2.50000D-01	7.50000E+02	0.00000E+00	-2.63576E+03
1.01325D-01	2.50000D-01	7.75000E+02	4.48928E-03	-2.43517E+03
1.01325D-01	2.50000D-01	8.00000E+02	1.82454E-02	-2.20392E+03
1.01325D-01	2.50000D-01	8.25000E+02	3.45230E-02	-1.94745E+03
1.01325D-01	2.50000D-01	8.50000E+02	5.22573E-02	-1.68031E+03
1.01325D-01	2.50000D-01	8.75000E+02	6.96888E-02	-1.42436E+03
1.01325D-01	2.50000D-01	9.00000E+02	8.49302E-02	-1.20098E+03
1.01325D-01	2.50000D-01	9.25000E+02	9.67944E-02	-1.02169E+03
1.01325D-01	2.50000D-01	9.50000E+02	1.05170E-01	-8.85352E+02
1.01325D-01	2.50000D-01	9.75000E+02	1.10692E-01	-7.82979E+02
1.01325D-01	2.50000D-01	1.00000E+03	1.14194E-01	-7.04168E+02
1.01325D-01	2.50000D-01	1.02500E+03	1.16378E-01	-6.40511E+02
1.01325D-01	2.50000D-01	1.05000E+03	1.17740E-01	-5.86242E+02
1.01325D-01	2.50000D-01	1.07500E+03	1.18595E-01	-5.37698E+02
1.01325D-01	2.50000D-01	1.10000E+03	1.19138E-01	-4.92631E+02
1.01325D-01	2.50000D-01	1.12500E+03	1.19490E-01	-4.49680E+02
1.01325D-01	2.50000D-01	1.15000E+03	1.19721E-01	-4.08014E+02
1.01325D-01	2.50000D-01	1.17500E+03	1.19876E-01	-3.67123E+02
1.01325D-01	2.50000D-01	1.20000E+03	1.19983E-01	-3.26689E+02
1.01325D-01	2.50000D-01	1.22500E+03	1.20059E-01	-2.86510E+02
1.01325D-01	2.50000D-01	1.25000E+03	1.20115E-01	-2.46457E+02
1.01325D-01	2.50000D-01	1.27500E+03	1.20159E-01	-2.06444E+02
1.01325D-01	2.50000D-01	1.30000E+03	1.20196E-01	-1.66414E+02
1.01325D-01	2.50000D-01	1.32500E+03	1.20229E-01	-1.26326E+02
1.01325D-01	2.50000D-01	1.35000E+03	1.20261E-01	-8.61522E+01
1.01325D-01	2.50000D-01	1.37500E+03	1.20293E-01	-4.58712E+01
1.01325D-01	2.50000D-01	1.40000E+03	1.20328E-01	-5.46590E+00
1.01325D-01	2.50000D-01	1.42500E+03	1.20366E-01	3.50782E+01
1.01325D-01	2.50000D-01	1.45000E+03	1.20409E-01	7.57741E+01
1.01325D-01	2.50000D-01	1.47500E+03	1.20458E-01	1.16634E+02
1.01325D-01	2.50000D-01	1.50000E+03	1.20513E-01	1.57672E+02
1.01325D-01	2.50000D-01	1.52500E+03	1.20577E-01	1.98900E+02
1.01325D-01	2.50000D-01	1.55000E+03	1.20649E-01	2.40334E+02
1.01325D-01	2.50000D-01	1.57500E+03	1.20731E-01	2.81990E+02
1.01325D-01	2.50000D-01	1.60000E+03	1.20825E-01	3.23884E+02
1.01325D-01	2.50000D-01	1.62500E+03	1.20930E-01	3.66039E+02
1.01325D-01	2.50000D-01	1.65000E+03	1.21050E-01	4.08475E+02
1.01325D-01	2.50000D-01	1.67500E+03	1.21184E-01	4.51218E+02
1.01325D-01	2.50000D-01	1.70000E+03	1.21334E-01	4.94296E+02
1.01325D-01	2.50000D-01	1.72500E+03	1.21502E-01	5.37741E+02
1.01325D-01	2.50000D-01	1.75000E+03	1.21688E-01	5.81588E+02
1.01325D-01	2.50000D-01	1.77500E+03	1.21895E-01	6.25875E+02
1.01325D-01	2.50000D-01	1.80000E+03	1.22125E-01	6.70645E+02
1.01325D-01	2.50000D-01	1.82500E+03	1.22378E-01	7.15946E+02
1.01325D-01	2.50000D-01	1.85000E+03	1.22656E-01	7.61829E+02
1.01325D-01	2.50000D-01	1.87500E+03	1.22962E-01	8.08353E+02
1.01325D-01	2.50000D-01	1.90000E+03	1.23296E-01	8.55580E+02
1.01325D-01	2.50000D-01	1.92500E+03	1.23661E-01	9.03578E+02
1.01325D-01	2.50000D-01	1.95000E+03	1.24059E-01	9.52420E+02
1.01325D-01	2.50000D-01	1.97500E+03	1.24492E-01	1.00219E+03
1.01325D-01	2.50000D-01	2.00000E+03	1.24960E-01	1.05297E+03
1.01325D-01	2.50000D-01	2.02500E+03	1.25467E-01	1.10485E+03
1.01325D-01	2.50000D-01	2.05000E+03	1.26015E-01	1.15794E+03
1.01325D-01	2.50000D-01	2.07500E+03	1.26605E-01	1.21233E+03
1.01325D-01	2.50000D-01	2.10000E+03	1.27239E-01	1.26815E+03
1.01325D-01	2.50000D-01	2.12500E+03	1.27920E-01	1.32551E+03
1.01325D-01	2.50000D-01	2.15000E+03	1.28648E-01	1.38453E+03
1.01325D-01	2.50000D-01	2.17500E+03	1.29427E-01	1.44535E+03
1.01325D-01	2.50000D-01	2.20000E+03	1.30257E-01	1.50811E+03
1.01325D-01	2.50000D-01	2.22500E+03	1.31141E-01	1.57295E+03
1.01325D-01	2.50000D-01	2.25000E+03	1.32080E-01	1.64002E+03
1.01325D-01	2.50000D-01	2.27500E+03	1.33075E-01	1.70948E+03
1.01325D-01	2.50000D-01	2.30000E+03	1.34129E-01	1.78148E+03
1.01325D-01	2.50000D-01	2.32500E+03	1.35242E-01	1.85618E+03
1.01325D-01	2.50000D-01	2.35000E+03	1.36416E-01	1.93376E+03
1.01325D-01	2.50000D-01	2.37500E+03	1.37651E-01	2.01437E+03
1.01325D-01	2.50000D-01	2.40000E+03	1.38948E-01	2.09820E+03
1.01325D-01	2.50000D-01	2.42500E+03	1.40308E-01	2.18540E+03
1.01325D-01	2.50000D-01	2.45000E+03	1.41731E-01	2.27615E+03
1.01325D-01	2.50000D-01	2.47500E+03	1.43217E-01	2.37061E+03
1.01325D-01	2.50000D-01	2.50000E+03	1.44767E-01	2.46896E+03
1.01325D-01	2.50000D-01	2.52500E+03	1.46381E-01	2.57135E+03
1.01325D-01	2.50000D-01	2.55000E+03	1.48058E-01	2.67794E+03
1.01325D-01	2.50000D-01	2.57500E+03	1.49798E-01	2.78889E+03
1.01325D-01	2.50000D-01	2.60000E+03	1.51603E-01	2.90436E+03
1.01325D-01	2.50000D-01	2.62500E+03	1.53472E-01	3.02449E+03
1.01325D-01	2.50000D-01	2.65000E+03	1.55406E-01	3.14944E+03
1.01325D-01	2.50000D-01	2.67500E+03	1.57407E-01	3.27935E+03
1.01325D-01	2.50000D-01	2.70000E+03	1.59480E-01	3.41437E+03
1.01325D-01	2.50000D-01	2.72500E+03	1.61627E-01	3.55468E+03
1.01325D-01	2.50000D-01	2.75000E+03	1.63856E-01	3.70046E+03
1.01325D-01	2.50000D-01	2.77500E+03	1.66178E-01	3.85191E+03
1.01325D-01	2.50000D-01	2.80000E+03	1.68606E-01	4.00928E+03
1.01325D-01	2.50000D-01	2.82500E+03	1.71159E-01	4.17286E+03
1.01325D-01	2.50000D-01	2.85000E+03	1.73862E-01	4.34302E+03
1.01325D-01	2.50000D-01	2.87500E+03	1.76750E-01	4.52023E+03
1.01325D-01	2.50000D-01	2.90000E+03	1.79865E-01	4.70508E+03
1.01325D-01	2.50000D-01	2.92500E+03	1.83266E-01	4.89831E+03
1.01325D-01	2.50000D-01	2.95000E+03	1.87025E-01	5.10088E+03
1.01325D-01	2.50000D-01	2.97500E+03	1.91238E-01	5.31400E+03
1.01325D-01	2.50000D-01	3.00000E+03	1.96023E-01	5.53918E+03
1.01325D-01	2.50000D-01	3.02500E+03	2.01534E-01	5.77832E+03
1.01325D-01	2.50000D-01	3.05000E+03	2.07960E-01	6.03378E+03
1.01325D-01	2.50000D-01	3.07500E+03	2.15543E-01	6.30848E+03
1.01325D-01	2.50000D-01	3.10000E+03	2.24586E-01	6.60597E+03
1.01325D-01	2.50000D-01	3.12500E+03	2.35469E-01	6.93054E+03
1.01325D-01	2.50000D-01	3.15000E+03	2.48673E-01	7.28734E+03
1.01325D-01	2.50000D-01	3.17500E+03	2.64799E-01	7.68246E+03
1.01325D-01	2.50000D-01	3.20000E+03	2.84613E-01	8.12299E+03
1.01325D-01	2.50000D-01	3.22500E+03	3.09090E-01	8.61712E+03
1.01325D-01	2.50000D-01	3.25000E+03	3.39479E-01	9.17404E+03
1.01325D-01	2.50000D-01	3.27500E+03	3.77402E-01	9.80396E+03
1.01325D-01	2.50000D-01	3.30000E+03	4.24992E-01	1.05178E+04
1.01325D-01	2.50000D-01	3.32500E+03	4.85097E-01	1.13269E+04
1.01325D-01	2.50000D-01	3.35000E+03	5.61597E-01	1.22424E+04
1.01325D-01	2.50000D-01	3.37500E+03	6.59909E-01	1.32745E+04
1.01325D-01	2.50000D-01	3.40000E+03	7.87827E-01	1.44316E+04
1.01325D-01	2.50000D-01	3.42500E+03	9.56968E-01	1.57186E+04
1.01325D-01	2.50000D-01	3.45000E+03	1.18546E+00	1.71358E+04
1.01325D-01	2.50000D-01	3.47500E+03	1.50320E+00	1.86775E+04
1.01325D-01	2.50000D-01	3.50000E+03	1.96331E+00	2.03300E+04
1.01325D-01	2.50000D-01	3.52500E+03	2.66999E+00	2.20710E+04
1.01325D-01	2.50000D-01	3.55000E+03	3.85878E+00	2.38680E+04
1.01325D-01	2.50000D-01	3.57500E+03	6.19654E+00	2.56764E+04
1.01325D-01	2.50000D-01	3.60000E+03	1.25720E+01	2.74344E+04
1.01325D-01	2.50000D-01	3.62500E+03	7.74245E+01	2.90182E+04
1.01325D-01	2.50000D-01	3.65000E+03	7.74245E+01	2.90182E+04
1.01325D-01	2.50000D-01	3.67500E+03	7.74245E+01	2.90182E+04
1.01325D-01	2.50000D-01	3.70000E+03	7.74245E+01	2.90182E+04
1.01325D-01	2.50000D-01	3.72500E+03	7.74245E+01	2.90182E+04
1.01325D-01	2.50000D-01	3.75000E+03	7.74245E+01	2.90182E+04
1.01325D-01	2.50000D-01	3.77500E+03	7.74245E+01	2.90182E+04
1.01325D-01	2.50000D-01	3.80000E+03	7.74245E+01	2.90182E+04
1.01325D-01	2.50000D-01	3.82500E+03	7.74245E+01	2.90182E+04
1.01325D-01	2.50000D-01	3.85000E+03	7.74245E+01	2.90182E+04
1.01325D-01	2.50000D-01	3.87500E+03	7.74245E+01	2.90182E+04
1.01325D-01	2.50000D-01	3.90000E+03	7.74245E+01	2.90182E+04
1.01325D-01	2.50000D-01	3.92500E+03	7.74245E+01	2.90182E+04
1.01325D-01	2.50000D-01	3.95000E+03	7.74245E+01	2.90182E+04
1.01325D-01	2.50000D-01	3.97500E+03	7.74245E+01	2.90182E+04
1.01325D-01	2.50000D-01	4.00000E+03	7.74245E+01	2.90182E+04
p (bar)	B'g	Temp (K)	B'c	Hw (kJ/kg)
1.01325D-01	3.20000D-01	2.50000E+02	0.00000E+00	-4.52258E+03
1.01325D-01	3.20000D-01	2.75000E+02	0.00000E+00	-4.45535E+03
1.01325D-01	3.20000D-01	3.00000E+02	0.00000E+00	-4.38733E+03
1.01325D-01	3.20000D-01	3.25000E+02	0.00000E+00	-4.32003E+03
1.01325D-01	3.20000D-01	3.50000E+02	0.00000E+00	-4.25434E+03
1.01325D-01	3.20000D-01	3.75000E+02	0.00000E+00	-4.19062E+03
1.01325D-01	3.20000D-01	4.00000E+02	0.00000E+00	-4.12880E+03
1.01325D-01	3.20000D-01	4.25000E+02	0.00000E+00	-4.06844E+03
1.01325D-01	3.20000D-01	4.50000E+02	0.00000E+00	-4.00881E+03
1.01325D-01	3.20000D-01	4.75000E+02	0.00000E+00	-3.94889E+03
1.01325D-01	3.20000D-01	5.00000E+02	0.00000E+00	-3.88744E+03
1.01325D-01	3.20000D-01	5.25000E+02	0.00000E+00	-3.82299E+03
1.01325D-01	3.20000D-01	5.50000E+02	0.00000E+00	-3.75390E+03
1.01325D-01	3.20000D-01	5.75000E+02	0.00000E+00	-3.67840E+03
1.01325D-01	3.20000D-01	6.00000E+02	0.00000E+00	-3.59465E+03
1.01325D-01	3.20000D-01	6.25000E+02	0.00000E+00	-3.50075E+03
1.01325D-01	3.20000D-01	6.50000E+02	0.00000E+00	-3.39464E+03
1.01325D-01	3.20000D-01	6.75000E+02	0.00000E+00	-3.27391E+03
1.01325D-01	3.20000D-01	7.00000E+02	0.00000E+00	-3.13542E+03
1.01325D-01	3.20000D-01	7.25000E+02	0.00000E+00	-2.97505E+03
1.01325D-01	3.20000D-01	7.50000E+02	0.00000E+00	-2.78795E+03
1.01325D-01	3.20000D-01	7.75000E+02	0.00000E+00	-2.56988E+03
1.01325D-01	3.20000D-01	8.00000E+02	0.00000E+00	-2.31992E+03
1.01325D-01	3.20000D-01	8.25000E+02	1.10158E-02	-2.04415E+03
1.01325D-01	3.20000D-01	8.50000E+02	3.03493E-02	-1.75813E+03
1.01325D-01	3.20000D-01	8.75000E+02	4.94050E-02	-1.48495E+03
1.01325D-01	3.20000D-01	9.00000E+02	6.60985E-02	-1.24697E+03
1.01325D-01	3.20000D-01	9.25000E+02	7.91169E-02	-1.05611E+03
1.01325D-01	3.20000D-01	9.50000E+02	8.83255E-02	-9.10943E+02
1.01325D-01	3.20000D-01	9.75000E+02	9.44088E-02	-8.01911E+02
1.01325D-01	3.20000D-01	1.00000E+03	9.82732E-02	-7.17986E+02
1.01325D-01	3.20000D-01	1.02500E+03	1.00688E-01	-6.50260E+02
1.01325D-01	3.20000D-01	1.05000E+03	1.02193E-01	-5.92606E+02
1.01325D-01	3.20000D-01	1.07500E+03	1.03139E-01	-5.41121E+02
1.01325D-01	3.20000D-01	1.10000E+03	1.03740E-01	-4.93402E+02
1.01325D-01	3.20000D-01	1.12500E+03	1.04128E-01	-4.47986E+02
1.01325D-01	3.20000D-01	1.15000E+03	1.04382E-01	-4.03978E+02
1.01325D-01	3.20000D-01	1.17500E+03	1.04553E-01	-3.60826E+02
1.01325D-01	3.20000D-01	1.20000E+03	1.04670E-01	-3.18183E+02
1.01325D-01	3.20000D-01	1.22500E+03	1.04753E-01	-2.75829E+02
1.01325D-01	3.20000D-01	1.25000E+03	1.04814E-01	-2.33622E+02
1.01325D-01	3.20000D-01	1.27500E+03	1.04862E-01	-1.91468E+02
1.01325D-01	3.20000D-01	1.30000E+03	1.04902E-01	-1.49302E+02
1.01325D-01	3.20000D-01	1.32500E+03	1.04938E-01	-1.07079E+02
1.01325D-01	3.20000D-01	1.35000E+03	1.04973E-01	-6.47693E+01
1.01325D-01	3.20000D-01	1.37500E+03	1.05008E-01	-2.23470E+01
1.01325D-01	3.20000D-01	1.40000E+03	1.05047E-01	2.02069E+01
1.01325D-01	3.20000D-01	1.42500E+03	1.05089E-01	6.29085E+01
1.01325D-01	3.20000D-01	1.45000E+03	1.05137E-01	1.05773E+02
1.01325D-01	3.20000D-01	1.47500E+03	1.05192E-01	1.48814E+02
1.01325D-01	3.20000D-01	1.50000E+03	1.05255E-01	1.92047E+02
1.01325D-01	3.20000D-01	1.52500E+03	1.05326E-01	2.35487E+02
1.01325D-01	3.20000D-01	1.55000E+03	1.05408E-01	2.79149E+02
1.01325D-01	3.20000D-01	1.57500E+03	1.05501E-01	3.23054E+02
1.01325D-01	3.20000D-01	1.60000E+03	1.05607E-01	3.67220E+02
1.01325D-01	3.20000D-01	1.62500E+03	1.05726E-01	4.11671E+02
1.01325D-01	3.20000D-01	1.65000E+03	1.05862E-01	4.56431E+02
1.01325D-01	3.20000D-01	1.67500E+03	1.06014E-01	5.01529E+02
1.01325D-01	3.20000D-01	1.70000E+03	1.06185E-01	5.46997E+02
1.01325D-01	3.20000D-01	1.72500E+03	1.06375E-01	5.92870E+02
1.01325D-01	3.20000D-01	1.75000E+03	1.06588E-01	6.39188E+02
1.01325D-01	3.20000D-01	1.77500E+03	1.06824E-01	6.85994E+02
1.01325D-01	3.20000D-01	1.80000E+03	1.07085E-01	7.33337E+02
1.01325D-01	3.20000D-01	1.82500E+03	1.07374E-01	7.81272E+02
1.01325D-01	3.20000D-01	1.85000E+03	1.07692E-01	8.29856E+02
1.01325D-01	3.20000D-01	1.87500E+03	1.08041E-01	8.79155E+02
1.01325D-01	3.20000D-01	1.90000E+03	1.08423E-01	9.29241E+02
1.01325D-01	3.20000D-01	1.92500E+03	1.08841E-01	9.80189E+02
1.01325D-01	3.20000D-01	1.95000E+03	1.09297E-01	1.03209E+03
1.01325D-01	3.20000D-01	1.97500E+03	1.09792E-01	1.08502E+03
1.01325D-01	3.20000D-01	2.00000E+03	1.10330E-01	1.13909E+03
1.01325D-01	3.20000D-01	2.02500E+03	1.10913E-01	1.19441E+03
1.01325D-01	3.20000D-01	2.05000E+03	1.11542E-01	1.25108E+03
1.01325D-01	3.20000D-01	2.07500E+03	1.12221E-01	1.30923E+03
1.01325D-01	3.20000D-01	2.10000E+03	1.12952E-01	1.36898E+03
1.01325D-01	3.20000D-01	2.12500E+03	1.13737E-01	1.43048E+03
1.01325D-01	3.20000D-01	2.15000E+03	1.14578E-01	1.49386E+03
1.01325D-01	3.20000D-01	2.17500E+03	1.15478E-01	1.55928E+03
1.01325D-01	3.20000D-01	2.20000E+03	1.16439E-01	1.62690E+03
1.01325D-01	3.20000D-01	2.22500E+03	1.17463E-01	1.69688E+03
1.01325D-01	3.20000D-01	2.25000E+03	1.18552E-01	1.76940E+03
1.01325D-01	3.20000D-01	2.27500E+03	1.19709E-01	1.84464E+03
1.01325D-01	3.20000D-01	2.30000E+03	1.20935E-01	1.92277E+03
1.01325D-01	3.20000D-01	2.32500E+03	1.22232E-01	2.00399E+03
1.01325D-01	3.20000D-01	2.35000E+03	1.23602E-01	2.08849E+03
1.01325D-01	3.20000D-01	2.37500E+03	1.25045E-01	2.17647E+03
1.01325D-01	3.20000D-01	2.40000E+03	1.26563E-01	2.26812E+03
1.01325D-01	3.20000D-01	2.42500E+03	1.28157E-01	2.36365E+03
1.01325D-01	3.20000D-01	2.45000E+03	1.29828E-01	2.46326E+03
1.01325D-01	3.20000D-01	2.47500E+03	1.31576E-01	2.56714E+03
1.01325D-01	3.20000D-01	2.50000E+03	1.33402E-01	2.67549E+03
1.01325D-01	3.20000D-01	2.52500E+03	1.35306E-01	2.78852E+03
1.01325D-01	3.20000D-01	2.55000E+03	1.37289E-01	2.90640E+03
1.01325D-01	3.20000D-01	2.57500E+03	1.39351E-01	3.02934E+03
1.01325D-01	3.20000D-01	2.60000E+03	1.41491E-01	3.15752E+03
1.01325D-01	3.20000D-01	2.62500E+03	1.43712E-01	3.29111E+03
1.01325D-01	3.20000D-01	2.65000E+03	1.46014E-01	3.43031E+03
1.01325D-01	3.20000D-01	2.67500E+03	1.48400E-01	3.57530E+03
1.01325D-01	3.20000D-01	2.70000E+03	1.50873E-01	3.72625E+03
1.01325D-01	3.20000D-01	2.72500E+03	1.53439E-01	3.88337E+03
1.01325D-01	3.20000D-01	2.75000E+03	1.56104E-01	4.04687E+03
1.01325D-01	3.20000D-01	2.77500E+03	1.58881E-01	4.21698E+03
1.01325D-01	3.20000D-01	2.80000E+03	1.61784E-01	4.39396E+03
1.01325D-01	3.20000D-01	2.82500E+03	1.64833E-01	4.57815E+03
1.01325D-01	3.20000D-01	2.85000E+03	1.68058E-01	4.76993E+03
1.01325D-01	3.20000D-01	2.87500E+03	1.71493E-01	4.96978E+03
1.01325D-01	3.20000D-01	2.90000E+03	1.75189E-01	5.17830E+03
1.01325D-01	3.20000D-01	2.92500E+03	1.79207E-01	5.39626E+03
1.01325D-01	3.20000D-01	2.95000E+03	1.83629E-01	5.62461E+03
1.01325D-01	3.20000D-01	2.97500E+03	1.88559E-01	5.86457E+03
1.01325D-01	3.20000D-01	3.00000E+03	1.94131E-01	6.11764E+03
1.01325D-01	3.20000D-01	3.02500E+03	2.00511E-01	6.38573E+03
1.01325D-01	3.20000D-01	3.05000E+03	2.07913E-01	6.67116E+03
1.01325D-01	3.20000D-01	3.07500E+03	2.16606E-01	6.97682E+03
1.01325D-01	3.20000D-01	3.10000E+03	2.26928E-01	7.30621E+03
1.01325D-01	3.20000D-01	3.12500E+03	2.39303E-01	7.66356E+03
1.01325D-01	3.20000D-01	3.15000E+03	2.54269E-01	8.05390E+03
1.01325D-01	3.20000D-01	3.17500E+03	2.72502E-01	8.48315E+03
1.01325D-01	3.20000D-01	3.20000E+03	2.94859E-01	8.95817E+03
1.01325D-01	3.20000D-01	3.22500E+03	3.22436E-01	9.48679E+03
1.01325D-01	3.20000D-01	3.25000E+03	3.56637E-01	1.00777E+04
1.01325D-01	3.20000D-01	3.27500E+03	3.99287E-01	1.07404E+04
1.01325D-01	3.20000D-01	3.30000E+03	4.52785E-01	1.14848E+04
1.01325D-01	3.20000D-01	3.32500E+03	5.20338E-01	1.23209E+04
1.01325D-01	3.20000D-01	3.35000E+03	6.06316E-01	1.32580E+04
1.01325D-01	3.20000D-01	3.37500E+03	7.16822E-01	1.43040E+04
1.01325D-01	3.20000D-01	3.40000E+03	8.60637E-01	1.54643E+04
1.01325D-01	3.20000D-01	3.42500E+03	1.05085E+00	1.67403E+04
1.01325D-01	3.20000D-01	3.45000E+03	1.30789E+00	1.81286E+04
1.01325D-01	3.20000D-01	3.47500E+03	1.66544E+00	1.96189E+04
1.01325D-01	3.20000D-01	3.50000E+03	2.18336E+00	2.11939E+04
1.01325D-01	3.20000D-01	3.52500E+03	2.97893E+00	2.28276E+04
1.01325D-01	3.20000D-01	3.55000E+03	4.31726E+00	2.44859E+04
1.01325D-01	3.20000D-01	3.57500E+03	6.94795E+00	2.61246E+04
1.01325D-01	3.20000D-01	3.60000E+03	1.41120E+01	2.76858E+04
1.01325D-01	3.20000D-01	3.62500E+03	8.64862E+01	2.90603E+04
1.01325D-01	3.20000D-01	3.65000E+03	8.64862E+01	2.90603E+04
1.01325D-01	3.20000D-01	3.67500E+03	8.64862E+01	2.90603E+04
1.01325D-01	3.20000D-01	3.70000E+03	8.64862E+01	2.90603E+04
1.01325D-01	3.20000D-01	3.72500E+03	8.64862E+01	2.90603E+04
1.01325D-01	3.20000D-01	3.75000E+03	8.64862E+01	2.90603E+04
1.01325D-01	3.20000D-01	3.77500E+03	8.64862E+01	2.90603E+04
1.01325D-01	3.20000D-01	3.80000E+03	8.64862E+01	2.90603E+04
1.01325D-01	3.20000D-01	3.82500E+03	8.64862E+01	2.90603E+04
1.01325D-01	3.20000D-01	3.85000E+03	8.64862E+01	2.90603E+04
1.01325D-01	3.20000D-01	3.87500E+03	8.64862E+01	2.90603E+04
1.01325D-01	3.20000D-01	3.90000E+03	8.64862E+01	2.90603E+04
1.01325D-01	3.20000D-01	3.92500E+03	8.64862E+01	2.90603E+04
1.01325D-01	3.20000D-01	3.95000E+03	8.64862E+01	2.90603E+04
1.01325D-01	3.20000D-01	3.97500E+03	8.64862E+01	2.90603E+04
1.01325D-01	3.20000D-01	4.00000E+03	8.64862E+01	2.90603E+04
p (bar)	B'g	Temp (K)	B'c	Hw (kJ/kg)
1.01325D-01	4.00000D-01	2.50000E+02	0.00000E+00	-4.81656E+03
1.01325D-01	4.00000D-01	2.75000E+02	0.00000E+00	-4.74926E+03
1.01325D-01	4.00000D-01	3.00000E+02	0.00000E+00	-4.67837E+03
1.01325D-01	4.00000D-01	3.25000E+02	0.00000E+00	-4.60668E+03
1.01325D-01	4.00000D-01	3.50000E+02	0.00000E+00	-4.53590E+03
1.01325D-01	4.00000D-01	3.75000E+02	0.00000E+00	-4.46689E+03
1.01325D-01	4.00000D-01	4.00000E+02	0.00000E+00	-4.39982E+03
1.01325D-01	4.00000D-01	4.25000E+02	0.00000E+00	-4.33437E+03
1.01325D-01	4.00000D-01	4.50000E+02	0.00000E+00	-4.26982E+03
1.01325D-01	4.00000D-01	4.75000E+02	0.00000E+00	-4.20514E+03
1.01325D-01	4.00000D-01	5.00000E+02	0.00000E+00	-4.13898E+03
1.01325D-01	4.00000D-01	5.25000E+02	0.00000E+00	-4.06977E+03
1.01325D-01	4.00000D-01	5.50000E+02	0.00000E+00	-3.99567E+03
1.01325D-01	4.00000D-01	5.75000E+02	0.00000E+00	-3.91467E+03
1.01325D-01	4.00000D-01	6.00000E+02	0.00000E+00	-3.82465E+03
1.01325D-01	4.00000D-01	6.25000E+02	0.00000E+00	-3.72336E+03
1.01325D-01	4.00000D-01	6.50000E+02	0.00000E+00	-3.60842E+03
1.01325D-01	4.00000D-01	6.75000E+02	0.00000E+00	-3.47716E+03
1.01325D-01	4.00000D-01	7.00000E+02	0.00000E+00	-3.32624E+03
1.01325D-01	4.00000D-01	7.25000E+02	0.00000E+00	-3.15148E+03
1.01325D-01	4.00000D-01	7.50000E+02	0.00000E+00	-2.94804E+03
1.01325D-01	4.00000D-01	7.75000E+02	0.00000E+00	-2.71183E+03
1.01325D-01	4.00000D-01	8.00000E+02	0.00000E+00	-2.44228E+03
1.01325D-01	4.00000D-01	8.25000E+02	0.00000E+00	-2.14617E+03
1.01325D-01	4.00000D-01	8.50000E+02	5.58498E-03	-1.84020E+03
1.01325D-01	4.00000D-01	8.75000E+02	2.64248E-02	-1.54881E+03
1.01325D-01	4.00000D-01	9.00000E+02	4.47244E-02	-1.29543E+03
1.01325D-01	4.00000D-01	9.25000E+02	5.90224E-02	-1.09235E+03
1.01325D-01	4.00000D-01	9.50000E+02	6.91541E-02	-9.37895E+02
1.01325D-01	4.00000D-01	9.75000E+02	7.58580E-02	-8.21856E+02
1.01325D-01	4.00000D-01	1.00000E+03	8.01220E-02	-7.32552E+02
1.01325D-01	4.00000D-01	1.02500E+03	8.27880E-02	-6.60543E+02
1.01325D-01	4.00000D-01	1.05000E+03	8.44509E-02	-5.99326E+02
1.01325D-01	4.00000D-01	1.07500E+03	8.54946E-02	-5.44745E+02
1.01325D-01	4.00000D-01	1.10000E+03	8.61569E-02	-4.94233E+02
1.01325D-01	4.00000D-01	1.12500E+03	8.65832E-02	-4.46222E+02
1.01325D-01	4.00000D-01	1.15000E+03	8.68621E-02	-3.99747E+02
1.01325D-01	4.00000D-01	1.17500E+03	8.70481E-02	-3.54213E+02
1.01325D-01	4.00000D-01	1.20000E+03	8.71751E-02	-3.09244E+02
1.01325D-01	4.00000D-01	1.22500E+03	8.72647E-02	-2.64600E+02
1.01325D-01	4.00000D-01	1.25000E+03	8.73305E-02	-2.20125E+02
1.01325D-01	4.00000D-01	1.27500E+03	8.73818E-02	-1.75716E+02
1.01325D-01	4.00000D-01	1.30000E+03	8.74246E-02	-1.31303E+02
1.01325D-01	4.00000D-01	1.32500E+03	8.74632E-02	-8.68351E+01
1.01325D-01	4.00000D-01	1.35000E+03	8.75008E-02	-4.22778E+01
1.01325D-01	4.00000D-01	1.37500E+03	8.75397E-02	2.39604E+00
1.01325D-01	4.00000D-01	1.40000E+03	8.75817E-02	4.72081E+01
1.01325D-01	4.00000D-01	1.42500E+03	8.76285E-02	9.21767E+01
1.01325D-01	4.00000D-01	1.45000E+03	8.76815E-02	1.37318E+02
1.01325D-01	4.00000D-01	1.47500E+03	8.77421E-02	1.82649E+02
1.01325D-01	4.00000D-01	1.50000E+03	8.78115E-02	2.28185E+02
1.01325D-01	4.00000D-01	1.52500E+03	8.78911E-02	2.73943E+02
1.01325D-01	4.00000D-01	1.55000E+03	8.79822E-02	3.19942E+02
1.01325D-01	4.00000D-01	1.57500E+03	8.80863E-02	3.66202E+02
1.01325D-01	4.00000D-01	1.60000E+03	8.82046E-02	4.12745E+02
1.01325D-01	4.00000D-01	1.62500E+03	8.83389E-02	4.59596E+02
1.01325D-01	4.00000D-01	1.65000E+03	8.84906E-02	5.06784E+02
1.01325D-01	4.00000D-01	1.67500E+03	8.86614E-02	5.54340E+02
1.01325D-01	4.00000D-01	1.70000E+03	8.88531E-02	6.02298E+02
1.01325D-01	4.00000D-01	1.72500E+03	8.90675E-02	6.50700E+02
1.01325D-01	4.00000D-01	1.75000E+03	8.93065E-02	6.99587E+02
1.01325D-01	4.00000D-01	1.77500E+03	8.95722E-02	7.49010E+02
1.01325D-01	4.00000D-01	1.80000E+03	8.98666E-02	7.99023E+02
1.01325D-01	4.00000D-01	1.82500E+03	9.01920E-02	8.49684E+02
1.01325D-01	4.00000D-01	1.85000E+03	9.05505E-02	9.01061E+02
1.01325D-01	4.00000D-01	1.87500E+03	9.09445E-02	9.53226E+02
1.01325D-01	4.00000D-01	1.90000E+03	9.13766E-02	1.00626E+03
1.01325D-01	4.00000D-01	1.92500E+03	9.18491E-02	1.06025E+03
1.01325D-01	4.00000D-01	1.95000E+03	9.23647E-02	1.11528E+03
1.01325D-01	4.00000D-01	1.97500E+03	9.29261E-02	1.17146E+03
1.01325D-01	4.00000D-01	2.00000E+03	9.35358E-02	1.22891E+03
1.01325D-01	4.00000D-01	2.02500E+03	9.41967E-02	1.28773E+03
1.01325D-01	4.00000D-01	2.05000E+03	9.49116E-02	1.34806E+03
1.01325D-01	4.00000D-01	2.07500E+03	9.56833E-02	1.41004E+03
1.01325D-01	4.00000D-01	2.10000E+03	9.65146E-02	1.47380E+03
1.01325D-01	4.00000D-01	2.12500E+03	9.74085E-02	1.53950E+03
1.01325D-01	4.00000D-01	2.15000E+03	9.83676E-02	1.60731E+03
1.01325D-01	4.00000D-01	2.17500E+03	9.93949E-02	1.67739E+03
1.01325D-01	4.00000D-01	2.20000E+03	1.00493E-01	1.74993E+03
1.01325D-01	4.00000D-01	2.22500E+03	1.01665E-01	1.82511E+03
1.01325D-01	4.00000D-01	2.25000E+03	1.02913E-01	1.90313E+03
1.01325D-01	4.00000D-01	2.27500E+03	1.04239E-01	1.98420E+03
1.01325D-01	4.00000D-01	2.30000E+03	1.05647E-01	2.06851E+03
1.01325D-01	4.00000D-01	2.32500E+03	1.07138E-01	2.15629E+03
1.01325D-01	4.00000D-01	2.35000E+03	1.08714E-01	2.24776E+03
1.01325D-01	4.00000D-01	2.37500E+03	1.10378E-01	2.34314E+03
1.01325D-01	4.00000D-01	2.40000E+03	1.12130E-01	2.44266E+03
1.01325D-01	4.00000D-01	2.42500E+03	1.13973E-01	2.54655E+03
1.01325D-01	4.00000D-01	2.45000E+03	1.15907E-01	2.65505E+03
1.01325D-01	4.00000D-01	2.47500E+03	1.17933E-01	2.76837E+03
1.01325D-01	4.00000D-01	2.50000E+03	1.20054E-01	2.88676E+03
1.01325D-01	4.00000D-01	2.52500E+03	1.22268E-01	3.01044E+03
1.01325D-01	4.00000D-01	2.55000E+03	1.24577E-01	3.13963E+03
1.01325D-01	4.00000D-01	2.57500E+03	1.26981E-01	3.27457E+03
1.01325D-01	4.00000D-01	2.60000E+03	1.29482E-01	3.41547E+03
1.01325D-01	4.00000D-01	2.62500E+03	1.32080E-01	3.56254E+03
1.01325D-01	4.00000D-01	2.65000E+03	1.34777E-01	3.71599E+03
1.01325D-01	4.00000D-01	2.67500E+03	1.37575E-01	3.87606E+03
1.01325D-01	4.00000D-01	2.70000E+03	1.40480E-01	4.04294E+03
1.01325D-01	4.00000D-01	2.72500E+03	1.43496E-01	4.21687E+03
1.01325D-01	4.00000D-01	2.75000E+03	1.46633E-01	4.39809E+03
1.01325D-01	4.00000D-01	2.77500E+03	1.49901E-01	4.58685E+03
1.01325D-01	4.00000D-01	2.80000E+03	1.53319E-01	4.78347E+03
1.01325D-01	4.00000D-01	2.82500E+03	1.56909E-01	4.98826E+03
1.01325D-01	4.00000D-01	2.85000E+03	1.60701E-01	5.20166E+03
1.01325D-01	4.00000D-01	2.87500E+03	1.64736E-01	5.42417E+03
1.01325D-01	4.00000D-01	2.90000E+03	1.69067E-01	5.65639E+03
1.01325D-01	4.00000D-01	2.92500E+03	1.73765E-01	5.89911E+03
1.01325D-01	4.00000D-01	2.95000E+03	1.78919E-01	6.15329E+03
1.01325D-01	4.00000D-01	2.97500E+03	1.84644E-01	6.42014E+03
1.01325D-01	4.00000D-01	3.00000E+03	1.91088E-01	6.70117E+03
1.01325D-01	4.00000D-01	3.02500E+03	1.98439E-01	6.99826E+03
1.01325D-01	4.00000D-01	3.05000E+03	2.06934E-01	7.31372E+03
1.01325D-01	4.00000D-01	3.07500E+03	2.16872E-01	7.65039E+03
1.01325D-01	4.00000D-01	3.10000E+03	2.28633E-01	8.01171E+03
1.01325D-01	4.00000D-01	3.12500E+03	2.42692E-01	8.40180E+03
1.01325D-01	4.00000D-01	3.15000E+03	2.59650E-01	8.82554E+03
1.01325D-01	4.00000D-01	3.17500E+03	2.80268E-01	9.28865E+03
1.01325D-01	4.00000D-01	3.20000E+03	3.05510E-01	9.79770E+03
1.01325D-01	4.00000D-01	3.22500E+03	3.36606E-01	1.03601E+04
1.01325D-01	4.00000D-01	3.25000E+03	3.75138E-01	1.09839E+04
1.01325D-01	4.00000D-01	3.27500E+03	4.23161E-01	1.16777E+04
1.01325D-01	4.00000D-01	3.30000E+03	4.83379E-01	1.24505E+04
1.01325D-01	4.00000D-01	3.32500E+03	5.59408E-01	1.33106E+04
1.01325D-01	4.00000D-01	3.35000E+03	6.56175E-01	1.42656E+04
1.01325D-01	4.00000D-01	3.37500E+03	7.80568E-01	1.53209E+04
1.01325D-01	4.00000D-01	3.40000E+03	9.42491E-01	1.64789E+04
1.01325D-01	4.00000D-01	3.42500E+03	1.15672E+00	1.77378E+04
1.01325D-01	4.00000D-01	3.45000E+03	1.44629E+00	1.90905E+04
1.01325D-01	4.00000D-01	3.47500E+03	1.84923E+00	2.05235E+04
1.01325D-01	4.00000D-01	3.50000E+03	2.43303E+00	2.20160E+04
1.01325D-01	4.00000D-01	3.52500E+03	3.32997E+00	2.35403E+04
1.01325D-01	4.00000D-01	3.55000E+03	4.83877E+00	2.50615E+04
1.01325D-01	4.00000D-01	3.57500E+03	7.80333E+00	2.65373E+04
1.01325D-01	4.00000D-01	3.60000E+03	1.58655E+01	2.79148E+04
1.01325D-01	4.00000D-01	3.62500E+03	9.67909E+01	2.90985E+04
1.01325D-01	4.00000D-01	3.65000E+03	9.67909E+01	2.90985E+04
1.01325D-01	4.00000D-01	3.67500E+03	9.67909E+01	2.90985E+04
1.01325D-01	4.00000D-01	3.70000E+03	9.67909E+01	2.90985E+04
1.01325D-01	4.00000D-01	3.72500E+03	9.67909E+01	2.90985E+04
1.01325D-01	4.00000D-01	3.75000E+03	9.67909E+01	2.90985E+04
1.01325D-01	4.00000D-01	3.77500E+03	9.67909E+01	2.90985E+04
1.01325D-01	4.00000D-01	3.80000E+03	9.67909E+01	2.90985E+04
1.01325D-01	4.00000D-01	3.82500E+03	9.67909E+01	2.90985E+04
1.01325D-01	4.00000D-01	3.85000E+03	9.67909E+01	2.90985E+04
1.01325D-01	4.00000D-01	3.87500E+03	9.67909E+01	2.90985E+04
1.01325D-01	4.00000D-01	3.90000E+03	9.67909E+01	2.90985E+04
1.01325D-01	4.00000D-01	3.92500E+03	9.67909E+01	2.90985E+04
1.01325D-01	4.00000D-01	3.95000E+03	9.67909E+01	2.90985E+04
1.01325D-01	4.00000D-01	3.97500E+03	9.67909E+01	2.90985E+04
1.01325D-01	4.00000D-01	4.00000E+03	9.67909E+01	2.90985E+04
p (bar)	B'g	Temp (K)	B'c	Hw (kJ/kg)
1.01325D-01	5.00000D-01	2.50000E+02	0.00000E+00	-5.10821E+03
1.01325D-01	5.00000D-01	2.75000E+02	0.00000E+00	-5.04663E+03
1.01325D-01	5.00000D-01	3.00000E+02	0.00000E+00	-4.97861E+03
1.01325D-01	5.00000D-01	3.25000E+02	0.00000E+00	-4.90710E+03
1.01325D-01	5.00000D-01	3.50000E+02	0.00000E+00	-4.83457E+03
1.01325D-01	5.00000D-01	3.75000E+02	0.00000E+00	-4.76257E+03
1.01325D-01	5.00000D-01	4.00000E+02	0.00000E+00	-4.69184E+03
1.01325D-01	5.00000D-01	4.25000E+02	0.00000E+00	-4.62238E+03
1.01325D-01	5.00000D-01	4.50000E+02	0.00000E+00	-4.55368E+03
1.01325D-01	5.00000D-01	4.75000E+02	0.00000E+00	-4.48478E+03
1.01325D-01	5.00000D-01	5.00000E+02	0.00000E+00	-4.41436E+03
1.01325D-01	5.00000D-01	5.25000E+02	0.00000E+00	-4.34074E+03
1.01325D-01	5.00000D-01	5.50000E+02	0.00000E+00	-4.26198E+03
1.01325D-01	5.00000D-01	5.75000E+02	0.00000E+00	-4.17584E+03
1.01325D-01	5.00000D-01	6.00000E+02	0.00000E+00	-4.07986E+03
1.01325D-01	5.00000D-01	6.25000E+02	0.00000E+00	-3.97144E+03
1.01325D-01	5.00000D-01	6.50000E+02	0.00000E+00	-3.84776E+03
1.01325D-01	5.00000D-01	6.75000E+02	0.00000E+00	-3.70575E+03
1.01325D-01	5.00000D-01	7.00000E+02	0.00000E+00	-3.54179E+03
1.01325D-01	5.00000D-01	7.25000E+02	0.00000E+00	-3.35152E+03
1.01325D-01	5.00000D-01	7.50000E+02	0.00000E+00	-3.13009E+03
1.01325D-01	5.00000D-01	7.75000E+02	0.00000E+00	-2.87356E+03
1.01325D-01	5.00000D-01	8.00000E+02	0.00000E+00	-2.58182E+03
1.01325D-01	5.00000D-01	8.25000E+02	0.00000E+00	-2.26253E+03
1.01325D-01	5.00000D-01	8.50000E+02	0.00000E+00	-1.93377E+03
1.01325D-01	5.00000D-01	8.75000E+02	0.00000E+00	-1.62157E+03
1.01325D-01	5.00000D-01	9.00000E+02	1.81699E-02	-1.35060E+03
1.01325D-01	5.00000D-01	9.25000E+02	3.40239E-02	-1.13361E+03
1.01325D-01	5.00000D-01	9.50000E+02	4.52775E-02	-9.68571E+02
1.01325D-01	5.00000D-01	9.75000E+02	5.27342E-02	-8.44562E+02
1.01325D-01	5.00000D-01	1.00000E+03	5.74812E-02	-7.49141E+02
1.01325D-01	5.00000D-01	1.02500E+03	6.04499E-02	-6.72263E+02
1.01325D-01	5.00000D-01	1.05000E+03	6.23005E-02	-6.06994E+02
1.01325D-01	5.00000D-01	1.07500E+03	6.34603E-02	-5.48890E+02
1.01325D-01	5.00000D-01	1.10000E+03	6.41945E-02	-4.95199E+02
1.01325D-01	5.00000D-01	1.12500E+03	6.46654E-02	-4.44233E+02
1.01325D-01	5.00000D-01	1.15000E+03	6.49721E-02	-3.94951E+02
1.01325D-01	5.00000D-01	1.17500E+03	6.51754E-02	-3.46706E+02
1.01325D-01	5.00000D-01	1.20000E+03	6.53133E-02	-2.99089E+02
1.01325D-01	5.00000D-01	1.22500E+03	6.54097E-02	-2.51839E+02
1.01325D-01	5.00000D-01	1.25000E+03	6.54802E-02	-2.04785E+02
1.01325D-01	5.00000D-01	1.27500E+03	6.55348E-02	-1.57812E+02
1.01325D-01	5.00000D-01	1.30000E+03	6.55803E-02	-1.10843E+02
1.01325D-01	5.00000D-01	1.32500E+03	6.56214E-02	-6.38218E+01
1.01325D-01	5.00000D-01	1.35000E+03	6.56617E-02	-1.67102E+01
1.01325D-01	5.00000D-01	1.37500E+03	6.57036E-02	3.05223E+01
1.01325D-01	5.00000D-01	1.40000E+03	6.57493E-02	7.78999E+01
1.01325D-01	5.00000D-01	1.42500E+03	6.58006E-02	1.25443E+02
1.01325D-01	5.00000D-01	1.45000E+03	6.58589E-02	1.73170E+02
1.01325D-01	5.00000D-01	1.47500E+03	6.59259E-02	2.21099E+02
1.01325D-01	5.00000D-01	1.50000E+03	6.60030E-02	2.69247E+02
1.01325D-01	5.00000D-01	1.52500E+03	6.60916E-02	3.17634E+02
1.01325D-01	5.00000D-01	1.55000E+03	6.61932E-02	3.66280E+02
1.01325D-01	5.00000D-01	1.57500E+03	6.63094E-02	4.15207E+02
1.01325D-01	5.00000D-01	1.60000E+03	6.64419E-02	4.64439E+02
1.01325D-01	5.00000D-01	1.62500E+03	6.65923E-02	5.14005E+02
1.01325D-01	5.00000D-01	1.65000E+03	6.67624E-02	5.63936E+02
1.01325D-01	5.00000D-01	1.67500E+03	6.69541E-02	6.14266E+02
1.01325D-01	5.00000D-01	1.70000E+03	6.71695E-02	6.65034E+02
1.01325D-01	5.00000D-01	1.72500E+03	6.74106E-02	7.16283E+02
1.01325D-01	5.00000D-01	1.75000E+03	6.76795E-02	7.68063E+02
1.01325D-01	5.00000D-01	1.77500E+03	6.79787E-02	8.20428E+02
1.01325D-01	5.00000D-01	1.80000E+03	6.83106E-02	8.73438E+02
1.01325D-01	5.00000D-01	1.82500E+03	6.86775E-02	9.27158E+02
1.01325D-01	5.00000D-01	1.85000E+03	6.90823E-02	9.81664E+02
1.01325D-01	5.00000D-01	1.87500E+03	6.95275E-02	1.03703E+03
1.01325D-01	5.00000D-01	1.90000E+03	7.00161E-02	1.09336E+03
1.01325D-01	5.00000D-01	1.92500E+03	7.05509E-02	1.15073E+03
1.01325D-01	5.00000D-01	1.95000E+03	7.11350E-02	1.20926E+03
1.01325D-01	5.00000D-01	1.97500E+03	7.17714E-02	1.26906E+03
1.01325D-01	5.00000D-01	2.00000E+03	7.24634E-02	1.33025E+03
1.01325D-01	5.00000D-01	2.02500E+03	7.32141E-02	1.39297E+03
1.01325D-01	5.00000D-01	2.05000E+03	7.40270E-02	1.45736E+03
1.01325D-01	5.00000D-01	2.07500E+03	7.49053E-02	1.52356E+03
1.01325D-01	5.00000D-01	2.10000E+03	7.58525E-02	1.59175E+03
1.01325D-01	5.00000D-01	2.12500E+03	7.68719E-02	1.66209E+03
1.01325D-01	5.00000D-01	2.15000E+03	7.79670E-02	1.73477E+03
1.01325D-01	5.00000D-01	2.17500E+03	7.91413E-02	1.80999E+03
1.01325D-01	5.00000D-01	2.20000E+03	8.03979E-02	1.88793E+03
1.01325D-01	5.00000D-01	2.22500E+03	8.17404E-02	1.96883E+03
1.01325D-01	5.00000D-01	2.25000E+03	8.31718E-02	2.05288E+03
1.01325D-01	5.00000D-01	2.27500E+03	8.46953E-02	2.14034E+03
1.01325D-01	5.00000D-01	2.30000E+03	8.63139E-02	2.23142E+03
1.01325D-01	5.00000D-01	2.32500E+03	8.80305E-02	2.32639E+03
1.01325D-01	5.00000D-01	2.35000E+03	8.98476E-02	2.42548E+03
1.01325D-01	5.00000D-01	2.37500E+03	9.17678E-02	2.52895E+03
1.01325D-01	5.00000D-01	2.40000E+03	9.37934E-02	2.63706E+03
1.01325D-01	5.00000D-01	2.42500E+03	9.59262E-02	2.75008E+03
1.01325D-01	5.00000D-01	2.45000E+03	9.81682E-02	2.86828E+03
1.01325D-01	5.00000D-01	2.47500E+03	1.00521E-01	2.99190E+03
1.01325D-01	5.00000D-01	2.50000E+03	1.02985E-01	3.12123E+03
1.01325D-01	5.00000D-01	2.52500E+03	1.05563E-01	3.25652E+03
1.01325D-01	5.00000D-01	2.55000E+03	1.08255E-01	3.39804E+03
1.01325D-01	5.00000D-01	2.57500E+03	1.11063E-01	3.54605E+03
1.01325D-01	5.00000D-01	2.60000E+03	1.13987E-01	3.70079E+03
1.01325D-01	5.00000D-01	2.62500E+03	1.17030E-01	3.86253E+03
1.01325D-01	5.00000D-01	2.65000E+03	1.20192E-01	4.03151E+03
1.01325D-01	5.00000D-01	2.67500E+03	1.23479E-01	4.20798E+03
1.01325D-01	5.00000D-01	2.70000E+03	1.26895E-01	4.39219E+03
1.01325D-01	5.00000D-01	2.72500E+03	1.30445E-01	4.58440E+03
1.01325D-01	5.00000D-01	2.75000E+03	1.34141E-01	4.78489E+03
1.01325D-01	5.00000D-01	2.77500E+03	1.37995E-01	4.99395E+03
1.01325D-01	5.00000D-01	2.80000E+03	1.42027E-01	5.21190E+03
1.01325D-01	5.00000D-01	2.82500E+03	1.46261E-01	5.43911E+03
1.01325D-01	5.00000D-01	2.85000E+03	1.50733E-01	5.67602E+03
1.01325D-01	5.00000D-01	2.87500E+03	1.55487E-01	5.92316E+03
1.01325D-01	5.00000D-01	2.90000E+03	1.60584E-01	6.18115E+03
1.01325D-01	5.00000D-01	2.92500E+03	1.66101E-01	6.45079E+03
1.01325D-01	5.00000D-01	2.95000E+03	1.72140E-01	6.73305E+03
1.01325D-01	5.00000D-01	2.97500E+03	1.78830E-01	7.02913E+03
1.01325D-01	5.00000D-01	3.00000E+03	1.86337E-01	7.34054E+03
1.01325D-01	5.00000D-01	3.02500E+03	1.94874E-01	7.66914E+03
1.01325D-01	5.00000D-01	3.05000E+03	2.04707E-01	8.01719E+03
1.01325D-01	5.00000D-01	3.07500E+03	2.16176E-01	8.38747E+03
1.01325D-01	5.00000D-01	3.10000E+03	2.29709E-01	8.78331E+03
1.01325D-01	5.00000D-01	3.12500E+03	2.45846E-01	9.20872E+03
1.01325D-01	5.00000D-01	3.15000E+03	2.65270E-01	9.66836E+03
1.01325D-01	5.00000D-01	3.17500E+03	2.88843E-01	1.01677E+04
1.01325D-01	5.00000D-01	3.20000E+03	3.17662E-01	1.07128E+04
1.01325D-01	5.00000D-01	3.22500E+03	3.53129E-01	1.13106E+04
1.01325D-01	5.00000D-01	3.25000E+03	3.97044E-01	1.19684E+04
1.01325D-01	5.00000D-01	3.27500E+03	4.51751E-01	1.26939E+04
1.01325D-01	5.00000D-01	3.30000E+03	5.20332E-01	1.34946E+04
1.01325D-01	5.00000D-01	3.32500E+03	6.06914E-01	1.43771E+04
1.01325D-01	5.00000D-01	3.35000E+03	7.17121E-01	1.53468E+04
1.01325D-01	5.00000D-01	3.37500E+03	8.58816E-01	1.64066E+04
1.01325D-01	5.00000D-01	3.40000E+03	1.04331E+00	1.75558E+04
1.01325D-01	5.00000D-01	3.42500E+03	1.28747E+00	1.87893E+04
1.01325D-01	5.00000D-01	3.45000E+03	1.61761E+00	2.00966E+04
1.01325D-01	5.00000D-01	3.47500E+03	2.07714E+00	2.14611E+04
1.01325D-01	5.00000D-01	3.50000E+03	2.74312E+00	2.28599E+04
1.01325D-01	5.00000D-01	3.52500E+03	3.76648E+00	2.42641E+04
1.01325D-01	5.00000D-01	3.55000E+03	5.48788E+00	2.56396E+04
1.01325D-01	5.00000D-01	3.57500E+03	8.86865E+00	2.69471E+04
1.01325D-01	5.00000D-01	3.60000E+03	1.80496E+01	2.81397E+04
1.01325D-01	5.00000D-01	3.62500E+03	1.80496E+01	2.81397E+04
1.01325D-01	5.00000D-01	3.65000E+03	1.80496E+01	2.81397E+04
1.01325D-01	5.00000D-01	3.67500E+03	1.80496E+01	2.81397E+04
1.01325D-01	5.00000D-01	3.70000E+03	1.80496E+01	2.81397E+04
1.01325D-01	5.00000D-01	3.72500E+03	1.80496E+01	2.81397E+04
1.01325D-01	5.00000D-01	3.75000E+03	1.80496E+01	2.81397E+04
1.01325D-01	5.00000D-01	3.77500E+03	1.80496E+01	2.81397E+04
1.01325D-01	5.00000D-01	3.80000E+03	1.80496E+01	2.81397E+04
1.01325D-01	5.00000D-01	3.82500E+03	1.80496E+01	2.81397E+04
1.01325D-01	5.00000D-01	3.85000E+03	1.80496E+01	2.81397E+04
1.01325D-01	5.00000D-01	3.87500E+03	1.80496E+01	2.81397E+04
1.01325D-01	5.00000D-01	3.90000E+03	1.80496E+01	2.81397E+04
1.01325D-01	5.00000D-01	3.92500E+03	1.80496E+01	2.81397E+04
1.01325D-01	5.00000D-01	3.95000E+03	1.80496E+01	2.81397E+04
1.01325D-01	5.00000D-01	3.97500E+03	1.80496E+01	2.81397E+04
1.01325D-01	5.00000D-01	4.00000E+03	1.80496E+01	2.81397E+04
p (bar)	B'g	Temp (K)	B'c	Hw (kJ/kg)
1.01325D-01	6.00000D-01	2.50000E+02	0.00000E+00	-5.35731E+03
1.01325D-01	6.00000D-01	2.75000E+02	0.00000E+00	-5.29903E+03
1.01325D-01	6.00000D-01	3.00000E+02	0.00000E+00	-5.23360E+03
1.01325D-01	6.00000D-01	3.25000E+02	0.00000E+00	-5.16329E+03
1.01325D-01	6.00000D-01	3.50000E+02	0.00000E+00	-5.09053E+03
1.01325D-01	6.00000D-01	3.75000E+02	0.00000E+00	-5.01718E+03
1.01325D-01	6.00000D-01	4.00000E+02	0.00000E+00	-4.94432E+03
1.01325D-01	6.00000D-01	4.25000E+02	0.00000E+00	-4.87224E+03
1.01325D-01	6.00000D-01	4.50000E+02	0.00000E+00	-4.80065E+03
1.01325D-01	6.00000D-01	4.75000E+02	0.00000E+00	-4.72871E+03
1.01325D-01	6.00000D-01	5.00000E+02	0.00000E+00	-4.65513E+03
1.01325D-01	6.00000D-01	5.25000E+02	0.00000E+00	-4.57825E+03
1.01325D-01	6.00000D-01	5.50000E+02	0.00000E+00	-4.49601E+03
1.01325D-01	6.00000D-01	5.75000E+02	0.00000E+00	-4.40601E+03
1.01325D-01	6.00000D-01	6.00000E+02	0.00000E+00	-4.30554E+03
1.01325D-01	6.00000D-01	6.25000E+02	0.00000E+00	-4.19164E+03
1.01325D-01	6.00000D-01	6.50000E+02	0.00000E+00	-4.06109E+03
1.01325D-01	6.00000D-01	6.75000E+02	0.00000E+00	-3.91039E+03
1.01325D-01	6.00000D-01	7.00000E+02	0.00000E+00	-3.73554E+03
1.01325D-01	6.00000D-01	7.25000E+02	0.00000E+00	-3.53198E+03
1.01325D-01	6.00000D-01	7.50000E+02	0.00000E+00	-3.29479E+03
1.01325D-01	6.00000D-01	7.75000E+02	0.00000E+00	-3.02016E+03
1.01325D-01	6.00000D-01	8.00000E+02	0.00000E+00	-2.70842E+03
1.01325D-01	6.00000D-01	8.25000E+02	0.00000E+00	-2.36811E+03
1.01325D-01	6.00000D-01	8.50000E+02	0.00000E+00	-2.01864E+03
1.01325D-01	6.00000D-01	8.75000E+02	0.00000E+00	-1.68751E+03
1.01325D-01	6.00000D-01	9.00000E+02	0.00000E+00	-1.40058E+03
1.01325D-01	6.00000D-01	9.25000E+02	9.12280E-03	-1.17096E+03
1.01325D-01	6.00000D-01	9.50000E+02	2.14726E-02	-9.96343E+02
1.01325D-01	6.00000D-01	9.75000E+02	2.96633E-02	-8.65122E+02
1.01325D-01	6.00000D-01	1.00000E+03	3.48798E-02	-7.64168E+02
1.01325D-01	6.00000D-01	1.02500E+03	3.81414E-02	-6.82885E+02
1.01325D-01	6.00000D-01	1.05000E+03	4.01727E-02	-6.13949E+02
1.01325D-01	6.00000D-01	1.07500E+03	4.14434E-02	-5.52657E+02
1.01325D-01	6.00000D-01	1.10000E+03	4.22456E-02	-4.96089E+02
1.01325D-01	6.00000D-01	1.12500E+03	4.27582E-02	-4.42449E+02
1.01325D-01	6.00000D-01	1.15000E+03	4.30904E-02	-3.90625E+02
1.01325D-01	6.00000D-01	1.17500E+03	4.33093E-02	-3.39926E+02
1.01325D-01	6.00000D-01	1.20000E+03	4.34567E-02	-2.89913E+02
1.01325D-01	6.00000D-01	1.22500E+03	4.35590E-02	-2.40305E+02
1.01325D-01	6.00000D-01	1.25000E+03	4.36332E-02	-1.90916E+02
1.01325D-01	6.00000D-01	1.27500E+03	4.36903E-02	-1.41623E+02
1.01325D-01	6.00000D-01	1.30000E+03	4.37377E-02	-9.23412E+01
1.01325D-01	6.00000D-01	1.32500E+03	4.37808E-02	-4.30113E+01
1.01325D-01	6.00000D-01	1.35000E+03	4.38231E-02	6.41013E+00
1.01325D-01	6.00000D-01	1.37500E+03	4.38675E-02	5.59559E+01
1.01325D-01	6.00000D-01	1.40000E+03	4.39162E-02	1.05652E+02
1.01325D-01	6.00000D-01	1.42500E+03	4.39712E-02	1.55522E+02
1.01325D-01	6.00000D-01	1.45000E+03	4.40342E-02	2.05584E+02
1.01325D-01	6.00000D-01	1.47500E+03	4.41069E-02	2.55859E+02
1.01325D-01	6.00000D-01	1.50000E+03	4.41907E-02	3.06365E+02
1.01325D-01	6.00000D-01	1.52500E+03	4.42873E-02	3.57124E+02
1.01325D-01	6.00000D-01	1.55000E+03	4.43983E-02	4.08156E+02
1.01325D-01	6.00000D-01	1.57500E+03	4.45255E-02	4.59487E+02
1.01325D-01	6.00000D-01	1.60000E+03	4.46707E-02	5.11142E+02
1.01325D-01	6.00000D-01	1.62500E+03	4.48357E-02	5.63152E+02
1.01325D-01	6.00000D-01	1.65000E+03	4.50225E-02	6.15551E+02
1.01325D-01	6.00000D-01	1.67500E+03	4.52333E-02	6.68374E+02
1.01325D-01	6.00000D-01	1.70000E+03	4.54702E-02	7.21666E+02
1.01325D-01	6.00000D-01	1.72500E+03	4.57356E-02	7.75472E+02
1.01325D-01	6.00000D-01	1.75000E+03	4.60320E-02	8.29846E+02
1.01325D-01	6.00000D-01	1.77500E+03	4.63619E-02	8.84847E+02
1.01325D-01	6.00000D-01	1.80000E+03	4.67280E-02	9.40538E+02
1.01325D-01	6.00000D-01	1.82500E+03	4.71331E-02	9.96994E+02
1.01325D-01	6.00000D-01	1.85000E+03	4.75803E-02	1.05429E+03
1.01325D-01	6.00000D-01	1.87500E+03	4.80726E-02	1.11252E+03
1.01325D-01	6.00000D-01	1.90000E+03	4.86132E-02	1.17178E+03
1.01325D-01	6.00000D-01	1.92500E+03	4.92054E-02	1.23217E+03
1.01325D-01	6.00000D-01	1.95000E+03	4.98527E-02	1.29381E+03
1.01325D-01	6.00000D-01	1.97500E+03	5.05585E-02	1.35682E+03
1.01325D-01	6.00000D-01	2.00000E+03	5.13265E-02	1.42133E+03
1.01325D-01	6.00000D-01	2.02500E+03	5.21605E-02	1.48749E+03
1.01325D-01	6.00000D-01	2.05000E+03	5.30642E-02	1.55547E+03
1.01325D-01	6.00000D-01	2.07500E+03	5.40415E-02	1.62541E+03
1.01325D-01	6.00000D-01	2.10000E+03	5.50963E-02	1.69751E+03
1.01325D-01	6.00000D-01	2.12500E+03	5.62327E-02	1.77194E+03
1.01325D-01	6.00000D-01	2.15000E+03	5.74545E-02	1.84892E+03
1.01325D-01	6.00000D-01	2.17500E+03	5.87658E-02	1.92865E+03
1.01325D-01	6.00000D-01	2.20000E+03	6.01704E-02	2.01135E+03
1.01325D-01	6.00000D-01	2.22500E+03	6.16724E-02	2.09726E+03
1.01325D-01	6.00000D-01	2.25000E+03	6.32755E-02	2.18662E+03
1.01325D-01	6.00000D-01	2.27500E+03	6.49835E-02	2.27968E+03
1.01325D-01	6.00000D-01	2.30000E+03	6.68000E-02	2.37671E+03
1.01325D-01	6.00000D-01	2.32500E+03	6.87284E-02	2.47796E+03
1.01325D-01	6.00000D-01	2.35000E+03	7.07719E-02	2.58373E+03
1.01325D-01	6.00000D-01	2.37500E+03	7.29337E-02	2.69428E+03
1.01325D-01	6.00000D-01	2.40000E+03	7.52166E-02	2.80992E+03
1.01325D-01	6.00000D-01	2.42500E+03	7.76231E-02	2.93092E+03
1.01325D-01	6.00000D-01	2.45000E+03	8.01555E-02	3.05759E+03
1.01325D-01	6.00000D-01	2.47500E+03	8.28161E-02	3.19022E+03
1.01325D-01	6.00000D-01	2.50000E+03	8.56065E-02	3.32911E+03
1.01325D-01	6.00000D-01	2.52500E+03	8.85286E-02	3.47454E+03
1.01325D-01	6.00000D-01	2.55000E+03	9.15838E-02	3.62682E+03
1.01325D-01	6.00000D-01	2.57500E+03	9.47738E-02	3.78623E+03
1.01325D-01	6.00000D-01	2.60000E+03	9.81002E-02	3.95306E+03
1.01325D-01	6.00000D-01	2.62500E+03	1.01565E-01	4.12759E+03
1.01325D-01	6.00000D-01	2.65000E+03	1.05172E-01	4.31011E+03
1.01325D-01	6.00000D-01	2.67500E+03	1.08924E-01	4.50088E+03
1.01325D-01	6.00000D-01	2.70000E+03	1.12826E-01	4.70021E+03
1.01325D-01	6.00000D-01	2.72500E+03	1.16887E-01	4.90836E+03
1.01325D-01	6.00000D-01	2.75000E+03	1.21118E-01	5.12565E+03
1.01325D-01	6.00000D-01	2.77500E+03	1.25533E-01	5.35239E+03
1.01325D-01	6.00000D-01	2.80000E+03	1.30154E-01	5.58893E+03
1.01325D-01	6.00000D-01	2.82500E+03	1.35008E-01	5.83567E+03
1.01325D-01	6.00000D-01	2.85000E+03	1.40134E-01	6.09306E+03
1.01325D-01	6.00000D-01	2.87500E+03	1.45583E-01	6.36165E+03
1.01325D-01	6.00000D-01	2.90000E+03	1.51420E-01	6.64208E+03
1.01325D-01	6.00000D-01	2.92500E+03	1.57732E-01	6.93515E+03
1.01325D-01	6.00000D-01	2.95000E+03	1.64631E-01	7.24184E+03
1.01325D-01	6.00000D-01	2.97500E+03	1.72262E-01	7.56335E+03
1.01325D-01	6.00000D-01	3.00000E+03	1.80808E-01	7.90117E+03
1.01325D-01	6.00000D-01	3.02500E+03	1.90507E-01	8.25712E+03
1.01325D-01	6.00000D-01	3.05000E+03	2.01655E-01	8.63343E+03
1.01325D-01	6.00000D-01	3.07500E+03	2.14631E-01	9.03280E+03
1.01325D-01	6.00000D-01	3.10000E+03	2.29914E-01	9.45846E+03
1.01325D-01	6.00000D-01	3.12500E+03	2.48106E-01	9.91426E+03
1.01325D-01	6.00000D-01	3.15000E+03	2.69972E-01	1.04047E+04
1.01325D-01	6.00000D-01	3.17500E+03	2.96477E-01	1.09348E+04
1.01325D-01	6.00000D-01	3.20000E+03	3.28851E-01	1.15104E+04
1.01325D-01	6.00000D-01	3.22500E+03	3.68663E-01	1.21378E+04
1.01325D-01	6.00000D-01	3.25000E+03	4.17935E-01	1.28236E+04
1.01325D-01	6.00000D-01	3.27500E+03	4.79297E-01	1.35744E+04
1.01325D-01	6.00000D-01	3.30000E+03	5.56211E-01	1.43965E+04
1.01325D-01	6.00000D-01	3.32500E+03	6.53311E-01	1.52951E+04
1.01325D-01	6.00000D-01	3.35000E+03	7.76919E-01	1.62736E+04
1.01325D-01	6.00000D-01	3.37500E+03	9.35868E-01	1.73325E+04
1.01325D-01	6.00000D-01	3.40000E+03	1.14287E+00	1.84687E+04
1.01325D-01	6.00000D-01	3.42500E+03	1.41690E+00	1.96747E+04
1.01325D-01	6.00000D-01	3.45000E+03	1.78753E+00	2.09373E+04
1.01325D-01	6.00000D-01	3.47500E+03	2.30354E+00	2.22379E+04
1.01325D-01	6.00000D-01	3.50000E+03	3.05154E+00	2.35525E+04
1.01325D-01	6.00000D-01	3.52500E+03	4.20108E+00	2.48523E+04
1.01325D-01	6.00000D-01	3.55000E+03	6.13463E+00	2.61044E+04
1.01325D-01	6.00000D-01	3.57500E+03	9.93063E+00	2.72732E+04
1.01325D-01	6.00000D-01	3.60000E+03	2.02270E+01	2.83170E+04
1.01325D-01	6.00000D-01	3.62500E+03	2.02270E+01	2.83170E+04
1.01325D-01	6.00000D-01	3.65000E+03	2.02270E+01	2.83170E+04
1.01325D-01	6.00000D-01	3.67500E+03	2.02270E+01	2.83170E+04
1.01325D-01	6.00000D-01	3.70000E+03	2.02270E+01	2.83170E+04
1.01325D-01	6.00000D-01	3.72500E+03	2.02270E+01	2.83170E+04
1.01325D-01	6.00000D-01	3.75000E+03	2.02270E+01	2.83170E+04
1.01325D-01	6.00000D-01	3.77500E+03	2.02270E+01	2.83170E+04
1.01325D-01	6.00000D-01	3.80000E+03	2.02270E+01	2.83170E+04
1.01325D-01	6.00000D-01	3.82500E+03	2.02270E+01	2.83170E+04
1.01325D-01	6.00000D-01	3.85000E+03	2.02270E+01	2.83170E+04
1.01325D-01	6.00000D-01	3.87500E+03	2.02270E+01	2.83170E+04
1.01325D-01	6.00000D-01	3.90000E+03	2.02270E+01	2.83170E+04
1.01325D-01	6.00000D-01	3.92500E+03	2.02270E+01	2.83170E+04
1.01325D-01	6.00000D-01	3.95000E+03	2.02270E+01	2.83170E+04
1.01325D-01	6.00000D-01	3.97500E+03	2.02270E+01	2.83170E+04
1.01325D-01	6.00000D-01	4.00000E+03	2.02270E+01	2.83170E+04
p (bar)	B'g	Temp (K)	B'c	Hw (kJ/kg)
1.01325D-01	7.00000D-01	2.50000E+02	0.00000E+00	-5.57702E+03
1.01325D-01	7.00000D-01	2.75000E+02	0.00000E+00	-5.52045E+03
1.01325D-01	7.00000D-01	3.00000E+02	0.00000E+00	-5.45662E+03
1.01325D-01	7.00000D-01	3.25000E+02	0.00000E+00	-5.38725E+03
1.01325D-01	7.00000D-01	3.50000E+02	0.00000E+00	-5.31453E+03
1.01325D-01	7.00000D-01	3.75000E+02	0.00000E+00	-5.24039E+03
1.01325D-01	7.00000D-01	4.00000E+02	0.00000E+00	-5.16608E+03
1.01325D-01	7.00000D-01	4.25000E+02	0.00000E+00	-5.09211E+03
1.01325D-01	7.00000D-01	4.50000E+02	0.00000E+00	-5.01834E+03
1.01325D-01	7.00000D-01	4.75000E+02	0.00000E+00	-4.94406E+03
1.01325D-01	7.00000D-01	5.00000E+02	0.00000E+00	-4.86805E+03
1.01325D-01	7.00000D-01	5.25000E+02	0.00000E+00	-4.78863E+03
1.01325D-01	7.00000D-01	5.50000E+02	0.00000E+00	-4.70369E+03
1.01325D-01	7.00000D-01	5.75000E+02	0.00000E+00	-4.61073E+03
1.01325D-01	7.00000D-01	6.00000E+02	0.00000E+00	-4.50680E+03
1.01325D-01	7.00000D-01	6.25000E+02	0.00000E+00	-4.38862E+03
1.01325D-01	7.00000D-01	6.50000E+02	0.00000E+00	-4.25257E+03
1.01325D-01	7.00000D-01	6.75000E+02	0.00000E+00	-4.09473E+03
1.01325D-01	7.00000D-01	7.00000E+02	0.00000E+00	-3.91071E+03
1.01325D-01	7.00000D-01	7.25000E+02	0.00000E+00	-3.69564E+03
1.01325D-01	7.00000D-01	7.50000E+02	0.00000E+00	-3.44452E+03
1.01325D-01	7.00000D-01	7.75000E+02	0.00000E+00	-3.15366E+03
1.01325D-01	7.00000D-01	8.00000E+02	0.00000E+00	-2.82381E+03
1.01325D-01	7.00000D-01	8.25000E+02	0.00000E+00	-2.46436E+03
1.01325D-01	7.00000D-01	8.50000E+02	0.00000E+00	-2.09597E+03
1.01325D-01	7.00000D-01	8.75000E+02	0.00000E+00	-1.74757E+03
1.01325D-01	7.00000D-01	9.00000E+02	0.00000E+00	-1.44606E+03
1.01325D-01	7.00000D-01	9.25000E+02	0.00000E+00	-1.20495E+03
1.01325D-01	7.00000D-01	9.50000E+02	0.00000E+00	-1.02161E+03
1.01325D-01	7.00000D-01	9.75000E+02	6.63153E-03	-8.83825E+02
1.01325D-01	7.00000D-01	1.00000E+03	1.23075E-02	-7.77842E+02
1.01325D-01	7.00000D-01	1.02500E+03	1.58548E-02	-6.92555E+02
1.01325D-01	7.00000D-01	1.05000E+03	1.80615E-02	-6.20285E+02
1.01325D-01	7.00000D-01	1.07500E+03	1.94393E-02	-5.56095E+02
1.01325D-01	7.00000D-01	1.10000E+03	2.03067E-02	-4.96910E+02
1.01325D-01	7.00000D-01	1.12500E+03	2.08588E-02	-4.40837E+02
1.01325D-01	7.00000D-01	1.15000E+03	2.12149E-02	-3.86702E+02
1.01325D-01	7.00000D-01	1.17500E+03	2.14481E-02	-3.33771E+02
1.01325D-01	7.00000D-01	1.20000E+03	2.16040E-02	-2.81579E+02
1.01325D-01	7.00000D-01	1.22500E+03	2.17113E-02	-2.29826E+02
1.01325D-01	7.00000D-01	1.25000E+03	2.17885E-02	-1.78314E+02
1.01325D-01	7.00000D-01	1.27500E+03	2.18475E-02	-1.26912E+02
1.01325D-01	7.00000D-01	1.30000E+03	2.18965E-02	-7.55288E+01
1.01325D-01	7.00000D-01	1.32500E+03	2.19409E-02	-2.41001E+01
1.01325D-01	7.00000D-01	1.35000E+03	2.19848E-02	2.74203E+01
1.01325D-01	7.00000D-01	1.37500E+03	2.20312E-02	7.90677E+01
1.01325D-01	7.00000D-01	1.40000E+03	2.20825E-02	1.30870E+02
1.01325D-01	7.00000D-01	1.42500E+03	2.21408E-02	1.82852E+02
1.01325D-01	7.00000D-01	1.45000E+03	2.22079E-02	2.35035E+02
1.01325D-01	7.00000D-01	1.47500E+03	2.22855E-02	2.87439E+02
1.01325D-01	7.00000D-01	1.50000E+03	2.23754E-02	3.40085E+02
1.01325D-01	7.00000D-01	1.52500E+03	2.24793E-02	3.92995E+02
1.01325D-01	7.00000D-01	1.55000E+03	2.25990E-02	4.46192E+02
1.01325D-01	7.00000D-01	1.57500E+03	2.27363E-02	4.99702E+02
1.01325D-01	7.00000D-01	1.60000E+03	2.28931E-02	5.53552E+02
1.01325D-01	7.00000D-01	1.62500E+03	2.30716E-02	6.07775E+02
1.01325D-01	7.00000D-01	1.65000E+03	2.32738E-02	6.62407E+02
1.01325D-01	7.00000D-01	1.67500E+03	2.35022E-02	7.17487E+02
1.01325D-01	7.00000D-01	1.70000E+03	2.37591E-02	7.73060E+02
1.01325D-01	7.00000D-01	1.72500E+03	2.40470E-02	8.29176E+02
1.01325D-01	7.00000D-01	1.75000E+03	2.43688E-02	8.85891E+02
1.01325D-01	7.00000D-01	1.77500E+03	2.47272E-02	9.43269E+02
1.01325D-01	7.00000D-01	1.80000E+03	2.51252E-02	1.00138E+03
1.01325D-01	7.00000D-01	1.82500E+03	2.55660E-02	1.06030E+03
1.01325D-01	7.00000D-01	1.85000E+03	2.60528E-02	1.12011E+03
1.01325D-01	7.00000D-01	1.87500E+03	2.65890E-02	1.18091E+03
1.01325D-01	7.00000D-01	1.90000E+03	2.71782E-02	1.24280E+03
1.01325D-01	7.00000D-01	1.92500E+03	2.78241E-02	1.30590E+03
1.01325D-01	7.00000D-01	1.95000E+03	2.85305E-02	1.37032E+03
1.01325D-01	7.00000D-01	1.97500E+03	2.93014E-02	1.43621E+03
1.01325D-01	7.00000D-01	2.00000E+03	3.01408E-02	1.50370E+03
1.01325D-01	7.00000D-01	2.02500E+03	3.10530E-02	1.57294E+03
1.01325D-01	7.00000D-01	2.05000E+03	3.20421E-02	1.64412E+03
1.01325D-01	7.00000D-01	2.07500E+03	3.31126E-02	1.71740E+03
1.01325D-01	7.00000D-01	2.10000E+03	3.42690E-02	1.79299E+03
1.01325D-01	7.00000D-01	2.12500E+03	3.55156E-02	1.87107E+03
1.01325D-01	7.00000D-01	2.15000E+03	3.68571E-02	1.95187E+03
1.01325D-01	7.00000D-01	2.17500E+03	3.82979E-02	2.03562E+03
1.01325D-01	7.00000D-01	2.20000E+03	3.98426E-02	2.12255E+03
1.01325D-01	7.00000D-01	2.22500E+03	4.14957E-02	2.21292E+03
1.01325D-01	7.00000D-01	2.25000E+03	4.32616E-02	2.30699E+03
1.01325D-01	7.00000D-01	2.27500E+03	4.51447E-02	2.40503E+03
1.01325D-01	7.00000D-01	2.30000E+03	4.71491E-02	2.50732E+03
1.01325D-01	7.00000D-01	2.32500E+03	4.92788E-02	2.61416E+03
1.01325D-01	7.00000D-01	2.35000E+03	5.15378E-02	2.72584E+03
1.01325D-01	7.00000D-01	2.37500E+03	5.39297E-02	2.84268E+03
1.01325D-01	7.00000D-01	2.40000E+03	5.64578E-02	2.96497E+03
1.01325D-01	7.00000D-01	2.42500E+03	5.91254E-02	3.09305E+03
1.01325D-01	7.00000D-01	2.45000E+03	6.19353E-02	3.22723E+03
1.01325D-01	7.00000D-01	2.47500E+03	6.48901E-02	3.36783E+03
1.01325D-01	7.00000D-01	2.50000E+03	6.79922E-02	3.51517E+03
1.01325D-01	7.00000D-01	2.52500E+03	7.12438E-02	3.66958E+03
1.01325D-01	7.00000D-01	2.55000E+03	7.46469E-02	3.83138E+03
1.01325D-01	7.00000D-01	2.57500E+03	7.82036E-02	4.00088E+03
1.01325D-01	7.00000D-01	2.60000E+03	8.19162E-02	4.17840E+03
1.01325D-01	7.00000D-01	2.62500E+03	8.57873E-02	4.36424E+03
1.01325D-01	7.00000D-01	2.65000E+03	8.98202E-02	4.55872E+03
1.01325D-01	7.00000D-01	2.67500E+03	9.40195E-02	4.76215E+03
1.01325D-01	7.00000D-01	2.70000E+03	9.83914E-02	4.97482E+03
1.01325D-01	7.00000D-01	2.72500E+03	1.02945E-01	5.19706E+03
1.01325D-01	7.00000D-01	2.75000E+03	1.07692E-01	5.42919E+03
1.01325D-01	7.00000D-01	2.77500E+03	1.12649E-01	5.67155E+03
1.01325D-01	7.00000D-01	2.80000E+03	1.17840E-01	5.92451E+03
1.01325D-01	7.00000D-01	2.82500E+03	1.23295E-01	6.18849E+03
1.01325D-01	7.00000D-01	2.85000E+03	1.29057E-01	6.46397E+03
1.01325D-01	7.00000D-01	2.87500E+03	1.35180E-01	6.75149E+03
1.01325D-01	7.00000D-01	2.90000E+03	1.41738E-01	7.05172E+03
1.01325D-01	7.00000D-01	2.92500E+03	1.48826E-01	7.36546E+03
1.01325D-01	7.00000D-01	2.95000E+03	1.56566E-01	7.69368E+03
1.01325D-01	7.00000D-01	2.97500E+03	1.65119E-01	8.03760E+03
1.01325D-01	7.00000D-01	3.00000E+03	1.74686E-01	8.39866E+03
1.01325D-01	7.00000D-01	3.02500E+03	1.85527E-01	8.77867E+03
1.01325D-01	7.00000D-01	3.05000E+03	1.97972E-01	9.17979E+03
1.01325D-01	7.00000D-01	3.07500E+03	2.12437E-01	9.60466E+03
1.01325D-01	7.00000D-01	3.10000E+03	2.29451E-01	1.00564E+04
1.01325D-01	7.00000D-01	3.12500E+03	2.49681E-01	1.05387E+04
1.01325D-01	7.00000D-01	3.15000E+03	2.73971E-01	1.10557E+04
1.01325D-01	7.00000D-01	3.17500E+03	3.03389E-01	1.16124E+04
1.01325D-01	7.00000D-01	3.20000E+03	3.39298E-01	1.22141E+04
1.01325D-01	7.00000D-01	3.22500E+03	3.83436E-01	1.28665E+04
1.01325D-01	7.00000D-01	3.25000E+03	4.38045E-01	1.35755E+04
1.01325D-01	7.00000D-01	3.27500E+03	5.06040E-01	1.43469E+04
1.01325D-01	7.00000D-01	3.30000E+03	5.91262E-01	1.51858E+04
1.01325D-01	7.00000D-01	3.32500E+03	6.98854E-01	1.60958E+04
1.01325D-01	7.00000D-01	3.35000E+03	8.35832E-01	1.70787E+04
1.01325D-01	7.00000D-01	3.37500E+03	1.01200E+00	1.81332E+04
1.01325D-01	7.00000D-01	3.40000E+03	1.24148E+00	1.92541E+04
1.01325D-01	7.00000D-01	3.42500E+03	1.54532E+00	2.04318E+04
1.01325D-01	7.00000D-01	3.45000E+03	1.95637E+00	2.16513E+04
1.01325D-01	7.00000D-01	3.47500E+03	2.52878E+00	2.28928E+04
1.01325D-01	7.00000D-01	3.50000E+03	3.35867E+00	2.41318E+04
1.01325D-01	7.00000D-01	3.52500E+03	4.63419E+00	2.53400E+04
1.01325D-01	7.00000D-01	3.55000E+03	6.77955E+00	2.64867E+04
1.01325D-01	7.00000D-01	3.57500E+03	1.09899E+01	2.75390E+04
1.01325D-01	7.00000D-01	3.60000E+03	2.23988E+01	2.84603E+04
1.01325D-01	7.00000D-01	3.62500E+03	2.23988E+01	2.84603E+04
1.01325D-01	7.00000D-01	3.65000E+03	2.23988E+01	2.84603E+04
1.01325D-01	7.00000D-01	3.67500E+03	2.23988E+01	2.84603E+04
1.01325D-01	7.00000D-01	3.70000E+03	2.23988E+01	2.84603E+04
1.01325D-01	7.00000D-01	3.72500E+03	2.23988E+01	2.84603E+04
1.01325D-01	7.00000D-01	3.75000E+03	2.23988E+01	2.84603E+04
1.01325D-01	7.00000D-01	3.77500E+03	2.23988E+01	2.84603E+04
1.01325D-01	7.00000D-01	3.80000E+03	2.23988E+01	2.84603E+04
1.01325D-01	7.00000D-01	3.82500E+03	2.23988E+01	2.84603E+04
1.01325D-01	7.00000D-01	3.85000E+03	2.23988E+01	2.84603E+04
1.01325D-01	7.00000D-01	3.87500E+03	2.23988E+01	2.84603E+04
1.01325D-01	7.00000D-01	3.90000E+03	2.23988E+01	2.84603E+04
1.01325D-01	7.00000D-01	3.92500E+03	2.23988E+01	2.84603E+04
1.01325D-01	7.00000D-01	3.95000E+03	2.23988E+01	2.84603E+04
1.01325D-01	7.00000D-01	3.97500E+03	2.23988E+01	2.84603E+04
1.01325D-01	7.00000D-01	4.00000E+03	2.23988E+01	2.84603E+04
p (bar)	B'g	Temp (K)	B'c	Hw (kJ/kg)
1.01325D-01	8.00000D-01	2.50000E+02	0.00000E+00	-5.77337E+03
1.01325D-01	8.00000D-01	2.75000E+02	0.00000E+00	-5.71769E+03
1.01325D-01	8.00000D-01	3.00000E+02	0.00000E+00	-5.65479E+03
1.01325D-01	8.00000D-01	3.25000E+02	0.00000E+00	-5.58600E+03
1.01325D-01	8.00000D-01	3.50000E+02	0.00000E+00	-5.51329E+03
1.01325D-01	8.00000D-01	3.75000E+02	0.00000E+00	-5.43855E+03
1.01325D-01	8.00000D-01	4.00000E+02	0.00000E+00	-5.36312E+03
1.01325D-01	8.00000D-01	4.25000E+02	0.00000E+00	-5.28766E+03
1.01325D-01	8.00000D-01	4.50000E+02	0.00000E+00	-5.21215E+03
1.01325D-01	8.00000D-01	4.75000E+02	0.00000E+00	-5.13599E+03
1.01325D-01	8.00000D-01	5.00000E+02	0.00000E+00	-5.05801E+03
1.01325D-01	8.00000D-01	5.25000E+02	0.00000E+00	-4.97656E+03
1.01325D-01	8.00000D-01	5.50000E+02	0.00000E+00	-4.88949E+03
1.01325D-01	8.00000D-01	5.75000E+02	0.00000E+00	-4.79419E+03
1.01325D-01	8.00000D-01	6.00000E+02	0.00000E+00	-4.68754E+03
1.01325D-01	8.00000D-01	6.25000E+02	0.00000E+00	-4.56596E+03
1.01325D-01	8.00000D-01	6.50000E+02	0.00000E+00	-4.42547E+03
1.01325D-01	8.00000D-01	6.75000E+02	0.00000E+00	-4.26170E+03
1.01325D-01	8.00000D-01	7.00000E+02	0.00000E+00	-4.06986E+03
1.01325D-01	8.00000D-01	7.25000E+02	0.00000E+00	-3.84476E+03
1.01325D-01	8.00000D-01	7.50000E+02	0.00000E+00	-3.58126E+03
1.01325D-01	8.00000D-01	7.75000E+02	0.00000E+00	-3.27575E+03
1.01325D-01	8.00000D-01	8.00000E+02	0.00000E+00	-2.92942E+03
1.01325D-01	8.00000D-01	8.25000E+02	0.00000E+00	-2.55246E+03
1.01325D-01	8.00000D-01	8.50000E+02	0.00000E+00	-2.16673E+03
1.01325D-01	8.00000D-01	8.75000E+02	0.00000E+00	-1.80249E+03
1.01325D-01	8.00000D-01	9.00000E+02	0.00000E+00	-1.48763E+03
1.01325D-01	8.00000D-01	9.25000E+02	0.00000E+00	-1.23600E+03
1.01325D-01	8.00000D-01	9.50000E+02	0.00000E+00	-1.04468E+03
1.01325D-01	8.00000D-01	9.75000E+02	0.00000E+00	-9.00912E+02
1.01325D-01	8.00000D-01	1.00000E+03	0.00000E+00	-7.90336E+02
1.01325D-01	8.00000D-01	1.02500E+03	0.00000E+00	-7.01393E+02
1.01325D-01	8.00000D-01	1.05000E+03	0.00000E+00	-6.26079E+02
1.01325D-01	8.00000D-01	1.07500E+03	0.00000E+00	-5.59242E+02
1.01325D-01	8.00000D-01	1.10000E+03	0.00000E+00	-4.97668E+02
1.01325D-01	8.00000D-01	1.12500E+03	0.00000E+00	-4.39373E+02
1.01325D-01	8.00000D-01	1.15000E+03	0.00000E+00	-3.83126E+02
1.01325D-01	8.00000D-01	1.17500E+03	0.00000E+00	-3.28157E+02
1.01325D-01	8.00000D-01	1.20000E+03	0.00000E+00	-2.73975E+02
1.01325D-01	8.00000D-01	1.22500E+03	0.00000E+00	-2.20264E+02
1.01325D-01	8.00000D-01	1.25000E+03	0.00000E+00	-1.66814E+02
1.01325D-01	8.00000D-01	1.27500E+03	6.17242E-06	-1.13486E+02
1.01325D-01	8.00000D-01	1.30000E+03	5.61610E-05	-6.01834E+01
1.01325D-01	8.00000D-01	1.32500E+03	1.01586E-04	-6.83883E+00
1.01325D-01	8.00000D-01	1.35000E+03	1.46713E-04	4.65974E+01
1.01325D-01	8.00000D-01	1.37500E+03	1.94756E-04	1.00163E+02
1.01325D-01	8.00000D-01	1.40000E+03	2.48276E-04	1.53887E+02
1.01325D-01	8.00000D-01	1.42500E+03	3.09443E-04	2.07797E+02
1.01325D-01	8.00000D-01	1.45000E+03	3.80212E-04	2.61913E+02
1.01325D-01	8.00000D-01	1.47500E+03	4.62429E-04	3.16259E+02
1.01325D-01	8.00000D-01	1.50000E+03	5.57912E-04	3.70856E+02
1.01325D-01	8.00000D-01	1.52500E+03	6.68504E-04	4.25727E+02
1.01325D-01	8.00000D-01	1.55000E+03	7.96109E-04	4.80896E+02
1.01325D-01	8.00000D-01	1.57500E+03	9.42717E-04	5.36390E+02
1.01325D-01	8.00000D-01	1.60000E+03	1.11042E-03	5.92239E+02
1.01325D-01	8.00000D-01	1.62500E+03	1.30144E-03	6.48477E+02
1.01325D-01	8.00000D-01	1.65000E+03	1.51812E-03	7.05140E+02
1.01325D-01	8.00000D-01	1.67500E+03	1.76293E-03	7.62271E+02
1.01325D-01	8.00000D-01	1.70000E+03	2.03852E-03	8.19918E+02
1.01325D-01	8.00000D-01	1.72500E+03	2.34767E-03	8.78132E+02
1.01325D-01	8.00000D-01	1.75000E+03	2.69329E-03	9.36974E+02
1.01325D-01	8.00000D-01	1.77500E+03	3.07850E-03	9.96509E+02
1.01325D-01	8.00000D-01	1.80000E+03	3.50655E-03	1.05681E+03
1.01325D-01	8.00000D-01	1.82500E+03	3.98084E-03	1.11796E+03
1.01325D-01	8.00000D-01	1.85000E+03	4.50496E-03	1.18005E+03
1.01325D-01	8.00000D-01	1.87500E+03	5.08265E-03	1.24318E+03
1.01325D-01	8.00000D-01	1.90000E+03	5.71780E-03	1.30745E+03
1.01325D-01	8.00000D-01	1.92500E+03	6.41449E-03	1.37300E+03
1.01325D-01	8.00000D-01	1.95000E+03	7.17691E-03	1.43994E+03
1.01325D-01	8.00000D-01	1.97500E+03	8.00944E-03	1.50841E+03
1.01325D-01	8.00000D-01	2.00000E+03	8.91655E-03	1.57858E+03
1.01325D-01	8.00000D-01	2.02500E+03	9.90289E-03	1.65061E+03
1.01325D-01	8.00000D-01	2.05000E+03	1.09732E-02	1.72467E+03
1.01325D-01	8.00000D-01	2.07500E+03	1.21323E-02	1.80096E+03
1.01325D-01	8.00000D-01	2.10000E+03	1.33852E-02	1.87967E+03
1.01325D-01	8.00000D-01	2.12500E+03	1.47369E-02	1.96103E+03
1.01325D-01	8.00000D-01	2.15000E+03	1.61925E-02	2.04527E+03
1.01325D-01	8.00000D-01	2.17500E+03	1.77569E-02	2.13263E+03
1.01325D-01	8.00000D-01	2.20000E+03	1.94354E-02	2.22335E+03
1.01325D-01	8.00000D-01	2.22500E+03	2.12329E-02	2.31772E+03
1.01325D-01	8.00000D-01	2.25000E+03	2.31546E-02	2.41601E+03
1.01325D-01	8.00000D-01	2.27500E+03	2.52052E-02	2.51851E+03
1.01325D-01	8.00000D-01	2.30000E+03	2.73897E-02	2.62552E+03
1.01325D-01	8.00000D-01	2.32500E+03	2.97125E-02	2.73736E+03
1.01325D-01	8.00000D-01	2.35000E+03	3.21783E-02	2.85433E+03
1.01325D-01	8.00000D-01	2.37500E+03	3.47911E-02	2.97679E+03
1.01325D-01	8.00000D-01	2.40000E+03	3.75551E-02	3.10504E+03
1.01325D-01	8.00000D-01	2.42500E+03	4.04738E-02	3.23945E+03
1.01325D-01	8.00000D-01	2.45000E+03	4.35507E-02	3.38034E+03
1.01325D-01	8.00000D-01	2.47500E+03	4.67889E-02	3.52806E+03
1.01325D-01	8.00000D-01	2.50000E+03	5.01915E-02	3.68297E+03
1.01325D-01	8.00000D-01	2.52500E+03	5.37610E-02	3.84540E+03
1.01325D-01	8.00000D-01	2.55000E+03	5.75000E-02	4.01570E+03
1.01325D-01	8.00000D-01	2.57500E+03	6.14110E-02	4.19421E+03
1.01325D-01	8.00000D-01	2.60000E+03	6.54969E-02	4.38128E+03
1.01325D-01	8.00000D-01	2.62500E+03	6.97608E-02	4.57723E+03
1.01325D-01	8.00000D-01	2.65000E+03	7.42066E-02	4.78240E+03
1.01325D-01	8.00000D-01	2.67500E+03	7.88395E-02	4.99712E+03
1.01325D-01	8.00000D-01	2.70000E+03	8.36667E-02	5.22171E+03
1.01325D-01	8.00000D-01	2.72500E+03	8.86979E-02	5.45652E+03
1.01325D-01	8.00000D-01	2.75000E+03	9.39466E-02	5.70190E+03
1.01325D-01	8.00000D-01	2.77500E+03	9.94312E-02	5.95820E+03
1.01325D-01	8.00000D-01	2.80000E+03	1.05177E-01	6.22581E+03
1.01325D-01	8.00000D-01	2.82500E+03	1.11218E-01	6.50517E+03
1.01325D-01	8.00000D-01	2.85000E+03	1.17600E-01	6.79677E+03
1.01325D-01	8.00000D-01	2.87500E+03	1.24383E-01	7.10118E+03
1.01325D-01	8.00000D-01	2.90000E+03	1.31646E-01	7.41905E+03
1.01325D-01	8.00000D-01	2.92500E+03	1.39494E-01	7.75121E+03
1.01325D-01	8.00000D-01	2.95000E+03	1.48061E-01	8.09862E+03
1.01325D-01	8.00000D-01	2.97500E+03	1.57519E-01	8.46247E+03
1.01325D-01	8.00000D-01	3.00000E+03	1.68092E-01	8.84420E+03
1.01325D-01	8.00000D-01	3.02500E+03	1.80061E-01	9.24557E+03
1.01325D-01	8.00000D-01	3.05000E+03	1.93787E-01	9.66870E+03
1.01325D-01	8.00000D-01	3.07500E+03	2.09727E-01	1.01161E+04
1.01325D-01	8.00000D-01	3.10000E+03	2.28457E-01	1.05909E+04
1.01325D-01	8.00000D-01	3.12500E+03	2.50709E-01	1.10965E+04
1.01325D-01	8.00000D-01	3.15000E+03	2.77408E-01	1.16369E+04
1.01325D-01	8.00000D-01	3.17500E+03	3.09725E-01	1.22167E+04
1.01325D-01	8.00000D-01	3.20000E+03	3.49153E-01	1.28409E+04
1.01325D-01	8.00000D-01	3.22500E+03	3.97602E-01	1.35147E+04
1.01325D-01	8.00000D-01	3.25000E+03	4.57530E-01	1.42432E+04
1.01325D-01	8.00000D-01	3.27500E+03	5.32140E-01	1.50315E+04
1.01325D-01	8.00000D-01	3.30000E+03	6.25652E-01	1.58834E+04
1.01325D-01	8.00000D-01	3.32500E+03	7.43715E-01	1.68015E+04
1.01325D-01	8.00000D-01	3.35000E+03	8.94038E-01	1.77859E+04
1.01325D-01	8.00000D-01	3.37500E+03	1.08740E+00	1.88336E+04
1.01325D-01	8.00000D-01	3.40000E+03	1.33932E+00	1.99380E+04
1.01325D-01	8.00000D-01	3.42500E+03	1.67294E+00	2.10875E+04
1.01325D-01	8.00000D-01	3.45000E+03	2.12435E+00	2.22661E+04
1.01325D-01	8.00000D-01	3.47500E+03	2.75310E+00	2.34531E+04
1.01325D-01	8.00000D-01	3.50000E+03	3.66478E+00	2.46240E+04
1.01325D-01	8.00000D-01	3.52500E+03	5.06613E+00	2.57515E+04
1.01325D-01	8.00000D-01	3.55000E+03	7.42298E+00	2.68067E+04
1.01325D-01	8.00000D-01	3.57500E+03	1.20471E+01	2.77599E+04
1.01325D-01	8.00000D-01	3.60000E+03	2.45661E+01	2.85786E+04
1.01325D-01	8.00000D-01	3.62500E+03	2.45661E+01	2.85786E+04
1.01325D-01	8.00000D-01	3.65000E+03	2.45661E+01	2.85786E+04
1.01325D-01	8.00000D-01	3.67500E+03	2.45661E+01	2.85786E+04
1.01325D-01	8.00000D-01	3.70000E+03	2.45661E+01	2.85786E+04
1.01325D-01	8.00000D-01	3.72500E+03	2.45661E+01	2.85786E+04
1.01325D-01	8.00000D-01	3.75000E+03	2.45661E+01	2.85786E+04
1.01325D-01	8.00000D-01	3.77500E+03	2.45661E+01	2.85786E+04
1.01325D-01	8.00000D-01	3.80000E+03	2.45661E+01	2.85786E+04
1.01325D-01	8.00000D-01	3.82500E+03	2.45661E+01	2.85786E+04
1.01325D-01	8.00000D-01	3.85000E+03	2.45661E+01	2.85786E+04
1.01325D-01	8.00000D-01	3.87500E+03	2.45661E+01	2.85786E+04
1.01325D-01	8.00000D-01	3.90000E+03	2.45661E+01	2.85786E+04
1.01325D-01	8.00000D-01	3.92500E+03	2.45661E+01	2.85786E+04
1.01325D-01	8.00000D-01	3.95000E+03	2.45661E+01	2.85786E+04
1.01325D-01	8.00000D-01	3.97500E+03	2.45661E+01	2.85786E+04
1.01325D-01	8.00000D-01	4.00000E+03	2.45661E+01	2.85786E+04
p (bar)	B'g	Temp (K)	B'c	Hw (kJ/kg)
1.01325D-01	9.00000D-01	2.50000E+02	0.00000E+00	-5.95026E+03
1.01325D-01	9.00000D-01	2.75000E+02	0.00000E+00	-5.89503E+03
1.01325D-01	9.00000D-01	3.00000E+02	0.00000E+00	-5.83264E+03
1.01325D-01	9.00000D-01	3.25000E+02	0.00000E+00	-5.76415E+03
1.01325D-01	9.00000D-01	3.50000E+02	0.00000E+00	-5.69136E+03
1.01325D-01	9.00000D-01	3.75000E+02	0.00000E+00	-5.61609E+03
1.01325D-01	9.00000D-01	4.00000E+02	0.00000E+00	-5.53973E+03
1.01325D-01	9.00000D-01	4.25000E+02	0.00000E+00	-5.46303E+03
1.01325D-01	9.00000D-01	4.50000E+02	0.00000E+00	-5.38607E+03
1.01325D-01	9.00000D-01	4.75000E+02	0.00000E+00	-5.30834E+03
1.01325D-01	9.00000D-01	5.00000E+02	0.00000E+00	-5.22873E+03
1.01325D-01	9.00000D-01	5.25000E+02	0.00000E+00	-5.14562E+03
1.01325D-01	9.00000D-01	5.50000E+02	0.00000E+00	-5.05683E+03
1.01325D-01	9.00000D-01	5.75000E+02	0.00000E+00	-4.95967E+03
1.01325D-01	9.00000D-01	6.00000E+02	0.00000E+00	-4.85085E+03
1.01325D-01	9.00000D-01	6.25000E+02	0.00000E+00	-4.72655E+03
1.01325D-01	9.00000D-01	6.50000E+02	0.00000E+00	-4.58242E+03
1.01325D-01	9.00000D-01	6.75000E+02	0.00000E+00	-4.41368E+03
1.01325D-01	9.00000D-01	7.00000E+02	0.00000E+00	-4.21512E+03
1.01325D-01	9.00000D-01	7.25000E+02	0.00000E+00	-3.98121E+03
1.01325D-01	9.00000D-01	7.50000E+02	0.00000E+00	-3.70662E+03
1.01325D-01	9.00000D-01	7.75000E+02	0.00000E+00	-3.38785E+03
1.01325D-01	9.00000D-01	8.00000E+02	0.00000E+00	-3.02646E+03
1.01325D-01	9.00000D-01	8.25000E+02	0.00000E+00	-2.63341E+03
1.01325D-01	9.00000D-01	8.50000E+02	0.00000E+00	-2.23173E+03
1.01325D-01	9.00000D-01	8.75000E+02	0.00000E+00	-1.85291E+03
1.01325D-01	9.00000D-01	9.00000E+02	0.00000E+00	-1.52578E+03
1.01325D-01	9.00000D-01	9.25000E+02	0.00000E+00	-1.26448E+03
1.01325D-01	9.00000D-01	9.50000E+02	0.00000E+00	-1.06585E+03
1.01325D-01	9.00000D-01	9.75000E+02	0.00000E+00	-9.16582E+02
1.01325D-01	9.00000D-01	1.00000E+03	0.00000E+00	-8.01796E+02
1.01325D-01	9.00000D-01	1.02500E+03	0.00000E+00	-7.09502E+02
1.01325D-01	9.00000D-01	1.05000E+03	0.00000E+00	-6.31398E+02
1.01325D-01	9.00000D-01	1.07500E+03	0.00000E+00	-5.62134E+02
1.01325D-01	9.00000D-01	1.10000E+03	0.00000E+00	-4.98369E+02
1.01325D-01	9.00000D-01	1.12500E+03	0.00000E+00	-4.38037E+02
1.01325D-01	9.00000D-01	1.15000E+03	0.00000E+00	-3.79854E+02
1.01325D-01	9.00000D-01	1.17500E+03	0.00000E+00	-3.23016E+02
1.01325D-01	9.00000D-01	1.20000E+03	0.00000E+00	-2.67009E+02
1.01325D-01	9.00000D-01	1.22500E+03	0.00000E+00	-2.11502E+02
1.01325D-01	9.00000D-01	1.25000E+03	0.00000E+00	-1.56275E+02
1.01325D-01	9.00000D-01	1.27500E+03	0.00000E+00	-1.01182E+02
1.01325D-01	9.00000D-01	1.30000E+03	0.00000E+00	-4.61205E+01
1.01325D-01	9.00000D-01	1.32500E+03	0.00000E+00	8.97999E+00
1.01325D-01	9.00000D-01	1.35000E+03	0.00000E+00	6.41719E+01
1.01325D-01	9.00000D-01	1.37500E+03	0.00000E+00	1.19495E+02
1.01325D-01	9.00000D-01	1.40000E+03	0.00000E+00	1.74980E+02
1.01325D-01	9.00000D-01	1.42500E+03	0.00000E+00	2.30655E+02
1.01325D-01	9.00000D-01	1.45000E+03	0.00000E+00	2.86543E+02
1.01325D-01	9.00000D-01	1.47500E+03	0.00000E+00	3.42667E+02
1.01325D-01	9.00000D-01	1.50000E+03	0.00000E+00	3.99050E+02
1.01325D-01	9.00000D-01	1.52500E+03	0.00000E+00	4.55715E+02
1.01325D-01	9.00000D-01	1.55000E+03	0.00000E+00	5.12689E+02
1.01325D-01	9.00000D-01	1.57500E+03	0.00000E+00	5.69998E+02
1.01325D-01	9.00000D-01	1.60000E+03	0.00000E+00	6.27675E+02
1.01325D-01	9.00000D-01	1.62500E+03	0.00000E+00	6.85754E+02
1.01325D-01	9.00000D-01	1.65000E+03	0.00000E+00	7.44275E+02
1.01325D-01	9.00000D-01	1.67500E+03	0.00000E+00	8.03280E+02
1.01325D-01	9.00000D-01	1.70000E+03	0.00000E+00	8.62820E+02
1.01325D-01	9.00000D-01	1.72500E+03	0.00000E+00	9.22949E+02
1.01325D-01	9.00000D-01	1.75000E+03	0.00000E+00	9.83730E+02
1.01325D-01	9.00000D-01	1.77500E+03	0.00000E+00	1.04523E+03
1.01325D-01	9.00000D-01	1.80000E+03	0.00000E+00	1.10753E+03
1.01325D-01	9.00000D-01	1.82500E+03	0.00000E+00	1.17072E+03
1.01325D-01	9.00000D-01	1.85000E+03	0.00000E+00	1.23488E+03
1.01325D-01	9.00000D-01	1.87500E+03	0.00000E+00	1.30012E+03
1.01325D-01	9.00000D-01	1.90000E+03	0.00000E+00	1.36657E+03
1.01325D-01	9.00000D-01	1.92500E+03	0.00000E+00	1.43433E+03
1.01325D-01	9.00000D-01	1.95000E+03	0.00000E+00	1.50355E+03
1.01325D-01	9.00000D-01	1.97500E+03	0.00000E+00	1.57439E+03
1.01325D-01	9.00000D-01	2.00000E+03	0.00000E+00	1.64699E+03
1.01325D-01	9.00000D-01	2.02500E+03	0.00000E+00	1.72153E+03
1.01325D-01	9.00000D-01	2.05000E+03	0.00000E+00	1.79821E+03
1.01325D-01	9.00000D-01	2.07500E+03	0.00000E+00	1.87721E+03
1.01325D-01	9.00000D-01	2.10000E+03	0.00000E+00	1.95877E+03
1.01325D-01	9.00000D-01	2.12500E+03	0.00000E+00	2.04309E+03
1.01325D-01	9.00000D-01	2.15000E+03	0.00000E+00	2.13043E+03
1.01325D-01	9.00000D-01	2.17500E+03	0.00000E+00	2.22105E+03
1.01325D-01	9.00000D-01	2.20000E+03	0.00000E+00	2.31520E+03
1.01325D-01	9.00000D-01	2.22500E+03	8.99806E-04	2.41318E+03
1.01325D-01	9.00000D-01	2.25000E+03	2.97142E-03	2.51528E+03
1.01325D-01	9.00000D-01	2.27500E+03	5.18357E-03	2.62180E+03
1.01325D-01	9.00000D-01	2.30000E+03	7.54166E-03	2.73307E+03
1.01325D-01	9.00000D-01	2.32500E+03	1.00509E-02	2.84941E+03
1.01325D-01	9.00000D-01	2.35000E+03	1.27163E-02	2.97117E+03
1.01325D-01	9.00000D-01	2.37500E+03	1.55427E-02	3.09868E+03
1.01325D-01	9.00000D-01	2.40000E+03	1.85346E-02	3.23231E+03
1.01325D-01	9.00000D-01	2.42500E+03	2.16963E-02	3.37242E+03
1.01325D-01	9.00000D-01	2.45000E+03	2.50318E-02	3.51936E+03
1.01325D-01	9.00000D-01	2.47500E+03	2.85447E-02	3.67350E+03
1.01325D-01	9.00000D-01	2.50000E+03	3.22385E-02	3.83522E+03
1.01325D-01	9.00000D-01	2.52500E+03	3.61164E-02	4.00487E+03
1.01325D-01	9.00000D-01	2.55000E+03	4.01815E-02	4.18283E+03
1.01325D-01	9.00000D-01	2.57500E+03	4.44367E-02	4.36947E+03
1.01325D-01	9.00000D-01	2.60000E+03	4.88854E-02	4.56513E+03
1.01325D-01	9.00000D-01	2.62500E+03	5.35313E-02	4.77018E+03
1.01325D-01	9.00000D-01	2.65000E+03	5.83789E-02	4.98497E+03
1.01325D-01	9.00000D-01	2.67500E+03	6.34342E-02	5.20985E+03
1.01325D-01	9.00000D-01	2.70000E+03	6.87051E-02	5.44518E+03
1.01325D-01	9.00000D-01	2.72500E+03	7.42023E-02	5.69131E+03
1.01325D-01	9.00000D-01	2.75000E+03	7.99406E-02	5.94860E+03
1.01325D-01	9.00000D-01	2.77500E+03	8.59403E-02	6.21744E+03
1.01325D-01	9.00000D-01	2.80000E+03	9.22286E-02	6.49824E+03
1.01325D-01	9.00000D-01	2.82500E+03	9.88427E-02	6.79144E+03
1.01325D-01	9.00000D-01	2.85000E+03	1.05832E-01	7.09754E+03
1.01325D-01	9.00000D-01	2.87500E+03	1.13262E-01	7.41712E+03
1.01325D-01	9.00000D-01	2.90000E+03	1.21218E-01	7.75085E+03
1.01325D-01	9.00000D-01	2.92500E+03	1.29813E-01	8.09955E+03
1.01325D-01	9.00000D-01	2.95000E+03	1.39193E-01	8.46419E+03
1.01325D-01	9.00000D-01	2.97500E+03	1.49546E-01	8.84592E+03
1.01325D-01	9.00000D-01	3.00000E+03	1.61111E-01	9.24618E+03
1.01325D-01	9.00000D-01	3.02500E+03	1.74196E-01	9.66669E+03
1.01325D-01	9.00000D-01	3.05000E+03	1.89191E-01	1.01095E+04
1.01325D-01	9.00000D-01	3.07500E+03	2.06592E-01	1.05771E+04
1.01325D-01	9.00000D-01	3.10000E+03	2.27027E-01	1.10723E+04
1.01325D-01	9.00000D-01	3.12500E+03	2.51289E-01	1.15986E+04
1.01325D-01	9.00000D-01	3.15000E+03	2.80384E-01	1.21597E+04
1.01325D-01	9.00000D-01	3.17500E+03	3.15587E-01	1.27598E+04
1.01325D-01	9.00000D-01	3.20000E+03	3.58522E-01	1.34037E+04
1.01325D-01	9.00000D-01	3.22500E+03	4.11267E-01	1.40958E+04
1.01325D-01	9.00000D-01	3.25000E+03	4.76502E-01	1.48410E+04
1.01325D-01	9.00000D-01	3.27500E+03	5.57713E-01	1.56431E+04
1.01325D-01	9.00000D-01	3.30000E+03	6.59498E-01	1.65053E+04
1.01325D-01	9.00000D-01	3.32500E+03	7.88014E-01	1.74289E+04
1.01325D-01	9.00000D-01	3.35000E+03	9.51665E-01	1.84126E+04
1.01325D-01	9.00000D-01	3.37500E+03	1.16220E+00	1.94521E+04
1.01325D-01	9.00000D-01	3.40000E+03	1.43653E+00	2.05393E+04
1.01325D-01	9.00000D-01	3.42500E+03	1.79990E+00	2.16613E+04
1.01325D-01	9.00000D-01	3.45000E+03	2.29164E+00	2.28013E+04
1.01325D-01	9.00000D-01	3.47500E+03	2.97665E+00	2.39381E+04
1.01325D-01	9.00000D-01	3.50000E+03	3.97006E+00	2.50475E+04
1.01325D-01	9.00000D-01	3.52500E+03	5.49709E+00	2.61033E+04
1.01325D-01	9.00000D-01	3.55000E+03	8.06519E+00	2.70786E+04
1.01325D-01	9.00000D-01	3.57500E+03	1.31024E+01	2.79465E+04
1.01325D-01	9.00000D-01	3.60000E+03	2.67295E+01	2.86780E+04
1.01325D-01	9.00000D-01	3.62500E+03	2.67295E+01	2.86780E+04
1.01325D-01	9.00000D-01	3.65000E+03	2.67295E+01	2.86780E+04
1.01325D-01	9.00000D-01	3.67500E+03	2.67295E+01	2.86780E+04
1.01325D-01	9.00000D-01	3.70000E+03	2.67295E+01	2.86780E+04
1.01325D-01	9.00000D-01	3.72500E+03	2.67295E+01	2.86780E+04
1.01325D-01	9.00000D-01	3.75000E+03	2.67295E+01	2.86780E+04
1.01325D-01	9.00000D-01	3.77500E+03	2.67295E+01	2.86780E+04
1.01325D-01	9.00000D-01	3.80000E+03	2.67295E+01	2.86780E+04
1.01325D-01	9.00000D-01	3.82500E+03	2.67295E+01	2.86780E+04
1.01325D-01	9.00000D-01	3.85000E+03	2.67295E+01	2.86780E+04
1.01325D-01	9.00000D-01	3.87500E+03	2.67295E+01	2.86780E+04
1.01325D-01	9.00000D-01	3.90000E+03	2.67295E+01	2.86780E+04
1.01325D-01	9.00000D-01	3.92500E+03	2.67295E+01	2.86780E+04
1.01325D-01	9.00000D-01	3.95000E+03	2.67295E+01	2.86780E+04
1.01325D-01	9.00000D-01	3.97500E+03	2.67295E+01	2.86780E+04
1.01325D-01	9.00000D-01	4.00000E+03	2.67295E+01	2.86780E+04
p (bar)	B'g	Temp (K)	B'c	Hw (kJ/kg)
1.01325D-01	1.00000D+00	2.50000E+02	0.00000E+00	-6.11061E+03
1.01325D-01	1.00000D+00	2.75000E+02	0.00000E+00	-6.05556E+03
1.01325D-01	1.00000D+00	3.00000E+02	0.00000E+00	-5.99342E+03
1.01325D-01	1.00000D+00	3.25000E+02	0.00000E+00	-5.92506E+03
1.01325D-01	1.00000D+00	3.50000E+02	0.00000E+00	-5.85211E+03
1.01325D-01	1.00000D+00	3.75000E+02	0.00000E+00	-5.77634E+03
1.01325D-01	1.00000D+00	4.00000E+02	0.00000E+00	-5.69915E+03
1.01325D-01	1.00000D+00	4.25000E+02	0.00000E+00	-5.62137E+03
1.01325D-01	1.00000D+00	4.50000E+02	0.00000E+00	-5.54318E+03
1.01325D-01	1.00000D+00	4.75000E+02	0.00000E+00	-5.46411E+03
1.01325D-01	1.00000D+00	5.00000E+02	0.00000E+00	-5.38312E+03
1.01325D-01	1.00000D+00	5.25000E+02	0.00000E+00	-5.29862E+03
1.01325D-01	1.00000D+00	5.50000E+02	0.00000E+00	-5.20842E+03
1.01325D-01	1.00000D+00	5.75000E+02	0.00000E+00	-5.10974E+03
1.01325D-01	1.00000D+00	6.00000E+02	0.00000E+00	-4.99918E+03
1.01325D-01	1.00000D+00	6.25000E+02	0.00000E+00	-4.87267E+03
1.01325D-01	1.00000D+00	6.50000E+02	0.00000E+00	-4.72556E+03
1.01325D-01	1.00000D+00	6.75000E+02	0.00000E+00	-4.55262E+03
1.01325D-01	1.00000D+00	7.00000E+02	0.00000E+00	-4.34824E+03
1.01325D-01	1.00000D+00	7.25000E+02	0.00000E+00	-4.10653E+03
1.01325D-01	1.00000D+00	7.50000E+02	0.00000E+00	-3.82198E+03
1.01325D-01	1.00000D+00	7.75000E+02	0.00000E+00	-3.49114E+03
1.01325D-01	1.00000D+00	8.00000E+02	0.00000E+00	-3.11592E+03
1.01325D-01	1.00000D+00	8.25000E+02	0.00000E+00	-2.70806E+03
1.01325D-01	1.00000D+00	8.50000E+02	0.00000E+00	-2.29165E+03
1.01325D-01	1.00000D+00	8.75000E+02	0.00000E+00	-1.89937E+03
1.01325D-01	1.00000D+00	9.00000E+02	0.00000E+00	-1.56090E+03
1.01325D-01	1.00000D+00	9.25000E+02	0.00000E+00	-1.29069E+03
1.01325D-01	1.00000D+00	9.50000E+02	0.00000E+00	-1.08533E+03
1.01325D-01	1.00000D+00	9.75000E+02	0.00000E+00	-9.31006E+02
1.01325D-01	1.00000D+00	1.00000E+03	0.00000E+00	-8.12345E+02
1.01325D-01	1.00000D+00	1.02500E+03	0.00000E+00	-7.16968E+02
1.01325D-01	1.00000D+00	1.05000E+03	0.00000E+00	-6.36297E+02
1.01325D-01	1.00000D+00	1.07500E+03	0.00000E+00	-5.64799E+02
1.01325D-01	1.00000D+00	1.10000E+03	0.00000E+00	-4.99018E+02
1.01325D-01	1.00000D+00	1.12500E+03	0.00000E+00	-4.36812E+02
1.01325D-01	1.00000D+00	1.15000E+03	0.00000E+00	-3.76848E+02
1.01325D-01	1.00000D+00	1.17500E+03	0.00000E+00	-3.18290E+02
1.01325D-01	1.00000D+00	1.20000E+03	0.00000E+00	-2.60604E+02
1.01325D-01	1.00000D+00	1.22500E+03	0.00000E+00	-2.03444E+02
1.01325D-01	1.00000D+00	1.25000E+03	0.00000E+00	-1.46583E+02
1.01325D-01	1.00000D+00	1.27500E+03	0.00000E+00	-8.98648E+01
1.01325D-01	1.00000D+00	1.30000E+03	0.00000E+00	-3.31855E+01
1.01325D-01	1.00000D+00	1.32500E+03	0.00000E+00	2.35302E+01
1.01325D-01	1.00000D+00	1.35000E+03	0.00000E+00	8.03370E+01
1.01325D-01	1.00000D+00	1.37500E+03	0.00000E+00	1.37276E+02
1.01325D-01	1.00000D+00	1.40000E+03	0.00000E+00	1.94381E+02
1.01325D-01	1.00000D+00	1.42500E+03	0.00000E+00	2.51679E+02
1.01325D-01	1.00000D+00	1.45000E+03	0.00000E+00	3.09195E+02
1.01325D-01	1.00000D+00	1.47500E+03	0.00000E+00	3.66954E+02
1.01325D-01	1.00000D+00	1.50000E+03	0.00000E+00	4.24978E+02
1.01325D-01	1.00000D+00	1.52500E+03	0.00000E+00	4.83292E+02
1.01325D-01	1.00000D+00	1.55000E+03	0.00000E+00	5.41923E+02
1.01325D-01	1.00000D+00	1.57500E+03	0.00000E+00	6.00900E+02
1.01325D-01	1.00000D+00	1.60000E+03	0.00000E+00	6.60256E+02
1.01325D-01	1.00000D+00	1.62500E+03	0.00000E+00	7.20025E+02
1.01325D-01	1.00000D+00	1.65000E+03	0.00000E+00	7.80249E+02
1.01325D-01	1.00000D+00	1.67500E+03	0.00000E+00	8.40973E+02
1.01325D-01	1.00000D+00	1.70000E+03	0.00000E+00	9.02249E+02
1.01325D-01	1.00000D+00	1.72500E+03	0.00000E+00	9.64134E+02
1.01325D-01	1.00000D+00	1.75000E+03	0.00000E+00	1.02669E+03
1.01325D-01	1.00000D+00	1.77500E+03	0.00000E+00	1.09000E+03
1.01325D-01	1.00000D+00	1.80000E+03	0.00000E+00	1.15413E+03
1.01325D-01	1.00000D+00	1.82500E+03	0.00000E+00	1.21917E+03
1.01325D-01	1.00000D+00	1.85000E+03	0.00000E+00	1.28523E+03
1.01325D-01	1.00000D+00	1.87500E+03	0.00000E+00	1.35241E+03
1.01325D-01	1.00000D+00	1.90000E+03	0.00000E+00	1.42083E+03
1.01325D-01	1.00000D+00	1.92500E+03	0.00000E+00	1.49062E+03
1.01325D-01	1.00000D+00	1.95000E+03	0.00000E+00	1.56193E+03
1.01325D-01	1.00000D+00	1.97500E+03	0.00000E+00	1.63491E+03
1.01325D-01	1.00000D+00	2.00000E+03	0.00000E+00	1.70973E+03
1.01325D-01	1.00000D+00	2.02500E+03	0.00000E+00	1.78657E+03
1.01325D-01	1.00000D+00	2.05000E+03	0.00000E+00	1.86563E+03
1.01325D-01	1.00000D+00	2.07500E+03	0.00000E+00	1.94711E+03
1.01325D-01	1.00000D+00	2.10000E+03	0.00000E+00	2.03124E+03
1.01325D-01	1.00000D+00	2.12500E+03	0.00000E+00	2.11826E+03
1.01325D-01	1.00000D+00	2.15000E+03	0.00000E+00	2.20843E+03
1.01325D-01	1.00000D+00	2.17500E+03	0.00000E+00	2.30201E+03
1.01325D-01	1.00000D+00	2.20000E+03	0.00000E+00	2.39928E+03
1.01325D-01	1.00000D+00	2.22500E+03	0.00000E+00	2.50053E+03
1.01325D-01	1.00000D+00	2.25000E+03	0.00000E+00	2.60609E+03
1.01325D-01	1.00000D+00	2.27500E+03	0.00000E+00	2.71627E+03
1.01325D-01	1.00000D+00	2.30000E+03	0.00000E+00	2.83140E+03
1.01325D-01	1.00000D+00	2.32500E+03	0.00000E+00	2.95183E+03
1.01325D-01	1.00000D+00	2.35000E+03	0.00000E+00	3.07792E+03
1.01325D-01	1.00000D+00	2.37500E+03	0.00000E+00	3.21003E+03
1.01325D-01	1.00000D+00	2.40000E+03	0.00000E+00	3.34853E+03
1.01325D-01	1.00000D+00	2.42500E+03	2.81360E-03	3.49380E+03
1.01325D-01	1.00000D+00	2.45000E+03	6.40055E-03	3.64623E+03
1.01325D-01	1.00000D+00	2.47500E+03	1.01808E-02	3.80620E+03
1.01325D-01	1.00000D+00	2.50000E+03	1.41582E-02	3.97409E+03
1.01325D-01	1.00000D+00	2.52500E+03	1.83365E-02	4.15029E+03
1.01325D-01	1.00000D+00	2.55000E+03	2.27194E-02	4.33520E+03
1.01325D-01	1.00000D+00	2.57500E+03	2.73103E-02	4.52919E+03
1.01325D-01	1.00000D+00	2.60000E+03	3.21130E-02	4.73265E+03
1.01325D-01	1.00000D+00	2.62500E+03	3.71319E-02	4.94595E+03
1.01325D-01	1.00000D+00	2.65000E+03	4.23721E-02	5.16946E+03
1.01325D-01	1.00000D+00	2.67500E+03	4.78402E-02	5.40355E+03
1.01325D-01	1.00000D+00	2.70000E+03	5.35450E-02	5.64861E+03
1.01325D-01	1.00000D+00	2.72500E+03	5.94984E-02	5.90499E+03
1.01325D-01	1.00000D+00	2.75000E+03	6.57163E-02	6.17308E+03
1.01325D-01	1.00000D+00	2.77500E+03	7.22208E-02	6.45328E+03
1.01325D-01	1.00000D+00	2.80000E+03	7.90414E-02	6.74602E+03
1.01325D-01	1.00000D+00	2.82500E+03	8.62181E-02	7.05174E+03
1.01325D-01	1.00000D+00	2.85000E+03	9.38042E-02	7.37097E+03
1.01325D-01	1.00000D+00	2.87500E+03	1.01870E-01	7.70429E+03
1.01325D-01	1.00000D+00	2.90000E+03	1.10509E-01	8.05238E+03
1.01325D-01	1.00000D+00	2.92500E+03	1.19841E-01	8.41604E+03
1.01325D-01	1.00000D+00	2.95000E+03	1.30024E-01	8.79624E+03
1.01325D-01	1.00000D+00	2.97500E+03	1.41259E-01	9.19414E+03
1.01325D-01	1.00000D+00	3.00000E+03	1.53806E-01	9.61113E+03
1.01325D-01	1.00000D+00	3.02500E+03	1.67995E-01	1.00489E+04
1.01325D-01	1.00000D+00	3.05000E+03	1.84249E-01	1.05094E+04
1.01325D-01	1.00000D+00	3.07500E+03	2.03102E-01	1.09951E+04
1.01325D-01	1.00000D+00	3.10000E+03	2.25230E-01	1.15087E+04
1.01325D-01	1.00000D+00	3.12500E+03	2.51492E-01	1.20535E+04
1.01325D-01	1.00000D+00	3.15000E+03	2.82973E-01	1.26330E+04
1.01325D-01	1.00000D+00	3.17500E+03	3.21051E-01	1.32512E+04
1.01325D-01	1.00000D+00	3.20000E+03	3.67482E-01	1.39122E+04
1.01325D-01	1.00000D+00	3.22500E+03	4.24513E-01	1.46204E+04
1.01325D-01	1.00000D+00	3.25000E+03	4.95042E-01	1.53798E+04
1.01325D-01	1.00000D+00	3.27500E+03	5.82842E-01	1.61935E+04
1.01325D-01	1.00000D+00	3.30000E+03	6.92888E-01	1.70638E+04
1.01325D-01	1.00000D+00	3.32500E+03	8.31843E-01	1.79908E+04
1.01325D-01	1.00000D+00	3.35000E+03	1.00880E+00	1.89724E+04
1.01325D-01	1.00000D+00	3.37500E+03	1.23649E+00	2.00027E+04
1.01325D-01	1.00000D+00	3.40000E+03	1.53322E+00	2.10725E+04
1.01325D-01	1.00000D+00	3.42500E+03	1.92630E+00	2.21681E+04
1.01325D-01	1.00000D+00	3.45000E+03	2.45833E+00	2.32718E+04
1.01325D-01	1.00000D+00	3.47500E+03	3.19958E+00	2.43624E+04
1.01325D-01	1.00000D+00	3.50000E+03	4.27462E+00	2.54160E+04
1.01325D-01	1.00000D+00	3.52500E+03	5.92723E+00	2.64078E+04
1.01325D-01	1.00000D+00	3.55000E+03	8.70637E+00	2.73127E+04
1.01325D-01	1.00000D+00	3.57500E+03	1.41562E+01	2.81062E+04
1.01325D-01	1.00000D+00	3.60000E+03	2.88896E+01	2.87626E+04
1.01325D-01	1.00000D+00	3.62500E+03	2.88896E+01	2.87626E+04
1.01325D-01	1.00000D+00	3.65000E+03	2.88896E+01	2.87626E+04
1.01325D-01	1.00000D+00	3.67500E+03	2.88896E+01	2.87626E+04
1.01325D-01	1.00000D+00	3.70000E+03	2.88896E+01	2.87626E+04
1.01325D-01	1.00000D+00	3.72500E+03	2.88896E+01	2.87626E+04
1.01325D-01	1.00000D+00	3.75000E+03	2.88896E+01	2.87626E+04
1.01325D-01	1.00000D+00	3.77500E+03	2.88896E+01	2.87626E+04
1.01325D-01	1.00000D+00	3.80000E+03	2.88896E+01	2.87626E+04
1.01325D-01	1.00000D+00	3.82500E+03	2.88896E+01	2.87626E+04
1.01325D-01	1.00000D+00	3.85000E+03	2.88896E+01	2.87626E+04
1.01325D-01	1.00000D+00	3.87500E+03	2.88896E+01	2.87626E+04
1.01325D-01	1.00000D+00	3.90000E+03	2.88896E+01	2.87626E+04
1.01325D-01	1.00000D+00	3.92500E+03	2.88896E+01	2.87626E+04
1.01325D-01	1.00000D+00	3.95000E+03	2.88896E+01	2.87626E+04
1.01325D-01	1.00000D+00	3.97500E+03	2.88896E+01	2.87626E+04
1.01325D-01	1.00000D+00	4.00000E+03	2.88896E+01	2.87626E+04
p (bar)	B'g	Temp (K)	B'c	Hw (kJ/kg)
1.01325D-01	1.20000D+00	2.50000E+02	0.00000E+00	-6.39036E+03
1.01325D-01	1.20000D+00	2.75000E+02	0.00000E+00	-6.33529E+03
1.01325D-01	1.20000D+00	3.00000E+02	0.00000E+00	-6.27323E+03
1.01325D-01	1.20000D+00	3.25000E+02	0.00000E+00	-6.20479E+03
1.01325D-01	1.20000D+00	3.50000E+02	0.00000E+00	-6.13137E+03
1.01325D-01	1.20000D+00	3.75000E+02	0.00000E+00	-6.05463E+03
1.01325D-01	1.20000D+00	4.00000E+02	0.00000E+00	-5.97602E+03
1.01325D-01	1.20000D+00	4.25000E+02	0.00000E+00	-5.89643E+03
1.01325D-01	1.20000D+00	4.50000E+02	0.00000E+00	-5.81617E+03
1.01325D-01	1.20000D+00	4.75000E+02	0.00000E+00	-5.73492E+03
1.01325D-01	1.20000D+00	5.00000E+02	0.00000E+00	-5.65171E+03
1.01325D-01	1.20000D+00	5.25000E+02	0.00000E+00	-5.56501E+03
1.01325D-01	1.20000D+00	5.50000E+02	0.00000E+00	-5.47264E+03
1.01325D-01	1.20000D+00	5.75000E+02	0.00000E+00	-5.37171E+03
1.01325D-01	1.20000D+00	6.00000E+02	0.00000E+00	-5.25859E+03
1.01325D-01	1.20000D+00	6.25000E+02	0.00000E+00	-5.12883E+03
1.01325D-01	1.20000D+00	6.50000E+02	0.00000E+00	-4.97715E+03
1.01325D-01	1.20000D+00	6.75000E+02	0.00000E+00	-4.79759E+03
1.01325D-01	1.20000D+00	7.00000E+02	0.00000E+00	-4.58369E+03
1.01325D-01	1.20000D+00	7.25000E+02	0.00000E+00	-4.32885E+03
1.01325D-01	1.20000D+00	7.50000E+02	0.00000E+00	-4.02713E+03
1.01325D-01	1.20000D+00	7.75000E+02	0.00000E+00	-3.67512E+03
1.01325D-01	1.20000D+00	8.00000E+02	0.00000E+00	-3.27542E+03
1.01325D-01	1.20000D+00	8.25000E+02	0.00000E+00	-2.84116E+03
1.01325D-01	1.20000D+00	8.50000E+02	0.00000E+00	-2.39845E+03
1.01325D-01	1.20000D+00	8.75000E+02	0.00000E+00	-1.98212E+03
1.01325D-01	1.20000D+00	9.00000E+02	0.00000E+00	-1.62344E+03
1.01325D-01	1.20000D+00	9.25000E+02	0.00000E+00	-1.33734E+03
1.01325D-01	1.20000D+00	9.50000E+02	0.00000E+00	-1.11998E+03
1.01325D-01	1.20000D+00	9.75000E+02	0.00000E+00	-9.56662E+02
1.01325D-01	1.20000D+00	1.00000E+03	0.00000E+00	-8.31112E+02
1.01325D-01	1.20000D+00	1.02500E+03	0.00000E+00	-7.30252E+02
1.01325D-01	1.20000D+00	1.05000E+03	0.00000E+00	-6.45017E+02
1.01325D-01	1.20000D+00	1.07500E+03	0.00000E+00	-5.69549E+02
1.01325D-01	1.20000D+00	1.10000E+03	0.00000E+00	-5.00183E+02
1.01325D-01	1.20000D+00	1.12500E+03	0.00000E+00	-4.34643E+02
1.01325D-01	1.20000D+00	1.15000E+03	0.00000E+00	-3.71511E+02
1.01325D-01	1.20000D+00	1.17500E+03	0.00000E+00	-3.09895E+02
1.01325D-01	1.20000D+00	1.20000E+03	0.00000E+00	-2.49223E+02
1.01325D-01	1.20000D+00	1.22500E+03	0.00000E+00	-1.89126E+02
1.01325D-01	1.20000D+00	1.25000E+03	0.00000E+00	-1.29357E+02
1.01325D-01	1.20000D+00	1.27500E+03	0.00000E+00	-6.97518E+01
1.01325D-01	1.20000D+00	1.30000E+03	0.00000E+00	-1.01961E+01
1.01325D-01	1.20000D+00	1.32500E+03	0.00000E+00	4.93907E+01
1.01325D-01	1.20000D+00	1.35000E+03	0.00000E+00	1.09067E+02
1.01325D-01	1.20000D+00	1.37500E+03	0.00000E+00	1.68879E+02
1.01325D-01	1.20000D+00	1.40000E+03	0.00000E+00	2.28860E+02
1.01325D-01	1.20000D+00	1.42500E+03	0.00000E+00	2.89042E+02
1.01325D-01	1.20000D+00	1.45000E+03	0.00000E+00	3.49451E+02
1.01325D-01	1.20000D+00	1.47500E+03	0.00000E+00	4.10111E+02
1.01325D-01	1.20000D+00	1.50000E+03	0.00000E+00	4.71049E+02
1.01325D-01	1.20000D+00	1.52500E+03	0.00000E+00	5.32290E+02
1.01325D-01	1.20000D+00	1.55000E+03	0.00000E+00	5.93863E+02
1.01325D-01	1.20000D+00	1.57500E+03	0.00000E+00	6.55798E+02
1.01325D-01	1.20000D+00	1.60000E+03	0.00000E+00	7.18129E+02
1.01325D-01	1.20000D+00	1.62500E+03	0.00000E+00	7.80895E+02
1.01325D-01	1.20000D+00	1.65000E+03	0.00000E+00	8.44138E+02
1.01325D-01	1.20000D+00	1.67500E+03	0.00000E+00	9.07907E+02
1.01325D-01	1.20000D+00	1.70000E+03	0.00000E+00	9.72257E+02
1.01325D-01	1.20000D+00	1.72500E+03	0.00000E+00	1.03725E+03
1.01325D-01	1.20000D+00	1.75000E+03	0.00000E+00	1.10295E+03
1.01325D-01	1.20000D+00	1.77500E+03	0.00000E+00	1.16944E+03
1.01325D-01	1.20000D+00	1.80000E+03	0.00000E+00	1.23680E+03
1.01325D-01	1.20000D+00	1.82500E+03	0.00000E+00	1.30513E+03
1.01325D-01	1.20000D+00	1.85000E+03	0.00000E+00	1.37453E+03
1.01325D-01	1.20000D+00	1.87500E+03	0.00000E+00	1.44512E+03
1.01325D-01	1.20000D+00	1.90000E+03	0.00000E+00	1.51703E+03
1.01325D-01	1.20000D+00	1.92500E+03	0.00000E+00	1.59040E+03
1.01325D-01	1.20000D+00	1.95000E+03	0.00000E+00	1.66538E+03
1.01325D-01	1.20000D+00	1.97500E+03	0.00000E+00	1.74214E+03
1.01325D-01	1.20000D+00	2.00000E+03	0.00000E+00	1.82086E+03
1.01325D-01	1.20000D+00	2.02500E+03	0.00000E+00	1.90173E+03
1.01325D-01	1.20000D+00	2.05000E+03	0.00000E+00	1.98497E+03
1.01325D-01	1.20000D+00	2.07500E+03	0.00000E+00	2.07079E+03
1.01325D-01	1.20000D+00	2.10000E+03	0.00000E+00	2.15945E+03
1.01325D-01	1.20000D+00	2.12500E+03	0.00000E+00	2.25120E+03
1.01325D-01	1.20000D+00	2.15000E+03	0.00000E+00	2.34632E+03
1.01325D-01	1.20000D+00	2.17500E+03	0.00000E+00	2.44508E+03
1.01325D-01	1.20000D+00	2.20000E+03	0.00000E+00	2.54780E+03
1.01325D-01	1.20000D+00	2.22500E+03	0.00000E+00	2.65480E+03
1.01325D-01	1.20000D+00	2.25000E+03	0.00000E+00	2.76641E+03
1.01325D-01	1.20000D+00	2.27500E+03	0.00000E+00	2.88298E+03
1.01325D-01	1.20000D+00	2.30000E+03	0.00000E+00	3.00487E+03
1.01325D-01	1.20000D+00	2.32500E+03	0.00000E+00	3.13245E+03
1.01325D-01	1.20000D+00	2.35000E+03	0.00000E+00	3.26612E+03
1.01325D-01	1.20000D+00	2.37500E+03	0.00000E+00	3.40625E+03
1.01325D-01	1.20000D+00	2.40000E+03	0.00000E+00	3.55327E+03
1.01325D-01	1.20000D+00	2.42500E+03	0.00000E+00	3.70758E+03
1.01325D-01	1.20000D+00	2.45000E+03	0.00000E+00	3.86959E+03
1.01325D-01	1.20000D+00	2.47500E+03	0.00000E+00	4.03972E+03
1.01325D-01	1.20000D+00	2.50000E+03	0.00000E+00	4.21840E+03
1.01325D-01	1.20000D+00	2.52500E+03	0.00000E+00	4.40605E+03
1.01325D-01	1.20000D+00	2.55000E+03	0.00000E+00	4.60309E+03
1.01325D-01	1.20000D+00	2.57500E+03	0.00000E+00	4.80993E+03
1.01325D-01	1.20000D+00	2.60000E+03	0.00000E+00	5.02700E+03
1.01325D-01	1.20000D+00	2.62500E+03	3.91797E-03	5.25470E+03
1.01325D-01	1.20000D+00	2.65000E+03	9.92067E-03	5.49344E+03
1.01325D-01	1.20000D+00	2.67500E+03	1.61913E-02	5.74363E+03
1.01325D-01	1.20000D+00	2.70000E+03	2.27403E-02	6.00566E+03
1.01325D-01	1.20000D+00	2.72500E+03	2.95816E-02	6.27994E+03
1.01325D-01	1.20000D+00	2.75000E+03	3.67341E-02	6.56689E+03
1.01325D-01	1.20000D+00	2.77500E+03	4.42231E-02	6.86692E+03
1.01325D-01	1.20000D+00	2.80000E+03	5.20828E-02	7.18049E+03
1.01325D-01	1.20000D+00	2.82500E+03	6.03591E-02	7.50808E+03
1.01325D-01	1.20000D+00	2.85000E+03	6.91131E-02	7.85021E+03
1.01325D-01	1.20000D+00	2.87500E+03	7.84254E-02	8.20748E+03
1.01325D-01	1.20000D+00	2.90000E+03	8.84021E-02	8.58058E+03
1.01325D-01	1.20000D+00	2.92500E+03	9.91815E-02	8.97031E+03
1.01325D-01	1.20000D+00	2.95000E+03	1.10943E-01	9.37761E+03
1.01325D-01	1.20000D+00	2.97500E+03	1.23918E-01	9.80361E+03
1.01325D-01	1.20000D+00	3.00000E+03	1.38402E-01	1.02497E+04
1.01325D-01	1.20000D+00	3.02500E+03	1.54776E-01	1.07174E+04
1.01325D-01	1.20000D+00	3.05000E+03	1.73521E-01	1.12086E+04
1.01325D-01	1.20000D+00	3.07500E+03	1.95250E-01	1.17256E+04
1.01325D-01	1.20000D+00	3.10000E+03	2.20740E-01	1.22708E+04
1.01325D-01	1.20000D+00	3.12500E+03	2.50975E-01	1.28473E+04
1.01325D-01	1.20000D+00	3.15000E+03	2.87202E-01	1.34581E+04
1.01325D-01	1.20000D+00	3.17500E+03	3.31004E-01	1.41068E+04
1.01325D-01	1.20000D+00	3.20000E+03	3.84401E-01	1.47968E+04
1.01325D-01	1.20000D+00	3.22500E+03	4.49976E-01	1.55314E+04
1.01325D-01	1.20000D+00	3.25000E+03	5.31066E-01	1.63135E+04
1.01325D-01	1.20000D+00	3.27500E+03	6.32013E-01	1.71452E+04
1.01325D-01	1.20000D+00	3.30000E+03	7.58549E-01	1.80268E+04
1.01325D-01	1.20000D+00	3.32500E+03	9.18348E-01	1.89568E+04
1.01325D-01	1.20000D+00	3.35000E+03	1.12189E+00	1.99310E+04
1.01325D-01	1.20000D+00	3.37500E+03	1.38384E+00	2.09416E+04
1.01325D-01	1.20000D+00	3.40000E+03	1.72530E+00	2.19775E+04
1.01325D-01	1.20000D+00	3.42500E+03	2.17775E+00	2.30235E+04
1.01325D-01	1.20000D+00	3.45000E+03	2.79029E+00	2.40613E+04
1.01325D-01	1.20000D+00	3.47500E+03	3.64388E+00	2.50697E+04
1.01325D-01	1.20000D+00	3.50000E+03	4.88205E+00	2.60264E+04
1.01325D-01	1.20000D+00	3.52500E+03	6.78552E+00	2.69087E+04
1.01325D-01	1.20000D+00	3.55000E+03	9.98620E+00	2.76950E+04
1.01325D-01	1.20000D+00	3.57500E+03	1.62600E+01	2.83653E+04
1.01325D-01	1.20000D+00	3.60000E+03	3.32017E+01	2.88991E+04
1.01325D-01	1.20000D+00	3.62500E+03	3.32017E+01	2.88991E+04
1.01325D-01	1.20000D+00	3.65000E+03	3.32017E+01	2.88991E+04
1.01325D-01	1.20000D+00	3.67500E+03	3.32017E+01	2.88991E+04
1.01325D-01	1.20000D+00	3.70000E+03	3.32017E+01	2.88991E+04
1.01325D-01	1.20000D+00	3.72500E+03	3.32017E+01	2.88991E+04
1.01325D-01	1.20000D+00	3.75000E+03	3.32017E+01	2.88991E+04
1.01325D-01	1.20000D+00	3.77500E+03	3.32017E+01	2.88991E+04
1.01325D-01	1.20000D+00	3.80000E+03	3.32017E+01	2.88991E+04
1.01325D-01	1.20000D+00	3.82500E+03	3.32017E+01	2.88991E+04
1.01325D-01	1.20000D+00	3.85000E+03	3.32017E+01	2.88991E+04
1.01325D-01	1.20000D+00	3.87500E+03	3.32017E+01	2.88991E+04
1.01325D-01	1.20000D+00	3.90000E+03	3.32017E+01	2.88991E+04
1.01325D-01	1.20000D+00	3.92500E+03	3.32017E+01	2.88991E+04
1.01325D-01	1.20000D+00	3.95000E+03	3.32017E+01	2.88991E+04
1.01325D-01	1.20000D+00	3.97500E+03	3.32017E+01	2.88991E+04
1.01325D-01	1.20000D+00	4.00000E+03	3.32017E+01	2.88991E+04
p (bar)	B'g	Temp (K)	B'c	Hw (kJ/kg)
1.01325D-01	1.50000D+00	2.50000E+02	0.00000E+00	-6.73112E+03
1.01325D-01	1.50000D+00	2.75000E+02	0.00000E+00	-6.67561E+03
1.01325D-01	1.50000D+00	3.00000E+02	0.00000E+00	-6.61318E+03
1.01325D-01	1.50000D+00	3.25000E+02	0.00000E+00	-6.54422E+03
1.01325D-01	1.50000D+00	3.50000E+02	0.00000E+00	-6.46993E+03
1.01325D-01	1.50000D+00	3.75000E+02	0.00000E+00	-6.39187E+03
1.01325D-01	1.50000D+00	4.00000E+02	0.00000E+00	-6.31147E+03
1.01325D-01	1.50000D+00	4.25000E+02	0.00000E+00	-6.22972E+03
1.01325D-01	1.50000D+00	4.50000E+02	0.00000E+00	-6.14708E+03
1.01325D-01	1.50000D+00	4.75000E+02	0.00000E+00	-6.06334E+03
1.01325D-01	1.50000D+00	5.00000E+02	0.00000E+00	-5.97769E+03
1.01325D-01	1.50000D+00	5.25000E+02	0.00000E+00	-5.88867E+03
1.01325D-01	1.50000D+00	5.50000E+02	0.00000E+00	-5.79410E+03
1.01325D-01	1.50000D+00	5.75000E+02	0.00000E+00	-5.69103E+03
1.01325D-01	1.50000D+00	6.00000E+02	0.00000E+00	-5.57557E+03
1.01325D-01	1.50000D+00	6.25000E+02	0.00000E+00	-5.44279E+03
1.01325D-01	1.50000D+00	6.50000E+02	0.00000E+00	-5.28669E+03
1.01325D-01	1.50000D+00	6.75000E+02	0.00000E+00	-5.10027E+03
1.01325D-01	1.50000D+00	7.00000E+02	0.00000E+00	-4.87591E+03
1.01325D-01	1.50000D+00	7.25000E+02	0.00000E+00	-4.60592E+03
1.01325D-01	1.50000D+00	7.50000E+02	0.00000E+00	-4.28368E+03
1.01325D-01	1.50000D+00	7.75000E+02	0.00000E+00	-3.90576E+03
1.01325D-01	1.50000D+00	8.00000E+02	0.00000E+00	-3.47562E+03
1.01325D-01	1.50000D+00	8.25000E+02	0.00000E+00	-3.00826E+03
1.01325D-01	1.50000D+00	8.50000E+02	0.00000E+00	-2.53245E+03
1.01325D-01	1.50000D+00	8.75000E+02	0.00000E+00	-2.08586E+03
1.01325D-01	1.50000D+00	9.00000E+02	0.00000E+00	-1.70176E+03
1.01325D-01	1.50000D+00	9.25000E+02	0.00000E+00	-1.39573E+03
1.01325D-01	1.50000D+00	9.50000E+02	0.00000E+00	-1.16333E+03
1.01325D-01	1.50000D+00	9.75000E+02	0.00000E+00	-9.88756E+02
1.01325D-01	1.50000D+00	1.00000E+03	0.00000E+00	-8.54591E+02
1.01325D-01	1.50000D+00	1.02500E+03	0.00000E+00	-7.46877E+02
1.01325D-01	1.50000D+00	1.05000E+03	0.00000E+00	-6.55936E+02
1.01325D-01	1.50000D+00	1.07500E+03	0.00000E+00	-5.75504E+02
1.01325D-01	1.50000D+00	1.10000E+03	0.00000E+00	-5.01655E+02
1.01325D-01	1.50000D+00	1.12500E+03	0.00000E+00	-4.31947E+02
1.01325D-01	1.50000D+00	1.15000E+03	0.00000E+00	-3.64854E+02
1.01325D-01	1.50000D+00	1.17500E+03	0.00000E+00	-2.99414E+02
1.01325D-01	1.50000D+00	1.20000E+03	0.00000E+00	-2.35009E+02
1.01325D-01	1.50000D+00	1.22500E+03	0.00000E+00	-1.71238E+02
1.01325D-01	1.50000D+00	1.25000E+03	0.00000E+00	-1.07835E+02
1.01325D-01	1.50000D+00	1.27500E+03	0.00000E+00	-4.46199E+01
1.01325D-01	1.50000D+00	1.30000E+03	0.00000E+00	1.85309E+01
1.01325D-01	1.50000D+00	1.32500E+03	0.00000E+00	8.17056E+01
1.01325D-01	1.50000D+00	1.35000E+03	0.00000E+00	1.44968E+02
1.01325D-01	1.50000D+00	1.37500E+03	0.00000E+00	2.08368E+02
1.01325D-01	1.50000D+00	1.40000E+03	0.00000E+00	2.71943E+02
1.01325D-01	1.50000D+00	1.42500E+03	0.00000E+00	3.35726E+02
1.01325D-01	1.50000D+00	1.45000E+03	0.00000E+00	3.99745E+02
1.01325D-01	1.50000D+00	1.47500E+03	0.00000E+00	4.64027E+02
1.01325D-01	1.50000D+00	1.50000E+03	0.00000E+00	5.28601E+02
1.01325D-01	1.50000D+00	1.52500E+03	0.00000E+00	5.93492E+02
1.01325D-01	1.50000D+00	1.55000E+03	0.00000E+00	6.58732E+02
1.01325D-01	1.50000D+00	1.57500E+03	0.00000E+00	7.24353E+02
1.01325D-01	1.50000D+00	1.60000E+03	0.00000E+00	7.90392E+02
1.01325D-01	1.50000D+00	1.62500E+03	0.00000E+00	8.56888E+02
1.01325D-01	1.50000D+00	1.65000E+03	0.00000E+00	9.23889E+02
1.01325D-01	1.50000D+00	1.67500E+03	0.00000E+00	9.91446E+02
1.01325D-01	1.50000D+00	1.70000E+03	0.00000E+00	1.05962E+03
1.01325D-01	1.50000D+00	1.72500E+03	0.00000E+00	1.12847E+03
1.01325D-01	1.50000D+00	1.75000E+03	0.00000E+00	1.19807E+03
1.01325D-01	1.50000D+00	1.77500E+03	0.00000E+00	1.26851E+03
1.01325D-01	1.50000D+00	1.80000E+03	0.00000E+00	1.33988E+03
1.01325D-01	1.50000D+00	1.82500E+03	0.00000E+00	1.41228E+03
1.01325D-01	1.50000D+00	1.85000E+03	0.00000E+00	1.48582E+03
1.01325D-01	1.50000D+00	1.87500E+03	0.00000E+00	1.56063E+03
1.01325D-01	1.50000D+00	1.90000E+03	0.00000E+00	1.63685E+03
1.01325D-01	1.50000D+00	1.92500E+03	0.00000E+00	1.71463E+03
1.01325D-01	1.50000D+00	1.95000E+03	0.00000E+00	1.79414E+03
1.01325D-01	1.50000D+00	1.97500E+03	0.00000E+00	1.87555E+03
1.01325D-01	1.50000D+00	2.00000E+03	0.00000E+00	1.95907E+03
1.01325D-01	1.50000D+00	2.02500E+03	0.00000E+00	2.04490E+03
1.01325D-01	1.50000D+00	2.05000E+03	0.00000E+00	2.13328E+03
1.01325D-01	1.50000D+00	2.07500E+03	0.00000E+00	2.22444E+03
1.01325D-01	1.50000D+00	2.10000E+03	0.00000E+00	2.31866E+03
1.01325D-01	1.50000D+00	2.12500E+03	0.00000E+00	2.41621E+03
1.01325D-01	1.50000D+00	2.15000E+03	0.00000E+00	2.51739E+03
1.01325D-01	1.50000D+00	2.17500E+03	0.00000E+00	2.62252E+03
1.01325D-01	1.50000D+00	2.20000E+03	0.00000E+00	2.73192E+03
1.01325D-01	1.50000D+00	2.22500E+03	0.00000E+00	2.84595E+03
1.01325D-01	1.50000D+00	2.25000E+03	0.00000E+00	2.96496E+03
1.01325D-01	1.50000D+00	2.27500E+03	0.00000E+00	3.08935E+03
1.01325D-01	1.50000D+00	2.30000E+03	0.00000E+00	3.21951E+03
1.01325D-01	1.50000D+00	2.32500E+03	0.00000E+00	3.35584E+03
1.01325D-01	1.50000D+00	2.35000E+03	0.00000E+00	3.49876E+03
1.01325D-01	1.50000D+00	2.37500E+03	0.00000E+00	3.64872E+03
1.01325D-01	1.50000D+00	2.40000E+03	0.00000E+00	3.80614E+03
1.01325D-01	1.50000D+00	2.42500E+03	0.00000E+00	3.97149E+03
1.01325D-01	1.50000D+00	2.45000E+03	0.00000E+00	4.14522E+03
1.01325D-01	1.50000D+00	2.47500E+03	0.00000E+00	4.32779E+03
1.01325D-01	1.50000D+00	2.50000E+03	0.00000E+00	4.51965E+03
1.01325D-01	1.50000D+00	2.52500E+03	0.00000E+00	4.72129E+03
1.01325D-01	1.50000D+00	2.55000E+03	0.00000E+00	4.93316E+03
1.01325D-01	1.50000D+00	2.57500E+03	0.00000E+00	5.15571E+03
1.01325D-01	1.50000D+00	2.60000E+03	0.00000E+00	5.38942E+03
1.01325D-01	1.50000D+00	2.62500E+03	0.00000E+00	5.63472E+03
1.01325D-01	1.50000D+00	2.65000E+03	0.00000E+00	5.89208E+03
1.01325D-01	1.50000D+00	2.67500E+03	0.00000E+00	6.16193E+03
1.01325D-01	1.50000D+00	2.70000E+03	0.00000E+00	6.44471E+03
1.01325D-01	1.50000D+00	2.72500E+03	0.00000E+00	6.74087E+03
1.01325D-01	1.50000D+00	2.75000E+03	0.00000E+00	7.05085E+03
1.01325D-01	1.50000D+00	2.77500E+03	1.14980E-03	7.37511E+03
1.01325D-01	1.50000D+00	2.80000E+03	1.05192E-02	7.71412E+03
1.01325D-01	1.50000D+00	2.82500E+03	2.03954E-02	8.06839E+03
1.01325D-01	1.50000D+00	2.85000E+03	3.08510E-02	8.43847E+03
1.01325D-01	1.50000D+00	2.87500E+03	4.19824E-02	8.82496E+03
1.01325D-01	1.50000D+00	2.90000E+03	5.39156E-02	9.22855E+03
1.01325D-01	1.50000D+00	2.92500E+03	6.68151E-02	9.65003E+03
1.01325D-01	1.50000D+00	2.95000E+03	8.08940E-02	1.00903E+04
1.01325D-01	1.50000D+00	2.97500E+03	9.64273E-02	1.05505E+04
1.01325D-01	1.50000D+00	3.00000E+03	1.13768E-01	1.10318E+04
1.01325D-01	1.50000D+00	3.02500E+03	1.33366E-01	1.15357E+04
1.01325D-01	1.50000D+00	3.05000E+03	1.55797E-01	1.20640E+04
1.01325D-01	1.50000D+00	3.07500E+03	1.81791E-01	1.26186E+04
1.01325D-01	1.50000D+00	3.10000E+03	2.12272E-01	1.32017E+04
1.01325D-01	1.50000D+00	3.12500E+03	2.48417E-01	1.38159E+04
1.01325D-01	1.50000D+00	3.15000E+03	2.91712E-01	1.44637E+04
1.01325D-01	1.50000D+00	3.17500E+03	3.44050E-01	1.51479E+04
1.01325D-01	1.50000D+00	3.20000E+03	4.07843E-01	1.58710E+04
1.01325D-01	1.50000D+00	3.22500E+03	4.86183E-01	1.66352E+04
1.01325D-01	1.50000D+00	3.25000E+03	5.83059E-01	1.74420E+04
1.01325D-01	1.50000D+00	3.27500E+03	7.03671E-01	1.82915E+04
1.01325D-01	1.50000D+00	3.30000E+03	8.54880E-01	1.91823E+04
1.01325D-01	1.50000D+00	3.32500E+03	1.04588E+00	2.01106E+04
1.01325D-01	1.50000D+00	3.35000E+03	1.28923E+00	2.10699E+04
1.01325D-01	1.50000D+00	3.37500E+03	1.60249E+00	2.20504E+04
1.01325D-01	1.50000D+00	3.40000E+03	2.01095E+00	2.30389E+04
1.01325D-01	1.50000D+00	3.42500E+03	2.55234E+00	2.40194E+04
1.01325D-01	1.50000D+00	3.45000E+03	3.28548E+00	2.49729E+04
1.01325D-01	1.50000D+00	3.47500E+03	4.30736E+00	2.58796E+04
1.01325D-01	1.50000D+00	3.50000E+03	5.78989E+00	2.67189E+04
1.01325D-01	1.50000D+00	3.52500E+03	8.06911E+00	2.74718E+04
1.01325D-01	1.50000D+00	3.55000E+03	1.19010E+01	2.81210E+04
1.01325D-01	1.50000D+00	3.57500E+03	1.94083E+01	2.86515E+04
1.01325D-01	1.50000D+00	3.60000E+03	3.96537E+01	2.90486E+04
1.01325D-01	1.50000D+00	3.62500E+03	3.96537E+01	2.90486E+04
1.01325D-01	1.50000D+00	3.65000E+03	3.96537E+01	2.90486E+04
1.01325D-01	1.50000D+00	3.67500E+03	3.96537E+01	2.90486E+04
1.01325D-01	1.50000D+00	3.70000E+03	3.96537E+01	2.90486E+04
1.01325D-01	1.50000D+00	3.72500E+03	3.96537E+01	2.90486E+04
1.01325D-01	1.50000D+00	3.75000E+03	3.96537E+01	2.90486E+04
1.01325D-01	1.50000D+00	3.77500E+03	3.96537E+01	2.90486E+04
1.01325D-01	1.50000D+00	3.80000E+03	3.96537E+01	2.90486E+04
1.01325D-01	1.50000D+00	3.82500E+03	3.96537E+01	2.90486E+04
1.01325D-01	1.50000D+00	3.85000E+03	3.96537E+01	2.90486E+04
1.01325D-01	1.50000D+00	3.87500E+03	3.96537E+01	2.90486E+04
1.01325D-01	1.50000D+00	3.90000E+03	3.96537E+01	2.90486E+04
1.01325D-01	1.50000D+00	3.92500E+03	3.96537E+01	2.90486E+04
1.01325D-01	1.50000D+00	3.95000E+03	3.96537E+01	2.90486E+04
1.01325D-01	1.50000D+00	3.97500E+03	3.96537E+01	2.90486E+04
1.01325D-01	1.50000D+00	4.00000E+03	3.96537E+01	2.90486E+04
p (bar)	B'g	Temp (K)	B'c	Hw (kJ/kg)
1.01325D-01	1.90000D+00	2.50000E+02	0.00000E+00	-7.08174E+03
1.01325D-01	1.90000D+00	2.75000E+02	0.00000E+00	-7.02548E+03
1.01325D-01	1.90000D+00	3.00000E+02	0.00000E+00	-6.96231E+03
1.01325D-01	1.90000D+00	3.25000E+02	0.00000E+00	-6.89248E+03
1.01325D-01	1.90000D+00	3.50000E+02	0.00000E+00	-6.81702E+03
1.01325D-01	1.90000D+00	3.75000E+02	0.00000E+00	-6.73740E+03
1.01325D-01	1.90000D+00	4.00000E+02	0.00000E+00	-6.65507E+03
1.01325D-01	1.90000D+00	4.25000E+02	0.00000E+00	-6.57112E+03
1.01325D-01	1.90000D+00	4.50000E+02	0.00000E+00	-6.48609E+03
1.01325D-01	1.90000D+00	4.75000E+02	0.00000E+00	-6.39995E+03
1.01325D-01	1.90000D+00	5.00000E+02	0.00000E+00	-6.31202E+03
1.01325D-01	1.90000D+00	5.25000E+02	0.00000E+00	-6.22094E+03
1.01325D-01	1.90000D+00	5.50000E+02	0.00000E+00	-6.12459E+03
1.01325D-01	1.90000D+00	5.75000E+02	0.00000E+00	-6.01994E+03
1.01325D-01	1.90000D+00	6.00000E+02	0.00000E+00	-5.90291E+03
1.01325D-01	1.90000D+00	6.25000E+02	0.00000E+00	-5.76809E+03
1.01325D-01	1.90000D+00	6.50000E+02	0.00000E+00	-5.60869E+03
1.01325D-01	1.90000D+00	6.75000E+02	0.00000E+00	-5.41660E+03
1.01325D-01	1.90000D+00	7.00000E+02	0.00000E+00	-5.18281E+03
1.01325D-01	1.90000D+00	7.25000E+02	0.00000E+00	-4.89828E+03
1.01325D-01	1.90000D+00	7.50000E+02	0.00000E+00	-4.55546E+03
1.01325D-01	1.90000D+00	7.75000E+02	0.00000E+00	-4.15078E+03
1.01325D-01	1.90000D+00	8.00000E+02	0.00000E+00	-3.68862E+03
1.01325D-01	1.90000D+00	8.25000E+02	0.00000E+00	-3.18610E+03
1.01325D-01	1.90000D+00	8.50000E+02	0.00000E+00	-2.67498E+03
1.01325D-01	1.90000D+00	8.75000E+02	0.00000E+00	-2.19606E+03
1.01325D-01	1.90000D+00	9.00000E+02	0.00000E+00	-1.78487E+03
1.01325D-01	1.90000D+00	9.25000E+02	0.00000E+00	-1.45764E+03
1.01325D-01	1.90000D+00	9.50000E+02	0.00000E+00	-1.20928E+03
1.01325D-01	1.90000D+00	9.75000E+02	0.00000E+00	-1.02277E+03
1.01325D-01	1.90000D+00	1.00000E+03	0.00000E+00	-8.79472E+02
1.01325D-01	1.90000D+00	1.02500E+03	0.00000E+00	-7.64500E+02
1.01325D-01	1.90000D+00	1.05000E+03	0.00000E+00	-6.67516E+02
1.01325D-01	1.90000D+00	1.07500E+03	0.00000E+00	-5.81827E+02
1.01325D-01	1.90000D+00	1.10000E+03	0.00000E+00	-5.03231E+02
1.01325D-01	1.90000D+00	1.12500E+03	0.00000E+00	-4.29108E+02
1.01325D-01	1.90000D+00	1.15000E+03	0.00000E+00	-3.57819E+02
1.01325D-01	1.90000D+00	1.17500E+03	0.00000E+00	-2.88328E+02
1.01325D-01	1.90000D+00	1.20000E+03	0.00000E+00	-2.19969E+02
1.01325D-01	1.90000D+00	1.22500E+03	0.00000E+00	-1.52308E+02
1.01325D-01	1.90000D+00	1.25000E+03	0.00000E+00	-8.50562E+01
1.01325D-01	1.90000D+00	1.27500E+03	0.00000E+00	-1.80196E+01
1.01325D-01	1.90000D+00	1.30000E+03	0.00000E+00	4.89372E+01
1.01325D-01	1.90000D+00	1.32500E+03	0.00000E+00	1.15910E+02
1.01325D-01	1.90000D+00	1.35000E+03	0.00000E+00	1.82968E+02
1.01325D-01	1.90000D+00	1.37500E+03	0.00000E+00	2.50164E+02
1.01325D-01	1.90000D+00	1.40000E+03	0.00000E+00	3.17540E+02
1.01325D-01	1.90000D+00	1.42500E+03	0.00000E+00	3.85131E+02
1.01325D-01	1.90000D+00	1.45000E+03	0.00000E+00	4.52968E+02
1.01325D-01	1.90000D+00	1.47500E+03	0.00000E+00	5.21079E+02
1.01325D-01	1.90000D+00	1.50000E+03	0.00000E+00	5.89494E+02
1.01325D-01	1.90000D+00	1.52500E+03	0.00000E+00	6.58241E+02
1.01325D-01	1.90000D+00	1.55000E+03	0.00000E+00	7.27353E+02
1.01325D-01	1.90000D+00	1.57500E+03	0.00000E+00	7.96865E+02
1.01325D-01	1.90000D+00	1.60000E+03	0.00000E+00	8.66814E+02
1.01325D-01	1.90000D+00	1.62500E+03	0.00000E+00	9.37244E+02
1.01325D-01	1.90000D+00	1.65000E+03	0.00000E+00	1.00820E+03
1.01325D-01	1.90000D+00	1.67500E+03	0.00000E+00	1.07975E+03
1.01325D-01	1.90000D+00	1.70000E+03	0.00000E+00	1.15194E+03
1.01325D-01	1.90000D+00	1.72500E+03	0.00000E+00	1.22485E+03
1.01325D-01	1.90000D+00	1.75000E+03	0.00000E+00	1.29855E+03
1.01325D-01	1.90000D+00	1.77500E+03	0.00000E+00	1.37314E+03
1.01325D-01	1.90000D+00	1.80000E+03	0.00000E+00	1.44871E+03
1.01325D-01	1.90000D+00	1.82500E+03	0.00000E+00	1.52537E+03
1.01325D-01	1.90000D+00	1.85000E+03	0.00000E+00	1.60325E+03
1.01325D-01	1.90000D+00	1.87500E+03	0.00000E+00	1.68248E+03
1.01325D-01	1.90000D+00	1.90000E+03	0.00000E+00	1.76321E+03
1.01325D-01	1.90000D+00	1.92500E+03	0.00000E+00	1.84560E+03
1.01325D-01	1.90000D+00	1.95000E+03	0.00000E+00	1.92983E+03
1.01325D-01	1.90000D+00	1.97500E+03	0.00000E+00	2.01610E+03
1.01325D-01	1.90000D+00	2.00000E+03	0.00000E+00	2.10462E+03
1.01325D-01	1.90000D+00	2.02500E+03	0.00000E+00	2.19562E+03
1.01325D-01	1.90000D+00	2.05000E+03	0.00000E+00	2.28934E+03
1.01325D-01	1.90000D+00	2.07500E+03	0.00000E+00	2.38606E+03
1.01325D-01	1.90000D+00	2.10000E+03	0.00000E+00	2.48605E+03
1.01325D-01	1.90000D+00	2.12500E+03	0.00000E+00	2.58962E+03
1.01325D-01	1.90000D+00	2.15000E+03	0.00000E+00	2.69709E+03
1.01325D-01	1.90000D+00	2.17500E+03	0.00000E+00	2.80881E+03
1.01325D-01	1.90000D+00	2.20000E+03	0.00000E+00	2.92514E+03
1.01325D-01	1.90000D+00	2.22500E+03	0.00000E+00	3.04645E+03
1.01325D-01	1.90000D+00	2.25000E+03	0.00000E+00	3.17314E+03
1.01325D-01	1.90000D+00	2.27500E+03	0.00000E+00	3.30562E+03
1.01325D-01	1.90000D+00	2.30000E+03	0.00000E+00	3.44434E+03
1.01325D-01	1.90000D+00	2.32500E+03	0.00000E+00	3.58972E+03
1.01325D-01	1.90000D+00	2.35000E+03	0.00000E+00	3.74223E+03
1.01325D-01	1.90000D+00	2.37500E+03	0.00000E+00	3.90235E+03
1.01325D-01	1.90000D+00	2.40000E+03	0.00000E+00	4.07056E+03
1.01325D-01	1.90000D+00	2.42500E+03	0.00000E+00	4.24734E+03
1.01325D-01	1.90000D+00	2.45000E+03	0.00000E+00	4.43319E+03
1.01325D-01	1.90000D+00	2.47500E+03	0.00000E+00	4.62863E+03
1.01325D-01	1.90000D+00	2.50000E+03	0.00000E+00	4.83415E+03
1.01325D-01	1.90000D+00	2.52500E+03	0.00000E+00	5.05027E+03
1.01325D-01	1.90000D+00	2.55000E+03	0.00000E+00	5.27750E+03
1.01325D-01	1.90000D+00	2.57500E+03	0.00000E+00	5.51633E+03
1.01325D-01	1.90000D+00	2.60000E+03	0.00000E+00	5.76727E+03
1.01325D-01	1.90000D+00	2.62500E+03	0.00000E+00	6.03081E+03
1.01325D-01	1.90000D+00	2.65000E+03	0.00000E+00	6.30745E+03
1.01325D-01	1.90000D+00	2.67500E+03	0.00000E+00	6.59767E+03
1.01325D-01	1.90000D+00	2.70000E+03	0.00000E+00	6.90195E+03
1.01325D-01	1.90000D+00	2.72500E+03	0.00000E+00	7.22078E+03
1.01325D-01	1.90000D+00	2.75000E+03	0.00000E+00	7.55462E+03
1.01325D-01	1.90000D+00	2.77500E+03	0.00000E+00	7.90397E+03
1.01325D-01	1.90000D+00	2.80000E+03	0.00000E+00	8.26934E+03
1.01325D-01	1.90000D+00	2.82500E+03	0.00000E+00	8.65124E+03
1.01325D-01	1.90000D+00	2.85000E+03	0.00000E+00	9.05024E+03
1.01325D-01	1.90000D+00	2.87500E+03	0.00000E+00	9.46696E+03
1.01325D-01	1.90000D+00	2.90000E+03	6.14465E-03	9.90207E+03
1.01325D-01	1.90000D+00	2.92500E+03	2.18022E-02	1.03563E+04
1.01325D-01	1.90000D+00	2.95000E+03	3.89022E-02	1.08306E+04
1.01325D-01	1.90000D+00	2.97500E+03	5.77780E-02	1.13260E+04
1.01325D-01	1.90000D+00	3.00000E+03	7.88572E-02	1.18435E+04
1.01325D-01	1.90000D+00	3.02500E+03	1.02687E-01	1.23846E+04
1.01325D-01	1.90000D+00	3.05000E+03	1.29964E-01	1.29508E+04
1.01325D-01	1.90000D+00	3.07500E+03	1.61575E-01	1.35436E+04
1.01325D-01	1.90000D+00	3.10000E+03	1.98645E-01	1.41651E+04
1.01325D-01	1.90000D+00	3.12500E+03	2.42600E-01	1.48172E+04
1.01325D-01	1.90000D+00	3.15000E+03	2.95252E-01	1.55018E+04
1.01325D-01	1.90000D+00	3.17500E+03	3.58902E-01	1.62208E+04
1.01325D-01	1.90000D+00	3.20000E+03	4.36489E-01	1.69757E+04
1.01325D-01	1.90000D+00	3.22500E+03	5.31776E-01	1.77674E+04
1.01325D-01	1.90000D+00	3.25000E+03	6.49629E-01	1.85958E+04
1.01325D-01	1.90000D+00	3.27500E+03	7.96385E-01	1.94593E+04
1.01325D-01	1.90000D+00	3.30000E+03	9.80415E-01	2.03543E+04
1.01325D-01	1.90000D+00	3.32500E+03	1.21293E+00	2.12750E+04
1.01325D-01	1.90000D+00	3.35000E+03	1.50926E+00	2.22126E+04
1.01325D-01	1.90000D+00	3.37500E+03	1.89083E+00	2.31554E+04
1.01325D-01	1.90000D+00	3.40000E+03	2.38851E+00	2.40889E+04
1.01325D-01	1.90000D+00	3.42500E+03	3.04832E+00	2.49964E+04
1.01325D-01	1.90000D+00	3.45000E+03	3.94206E+00	2.58596E+04
1.01325D-01	1.90000D+00	3.47500E+03	5.18804E+00	2.66599E+04
1.01325D-01	1.90000D+00	3.50000E+03	6.99593E+00	2.73798E+04
1.01325D-01	1.90000D+00	3.52500E+03	9.77541E+00	2.80039E+04
1.01325D-01	1.90000D+00	3.55000E+03	1.44475E+01	2.85196E+04
1.01325D-01	1.90000D+00	3.57500E+03	2.35959E+01	2.89168E+04
1.01325D-01	1.90000D+00	3.60000E+03	4.82344E+01	2.91860E+04
1.01325D-01	1.90000D+00	3.62500E+03	4.82344E+01	2.91860E+04
1.01325D-01	1.90000D+00	3.65000E+03	4.82344E+01	2.91860E+04
1.01325D-01	1.90000D+00	3.67500E+03	4.82344E+01	2.91860E+04
1.01325D-01	1.90000D+00	3.70000E+03	4.82344E+01	2.91860E+04
1.01325D-01	1.90000D+00	3.72500E+03	4.82344E+01	2.91860E+04
1.01325D-01	1.90000D+00	3.75000E+03	4.82344E+01	2.91860E+04
1.01325D-01	1.90000D+00	3.77500E+03	4.82344E+01	2.91860E+04
1.01325D-01	1.90000D+00	3.80000E+03	4.82344E+01	2.91860E+04
1.01325D-01	1.90000D+00	3.82500E+03	4.82344E+01	2.91860E+04
1.01325D-01	1.90000D+00	3.85000E+03	4.82344E+01	2.91860E+04
1.01325D-01	1.90000D+00	3.87500E+03	4.82344E+01	2.91860E+04
1.01325D-01	1.90000D+00	3.90000E+03	4.82344E+01	2.91860E+04
1.01325D-01	1.90000D+00	3.92500E+03	4.82344E+01	2.91860E+04
1.01325D-01	1.90000D+00	3.95000E+03	4.82344E+01	2.91860E+04
1.01325D-01	1.90000D+00	3.97500E+03	4.82344E+01	2.91860E+04
1.01325D-01	1.90000D+00	4.00000E+03	4.82344E+01	2.91860E+04
p (bar)	B'g	Temp (K)	B'c	Hw (kJ/kg)
1.01325D-01	2.40000D+00	2.50000E+02	0.00000E+00	-7.40955E+03
1.01325D-01	2.40000D+00	2.75000E+02	0.00000E+00	-7.35239E+03
1.01325D-01	2.40000D+00	3.00000E+02	0.00000E+00	-7.28830E+03
1.01325D-01	2.40000D+00	3.25000E+02	0.00000E+00	-7.21740E+03
1.01325D-01	2.40000D+00	3.50000E+02	0.00000E+00	-7.14064E+03
1.01325D-01	2.40000D+00	3.75000E+02	0.00000E+00	-7.05943E+03
1.01325D-01	2.40000D+00	4.00000E+02	0.00000E+00	-6.97522E+03
1.01325D-01	2.40000D+00	4.25000E+02	0.00000E+00	-6.88917E+03
1.01325D-01	2.40000D+00	4.50000E+02	0.00000E+00	-6.80196E+03
1.01325D-01	2.40000D+00	4.75000E+02	0.00000E+00	-6.71368E+03
1.01325D-01	2.40000D+00	5.00000E+02	0.00000E+00	-6.62380E+03
1.01325D-01	2.40000D+00	5.25000E+02	0.00000E+00	-6.53106E+03
1.01325D-01	2.40000D+00	5.50000E+02	0.00000E+00	-6.43343E+03
1.01325D-01	2.40000D+00	5.75000E+02	0.00000E+00	-6.32786E+03
1.01325D-01	2.40000D+00	6.00000E+02	0.00000E+00	-6.21008E+03
1.01325D-01	2.40000D+00	6.25000E+02	0.00000E+00	-6.07430E+03
1.01325D-01	2.40000D+00	6.50000E+02	0.00000E+00	-5.91297E+03
1.01325D-01	2.40000D+00	6.75000E+02	0.00000E+00	-5.71686E+03
1.01325D-01	2.40000D+00	7.00000E+02	0.00000E+00	-5.47552E+03
1.01325D-01	2.40000D+00	7.25000E+02	0.00000E+00	-5.17843E+03
1.01325D-01	2.40000D+00	7.50000E+02	0.00000E+00	-4.81693E+03
1.01325D-01	2.40000D+00	7.75000E+02	0.00000E+00	-4.38716E+03
1.01325D-01	2.40000D+00	8.00000E+02	0.00000E+00	-3.89443E+03
1.01325D-01	2.40000D+00	8.25000E+02	0.00000E+00	-3.35797E+03
1.01325D-01	2.40000D+00	8.50000E+02	0.00000E+00	-2.81264E+03
1.01325D-01	2.40000D+00	8.75000E+02	0.00000E+00	-2.30240E+03
1.01325D-01	2.40000D+00	9.00000E+02	0.00000E+00	-1.86498E+03
1.01325D-01	2.40000D+00	9.25000E+02	0.00000E+00	-1.51725E+03
1.01325D-01	2.40000D+00	9.50000E+02	0.00000E+00	-1.25351E+03
1.01325D-01	2.40000D+00	9.75000E+02	0.00000E+00	-1.05549E+03
1.01325D-01	2.40000D+00	1.00000E+03	0.00000E+00	-9.03416E+02
1.01325D-01	2.40000D+00	1.02500E+03	0.00000E+00	-7.81462E+02
1.01325D-01	2.40000D+00	1.05000E+03	0.00000E+00	-6.78666E+02
1.01325D-01	2.40000D+00	1.07500E+03	0.00000E+00	-5.87921E+02
1.01325D-01	2.40000D+00	1.10000E+03	0.00000E+00	-5.04759E+02
1.01325D-01	2.40000D+00	1.12500E+03	0.00000E+00	-4.26390E+02
1.01325D-01	2.40000D+00	1.15000E+03	0.00000E+00	-3.51066E+02
1.01325D-01	2.40000D+00	1.17500E+03	0.00000E+00	-2.77679E+02
1.01325D-01	2.40000D+00	1.20000E+03	0.00000E+00	-2.05517E+02
1.01325D-01	2.40000D+00	1.22500E+03	0.00000E+00	-1.34114E+02
1.01325D-01	2.40000D+00	1.25000E+03	0.00000E+00	-6.31626E+01
1.01325D-01	2.40000D+00	1.27500E+03	0.00000E+00	7.54867E+00
1.01325D-01	2.40000D+00	1.30000E+03	0.00000E+00	7.81644E+01
1.01325D-01	2.40000D+00	1.32500E+03	0.00000E+00	1.48787E+02
1.01325D-01	2.40000D+00	1.35000E+03	0.00000E+00	2.19493E+02
1.01325D-01	2.40000D+00	1.37500E+03	0.00000E+00	2.90337E+02
1.01325D-01	2.40000D+00	1.40000E+03	0.00000E+00	3.61365E+02
1.01325D-01	2.40000D+00	1.42500E+03	0.00000E+00	4.32613E+02
1.01325D-01	2.40000D+00	1.45000E+03	0.00000E+00	5.04116E+02
1.01325D-01	2.40000D+00	1.47500E+03	0.00000E+00	5.75902E+02
1.01325D-01	2.40000D+00	1.50000E+03	0.00000E+00	6.48003E+02
1.01325D-01	2.40000D+00	1.52500E+03	0.00000E+00	7.20449E+02
1.01325D-01	2.40000D+00	1.55000E+03	0.00000E+00	7.93273E+02
1.01325D-01	2.40000D+00	1.57500E+03	0.00000E+00	8.66513E+02
1.01325D-01	2.40000D+00	1.60000E+03	0.00000E+00	9.40208E+02
1.01325D-01	2.40000D+00	1.62500E+03	0.00000E+00	1.01440E+03
1.01325D-01	2.40000D+00	1.65000E+03	0.00000E+00	1.08915E+03
1.01325D-01	2.40000D+00	1.67500E+03	0.00000E+00	1.16451E+03
1.01325D-01	2.40000D+00	1.70000E+03	0.00000E+00	1.24054E+03
1.01325D-01	2.40000D+00	1.72500E+03	0.00000E+00	1.31733E+03
1.01325D-01	2.40000D+00	1.75000E+03	0.00000E+00	1.39495E+03
1.01325D-01	2.40000D+00	1.77500E+03	0.00000E+00	1.47349E+03
1.01325D-01	2.40000D+00	1.80000E+03	0.00000E+00	1.55307E+03
1.01325D-01	2.40000D+00	1.82500E+03	0.00000E+00	1.63379E+03
1.01325D-01	2.40000D+00	1.85000E+03	0.00000E+00	1.71579E+03
1.01325D-01	2.40000D+00	1.87500E+03	0.00000E+00	1.79922E+03
1.01325D-01	2.40000D+00	1.90000E+03	0.00000E+00	1.88423E+03
1.01325D-01	2.40000D+00	1.92500E+03	0.00000E+00	1.97099E+03
1.01325D-01	2.40000D+00	1.95000E+03	0.00000E+00	2.05971E+03
1.01325D-01	2.40000D+00	1.97500E+03	0.00000E+00	2.15058E+03
1.01325D-01	2.40000D+00	2.00000E+03	0.00000E+00	2.24383E+03
1.01325D-01	2.40000D+00	2.02500E+03	0.00000E+00	2.33971E+03
1.01325D-01	2.40000D+00	2.05000E+03	0.00000E+00	2.43849E+03
1.01325D-01	2.40000D+00	2.07500E+03	0.00000E+00	2.54044E+03
1.01325D-01	2.40000D+00	2.10000E+03	0.00000E+00	2.64588E+03
1.01325D-01	2.40000D+00	2.12500E+03	0.00000E+00	2.75513E+03
1.01325D-01	2.40000D+00	2.15000E+03	0.00000E+00	2.86854E+03
1.01325D-01	2.40000D+00	2.17500E+03	0.00000E+00	2.98648E+03
1.01325D-01	2.40000D+00	2.20000E+03	0.00000E+00	3.10933E+03
1.01325D-01	2.40000D+00	2.22500E+03	0.00000E+00	3.23750E+03
1.01325D-01	2.40000D+00	2.25000E+03	0.00000E+00	3.37141E+03
1.01325D-01	2.40000D+00	2.27500E+03	0.00000E+00	3.51153E+03
1.01325D-01	2.40000D+00	2.30000E+03	0.00000E+00	3.65830E+03
1.01325D-01	2.40000D+00	2.32500E+03	0.00000E+00	3.81221E+03
1.01325D-01	2.40000D+00	2.35000E+03	0.00000E+00	3.97375E+03
1.01325D-01	2.40000D+00	2.37500E+03	0.00000E+00	4.14344E+03
1.01325D-01	2.40000D+00	2.40000E+03	0.00000E+00	4.32180E+03
1.01325D-01	2.40000D+00	2.42500E+03	0.00000E+00	4.50935E+03
1.01325D-01	2.40000D+00	2.45000E+03	0.00000E+00	4.70663E+03
1.01325D-01	2.40000D+00	2.47500E+03	0.00000E+00	4.91420E+03
1.01325D-01	2.40000D+00	2.50000E+03	0.00000E+00	5.13260E+03
1.01325D-01	2.40000D+00	2.52500E+03	0.00000E+00	5.36238E+03
1.01325D-01	2.40000D+00	2.55000E+03	0.00000E+00	5.60409E+03
1.01325D-01	2.40000D+00	2.57500E+03	0.00000E+00	5.85827E+03
1.01325D-01	2.40000D+00	2.60000E+03	0.00000E+00	6.12548E+03
1.01325D-01	2.40000D+00	2.62500E+03	0.00000E+00	6.40624E+03
1.01325D-01	2.40000D+00	2.65000E+03	0.00000E+00	6.70108E+03
1.01325D-01	2.40000D+00	2.67500E+03	0.00000E+00	7.01054E+03
1.01325D-01	2.40000D+00	2.70000E+03	0.00000E+00	7.33513E+03
1.01325D-01	2.40000D+00	2.72500E+03	0.00000E+00	7.67536E+03
1.01325D-01	2.40000D+00	2.75000E+03	0.00000E+00	8.03174E+03
1.01325D-01	2.40000D+00	2.77500E+03	0.00000E+00	8.40480E+03
1.01325D-01	2.40000D+00	2.80000E+03	0.00000E+00	8.79505E+03
1.01325D-01	2.40000D+00	2.82500E+03	0.00000E+00	9.20304E+03
1.01325D-01	2.40000D+00	2.85000E+03	0.00000E+00	9.62935E+03
1.01325D-01	2.40000D+00	2.87500E+03	0.00000E+00	1.00746E+04
1.01325D-01	2.40000D+00	2.90000E+03	0.00000E+00	1.05394E+04
1.01325D-01	2.40000D+00	2.92500E+03	0.00000E+00	1.10246E+04
1.01325D-01	2.40000D+00	2.95000E+03	0.00000E+00	1.15309E+04
1.01325D-01	2.40000D+00	2.97500E+03	7.20790E-03	1.20593E+04
1.01325D-01	2.40000D+00	3.00000E+03	3.28831E-02	1.26108E+04
1.01325D-01	2.40000D+00	3.02500E+03	6.19244E-02	1.31867E+04
1.01325D-01	2.40000D+00	3.05000E+03	9.51822E-02	1.37881E+04
1.01325D-01	2.40000D+00	3.07500E+03	1.33738E-01	1.44165E+04
1.01325D-01	2.40000D+00	3.10000E+03	1.78966E-01	1.50733E+04
1.01325D-01	2.40000D+00	3.12500E+03	2.32609E-01	1.57600E+04
1.01325D-01	2.40000D+00	3.15000E+03	2.96879E-01	1.64779E+04
1.01325D-01	2.40000D+00	3.17500E+03	3.74593E-01	1.72280E+04
1.01325D-01	2.40000D+00	3.20000E+03	4.69343E-01	1.80106E+04
1.01325D-01	2.40000D+00	3.22500E+03	5.85738E-01	1.88254E+04
1.01325D-01	2.40000D+00	3.25000E+03	7.29731E-01	1.96708E+04
1.01325D-01	2.40000D+00	3.27500E+03	9.09086E-01	2.05433E+04
1.01325D-01	2.40000D+00	3.30000E+03	1.13405E+00	2.14376E+04
1.01325D-01	2.40000D+00	3.32500E+03	1.41837E+00	2.23458E+04
1.01325D-01	2.40000D+00	3.35000E+03	1.78082E+00	2.32574E+04
1.01325D-01	2.40000D+00	3.37500E+03	2.24766E+00	2.41593E+04
1.01325D-01	2.40000D+00	3.40000E+03	2.85672E+00	2.50360E+04
1.01325D-01	2.40000D+00	3.42500E+03	3.66441E+00	2.58709E+04
1.01325D-01	2.40000D+00	3.45000E+03	4.75867E+00	2.66464E+04
1.01325D-01	2.40000D+00	3.47500E+03	6.28447E+00	2.73463E+04
1.01325D-01	2.40000D+00	3.50000E+03	8.49856E+00	2.79559E+04
1.01325D-01	2.40000D+00	3.52500E+03	1.19025E+01	2.84636E+04
1.01325D-01	2.40000D+00	3.55000E+03	1.76232E+01	2.88609E+04
1.01325D-01	2.40000D+00	3.57500E+03	2.88189E+01	2.91419E+04
1.01325D-01	2.40000D+00	3.60000E+03	5.89353E+01	2.93017E+04
1.01325D-01	2.40000D+00	3.62500E+03	5.89353E+01	2.93017E+04
1.01325D-01	2.40000D+00	3.65000E+03	5.89353E+01	2.93017E+04
1.01325D-01	2.40000D+00	3.67500E+03	5.89353E+01	2.93017E+04
1.01325D-01	2.40000D+00	3.70000E+03	5.89353E+01	2.93017E+04
1.01325D-01	2.40000D+00	3.72500E+03	5.89353E+01	2.93017E+04
1.01325D-01	2.40000D+00	3.75000E+03	5.89353E+01	2.93017E+04
1.01325D-01	2.40000D+00	3.77500E+03	5.89353E+01	2.93017E+04
1.01325D-01	2.40000D+00	3.80000E+03	5.89353E+01	2.93017E+04
1.01325D-01	2.40000D+00	3.82500E+03	5.89353E+01	2.93017E+04
1.01325D-01	2.40000D+00	3.85000E+03	5.89353E+01	2.93017E+04
1.01325D-01	2.40000D+00	3.87500E+03	5.89353E+01	2.93017E+04
1.01325D-01	2.40000D+00	3.90000E+03	5.89353E+01	2.93017E+04
1.01325D-01	2.40000D+00	3.92500E+03	5.89353E+01	2.93017E+04
1.01325D-01	2.40000D+00	3.95000E+03	5.89353E+01	2.93017E+04
1.01325D-01	2.40000D+00	3.97500E+03	5.89353E+01	2.93017E+04
1.01325D-01	2.40000D+00	4.00000E+03	5.89353E+01	2.93017E+04
p (bar)	B'g	Temp (K)	B'c	Hw (kJ/kg)
1.01325D-01	3.00000D+00	2.50000E+02	0.00000E+00	-7.69922E+03
1.01325D-01	3.00000D+00	2.75000E+02	0.00000E+00	-7.64115E+03
1.01325D-01	3.00000D+00	3.00000E+02	0.00000E+00	-7.57611E+03
1.01325D-01	3.00000D+00	3.25000E+02	0.00000E+00	-7.50412E+03
1.01325D-01	3.00000D+00	3.50000E+02	0.00000E+00	-7.42608E+03
1.01325D-01	3.00000D+00	3.75000E+02	0.00000E+00	-7.34336E+03
1.01325D-01	3.00000D+00	4.00000E+02	0.00000E+00	-7.25742E+03
1.01325D-01	3.00000D+00	4.25000E+02	0.00000E+00	-7.16949E+03
1.01325D-01	3.00000D+00	4.50000E+02	0.00000E+00	-7.08037E+03
1.01325D-01	3.00000D+00	4.75000E+02	0.00000E+00	-6.99028E+03
1.01325D-01	3.00000D+00	5.00000E+02	0.00000E+00	-6.89879E+03
1.01325D-01	3.00000D+00	5.25000E+02	0.00000E+00	-6.80480E+03
1.01325D-01	3.00000D+00	5.50000E+02	0.00000E+00	-6.70633E+03
1.01325D-01	3.00000D+00	5.75000E+02	0.00000E+00	-6.60035E+03
1.01325D-01	3.00000D+00	6.00000E+02	0.00000E+00	-6.48249E+03
1.01325D-01	3.00000D+00	6.25000E+02	0.00000E+00	-6.34659E+03
1.01325D-01	3.00000D+00	6.50000E+02	0.00000E+00	-6.18448E+03
1.01325D-01	3.00000D+00	6.75000E+02	0.00000E+00	-5.98587E+03
1.01325D-01	3.00000D+00	7.00000E+02	0.00000E+00	-5.73892E+03
1.01325D-01	3.00000D+00	7.25000E+02	0.00000E+00	-5.43161E+03
1.01325D-01	3.00000D+00	7.50000E+02	0.00000E+00	-5.05409E+03
1.01325D-01	3.00000D+00	7.75000E+02	0.00000E+00	-4.60215E+03
1.01325D-01	3.00000D+00	8.00000E+02	0.00000E+00	-4.08188E+03
1.01325D-01	3.00000D+00	8.25000E+02	0.00000E+00	-3.51456E+03
1.01325D-01	3.00000D+00	8.50000E+02	0.00000E+00	-2.93798E+03
1.01325D-01	3.00000D+00	8.75000E+02	0.00000E+00	-2.39913E+03
1.01325D-01	3.00000D+00	9.00000E+02	0.00000E+00	-1.93777E+03
1.01325D-01	3.00000D+00	9.25000E+02	0.00000E+00	-1.57138E+03
1.01325D-01	3.00000D+00	9.50000E+02	0.00000E+00	-1.29364E+03
1.01325D-01	3.00000D+00	9.75000E+02	0.00000E+00	-1.08519E+03
1.01325D-01	3.00000D+00	1.00000E+03	0.00000E+00	-9.25140E+02
1.01325D-01	3.00000D+00	1.02500E+03	0.00000E+00	-7.96853E+02
1.01325D-01	3.00000D+00	1.05000E+03	0.00000E+00	-6.88787E+02
1.01325D-01	3.00000D+00	1.07500E+03	0.00000E+00	-5.93458E+02
1.01325D-01	3.00000D+00	1.10000E+03	0.00000E+00	-5.06155E+02
1.01325D-01	3.00000D+00	1.12500E+03	0.00000E+00	-4.23935E+02
1.01325D-01	3.00000D+00	1.15000E+03	0.00000E+00	-3.44951E+02
1.01325D-01	3.00000D+00	1.17500E+03	0.00000E+00	-2.68031E+02
1.01325D-01	3.00000D+00	1.20000E+03	0.00000E+00	-1.92421E+02
1.01325D-01	3.00000D+00	1.22500E+03	0.00000E+00	-1.17626E+02
1.01325D-01	3.00000D+00	1.25000E+03	0.00000E+00	-4.33193E+01
1.01325D-01	3.00000D+00	1.27500E+03	0.00000E+00	3.07233E+01
1.01325D-01	3.00000D+00	1.30000E+03	0.00000E+00	1.04656E+02
1.01325D-01	3.00000D+00	1.32500E+03	0.00000E+00	1.78587E+02
1.01325D-01	3.00000D+00	1.35000E+03	0.00000E+00	2.52598E+02
1.01325D-01	3.00000D+00	1.37500E+03	0.00000E+00	3.26747E+02
1.01325D-01	3.00000D+00	1.40000E+03	0.00000E+00	4.01083E+02
1.01325D-01	3.00000D+00	1.42500E+03	0.00000E+00	4.75644E+02
1.01325D-01	3.00000D+00	1.45000E+03	0.00000E+00	5.50464E+02
1.01325D-01	3.00000D+00	1.47500E+03	0.00000E+00	6.25577E+02
1.01325D-01	3.00000D+00	1.50000E+03	0.00000E+00	7.01013E+02
1.01325D-01	3.00000D+00	1.52500E+03	0.00000E+00	7.76804E+02
1.01325D-01	3.00000D+00	1.55000E+03	0.00000E+00	8.52985E+02
1.01325D-01	3.00000D+00	1.57500E+03	0.00000E+00	9.29594E+02
1.01325D-01	3.00000D+00	1.60000E+03	0.00000E+00	1.00667E+03
1.01325D-01	3.00000D+00	1.62500E+03	0.00000E+00	1.08427E+03
1.01325D-01	3.00000D+00	1.65000E+03	0.00000E+00	1.16244E+03
1.01325D-01	3.00000D+00	1.67500E+03	0.00000E+00	1.24123E+03
1.01325D-01	3.00000D+00	1.70000E+03	0.00000E+00	1.32073E+03
1.01325D-01	3.00000D+00	1.72500E+03	0.00000E+00	1.40101E+03
1.01325D-01	3.00000D+00	1.75000E+03	0.00000E+00	1.48215E+03
1.01325D-01	3.00000D+00	1.77500E+03	0.00000E+00	1.56425E+03
1.01325D-01	3.00000D+00	1.80000E+03	0.00000E+00	1.64743E+03
1.01325D-01	3.00000D+00	1.82500E+03	0.00000E+00	1.73180E+03
1.01325D-01	3.00000D+00	1.85000E+03	0.00000E+00	1.81750E+03
1.01325D-01	3.00000D+00	1.87500E+03	0.00000E+00	1.90469E+03
1.01325D-01	3.00000D+00	1.90000E+03	0.00000E+00	1.99354E+03
1.01325D-01	3.00000D+00	1.92500E+03	0.00000E+00	2.08422E+03
1.01325D-01	3.00000D+00	1.95000E+03	0.00000E+00	2.17694E+03
1.01325D-01	3.00000D+00	1.97500E+03	0.00000E+00	2.27192E+03
1.01325D-01	3.00000D+00	2.00000E+03	0.00000E+00	2.36940E+03
1.01325D-01	3.00000D+00	2.02500E+03	0.00000E+00	2.46964E+03
1.01325D-01	3.00000D+00	2.05000E+03	0.00000E+00	2.57293E+03
1.01325D-01	3.00000D+00	2.07500E+03	0.00000E+00	2.67955E+03
1.01325D-01	3.00000D+00	2.10000E+03	0.00000E+00	2.78985E+03
1.01325D-01	3.00000D+00	2.12500E+03	0.00000E+00	2.90416E+03
1.01325D-01	3.00000D+00	2.15000E+03	0.00000E+00	3.02286E+03
1.01325D-01	3.00000D+00	2.17500E+03	0.00000E+00	3.14633E+03
1.01325D-01	3.00000D+00	2.20000E+03	0.00000E+00	3.27498E+03
1.01325D-01	3.00000D+00	2.22500E+03	0.00000E+00	3.40925E+03
1.01325D-01	3.00000D+00	2.25000E+03	0.00000E+00	3.54960E+03
1.01325D-01	3.00000D+00	2.27500E+03	0.00000E+00	3.69650E+03
1.01325D-01	3.00000D+00	2.30000E+03	0.00000E+00	3.85044E+03
1.01325D-01	3.00000D+00	2.32500E+03	0.00000E+00	4.01194E+03
1.01325D-01	3.00000D+00	2.35000E+03	0.00000E+00	4.18153E+03
1.01325D-01	3.00000D+00	2.37500E+03	0.00000E+00	4.35974E+03
1.01325D-01	3.00000D+00	2.40000E+03	0.00000E+00	4.54713E+03
1.01325D-01	3.00000D+00	2.42500E+03	0.00000E+00	4.74428E+03
1.01325D-01	3.00000D+00	2.45000E+03	0.00000E+00	4.95175E+03
1.01325D-01	3.00000D+00	2.47500E+03	0.00000E+00	5.17014E+03
1.01325D-01	3.00000D+00	2.50000E+03	0.00000E+00	5.40002E+03
1.01325D-01	3.00000D+00	2.52500E+03	0.00000E+00	5.64198E+03
1.01325D-01	3.00000D+00	2.55000E+03	0.00000E+00	5.89662E+03
1.01325D-01	3.00000D+00	2.57500E+03	0.00000E+00	6.16452E+03
1.01325D-01	3.00000D+00	2.60000E+03	0.00000E+00	6.44626E+03
1.01325D-01	3.00000D+00	2.62500E+03	0.00000E+00	6.74240E+03
1.01325D-01	3.00000D+00	2.65000E+03	0.00000E+00	7.05353E+03
1.01325D-01	3.00000D+00	2.67500E+03	0.00000E+00	7.38019E+03
1.01325D-01	3.00000D+00	2.70000E+03	0.00000E+00	7.72294E+03
1.01325D-01	3.00000D+00	2.72500E+03	0.00000E+00	8.08232E+03
1.01325D-01	3.00000D+00	2.75000E+03	0.00000E+00	8.45888E+03
1.01325D-01	3.00000D+00	2.77500E+03	0.00000E+00	8.85314E+03
1.01325D-01	3.00000D+00	2.80000E+03	0.00000E+00	9.26567E+03
1.01325D-01	3.00000D+00	2.82500E+03	0.00000E+00	9.69701E+03
1.01325D-01	3.00000D+00	2.85000E+03	0.00000E+00	1.01478E+04
1.01325D-01	3.00000D+00	2.87500E+03	0.00000E+00	1.06185E+04
1.01325D-01	3.00000D+00	2.90000E+03	0.00000E+00	1.11099E+04
1.01325D-01	3.00000D+00	2.92500E+03	0.00000E+00	1.16227E+04
1.01325D-01	3.00000D+00	2.95000E+03	0.00000E+00	1.21576E+04
1.01325D-01	3.00000D+00	2.97500E+03	0.00000E+00	1.27154E+04
1.01325D-01	3.00000D+00	3.00000E+03	0.00000E+00	1.32972E+04
1.01325D-01	3.00000D+00	3.02500E+03	1.05189E-02	1.39039E+04
1.01325D-01	3.00000D+00	3.05000E+03	5.08744E-02	1.45365E+04
1.01325D-01	3.00000D+00	3.07500E+03	9.76856E-02	1.51962E+04
1.01325D-01	3.00000D+00	3.10000E+03	1.52625E-01	1.58840E+04
1.01325D-01	3.00000D+00	3.12500E+03	2.17814E-01	1.66009E+04
1.01325D-01	3.00000D+00	3.15000E+03	2.95949E-01	1.73474E+04
1.01325D-01	3.00000D+00	3.17500E+03	3.90462E-01	1.81237E+04
1.01325D-01	3.00000D+00	3.20000E+03	5.05730E-01	1.89293E+04
1.01325D-01	3.00000D+00	3.22500E+03	6.47374E-01	1.97625E+04
1.01325D-01	3.00000D+00	3.25000E+03	8.22655E-01	2.06202E+04
1.01325D-01	3.00000D+00	3.27500E+03	1.04105E+00	2.14976E+04
1.01325D-01	3.00000D+00	3.30000E+03	1.31505E+00	2.23875E+04
1.01325D-01	3.00000D+00	3.32500E+03	1.66145E+00	2.32805E+04
1.01325D-01	3.00000D+00	3.35000E+03	2.10314E+00	2.41647E+04
1.01325D-01	3.00000D+00	3.37500E+03	2.67220E+00	2.50259E+04
1.01325D-01	3.00000D+00	3.40000E+03	3.41478E+00	2.58483E+04
1.01325D-01	3.00000D+00	3.42500E+03	4.39974E+00	2.66155E+04
1.01325D-01	3.00000D+00	3.45000E+03	5.73441E+00	2.73115E+04
1.01325D-01	3.00000D+00	3.47500E+03	7.59566E+00	2.79220E+04
1.01325D-01	3.00000D+00	3.50000E+03	1.02967E+01	2.84352E+04
1.01325D-01	3.00000D+00	3.52500E+03	1.44491E+01	2.88430E+04
1.01325D-01	3.00000D+00	3.55000E+03	2.14263E+01	2.91403E+04
1.01325D-01	3.00000D+00	3.57500E+03	3.50749E+01	2.93249E+04
1.01325D-01	3.00000D+00	3.60000E+03	7.17513E+01	2.93951E+04
1.01325D-01	3.00000D+00	3.62500E+03	7.17513E+01	2.93951E+04
1.01325D-01	3.00000D+00	3.65000E+03	7.17513E+01	2.93951E+04
1.01325D-01	3.00000D+00	3.67500E+03	7.17513E+01	2.93951E+04
1.01325D-01	3.00000D+00	3.70000E+03	7.17513E+01	2.93951E+04
1.01325D-01	3.00000D+00	3.72500E+03	7.17513E+01	2.93951E+04
1.01325D-01	3.00000D+00	3.75000E+03	7.17513E+01	2.93951E+04
1.01325D-01	3.00000D+00	3.77500E+03	7.17513E+01	2.93951E+04
1.01325D-01	3.00000D+00	3.80000E+03	7.17513E+01	2.93951E+04
1.01325D-01	3.00000D+00	3.82500E+03	7.17513E+01	2.93951E+04
1.01325D-01	3.00000D+00	3.85000E+03	7.17513E+01	2.93951E+04
1.01325D-01	3.00000D+00	3.87500E+03	7.17513E+01	2.93951E+04
1.01325D-01	3.00000D+00	3.90000E+03	7.17513E+01	2.93951E+04
1.01325D-01	3.00000D+00	3.92500E+03	7.17513E+01	2.93951E+04
1.01325D-01	3.00000D+00	3.95000E+03	7.17513E+01	2.93951E+04
1.01325D-01	3.00000D+00	3.97500E+03	7.17513E+01	2.93951E+04
1.01325D-01	3.00000D+00	4.00000E+03	7.17513E+01	2.93951E+04
p (bar)	B'g	Temp (K)	B'c	Hw (kJ/kg)
1.01325D-01	4.00000D+00	2.50000E+02	0.00000E+00	-8.03271E+03
1.01325D-01	4.00000D+00	2.75000E+02	0.00000E+00	-7.97350E+03
1.01325D-01	4.00000D+00	3.00000E+02	0.00000E+00	-7.90723E+03
1.01325D-01	4.00000D+00	3.25000E+02	0.00000E+00	-7.83386E+03
1.01325D-01	4.00000D+00	3.50000E+02	0.00000E+00	-7.75422E+03
1.01325D-01	4.00000D+00	3.75000E+02	0.00000E+00	-7.66964E+03
1.01325D-01	4.00000D+00	4.00000E+02	0.00000E+00	-7.58165E+03
1.01325D-01	4.00000D+00	4.25000E+02	0.00000E+00	-7.49154E+03
1.01325D-01	4.00000D+00	4.50000E+02	0.00000E+00	-7.40023E+03
1.01325D-01	4.00000D+00	4.75000E+02	0.00000E+00	-7.30811E+03
1.01325D-01	4.00000D+00	5.00000E+02	0.00000E+00	-7.21492E+03
1.01325D-01	4.00000D+00	5.25000E+02	0.00000E+00	-7.11969E+03
1.01325D-01	4.00000D+00	5.50000E+02	0.00000E+00	-7.02057E+03
1.01325D-01	4.00000D+00	5.75000E+02	0.00000E+00	-6.91460E+03
1.01325D-01	4.00000D+00	6.00000E+02	0.00000E+00	-6.79727E+03
1.01325D-01	4.00000D+00	6.25000E+02	0.00000E+00	-6.66210E+03
1.01325D-01	4.00000D+00	6.50000E+02	0.00000E+00	-6.50016E+03
1.01325D-01	4.00000D+00	6.75000E+02	0.00000E+00	-6.29992E+03
1.01325D-01	4.00000D+00	7.00000E+02	0.00000E+00	-6.04780E+03
1.01325D-01	4.00000D+00	7.25000E+02	0.00000E+00	-5.72981E+03
1.01325D-01	4.00000D+00	7.50000E+02	0.00000E+00	-5.33450E+03
1.01325D-01	4.00000D+00	7.75000E+02	0.00000E+00	-4.85704E+03
1.01325D-01	4.00000D+00	8.00000E+02	0.00000E+00	-4.30446E+03
1.01325D-01	4.00000D+00	8.25000E+02	0.00000E+00	-3.70055E+03
1.01325D-01	4.00000D+00	8.50000E+02	0.00000E+00	-3.08678E+03
1.01325D-01	4.00000D+00	8.75000E+02	0.00000E+00	-2.51383E+03
1.01325D-01	4.00000D+00	9.00000E+02	0.00000E+00	-2.02400E+03
1.01325D-01	4.00000D+00	9.25000E+02	0.00000E+00	-1.63545E+03
1.01325D-01	4.00000D+00	9.50000E+02	0.00000E+00	-1.34112E+03
1.01325D-01	4.00000D+00	9.75000E+02	0.00000E+00	-1.12030E+03
1.01325D-01	4.00000D+00	1.00000E+03	0.00000E+00	-9.50831E+02
1.01325D-01	4.00000D+00	1.02500E+03	0.00000E+00	-8.15057E+02
1.01325D-01	4.00000D+00	1.05000E+03	0.00000E+00	-7.00761E+02
1.01325D-01	4.00000D+00	1.07500E+03	0.00000E+00	-6.00013E+02
1.01325D-01	4.00000D+00	1.10000E+03	0.00000E+00	-5.07816E+02
1.01325D-01	4.00000D+00	1.12500E+03	0.00000E+00	-4.21044E+02
1.01325D-01	4.00000D+00	1.15000E+03	0.00000E+00	-3.37735E+02
1.01325D-01	4.00000D+00	1.17500E+03	0.00000E+00	-2.56639E+02
1.01325D-01	4.00000D+00	1.20000E+03	0.00000E+00	-1.76953E+02
1.01325D-01	4.00000D+00	1.22500E+03	0.00000E+00	-9.81489E+01
1.01325D-01	4.00000D+00	1.25000E+03	0.00000E+00	-1.98769E+01
1.01325D-01	4.00000D+00	1.27500E+03	0.00000E+00	5.81020E+01
1.01325D-01	4.00000D+00	1.30000E+03	0.00000E+00	1.35953E+02
1.01325D-01	4.00000D+00	1.32500E+03	0.00000E+00	2.13793E+02
1.01325D-01	4.00000D+00	1.35000E+03	0.00000E+00	2.91707E+02
1.01325D-01	4.00000D+00	1.37500E+03	0.00000E+00	3.69759E+02
1.01325D-01	4.00000D+00	1.40000E+03	0.00000E+00	4.47999E+02
1.01325D-01	4.00000D+00	1.42500E+03	0.00000E+00	5.26469E+02
1.01325D-01	4.00000D+00	1.45000E+03	0.00000E+00	6.05205E+02
1.01325D-01	4.00000D+00	1.47500E+03	0.00000E+00	6.84241E+02
1.01325D-01	4.00000D+00	1.50000E+03	0.00000E+00	7.63609E+02
1.01325D-01	4.00000D+00	1.52500E+03	0.00000E+00	8.43343E+02
1.01325D-01	4.00000D+00	1.55000E+03	0.00000E+00	9.23478E+02
1.01325D-01	4.00000D+00	1.57500E+03	0.00000E+00	1.00405E+03
1.01325D-01	4.00000D+00	1.60000E+03	0.00000E+00	1.08512E+03
1.01325D-01	4.00000D+00	1.62500E+03	0.00000E+00	1.16671E+03
1.01325D-01	4.00000D+00	1.65000E+03	0.00000E+00	1.24890E+03
1.01325D-01	4.00000D+00	1.67500E+03	0.00000E+00	1.33174E+03
1.01325D-01	4.00000D+00	1.70000E+03	0.00000E+00	1.41530E+03
1.01325D-01	4.00000D+00	1.72500E+03	0.00000E+00	1.49967E+03
1.01325D-01	4.00000D+00	1.75000E+03	0.00000E+00	1.58494E+03
1.01325D-01	4.00000D+00	1.77500E+03	0.00000E+00	1.67121E+03
1.01325D-01	4.00000D+00	1.80000E+03	0.00000E+00	1.75860E+03
1.01325D-01	4.00000D+00	1.82500E+03	0.00000E+00	1.84724E+03
1.01325D-01	4.00000D+00	1.85000E+03	0.00000E+00	1.93727E+03
1.01325D-01	4.00000D+00	1.87500E+03	0.00000E+00	2.02885E+03
1.01325D-01	4.00000D+00	1.90000E+03	0.00000E+00	2.12217E+03
1.01325D-01	4.00000D+00	1.92500E+03	0.00000E+00	2.21741E+03
1.01325D-01	4.00000D+00	1.95000E+03	0.00000E+00	2.31480E+03
1.01325D-01	4.00000D+00	1.97500E+03	0.00000E+00	2.41457E+03
1.01325D-01	4.00000D+00	2.00000E+03	0.00000E+00	2.51696E+03
1.01325D-01	4.00000D+00	2.02500E+03	0.00000E+00	2.62227E+03
1.01325D-01	4.00000D+00	2.05000E+03	0.00000E+00	2.73079E+03
1.01325D-01	4.00000D+00	2.07500E+03	0.00000E+00	2.84284E+03
1.01325D-01	4.00000D+00	2.10000E+03	0.00000E+00	2.95877E+03
1.01325D-01	4.00000D+00	2.12500E+03	0.00000E+00	3.07895E+03
1.01325D-01	4.00000D+00	2.15000E+03	0.00000E+00	3.20377E+03
1.01325D-01	4.00000D+00	2.17500E+03	0.00000E+00	3.33365E+03
1.01325D-01	4.00000D+00	2.20000E+03	0.00000E+00	3.46903E+03
1.01325D-01	4.00000D+00	2.22500E+03	0.00000E+00	3.61037E+03
1.01325D-01	4.00000D+00	2.25000E+03	0.00000E+00	3.75817E+03
1.01325D-01	4.00000D+00	2.27500E+03	0.00000E+00	3.91294E+03
1.01325D-01	4.00000D+00	2.30000E+03	0.00000E+00	4.07519E+03
1.01325D-01	4.00000D+00	2.32500E+03	0.00000E+00	4.24549E+03
1.01325D-01	4.00000D+00	2.35000E+03	0.00000E+00	4.42440E+03
1.01325D-01	4.00000D+00	2.37500E+03	0.00000E+00	4.61250E+03
1.01325D-01	4.00000D+00	2.40000E+03	0.00000E+00	4.81039E+03
1.01325D-01	4.00000D+00	2.42500E+03	0.00000E+00	5.01869E+03
1.01325D-01	4.00000D+00	2.45000E+03	0.00000E+00	5.23801E+03
1.01325D-01	4.00000D+00	2.47500E+03	0.00000E+00	5.46897E+03
1.01325D-01	4.00000D+00	2.50000E+03	0.00000E+00	5.71222E+03
1.01325D-01	4.00000D+00	2.52500E+03	0.00000E+00	5.96838E+03
1.01325D-01	4.00000D+00	2.55000E+03	0.00000E+00	6.23809E+03
1.01325D-01	4.00000D+00	2.57500E+03	0.00000E+00	6.52198E+03
1.01325D-01	4.00000D+00	2.60000E+03	0.00000E+00	6.82067E+03
1.01325D-01	4.00000D+00	2.62500E+03	0.00000E+00	7.13478E+03
1.01325D-01	4.00000D+00	2.65000E+03	0.00000E+00	7.46492E+03
1.01325D-01	4.00000D+00	2.67500E+03	0.00000E+00	7.81169E+03
1.01325D-01	4.00000D+00	2.70000E+03	0.00000E+00	8.17568E+03
1.01325D-01	4.00000D+00	2.72500E+03	0.00000E+00	8.55747E+03
1.01325D-01	4.00000D+00	2.75000E+03	0.00000E+00	8.95764E+03
1.01325D-01	4.00000D+00	2.77500E+03	0.00000E+00	9.37674E+03
1.01325D-01	4.00000D+00	2.80000E+03	0.00000E+00	9.81535E+03
1.01325D-01	4.00000D+00	2.82500E+03	0.00000E+00	1.02740E+04
1.01325D-01	4.00000D+00	2.85000E+03	0.00000E+00	1.07534E+04
1.01325D-01	4.00000D+00	2.87500E+03	0.00000E+00	1.12540E+04
1.01325D-01	4.00000D+00	2.90000E+03	0.00000E+00	1.17765E+04
1.01325D-01	4.00000D+00	2.92500E+03	0.00000E+00	1.23216E+04
1.01325D-01	4.00000D+00	2.95000E+03	0.00000E+00	1.28899E+04
1.01325D-01	4.00000D+00	2.97500E+03	0.00000E+00	1.34821E+04
1.01325D-01	4.00000D+00	3.00000E+03	0.00000E+00	1.40991E+04
1.01325D-01	4.00000D+00	3.02500E+03	0.00000E+00	1.47417E+04
1.01325D-01	4.00000D+00	3.05000E+03	0.00000E+00	1.54105E+04
1.01325D-01	4.00000D+00	3.07500E+03	3.32262E-02	1.61063E+04
1.01325D-01	4.00000D+00	3.10000E+03	1.04224E-01	1.68296E+04
1.01325D-01	4.00000D+00	3.12500E+03	1.88531E-01	1.75807E+04
1.01325D-01	4.00000D+00	3.15000E+03	2.89649E-01	1.83594E+04
1.01325D-01	4.00000D+00	3.17500E+03	4.12033E-01	1.91647E+04
1.01325D-01	4.00000D+00	3.20000E+03	5.61374E-01	1.99950E+04
1.01325D-01	4.00000D+00	3.22500E+03	7.44974E-01	2.08470E+04
1.01325D-01	4.00000D+00	3.25000E+03	9.72276E-01	2.17159E+04
1.01325D-01	4.00000D+00	3.27500E+03	1.25560E+00	2.25952E+04
1.01325D-01	4.00000D+00	3.30000E+03	1.61120E+00	2.34758E+04
1.01325D-01	4.00000D+00	3.32500E+03	2.06090E+00	2.43465E+04
1.01325D-01	4.00000D+00	3.35000E+03	2.63452E+00	2.51940E+04
1.01325D-01	4.00000D+00	3.37500E+03	3.37376E+00	2.60032E+04
1.01325D-01	4.00000D+00	3.40000E+03	4.33868E+00	2.67585E+04
1.01325D-01	4.00000D+00	3.42500E+03	5.61884E+00	2.74441E+04
1.01325D-01	4.00000D+00	3.45000E+03	7.35384E+00	2.80461E+04
1.01325D-01	4.00000D+00	3.47500E+03	9.77367E+00	2.85529E+04
1.01325D-01	4.00000D+00	3.50000E+03	1.32855E+01	2.89565E+04
1.01325D-01	4.00000D+00	3.52500E+03	1.86840E+01	2.92523E+04
1.01325D-01	4.00000D+00	3.55000E+03	2.77526E+01	2.94395E+04
1.01325D-01	4.00000D+00	3.57500E+03	4.54825E+01	2.95193E+04
1.01325D-01	4.00000D+00	3.60000E+03	9.30710E+01	2.94936E+04
1.01325D-01	4.00000D+00	3.62500E+03	9.30710E+01	2.94936E+04
1.01325D-01	4.00000D+00	3.65000E+03	9.30710E+01	2.94936E+04
1.01325D-01	4.00000D+00	3.67500E+03	9.30710E+01	2.94936E+04
1.01325D-01	4.00000D+00	3.70000E+03	9.30710E+01	2.94936E+04
1.01325D-01	4.00000D+00	3.72500E+03	9.30710E+01	2.94936E+04
1.01325D-01	4.00000D+00	3.75000E+03	9.30710E+01	2.94936E+04
1.01325D-01	4.00000D+00	3.77500E+03	9.30710E+01	2.94936E+04
1.01325D-01	4.00000D+00	3.80000E+03	9.30710E+01	2.94936E+04
1.01325D-01	4.00000D+00	3.82500E+03	9.30710E+01	2.94936E+04
1.01325D-01	4.00000D+00	3.85000E+03	9.30710E+01	2.94936E+04
1.01325D-01	4.00000D+00	3.87500E+03	9.30710E+01	2.94936E+04
1.01325D-01	4.00000D+00	3.90000E+03	9.30710E+01	2.94936E+04
1.01325D-01	4.00000D+00	3.92500E+03	9.30710E+01	2.94936E+04
1.01325D-01	4.00000D+00	3.95000E+03	9.30710E+01	2.94936E+04
1.01325D-01	4.00000D+00	3.97500E+03	9.30710E+01	2.94936E+04
1.01325D-01	4.00000D+00	4.00000E+03	9.30710E+01	2.94936E+04
p (bar)	B'g	Temp (K)	B'c	Hw (kJ/kg)
1.01325D-01	5.50000D+00	2.50000E+02	0.00000E+00	-8.34559E+03
1.01325D-01	5.50000D+00	2.75000E+02	0.00000E+00	-8.28524E+03
1.01325D-01	5.50000D+00	3.00000E+02	0.00000E+00	-8.21771E+03
1.01325D-01	5.50000D+00	3.25000E+02	0.00000E+00	-8.14294E+03
1.01325D-01	5.50000D+00	3.50000E+02	0.00000E+00	-8.06168E+03
1.01325D-01	5.50000D+00	3.75000E+02	0.00000E+00	-7.97529E+03
1.01325D-01	5.50000D+00	4.00000E+02	0.00000E+00	-7.88531E+03
1.01325D-01	5.50000D+00	4.25000E+02	0.00000E+00	-7.79312E+03
1.01325D-01	5.50000D+00	4.50000E+02	0.00000E+00	-7.69978E+03
1.01325D-01	5.50000D+00	4.75000E+02	0.00000E+00	-7.60581E+03
1.01325D-01	5.50000D+00	5.00000E+02	0.00000E+00	-7.51113E+03
1.01325D-01	5.50000D+00	5.25000E+02	0.00000E+00	-7.41494E+03
1.01325D-01	5.50000D+00	5.50000E+02	0.00000E+00	-7.31553E+03
1.01325D-01	5.50000D+00	5.75000E+02	0.00000E+00	-7.20999E+03
1.01325D-01	5.50000D+00	6.00000E+02	0.00000E+00	-7.09378E+03
1.01325D-01	5.50000D+00	6.25000E+02	0.00000E+00	-6.96011E+03
1.01325D-01	5.50000D+00	6.50000E+02	0.00000E+00	-6.79939E+03
1.01325D-01	5.50000D+00	6.75000E+02	0.00000E+00	-6.59886E+03
1.01325D-01	5.50000D+00	7.00000E+02	0.00000E+00	-6.34318E+03
1.01325D-01	5.50000D+00	7.25000E+02	0.00000E+00	-6.01631E+03
1.01325D-01	5.50000D+00	7.50000E+02	0.00000E+00	-5.60500E+03
1.01325D-01	5.50000D+00	7.75000E+02	0.00000E+00	-5.10366E+03
1.01325D-01	5.50000D+00	8.00000E+02	0.00000E+00	-4.52017E+03
1.01325D-01	5.50000D+00	8.25000E+02	0.00000E+00	-3.88087E+03
1.01325D-01	5.50000D+00	8.50000E+02	0.00000E+00	-3.23095E+03
1.01325D-01	5.50000D+00	8.75000E+02	0.00000E+00	-2.62484E+03
1.01325D-01	5.50000D+00	9.00000E+02	0.00000E+00	-2.10735E+03
1.01325D-01	5.50000D+00	9.25000E+02	0.00000E+00	-1.69733E+03
1.01325D-01	5.50000D+00	9.50000E+02	0.00000E+00	-1.38695E+03
1.01325D-01	5.50000D+00	9.75000E+02	0.00000E+00	-1.15419E+03
1.01325D-01	5.50000D+00	1.00000E+03	0.00000E+00	-9.75619E+02
1.01325D-01	5.50000D+00	1.02500E+03	0.00000E+00	-8.32623E+02
1.01325D-01	5.50000D+00	1.05000E+03	0.00000E+00	-7.12319E+02
1.01325D-01	5.50000D+00	1.07500E+03	0.00000E+00	-6.06345E+02
1.01325D-01	5.50000D+00	1.10000E+03	0.00000E+00	-5.09427E+02
1.01325D-01	5.50000D+00	1.12500E+03	0.00000E+00	-4.18266E+02
1.01325D-01	5.50000D+00	1.15000E+03	0.00000E+00	-3.30785E+02
1.01325D-01	5.50000D+00	1.17500E+03	0.00000E+00	-2.45662E+02
1.01325D-01	5.50000D+00	1.20000E+03	0.00000E+00	-1.62045E+02
1.01325D-01	5.50000D+00	1.22500E+03	0.00000E+00	-7.93761E+01
1.01325D-01	5.50000D+00	1.25000E+03	0.00000E+00	2.71863E+00
1.01325D-01	5.50000D+00	1.27500E+03	0.00000E+00	8.44920E+01
1.01325D-01	5.50000D+00	1.30000E+03	0.00000E+00	1.66120E+02
1.01325D-01	5.50000D+00	1.32500E+03	0.00000E+00	2.47725E+02
1.01325D-01	5.50000D+00	1.35000E+03	0.00000E+00	3.29400E+02
1.01325D-01	5.50000D+00	1.37500E+03	0.00000E+00	4.11211E+02
1.01325D-01	5.50000D+00	1.40000E+03	0.00000E+00	4.93211E+02
1.01325D-01	5.50000D+00	1.42500E+03	0.00000E+00	5.75444E+02
1.01325D-01	5.50000D+00	1.45000E+03	0.00000E+00	6.57948E+02
1.01325D-01	5.50000D+00	1.47500E+03	0.00000E+00	7.40757E+02
1.01325D-01	5.50000D+00	1.50000E+03	0.00000E+00	8.23905E+02
1.01325D-01	5.50000D+00	1.52500E+03	0.00000E+00	9.07427E+02
1.01325D-01	5.50000D+00	1.55000E+03	0.00000E+00	9.91361E+02
1.01325D-01	5.50000D+00	1.57500E+03	0.00000E+00	1.07575E+03
1.01325D-01	5.50000D+00	1.60000E+03	0.00000E+00	1.16063E+03
1.01325D-01	5.50000D+00	1.62500E+03	0.00000E+00	1.24606E+03
1.01325D-01	5.50000D+00	1.65000E+03	0.00000E+00	1.33209E+03
1.01325D-01	5.50000D+00	1.67500E+03	0.00000E+00	1.41880E+03
1.01325D-01	5.50000D+00	1.70000E+03	0.00000E+00	1.50625E+03
1.01325D-01	5.50000D+00	1.72500E+03	0.00000E+00	1.59453E+03
1.01325D-01	5.50000D+00	1.75000E+03	0.00000E+00	1.68374E+03
1.01325D-01	5.50000D+00	1.77500E+03	0.00000E+00	1.77399E+03
1.01325D-01	5.50000D+00	1.80000E+03	0.00000E+00	1.86539E+03
1.01325D-01	5.50000D+00	1.82500E+03	0.00000E+00	1.95809E+03
1.01325D-01	5.50000D+00	1.85000E+03	0.00000E+00	2.05224E+03
1.01325D-01	5.50000D+00	1.87500E+03	0.00000E+00	2.14799E+03
1.01325D-01	5.50000D+00	1.90000E+03	0.00000E+00	2.24556E+03
1.01325D-01	5.50000D+00	1.92500E+03	0.00000E+00	2.34513E+03
1.01325D-01	5.50000D+00	1.95000E+03	0.00000E+00	2.44693E+03
1.01325D-01	5.50000D+00	1.97500E+03	0.00000E+00	2.55122E+03
1.01325D-01	5.50000D+00	2.00000E+03	0.00000E+00	2.65827E+03
1.01325D-01	5.50000D+00	2.02500E+03	0.00000E+00	2.76836E+03
1.01325D-01	5.50000D+00	2.05000E+03	0.00000E+00	2.88182E+03
1.01325D-01	5.50000D+00	2.07500E+03	0.00000E+00	2.99899E+03
1.01325D-01	5.50000D+00	2.10000E+03	0.00000E+00	3.12023E+03
1.01325D-01	5.50000D+00	2.12500E+03	0.00000E+00	3.24593E+03
1.01325D-01	5.50000D+00	2.15000E+03	0.00000E+00	3.37653E+03
1.01325D-01	5.50000D+00	2.17500E+03	0.00000E+00	3.51245E+03
1.01325D-01	5.50000D+00	2.20000E+03	0.00000E+00	3.65417E+03
1.01325D-01	5.50000D+00	2.22500E+03	0.00000E+00	3.80218E+03
1.01325D-01	5.50000D+00	2.25000E+03	0.00000E+00	3.95701E+03
1.01325D-01	5.50000D+00	2.27500E+03	0.00000E+00	4.11919E+03
1.01325D-01	5.50000D+00	2.30000E+03	0.00000E+00	4.28929E+03
1.01325D-01	5.50000D+00	2.32500E+03	0.00000E+00	4.46789E+03
1.01325D-01	5.50000D+00	2.35000E+03	0.00000E+00	4.65561E+03
1.01325D-01	5.50000D+00	2.37500E+03	0.00000E+00	4.85307E+03
1.01325D-01	5.50000D+00	2.40000E+03	0.00000E+00	5.06090E+03
1.01325D-01	5.50000D+00	2.42500E+03	0.00000E+00	5.27975E+03
1.01325D-01	5.50000D+00	2.45000E+03	0.00000E+00	5.51030E+03
1.01325D-01	5.50000D+00	2.47500E+03	0.00000E+00	5.75320E+03
1.01325D-01	5.50000D+00	2.50000E+03	0.00000E+00	6.00915E+03
1.01325D-01	5.50000D+00	2.52500E+03	0.00000E+00	6.27881E+03
1.01325D-01	5.50000D+00	2.55000E+03	0.00000E+00	6.56287E+03
1.01325D-01	5.50000D+00	2.57500E+03	0.00000E+00	6.86199E+03
1.01325D-01	5.50000D+00	2.60000E+03	0.00000E+00	7.17686E+03
1.01325D-01	5.50000D+00	2.62500E+03	0.00000E+00	7.50812E+03
1.01325D-01	5.50000D+00	2.65000E+03	0.00000E+00	7.85644E+03
1.01325D-01	5.50000D+00	2.67500E+03	0.00000E+00	8.22245E+03
1.01325D-01	5.50000D+00	2.70000E+03	0.00000E+00	8.60678E+03
1.01325D-01	5.50000D+00	2.72500E+03	0.00000E+00	9.01004E+03
1.01325D-01	5.50000D+00	2.75000E+03	0.00000E+00	9.43285E+03
1.01325D-01	5.50000D+00	2.77500E+03	0.00000E+00	9.87578E+03
1.01325D-01	5.50000D+00	2.80000E+03	0.00000E+00	1.03394E+04
1.01325D-01	5.50000D+00	2.82500E+03	0.00000E+00	1.08244E+04
1.01325D-01	5.50000D+00	2.85000E+03	0.00000E+00	1.13312E+04
1.01325D-01	5.50000D+00	2.87500E+03	0.00000E+00	1.18606E+04
1.01325D-01	5.50000D+00	2.90000E+03	0.00000E+00	1.24129E+04
1.01325D-01	5.50000D+00	2.92500E+03	0.00000E+00	1.29890E+04
1.01325D-01	5.50000D+00	2.95000E+03	0.00000E+00	1.35893E+04
1.01325D-01	5.50000D+00	2.97500E+03	0.00000E+00	1.42145E+04
1.01325D-01	5.50000D+00	3.00000E+03	0.00000E+00	1.48652E+04
1.01325D-01	5.50000D+00	3.02500E+03	0.00000E+00	1.55420E+04
1.01325D-01	5.50000D+00	3.05000E+03	0.00000E+00	1.62452E+04
1.01325D-01	5.50000D+00	3.07500E+03	0.00000E+00	1.69752E+04
1.01325D-01	5.50000D+00	3.10000E+03	2.47950E-02	1.77319E+04
1.01325D-01	5.50000D+00	3.12500E+03	1.37595E-01	1.85149E+04
1.01325D-01	5.50000D+00	3.15000E+03	2.73003E-01	1.93232E+04
1.01325D-01	5.50000D+00	3.17500E+03	4.37013E-01	2.01548E+04
1.01325D-01	5.50000D+00	3.20000E+03	6.37280E-01	2.10066E+04
1.01325D-01	5.50000D+00	3.22500E+03	8.83635E-01	2.18740E+04
1.01325D-01	5.50000D+00	3.25000E+03	1.18879E+00	2.27507E+04
1.01325D-01	5.50000D+00	3.27500E+03	1.56931E+00	2.36281E+04
1.01325D-01	5.50000D+00	3.30000E+03	2.04713E+00	2.44957E+04
1.01325D-01	5.50000D+00	3.32500E+03	2.65160E+00	2.53407E+04
1.01325D-01	5.50000D+00	3.35000E+03	3.42289E+00	2.61487E+04
1.01325D-01	5.50000D+00	3.37500E+03	4.41716E+00	2.69042E+04
1.01325D-01	5.50000D+00	3.40000E+03	5.71528E+00	2.75919E+04
1.01325D-01	5.50000D+00	3.42500E+03	7.43788E+00	2.81973E+04
1.01325D-01	5.50000D+00	3.45000E+03	9.77289E+00	2.87087E+04
1.01325D-01	5.50000D+00	3.47500E+03	1.30299E+01	2.91176E+04
1.01325D-01	5.50000D+00	3.50000E+03	1.77567E+01	2.94192E+04
1.01325D-01	5.50000D+00	3.52500E+03	2.50222E+01	2.96128E+04
1.01325D-01	5.50000D+00	3.55000E+03	3.72239E+01	2.97008E+04
1.01325D-01	5.50000D+00	3.57500E+03	6.10664E+01	2.96878E+04
1.01325D-01	5.50000D+00	3.60000E+03	6.10664E+01	2.96878E+04
1.01325D-01	5.50000D+00	3.62500E+03	6.10664E+01	2.96878E+04
1.01325D-01	5.50000D+00	3.65000E+03	6.10664E+01	2.96878E+04
1.01325D-01	5.50000D+00	3.67500E+03	6.10664E+01	2.96878E+04
1.01325D-01	5.50000D+00	3.70000E+03	6.10664E+01	2.96878E+04
1.01325D-01	5.50000D+00	3.72500E+03	6.10664E+01	2.96878E+04
1.01325D-01	5.50000D+00	3.75000E+03	6.10664E+01	2.96878E+04
1.01325D-01	5.50000D+00	3.77500E+03	6.10664E+01	2.96878E+04
1.01325D-01	5.50000D+00	3.80000E+03	6.10664E+01	2.96878E+04
1.01325D-01	5.50000D+00	3.82500E+03	6.10664E+01	2.96878E+04
1.01325D-01	5.50000D+00	3.85000E+03	6.10664E+01	2.96878E+04
1.01325D-01	5.50000D+00	3.87500E+03	6.10664E+01	2.96878E+04
1.01325D-01	5.50000D+00	3.90000E+03	6.10664E+01	2.96878E+04
1.01325D-01	5.50000D+00	3.92500E+03	6.10664E+01	2.96878E+04
1.01325D-01	5.50000D+00	3.95000E+03	6.10664E+01	2.96878E+04
1.01325D-01	5.50000D+00	3.97500E+03	6.10664E+01	2.96878E+04
1.01325D-01	5.50000D+00	4.00000E+03	6.10664E+01	2.96878E+04
p (bar)	B'g	Temp (K)	B'c	Hw (kJ/kg)
1.01325D-01	7.50000D+00	2.50000E+02	0.00000E+00	-8.59446E+03
1.01325D-01	7.50000D+00	2.75000E+02	0.00000E+00	-8.53315E+03
1.01325D-01	7.50000D+00	3.00000E+02	0.00000E+00	-8.46458E+03
1.01325D-01	7.50000D+00	3.25000E+02	0.00000E+00	-8.38863E+03
1.01325D-01	7.50000D+00	3.50000E+02	0.00000E+00	-8.30603E+03
1.01325D-01	7.50000D+00	3.75000E+02	0.00000E+00	-8.21814E+03
1.01325D-01	7.50000D+00	4.00000E+02	0.00000E+00	-8.12653E+03
1.01325D-01	7.50000D+00	4.25000E+02	0.00000E+00	-8.03268E+03
1.01325D-01	7.50000D+00	4.50000E+02	0.00000E+00	-7.93772E+03
1.01325D-01	7.50000D+00	4.75000E+02	0.00000E+00	-7.84232E+03
1.01325D-01	7.50000D+00	5.00000E+02	0.00000E+00	-7.74654E+03
1.01325D-01	7.50000D+00	5.25000E+02	0.00000E+00	-7.64972E+03
1.01325D-01	7.50000D+00	5.50000E+02	0.00000E+00	-7.55028E+03
1.01325D-01	7.50000D+00	5.75000E+02	0.00000E+00	-7.44538E+03
1.01325D-01	7.50000D+00	6.00000E+02	0.00000E+00	-7.33048E+03
1.01325D-01	7.50000D+00	6.25000E+02	0.00000E+00	-7.19858E+03
1.01325D-01	7.50000D+00	6.50000E+02	0.00000E+00	-7.03955E+03
1.01325D-01	7.50000D+00	6.75000E+02	0.00000E+00	-6.83966E+03
1.01325D-01	7.50000D+00	7.00000E+02	0.00000E+00	-6.58210E+03
1.01325D-01	7.50000D+00	7.25000E+02	0.00000E+00	-6.24899E+03
1.01325D-01	7.50000D+00	7.50000E+02	0.00000E+00	-5.82548E+03
1.01325D-01	7.50000D+00	7.75000E+02	0.00000E+00	-5.30522E+03
1.01325D-01	7.50000D+00	8.00000E+02	0.00000E+00	-4.69672E+03
1.01325D-01	7.50000D+00	8.25000E+02	0.00000E+00	-4.02850E+03
1.01325D-01	7.50000D+00	8.50000E+02	0.00000E+00	-3.34892E+03
1.01325D-01	7.50000D+00	8.75000E+02	0.00000E+00	-2.71559E+03
1.01325D-01	7.50000D+00	9.00000E+02	0.00000E+00	-2.17542E+03
1.01325D-01	7.50000D+00	9.25000E+02	0.00000E+00	-1.74782E+03
1.01325D-01	7.50000D+00	9.50000E+02	0.00000E+00	-1.42432E+03
1.01325D-01	7.50000D+00	9.75000E+02	0.00000E+00	-1.18182E+03
1.01325D-01	7.50000D+00	1.00000E+03	0.00000E+00	-9.95828E+02
1.01325D-01	7.50000D+00	1.02500E+03	0.00000E+00	-8.46945E+02
1.01325D-01	7.50000D+00	1.05000E+03	0.00000E+00	-7.21745E+02
1.01325D-01	7.50000D+00	1.07500E+03	0.00000E+00	-6.11511E+02
1.01325D-01	7.50000D+00	1.10000E+03	0.00000E+00	-5.10748E+02
1.01325D-01	7.50000D+00	1.12500E+03	0.00000E+00	-4.16010E+02
1.01325D-01	7.50000D+00	1.15000E+03	0.00000E+00	-3.25129E+02
1.01325D-01	7.50000D+00	1.17500E+03	0.00000E+00	-2.36725E+02
1.01325D-01	7.50000D+00	1.20000E+03	0.00000E+00	-1.49906E+02
1.01325D-01	7.50000D+00	1.22500E+03	0.00000E+00	-6.40873E+01
1.01325D-01	7.50000D+00	1.25000E+03	0.00000E+00	2.11212E+01
1.01325D-01	7.50000D+00	1.27500E+03	0.00000E+00	1.05985E+02
1.01325D-01	7.50000D+00	1.30000E+03	0.00000E+00	1.90688E+02
1.01325D-01	7.50000D+00	1.32500E+03	0.00000E+00	2.75359E+02
1.01325D-01	7.50000D+00	1.35000E+03	0.00000E+00	3.60095E+02
1.01325D-01	7.50000D+00	1.37500E+03	0.00000E+00	4.44964E+02
1.01325D-01	7.50000D+00	1.40000E+03	0.00000E+00	5.30023E+02
1.01325D-01	7.50000D+00	1.42500E+03	0.00000E+00	6.15315E+02
1.01325D-01	7.50000D+00	1.45000E+03	0.00000E+00	7.00881E+02
1.01325D-01	7.50000D+00	1.47500E+03	0.00000E+00	7.86756E+02
1.01325D-01	7.50000D+00	1.50000E+03	0.00000E+00	8.72974E+02
1.01325D-01	7.50000D+00	1.52500E+03	0.00000E+00	9.59571E+02
1.01325D-01	7.50000D+00	1.55000E+03	0.00000E+00	1.04658E+03
1.01325D-01	7.50000D+00	1.57500E+03	0.00000E+00	1.13406E+03
1.01325D-01	7.50000D+00	1.60000E+03	0.00000E+00	1.22203E+03
1.01325D-01	7.50000D+00	1.62500E+03	0.00000E+00	1.31056E+03
1.01325D-01	7.50000D+00	1.65000E+03	0.00000E+00	1.39971E+03
1.01325D-01	7.50000D+00	1.67500E+03	0.00000E+00	1.48954E+03
1.01325D-01	7.50000D+00	1.70000E+03	0.00000E+00	1.58014E+03
1.01325D-01	7.50000D+00	1.72500E+03	0.00000E+00	1.67158E+03
1.01325D-01	7.50000D+00	1.75000E+03	0.00000E+00	1.76396E+03
1.01325D-01	7.50000D+00	1.77500E+03	0.00000E+00	1.85741E+03
1.01325D-01	7.50000D+00	1.80000E+03	0.00000E+00	1.95204E+03
1.01325D-01	7.50000D+00	1.82500E+03	0.00000E+00	2.04800E+03
1.01325D-01	7.50000D+00	1.85000E+03	0.00000E+00	2.14544E+03
1.01325D-01	7.50000D+00	1.87500E+03	0.00000E+00	2.24454E+03
1.01325D-01	7.50000D+00	1.90000E+03	0.00000E+00	2.34550E+03
1.01325D-01	7.50000D+00	1.92500E+03	0.00000E+00	2.44853E+03
1.01325D-01	7.50000D+00	1.95000E+03	0.00000E+00	2.55387E+03
1.01325D-01	7.50000D+00	1.97500E+03	0.00000E+00	2.66177E+03
1.01325D-01	7.50000D+00	2.00000E+03	0.00000E+00	2.77252E+03
1.01325D-01	7.50000D+00	2.02500E+03	0.00000E+00	2.88643E+03
1.01325D-01	7.50000D+00	2.05000E+03	0.00000E+00	3.00382E+03
1.01325D-01	7.50000D+00	2.07500E+03	0.00000E+00	3.12506E+03
1.01325D-01	7.50000D+00	2.10000E+03	0.00000E+00	3.25052E+03
1.01325D-01	7.50000D+00	2.12500E+03	0.00000E+00	3.38062E+03
1.01325D-01	7.50000D+00	2.15000E+03	0.00000E+00	3.51580E+03
1.01325D-01	7.50000D+00	2.17500E+03	0.00000E+00	3.65653E+03
1.01325D-01	7.50000D+00	2.20000E+03	0.00000E+00	3.80329E+03
1.01325D-01	7.50000D+00	2.22500E+03	0.00000E+00	3.95661E+03
1.01325D-01	7.50000D+00	2.25000E+03	0.00000E+00	4.11702E+03
1.01325D-01	7.50000D+00	2.27500E+03	0.00000E+00	4.28511E+03
1.01325D-01	7.50000D+00	2.30000E+03	0.00000E+00	4.46146E+03
1.01325D-01	7.50000D+00	2.32500E+03	0.00000E+00	4.64670E+03
1.01325D-01	7.50000D+00	2.35000E+03	0.00000E+00	4.84145E+03
1.01325D-01	7.50000D+00	2.37500E+03	0.00000E+00	5.04638E+03
1.01325D-01	7.50000D+00	2.40000E+03	0.00000E+00	5.26216E+03
1.01325D-01	7.50000D+00	2.42500E+03	0.00000E+00	5.48948E+03
1.01325D-01	7.50000D+00	2.45000E+03	0.00000E+00	5.72904E+03
1.01325D-01	7.50000D+00	2.47500E+03	0.00000E+00	5.98154E+03
1.01325D-01	7.50000D+00	2.50000E+03	0.00000E+00	6.24770E+03
1.01325D-01	7.50000D+00	2.52500E+03	0.00000E+00	6.52824E+03
1.01325D-01	7.50000D+00	2.55000E+03	0.00000E+00	6.82387E+03
1.01325D-01	7.50000D+00	2.57500E+03	0.00000E+00	7.13531E+03
1.01325D-01	7.50000D+00	2.60000E+03	0.00000E+00	7.46326E+03
1.01325D-01	7.50000D+00	2.62500E+03	0.00000E+00	7.80843E+03
1.01325D-01	7.50000D+00	2.65000E+03	0.00000E+00	8.17149E+03
1.01325D-01	7.50000D+00	2.67500E+03	0.00000E+00	8.55313E+03
1.01325D-01	7.50000D+00	2.70000E+03	0.00000E+00	8.95400E+03
1.01325D-01	7.50000D+00	2.72500E+03	0.00000E+00	9.37475E+03
1.01325D-01	7.50000D+00	2.75000E+03	0.00000E+00	9.81601E+03
1.01325D-01	7.50000D+00	2.77500E+03	0.00000E+00	1.02784E+04
1.01325D-01	7.50000D+00	2.80000E+03	0.00000E+00	1.07625E+04
1.01325D-01	7.50000D+00	2.82500E+03	0.00000E+00	1.12689E+04
1.01325D-01	7.50000D+00	2.85000E+03	0.00000E+00	1.17982E+04
1.01325D-01	7.50000D+00	2.87500E+03	0.00000E+00	1.23510E+04
1.01325D-01	7.50000D+00	2.90000E+03	0.00000E+00	1.29278E+04
1.01325D-01	7.50000D+00	2.92500E+03	0.00000E+00	1.35292E+04
1.01325D-01	7.50000D+00	2.95000E+03	0.00000E+00	1.41558E+04
1.01325D-01	7.50000D+00	2.97500E+03	0.00000E+00	1.48079E+04
1.01325D-01	7.50000D+00	3.00000E+03	0.00000E+00	1.54861E+04
1.01325D-01	7.50000D+00	3.02500E+03	0.00000E+00	1.61907E+04
1.01325D-01	7.50000D+00	3.05000E+03	0.00000E+00	1.69218E+04
1.01325D-01	7.50000D+00	3.07500E+03	0.00000E+00	1.76794E+04
1.01325D-01	7.50000D+00	3.10000E+03	0.00000E+00	1.84630E+04
1.01325D-01	7.50000D+00	3.12500E+03	6.16060E-02	1.92715E+04
1.01325D-01	7.50000D+00	3.15000E+03	2.42535E-01	2.01032E+04
1.01325D-01	7.50000D+00	3.17500E+03	4.61850E-01	2.09551E+04
1.01325D-01	7.50000D+00	3.20000E+03	7.29827E-01	2.18231E+04
1.01325D-01	7.50000D+00	3.22500E+03	1.05966E+00	2.27013E+04
1.01325D-01	7.50000D+00	3.25000E+03	1.46842E+00	2.35821E+04
1.01325D-01	7.50000D+00	3.27500E+03	1.97837E+00	2.44556E+04
1.01325D-01	7.50000D+00	3.30000E+03	2.61893E+00	2.53098E+04
1.01325D-01	7.50000D+00	3.32500E+03	3.42956E+00	2.61310E+04
1.01325D-01	7.50000D+00	3.35000E+03	4.46418E+00	2.69039E+04
1.01325D-01	7.50000D+00	3.37500E+03	5.79825E+00	2.76131E+04
1.01325D-01	7.50000D+00	3.40000E+03	7.54036E+00	2.82437E+04
1.01325D-01	7.50000D+00	3.42500E+03	9.85250E+00	2.87827E+04
1.01325D-01	7.50000D+00	3.45000E+03	1.29870E+01	2.92203E+04
1.01325D-01	7.50000D+00	3.47500E+03	1.73594E+01	2.95504E+04
1.01325D-01	7.50000D+00	3.50000E+03	2.37050E+01	2.97714E+04
1.01325D-01	7.50000D+00	3.52500E+03	3.34576E+01	2.98852E+04
1.01325D-01	7.50000D+00	3.55000E+03	4.98323E+01	2.98969E+04
1.01325D-01	7.50000D+00	3.57500E+03	8.18148E+01	2.98132E+04
1.01325D-01	7.50000D+00	3.60000E+03	8.18148E+01	2.98132E+04
1.01325D-01	7.50000D+00	3.62500E+03	8.18148E+01	2.98132E+04
1.01325D-01	7.50000D+00	3.65000E+03	8.18148E+01	2.98132E+04
1.01325D-01	7.50000D+00	3.67500E+03	8.18148E+01	2.98132E+04
1.01325D-01	7.50000D+00	3.70000E+03	8.18148E+01	2.98132E+04
1.01325D-01	7.50000D+00	3.72500E+03	8.18148E+01	2.98132E+04
1.01325D-01	7.50000D+00	3.75000E+03	8.18148E+01	2.98132E+04
1.01325D-01	7.50000D+00	3.77500E+03	8.18148E+01	2.98132E+04
1.01325D-01	7.50000D+00	3.80000E+03	8.18148E+01	2.98132E+04
1.01325D-01	7.50000D+00	3.82500E+03	8.18148E+01	2.98132E+04
1.01325D-01	7.50000D+00	3.85000E+03	8.18148E+01	2.98132E+04
1.01325D-01	7.50000D+00	3.87500E+03	8.18148E+01	2.98132E+04
1.01325D-01	7.50000D+00	3.90000E+03	8.18148E+01	2.98132E+04
1.01325D-01	7.50000D+00	3.92500E+03	8.18148E+01	2.98132E+04
1.01325D-01	7.50000D+00	3.95000E+03	8.18148E+01	2.98132E+04
1.01325D-01	7.50000D+00	3.97500E+03	8.18148E+01	2.98132E+04
1.01325D-01	7.50000D+00	4.00000E+03	8.18148E+01	2.98132E+04
p (bar)	B'g	Temp (K)	B'c	Hw (kJ/kg)
1.01325D-01	1.00000D+01	2.50000E+02	0.00000E+00	-8.78029E+03
1.01325D-01	1.00000D+01	2.75000E+02	0.00000E+00	-8.71825E+03
1.01325D-01	1.00000D+01	3.00000E+02	0.00000E+00	-8.64887E+03
1.01325D-01	1.00000D+01	3.25000E+02	0.00000E+00	-8.57200E+03
1.01325D-01	1.00000D+01	3.50000E+02	0.00000E+00	-8.48837E+03
1.01325D-01	1.00000D+01	3.75000E+02	0.00000E+00	-8.39933E+03
1.01325D-01	1.00000D+01	4.00000E+02	0.00000E+00	-8.30649E+03
1.01325D-01	1.00000D+01	4.25000E+02	0.00000E+00	-8.21138E+03
1.01325D-01	1.00000D+01	4.50000E+02	0.00000E+00	-8.11522E+03
1.01325D-01	1.00000D+01	4.75000E+02	0.00000E+00	-8.01878E+03
1.01325D-01	1.00000D+01	5.00000E+02	0.00000E+00	-7.92222E+03
1.01325D-01	1.00000D+01	5.25000E+02	0.00000E+00	-7.82500E+03
1.01325D-01	1.00000D+01	5.50000E+02	0.00000E+00	-7.72565E+03
1.01325D-01	1.00000D+01	5.75000E+02	0.00000E+00	-7.62140E+03
1.01325D-01	1.00000D+01	6.00000E+02	0.00000E+00	-7.50771E+03
1.01325D-01	1.00000D+01	6.25000E+02	0.00000E+00	-7.37746E+03
1.01325D-01	1.00000D+01	6.50000E+02	0.00000E+00	-7.22012E+03
1.01325D-01	1.00000D+01	6.75000E+02	0.00000E+00	-7.02124E+03
1.01325D-01	1.00000D+01	7.00000E+02	0.00000E+00	-6.76282E+03
1.01325D-01	1.00000D+01	7.25000E+02	0.00000E+00	-6.42557E+03
1.01325D-01	1.00000D+01	7.50000E+02	0.00000E+00	-5.99327E+03
1.01325D-01	1.00000D+01	7.75000E+02	0.00000E+00	-5.45893E+03
1.01325D-01	1.00000D+01	8.00000E+02	0.00000E+00	-4.83153E+03
1.01325D-01	1.00000D+01	8.25000E+02	0.00000E+00	-4.14125E+03
1.01325D-01	1.00000D+01	8.50000E+02	0.00000E+00	-3.43898E+03
1.01325D-01	1.00000D+01	8.75000E+02	0.00000E+00	-2.78482E+03
1.01325D-01	1.00000D+01	9.00000E+02	0.00000E+00	-2.22731E+03
1.01325D-01	1.00000D+01	9.25000E+02	0.00000E+00	-1.78628E+03
1.01325D-01	1.00000D+01	9.50000E+02	0.00000E+00	-1.45278E+03
1.01325D-01	1.00000D+01	9.75000E+02	0.00000E+00	-1.20285E+03
1.01325D-01	1.00000D+01	1.00000E+03	0.00000E+00	-1.01121E+03
1.01325D-01	1.00000D+01	1.02500E+03	0.00000E+00	-8.57847E+02
1.01325D-01	1.00000D+01	1.05000E+03	0.00000E+00	-7.28920E+02
1.01325D-01	1.00000D+01	1.07500E+03	0.00000E+00	-6.15447E+02
1.01325D-01	1.00000D+01	1.10000E+03	0.00000E+00	-5.11757E+02
1.01325D-01	1.00000D+01	1.12500E+03	0.00000E+00	-4.14297E+02
1.01325D-01	1.00000D+01	1.15000E+03	0.00000E+00	-3.20830E+02
1.01325D-01	1.00000D+01	1.17500E+03	0.00000E+00	-2.29929E+02
1.01325D-01	1.00000D+01	1.20000E+03	0.00000E+00	-1.40674E+02
1.01325D-01	1.00000D+01	1.22500E+03	0.00000E+00	-5.24604E+01
1.01325D-01	1.00000D+01	1.25000E+03	0.00000E+00	3.51163E+01
1.01325D-01	1.00000D+01	1.27500E+03	0.00000E+00	1.22330E+02
1.01325D-01	1.00000D+01	1.30000E+03	0.00000E+00	2.09371E+02
1.01325D-01	1.00000D+01	1.32500E+03	0.00000E+00	2.96373E+02
1.01325D-01	1.00000D+01	1.35000E+03	0.00000E+00	3.83434E+02
1.01325D-01	1.00000D+01	1.37500E+03	0.00000E+00	4.70627E+02
1.01325D-01	1.00000D+01	1.40000E+03	0.00000E+00	5.58008E+02
1.01325D-01	1.00000D+01	1.42500E+03	0.00000E+00	6.45624E+02
1.01325D-01	1.00000D+01	1.45000E+03	0.00000E+00	7.33513E+02
1.01325D-01	1.00000D+01	1.47500E+03	0.00000E+00	8.21713E+02
1.01325D-01	1.00000D+01	1.50000E+03	0.00000E+00	9.10259E+02
1.01325D-01	1.00000D+01	1.52500E+03	0.00000E+00	9.99185E+02
1.01325D-01	1.00000D+01	1.55000E+03	0.00000E+00	1.08853E+03
1.01325D-01	1.00000D+01	1.57500E+03	0.00000E+00	1.17834E+03
1.01325D-01	1.00000D+01	1.60000E+03	0.00000E+00	1.26865E+03
1.01325D-01	1.00000D+01	1.62500E+03	0.00000E+00	1.35953E+03
1.01325D-01	1.00000D+01	1.65000E+03	0.00000E+00	1.45103E+03
1.01325D-01	1.00000D+01	1.67500E+03	0.00000E+00	1.54322E+03
1.01325D-01	1.00000D+01	1.70000E+03	0.00000E+00	1.63618E+03
1.01325D-01	1.00000D+01	1.72500E+03	0.00000E+00	1.72999E+03
1.01325D-01	1.00000D+01	1.75000E+03	0.00000E+00	1.82477E+03
1.01325D-01	1.00000D+01	1.77500E+03	0.00000E+00	1.92062E+03
1.01325D-01	1.00000D+01	1.80000E+03	0.00000E+00	2.01767E+03
1.01325D-01	1.00000D+01	1.82500E+03	0.00000E+00	2.11607E+03
1.01325D-01	1.00000D+01	1.85000E+03	0.00000E+00	2.21598E+03
1.01325D-01	1.00000D+01	1.87500E+03	0.00000E+00	2.31759E+03
1.01325D-01	1.00000D+01	1.90000E+03	0.00000E+00	2.42108E+03
1.01325D-01	1.00000D+01	1.92500E+03	0.00000E+00	2.52669E+03
1.01325D-01	1.00000D+01	1.95000E+03	0.00000E+00	2.63466E+03
1.01325D-01	1.00000D+01	1.97500E+03	0.00000E+00	2.74525E+03
1.01325D-01	1.00000D+01	2.00000E+03	0.00000E+00	2.85876E+03
1.01325D-01	1.00000D+01	2.02500E+03	0.00000E+00	2.97550E+03
1.01325D-01	1.00000D+01	2.05000E+03	0.00000E+00	3.09581E+03
1.01325D-01	1.00000D+01	2.07500E+03	0.00000E+00	3.22006E+03
1.01325D-01	1.00000D+01	2.10000E+03	0.00000E+00	3.34866E+03
1.01325D-01	1.00000D+01	2.12500E+03	0.00000E+00	3.48203E+03
1.01325D-01	1.00000D+01	2.15000E+03	0.00000E+00	3.62061E+03
1.01325D-01	1.00000D+01	2.17500E+03	0.00000E+00	3.76490E+03
1.01325D-01	1.00000D+01	2.20000E+03	0.00000E+00	3.91540E+03
1.01325D-01	1.00000D+01	2.22500E+03	0.00000E+00	4.07266E+03
1.01325D-01	1.00000D+01	2.25000E+03	0.00000E+00	4.23723E+03
1.01325D-01	1.00000D+01	2.27500E+03	0.00000E+00	4.40971E+03
1.01325D-01	1.00000D+01	2.30000E+03	0.00000E+00	4.59072E+03
1.01325D-01	1.00000D+01	2.32500E+03	0.00000E+00	4.78089E+03
1.01325D-01	1.00000D+01	2.35000E+03	0.00000E+00	4.98089E+03
1.01325D-01	1.00000D+01	2.37500E+03	0.00000E+00	5.19141E+03
1.01325D-01	1.00000D+01	2.40000E+03	0.00000E+00	5.41314E+03
1.01325D-01	1.00000D+01	2.42500E+03	0.00000E+00	5.64681E+03
1.01325D-01	1.00000D+01	2.45000E+03	0.00000E+00	5.89313E+03
1.01325D-01	1.00000D+01	2.47500E+03	0.00000E+00	6.15284E+03
1.01325D-01	1.00000D+01	2.50000E+03	0.00000E+00	6.42670E+03
1.01325D-01	1.00000D+01	2.52500E+03	0.00000E+00	6.71545E+03
1.01325D-01	1.00000D+01	2.55000E+03	0.00000E+00	7.01983E+03
1.01325D-01	1.00000D+01	2.57500E+03	0.00000E+00	7.34059E+03
1.01325D-01	1.00000D+01	2.60000E+03	0.00000E+00	7.67847E+03
1.01325D-01	1.00000D+01	2.62500E+03	0.00000E+00	8.03419E+03
1.01325D-01	1.00000D+01	2.65000E+03	0.00000E+00	8.40847E+03
1.01325D-01	1.00000D+01	2.67500E+03	0.00000E+00	8.80202E+03
1.01325D-01	1.00000D+01	2.70000E+03	0.00000E+00	9.21551E+03
1.01325D-01	1.00000D+01	2.72500E+03	0.00000E+00	9.64962E+03
1.01325D-01	1.00000D+01	2.75000E+03	0.00000E+00	1.01050E+04
1.01325D-01	1.00000D+01	2.77500E+03	0.00000E+00	1.05823E+04
1.01325D-01	1.00000D+01	2.80000E+03	0.00000E+00	1.10821E+04
1.01325D-01	1.00000D+01	2.82500E+03	0.00000E+00	1.16049E+04
1.01325D-01	1.00000D+01	2.85000E+03	0.00000E+00	1.21515E+04
1.01325D-01	1.00000D+01	2.87500E+03	0.00000E+00	1.27224E+04
1.01325D-01	1.00000D+01	2.90000E+03	0.00000E+00	1.33180E+04
1.01325D-01	1.00000D+01	2.92500E+03	0.00000E+00	1.39389E+04
1.01325D-01	1.00000D+01	2.95000E+03	0.00000E+00	1.45855E+04
1.01325D-01	1.00000D+01	2.97500E+03	0.00000E+00	1.52584E+04
1.01325D-01	1.00000D+01	3.00000E+03	0.00000E+00	1.59577E+04
1.01325D-01	1.00000D+01	3.02500E+03	0.00000E+00	1.66836E+04
1.01325D-01	1.00000D+01	3.05000E+03	0.00000E+00	1.74362E+04
1.01325D-01	1.00000D+01	3.07500E+03	0.00000E+00	1.82149E+04
1.01325D-01	1.00000D+01	3.10000E+03	0.00000E+00	1.90188E+04
1.01325D-01	1.00000D+01	3.12500E+03	0.00000E+00	1.98466E+04
1.01325D-01	1.00000D+01	3.15000E+03	1.96307E-01	2.06957E+04
1.01325D-01	1.00000D+01	3.17500E+03	4.84577E-01	2.15626E+04
1.01325D-01	1.00000D+01	3.20000E+03	8.37019E-01	2.24422E+04
1.01325D-01	1.00000D+01	3.22500E+03	1.27104E+00	2.33277E+04
1.01325D-01	1.00000D+01	3.25000E+03	1.80914E+00	2.42105E+04
1.01325D-01	1.00000D+01	3.27500E+03	2.48070E+00	2.50795E+04
1.01325D-01	1.00000D+01	3.30000E+03	3.32453E+00	2.59219E+04
1.01325D-01	1.00000D+01	3.32500E+03	4.39268E+00	2.67232E+04
1.01325D-01	1.00000D+01	3.35000E+03	5.75629E+00	2.74678E+04
1.01325D-01	1.00000D+01	3.37500E+03	7.51489E+00	2.81401E+04
1.01325D-01	1.00000D+01	3.40000E+03	9.81175E+00	2.87260E+04
1.01325D-01	1.00000D+01	3.42500E+03	1.28605E+01	2.92136E+04
1.01325D-01	1.00000D+01	3.45000E+03	1.69939E+01	2.95948E+04
1.01325D-01	1.00000D+01	3.47500E+03	2.27599E+01	2.98656E+04
1.01325D-01	1.00000D+01	3.50000E+03	3.11278E+01	3.00263E+04
1.01325D-01	1.00000D+01	3.52500E+03	4.39873E+01	3.00812E+04
1.01325D-01	1.00000D+01	3.55000E+03	6.55745E+01	3.00371E+04
1.01325D-01	1.00000D+01	3.57500E+03	6.55745E+01	3.00371E+04
1.01325D-01	1.00000D+01	3.60000E+03	6.55745E+01	3.00371E+04
1.01325D-01	1.00000D+01	3.62500E+03	6.55745E+01	3.00371E+04
1.01325D-01	1.00000D+01	3.65000E+03	6.55745E+01	3.00371E+04
1.01325D-01	1.00000D+01	3.67500E+03	6.55745E+01	3.00371E+04
1.01325D-01	1.00000D+01	3.70000E+03	6.55745E+01	3.00371E+04
1.01325D-01	1.00000D+01	3.72500E+03	6.55745E+01	3.00371E+04
1.01325D-01	1.00000D+01	3.75000E+03	6.55745E+01	3.00371E+04
1.01325D-01	1.00000D+01	3.77500E+03	6.55745E+01	3.00371E+04
1.01325D-01	1.00000D+01	3.80000E+03	6.55745E+01	3.00371E+04
1.01325D-01	1.00000D+01	3.82500E+03	6.55745E+01	3.00371E+04
1.01325D-01	1.00000D+01	3.85000E+03	6.55745E+01	3.00371E+04
1.01325D-01	1.00000D+01	3.87500E+03	6.55745E+01	3.00371E+04
1.01325D-01	1.00000D+01	3.90000E+03	6.55745E+01	3.00371E+04
1.01325D-01	1.00000D+01	3.92500E+03	6.55745E+01	3.00371E+04
1.01325D-01	1.00000D+01	3.95000E+03	6.55745E+01	3.00371E+04
1.01325D-01	1.00000D+01	3.97500E+03	6.55745E+01	3.00371E+04
1.01325D-01	1.00000D+01	4.00000E+03	6.55745E+01	3.00371E+04
p (bar)	B'g	Temp (K)	B'c	Hw (kJ/kg)
1.01325D+00	0.00000D+00	2.50000E+02	8.74262E-02	-2.68099E+03
1.01325D+00	0.00000D+00	2.75000E+02	8.74262E-02	-2.65673E+03
1.01325D+00	0.00000D+00	3.00000E+02	8.74262E-02	-2.63226E+03
1.01325D+00	0.00000D+00	3.25000E+02	8.74262E-02	-2.60760E+03
1.01325D+00	0.00000D+00	3.50000E+02	8.74262E-02	-2.58275E+03
1.01325D+00	0.00000D+00	3.75000E+02	8.74262E-02	-2.55770E+03
1.01325D+00	0.00000D+00	4.00000E+02	8.74262E-02	-2.53247E+03
1.01325D+00	0.00000D+00	4.25000E+02	8.74263E-02	-2.50704E+03
1.01325D+00	0.00000D+00	4.50000E+02	8.74265E-02	-2.48143E+03
1.01325D+00	0.00000D+00	4.75000E+02	8.74274E-02	-2.45561E+03
1.01325D+00	0.00000D+00	5.00000E+02	8.74300E-02	-2.42958E+03
1.01325D+00	0.00000D+00	5.25000E+02	8.74366E-02	-2.40328E+03
1.01325D+00	0.00000D+00	5.50000E+02	8.74519E-02	-2.37666E+03
1.01325D+00	0.00000D+00	5.75000E+02	8.74848E-02	-2.34957E+03
1.01325D+00	0.00000D+00	6.00000E+02	8.75510E-02	-2.32175E+03
1.01325D+00	0.00000D+00	6.25000E+02	8.76762E-02	-2.29281E+03
1.01325D+00	0.00000D+00	6.50000E+02	8.79006E-02	-2.26212E+03
1.01325D+00	0.00000D+00	6.75000E+02	8.82835E-02	-2.22874E+03
1.01325D+00	0.00000D+00	7.00000E+02	8.89089E-02	-2.19137E+03
1.01325D+00	0.00000D+00	7.25000E+02	8.98897E-02	-2.14826E+03
1.01325D+00	0.00000D+00	7.50000E+02	9.13706E-02	-2.09719E+03
1.01325D+00	0.00000D+00	7.75000E+02	9.35259E-02	-2.03551E+03
1.01325D+00	0.00000D+00	8.00000E+02	9.65509E-02	-1.96034E+03
1.01325D+00	0.00000D+00	8.25000E+02	1.00641E-01	-1.86892E+03
1.01325D+00	0.00000D+00	8.50000E+02	1.05953E-01	-1.75925E+03
1.01325D+00	0.00000D+00	8.75000E+02	1.12549E-01	-1.63091E+03
1.01325D+00	0.00000D+00	9.00000E+02	1.20328E-01	-1.48613E+03
1.01325D+00	0.00000D+00	9.25000E+02	1.28958E-01	-1.33044E+03
1.01325D+00	0.00000D+00	9.50000E+02	1.37875E-01	-1.17245E+03
1.01325D+00	0.00000D+00	9.75000E+02	1.46382E-01	-1.02219E+03
1.01325D+00	0.00000D+00	1.00000E+03	1.53842E-01	-8.88216E+02
1.01325D+00	0.00000D+00	1.02500E+03	1.59877E-01	-7.75117E+02
1.01325D+00	0.00000D+00	1.05000E+03	1.64435E-01	-6.82979E+02
1.01325D+00	0.00000D+00	1.07500E+03	1.67702E-01	-6.08764E+02
1.01325D+00	0.00000D+00	1.10000E+03	1.69966E-01	-5.48285E+02
1.01325D+00	0.00000D+00	1.12500E+03	1.71504E-01	-4.97610E+02
1.01325D+00	0.00000D+00	1.15000E+03	1.72541E-01	-4.53632E+02
1.01325D+00	0.00000D+00	1.17500E+03	1.73242E-01	-4.14115E+02
1.01325D+00	0.00000D+00	1.20000E+03	1.73717E-01	-3.77536E+02
1.01325D+00	0.00000D+00	1.22500E+03	1.74042E-01	-3.42878E+02
1.01325D+00	0.00000D+00	1.25000E+03	1.74267E-01	-3.09475E+02
1.01325D+00	0.00000D+00	1.27500E+03	1.74425E-01	-2.76890E+02
1.01325D+00	0.00000D+00	1.30000E+03	1.74536E-01	-2.44834E+02
1.01325D+00	0.00000D+00	1.32500E+03	1.74616E-01	-2.13117E+02
1.01325D+00	0.00000D+00	1.35000E+03	1.74673E-01	-1.81612E+02
1.01325D+00	0.00000D+00	1.37500E+03	1.74716E-01	-1.50234E+02
1.01325D+00	0.00000D+00	1.40000E+03	1.74747E-01	-1.18925E+02
1.01325D+00	0.00000D+00	1.42500E+03	1.74770E-01	-8.76474E+01
1.01325D+00	0.00000D+00	1.45000E+03	1.74788E-01	-5.63736E+01
1.01325D+00	0.00000D+00	1.47500E+03	1.74801E-01	-2.50856E+01
1.01325D+00	0.00000D+00	1.50000E+03	1.74811E-01	6.22885E+00
1.01325D+00	0.00000D+00	1.52500E+03	1.74819E-01	3.75781E+01
1.01325D+00	0.00000D+00	1.55000E+03	1.74826E-01	6.89678E+01
1.01325D+00	0.00000D+00	1.57500E+03	1.74831E-01	1.00401E+02
1.01325D+00	0.00000D+00	1.60000E+03	1.74834E-01	1.31881E+02
1.01325D+00	0.00000D+00	1.62500E+03	1.74838E-01	1.63408E+02
1.01325D+00	0.00000D+00	1.65000E+03	1.74840E-01	1.94983E+02
1.01325D+00	0.00000D+00	1.67500E+03	1.74842E-01	2.26606E+02
1.01325D+00	0.00000D+00	1.70000E+03	1.74844E-01	2.58276E+02
1.01325D+00	0.00000D+00	1.72500E+03	1.74845E-01	2.89993E+02
1.01325D+00	0.00000D+00	1.75000E+03	1.74846E-01	3.21756E+02
1.01325D+00	0.00000D+00	1.77500E+03	1.74847E-01	3.53565E+02
1.01325D+00	0.00000D+00	1.80000E+03	1.74848E-01	3.85418E+02
1.01325D+00	0.00000D+00	1.82500E+03	1.74848E-01	4.17315E+02
1.01325D+00	0.00000D+00	1.85000E+03	1.74849E-01	4.49253E+02
1.01325D+00	0.00000D+00	1.87500E+03	1.74849E-01	4.81234E+02
1.01325D+00	0.00000D+00	1.90000E+03	1.74850E-01	5.13254E+02
1.01325D+00	0.00000D+00	1.92500E+03	1.74850E-01	5.45315E+02
1.01325D+00	0.00000D+00	1.95000E+03	1.74850E-01	5.77413E+02
1.01325D+00	0.00000D+00	1.97500E+03	1.74851E-01	6.09550E+02
1.01325D+00	0.00000D+00	2.00000E+03	1.74851E-01	6.41723E+02
1.01325D+00	0.00000D+00	2.02500E+03	1.74851E-01	6.73933E+02
1.01325D+00	0.00000D+00	2.05000E+03	1.74852E-01	7.06178E+02
1.01325D+00	0.00000D+00	2.07500E+03	1.74852E-01	7.38457E+02
1.01325D+00	0.00000D+00	2.10000E+03	1.74852E-01	7.70772E+02
1.01325D+00	0.00000D+00	2.12500E+03	1.74853E-01	8.03120E+02
1.01325D+00	0.00000D+00	2.15000E+03	1.74853E-01	8.35502E+02
1.01325D+00	0.00000D+00	2.17500E+03	1.74854E-01	8.67918E+02
1.01325D+00	0.00000D+00	2.20000E+03	1.74854E-01	9.00369E+02
1.01325D+00	0.00000D+00	2.22500E+03	1.74855E-01	9.32853E+02
1.01325D+00	0.00000D+00	2.25000E+03	1.74856E-01	9.65373E+02
1.01325D+00	0.00000D+00	2.27500E+03	1.74858E-01	9.97930E+02
1.01325D+00	0.00000D+00	2.30000E+03	1.74859E-01	1.03052E+03
1.01325D+00	0.00000D+00	2.32500E+03	1.74861E-01	1.06316E+03
1.01325D+00	0.00000D+00	2.35000E+03	1.74864E-01	1.09583E+03
1.01325D+00	0.00000D+00	2.37500E+03	1.74867E-01	1.12855E+03
1.01325D+00	0.00000D+00	2.40000E+03	1.74871E-01	1.16132E+03
1.01325D+00	0.00000D+00	2.42500E+03	1.74876E-01	1.19415E+03
1.01325D+00	0.00000D+00	2.45000E+03	1.74882E-01	1.22703E+03
1.01325D+00	0.00000D+00	2.47500E+03	1.74889E-01	1.25997E+03
1.01325D+00	0.00000D+00	2.50000E+03	1.74898E-01	1.29299E+03
1.01325D+00	0.00000D+00	2.52500E+03	1.74909E-01	1.32610E+03
1.01325D+00	0.00000D+00	2.55000E+03	1.74922E-01	1.35929E+03
1.01325D+00	0.00000D+00	2.57500E+03	1.74937E-01	1.39259E+03
1.01325D+00	0.00000D+00	2.60000E+03	1.74956E-01	1.42602E+03
1.01325D+00	0.00000D+00	2.62500E+03	1.74978E-01	1.45958E+03
1.01325D+00	0.00000D+00	2.65000E+03	1.75005E-01	1.49331E+03
1.01325D+00	0.00000D+00	2.67500E+03	1.75038E-01	1.52722E+03
1.01325D+00	0.00000D+00	2.70000E+03	1.75076E-01	1.56134E+03
1.01325D+00	0.00000D+00	2.72500E+03	1.75122E-01	1.59572E+03
1.01325D+00	0.00000D+00	2.75000E+03	1.75177E-01	1.63039E+03
1.01325D+00	0.00000D+00	2.77500E+03	1.75242E-01	1.66539E+03
1.01325D+00	0.00000D+00	2.80000E+03	1.75320E-01	1.70080E+03
1.01325D+00	0.00000D+00	2.82500E+03	1.75413E-01	1.73666E+03
1.01325D+00	0.00000D+00	2.85000E+03	1.75523E-01	1.77307E+03
1.01325D+00	0.00000D+00	2.87500E+03	1.75654E-01	1.81011E+03
1.01325D+00	0.00000D+00	2.90000E+03	1.75811E-01	1.84790E+03
1.01325D+00	0.00000D+00	2.92500E+03	1.75998E-01	1.88657E+03
1.01325D+00	0.00000D+00	2.95000E+03	1.76221E-01	1.92627E+03
1.01325D+00	0.00000D+00	2.97500E+03	1.76487E-01	1.96720E+03
1.01325D+00	0.00000D+00	3.00000E+03	1.76805E-01	2.00957E+03
1.01325D+00	0.00000D+00	3.02500E+03	1.77185E-01	2.05364E+03
1.01325D+00	0.00000D+00	3.05000E+03	1.77641E-01	2.09974E+03
1.01325D+00	0.00000D+00	3.07500E+03	1.78186E-01	2.14822E+03
1.01325D+00	0.00000D+00	3.10000E+03	1.78839E-01	2.19955E+03
1.01325D+00	0.00000D+00	3.12500E+03	1.79622E-01	2.25424E+03
1.01325D+00	0.00000D+00	3.15000E+03	1.80562E-01	2.31292E+03
1.01325D+00	0.00000D+00	3.17500E+03	1.81690E-01	2.37634E+03
1.01325D+00	0.00000D+00	3.20000E+03	1.83044E-01	2.44537E+03
1.01325D+00	0.00000D+00	3.22500E+03	1.84672E-01	2.52106E+03
1.01325D+00	0.00000D+00	3.25000E+03	1.86627E-01	2.60464E+03
1.01325D+00	0.00000D+00	3.27500E+03	1.88976E-01	2.69757E+03
1.01325D+00	0.00000D+00	3.30000E+03	1.91800E-01	2.80156E+03
1.01325D+00	0.00000D+00	3.32500E+03	1.95194E-01	2.91862E+03
1.01325D+00	0.00000D+00	3.35000E+03	1.99275E-01	3.05110E+03
1.01325D+00	0.00000D+00	3.37500E+03	2.04183E-01	3.20176E+03
1.01325D+00	0.00000D+00	3.40000E+03	2.10086E-01	3.37380E+03
1.01325D+00	0.00000D+00	3.42500E+03	2.17190E-01	3.57096E+03
1.01325D+00	0.00000D+00	3.45000E+03	2.25743E-01	3.79754E+03
1.01325D+00	0.00000D+00	3.47500E+03	2.36051E-01	4.05851E+03
1.01325D+00	0.00000D+00	3.50000E+03	2.48488E-01	4.35957E+03
1.01325D+00	0.00000D+00	3.52500E+03	2.63516E-01	4.70720E+03
1.01325D+00	0.00000D+00	3.55000E+03	2.81712E-01	5.10876E+03
1.01325D+00	0.00000D+00	3.57500E+03	3.03803E-01	5.57256E+03
1.01325D+00	0.00000D+00	3.60000E+03	3.30714E-01	6.10781E+03
1.01325D+00	0.00000D+00	3.62500E+03	3.63639E-01	6.72474E+03
1.01325D+00	0.00000D+00	3.65000E+03	4.04148E-01	7.43448E+03
1.01325D+00	0.00000D+00	3.67500E+03	4.54337E-01	8.24899E+03
1.01325D+00	0.00000D+00	3.70000E+03	5.17074E-01	9.18089E+03
1.01325D+00	0.00000D+00	3.72500E+03	5.96389E-01	1.02432E+04
1.01325D+00	0.00000D+00	3.75000E+03	6.98125E-01	1.14487E+04
1.01325D+00	0.00000D+00	3.77500E+03	8.31090E-01	1.28098E+04
1.01325D+00	0.00000D+00	3.80000E+03	1.00921E+00	1.43372E+04
1.01325D+00	0.00000D+00	3.82500E+03	1.25586E+00	1.60390E+04
1.01325D+00	0.00000D+00	3.85000E+03	1.61351E+00	1.79193E+04
1.01325D+00	0.00000D+00	3.87500E+03	2.16814E+00	1.99762E+04
1.01325D+00	0.00000D+00	3.90000E+03	3.12334E+00	2.21981E+04
1.01325D+00	0.00000D+00	3.92500E+03	5.10255E+00	2.45575E+04
1.01325D+00	0.00000D+00	3.95000E+03	1.13186E+01	2.69904E+04
1.01325D+00	0.00000D+00	3.97500E+03	1.13186E+01	2.69904E+04
1.01325D+00	0.00000D+00	4.00000E+03	1.13186E+01	2.69904E+04
p (bar)	B'g	Temp (K)	B'c	Hw (kJ/kg)
1.01325D+00	2.00000D-02	2.50000E+02	7.21455E-02	-2.80964E+03
1.01325D+00	2.00000D-02	2.75000E+02	7.21591E-02	-2.78477E+03
1.01325D+00	2.00000D-02	3.00000E+02	7.21799E-02	-2.75968E+03
1.01325D+00	2.00000D-02	3.25000E+02	7.22089E-02	-2.73437E+03
1.01325D+00	2.00000D-02	3.50000E+02	7.22465E-02	-2.70886E+03
1.01325D+00	2.00000D-02	3.75000E+02	7.22931E-02	-2.68312E+03
1.01325D+00	2.00000D-02	4.00000E+02	7.23489E-02	-2.65716E+03
1.01325D+00	2.00000D-02	4.25000E+02	7.24148E-02	-2.63096E+03
1.01325D+00	2.00000D-02	4.50000E+02	7.24924E-02	-2.60448E+03
1.01325D+00	2.00000D-02	4.75000E+02	7.25844E-02	-2.57769E+03
1.01325D+00	2.00000D-02	5.00000E+02	7.26955E-02	-2.55052E+03
1.01325D+00	2.00000D-02	5.25000E+02	7.28325E-02	-2.52285E+03
1.01325D+00	2.00000D-02	5.50000E+02	7.30054E-02	-2.49454E+03
1.01325D+00	2.00000D-02	5.75000E+02	7.32284E-02	-2.46537E+03
1.01325D+00	2.00000D-02	6.00000E+02	7.35222E-02	-2.43501E+03
1.01325D+00	2.00000D-02	6.25000E+02	7.39159E-02	-2.40299E+03
1.01325D+00	2.00000D-02	6.50000E+02	7.44515E-02	-2.36867E+03
1.01325D+00	2.00000D-02	6.75000E+02	7.51877E-02	-2.33109E+03
1.01325D+00	2.00000D-02	7.00000E+02	7.62058E-02	-2.28899E+03
1.01325D+00	2.00000D-02	7.25000E+02	7.76144E-02	-2.24068E+03
1.01325D+00	2.00000D-02	7.50000E+02	7.95538E-02	-2.18400E+03
1.01325D+00	2.00000D-02	7.75000E+02	8.21950E-02	-2.11636E+03
1.01325D+00	2.00000D-02	8.00000E+02	8.57317E-02	-2.03493E+03
1.01325D+00	2.00000D-02	8.25000E+02	9.03592E-02	-1.93698E+03
1.01325D+00	2.00000D-02	8.50000E+02	9.62363E-02	-1.82049E+03
1.01325D+00	2.00000D-02	8.75000E+02	1.03426E-01	-1.68511E+03
1.01325D+00	2.00000D-02	9.00000E+02	1.11821E-01	-1.53313E+03
1.01325D+00	2.00000D-02	9.25000E+02	1.21080E-01	-1.37023E+03
1.01325D+00	2.00000D-02	9.50000E+02	1.30617E-01	-1.20525E+03
1.01325D+00	2.00000D-02	9.75000E+02	1.39707E-01	-1.04846E+03
1.01325D+00	2.00000D-02	1.00000E+03	1.47686E-01	-9.08645E+02
1.01325D+00	2.00000D-02	1.02500E+03	1.54159E-01	-7.90527E+02
1.01325D+00	2.00000D-02	1.05000E+03	1.59065E-01	-6.94218E+02
1.01325D+00	2.00000D-02	1.07500E+03	1.62600E-01	-6.16607E+02
1.01325D+00	2.00000D-02	1.10000E+03	1.65061E-01	-5.53383E+02
1.01325D+00	2.00000D-02	1.12500E+03	1.66744E-01	-5.00470E+02
1.01325D+00	2.00000D-02	1.15000E+03	1.67886E-01	-4.54633E+02
1.01325D+00	2.00000D-02	1.17500E+03	1.68662E-01	-4.13536E+02
1.01325D+00	2.00000D-02	1.20000E+03	1.69193E-01	-3.75572E+02
1.01325D+00	2.00000D-02	1.22500E+03	1.69559E-01	-3.39670E+02
1.01325D+00	2.00000D-02	1.25000E+03	1.69815E-01	-3.05120E+02
1.01325D+00	2.00000D-02	1.27500E+03	1.69997E-01	-2.71454E+02
1.01325D+00	2.00000D-02	1.30000E+03	1.70128E-01	-2.38362E+02
1.01325D+00	2.00000D-02	1.32500E+03	1.70224E-01	-2.05636E+02
1.01325D+00	2.00000D-02	1.35000E+03	1.70296E-01	-1.73139E+02
1.01325D+00	2.00000D-02	1.37500E+03	1.70352E-01	-1.40776E+02
1.01325D+00	2.00000D-02	1.40000E+03	1.70396E-01	-1.08482E+02
1.01325D+00	2.00000D-02	1.42500E+03	1.70433E-01	-7.62113E+01
1.01325D+00	2.00000D-02	1.45000E+03	1.70465E-01	-4.39326E+01
1.01325D+00	2.00000D-02	1.47500E+03	1.70494E-01	-1.16228E+01
1.01325D+00	2.00000D-02	1.50000E+03	1.70521E-01	2.07348E+01
1.01325D+00	2.00000D-02	1.52500E+03	1.70548E-01	5.31529E+01
1.01325D+00	2.00000D-02	1.55000E+03	1.70575E-01	8.56412E+01
1.01325D+00	2.00000D-02	1.57500E+03	1.70604E-01	1.18208E+02
1.01325D+00	2.00000D-02	1.60000E+03	1.70634E-01	1.50859E+02
1.01325D+00	2.00000D-02	1.62500E+03	1.70667E-01	1.83601E+02
1.01325D+00	2.00000D-02	1.65000E+03	1.70703E-01	2.16438E+02
1.01325D+00	2.00000D-02	1.67500E+03	1.70742E-01	2.49377E+02
1.01325D+00	2.00000D-02	1.70000E+03	1.70785E-01	2.82422E+02
1.01325D+00	2.00000D-02	1.72500E+03	1.70832E-01	3.15578E+02
1.01325D+00	2.00000D-02	1.75000E+03	1.70884E-01	3.48850E+02
1.01325D+00	2.00000D-02	1.77500E+03	1.70941E-01	3.82244E+02
1.01325D+00	2.00000D-02	1.80000E+03	1.71004E-01	4.15767E+02
1.01325D+00	2.00000D-02	1.82500E+03	1.71072E-01	4.49423E+02
1.01325D+00	2.00000D-02	1.85000E+03	1.71147E-01	4.83220E+02
1.01325D+00	2.00000D-02	1.87500E+03	1.71228E-01	5.17164E+02
1.01325D+00	2.00000D-02	1.90000E+03	1.71317E-01	5.51263E+02
1.01325D+00	2.00000D-02	1.92500E+03	1.71413E-01	5.85525E+02
1.01325D+00	2.00000D-02	1.95000E+03	1.71516E-01	6.19957E+02
1.01325D+00	2.00000D-02	1.97500E+03	1.71628E-01	6.54569E+02
1.01325D+00	2.00000D-02	2.00000E+03	1.71749E-01	6.89369E+02
1.01325D+00	2.00000D-02	2.02500E+03	1.71878E-01	7.24367E+02
1.01325D+00	2.00000D-02	2.05000E+03	1.72017E-01	7.59573E+02
1.01325D+00	2.00000D-02	2.07500E+03	1.72165E-01	7.94997E+02
1.01325D+00	2.00000D-02	2.10000E+03	1.72323E-01	8.30649E+02
1.01325D+00	2.00000D-02	2.12500E+03	1.72491E-01	8.66539E+02
1.01325D+00	2.00000D-02	2.15000E+03	1.72670E-01	9.02680E+02
1.01325D+00	2.00000D-02	2.17500E+03	1.72859E-01	9.39082E+02
1.01325D+00	2.00000D-02	2.20000E+03	1.73058E-01	9.75757E+02
1.01325D+00	2.00000D-02	2.22500E+03	1.73268E-01	1.01271E+03
1.01325D+00	2.00000D-02	2.25000E+03	1.73490E-01	1.04997E+03
1.01325D+00	2.00000D-02	2.27500E+03	1.73722E-01	1.08753E+03
1.01325D+00	2.00000D-02	2.30000E+03	1.73965E-01	1.12541E+03
1.01325D+00	2.00000D-02	2.32500E+03	1.74219E-01	1.16361E+03
1.01325D+00	2.00000D-02	2.35000E+03	1.74484E-01	1.20216E+03
1.01325D+00	2.00000D-02	2.37500E+03	1.74759E-01	1.24106E+03
1.01325D+00	2.00000D-02	2.40000E+03	1.75045E-01	1.28031E+03
1.01325D+00	2.00000D-02	2.42500E+03	1.75341E-01	1.31994E+03
1.01325D+00	2.00000D-02	2.45000E+03	1.75647E-01	1.35994E+03
1.01325D+00	2.00000D-02	2.47500E+03	1.75963E-01	1.40033E+03
1.01325D+00	2.00000D-02	2.50000E+03	1.76287E-01	1.44112E+03
1.01325D+00	2.00000D-02	2.52500E+03	1.76620E-01	1.48231E+03
1.01325D+00	2.00000D-02	2.55000E+03	1.76962E-01	1.52392E+03
1.01325D+00	2.00000D-02	2.57500E+03	1.77311E-01	1.56594E+03
1.01325D+00	2.00000D-02	2.60000E+03	1.77667E-01	1.60839E+03
1.01325D+00	2.00000D-02	2.62500E+03	1.78030E-01	1.65127E+03
1.01325D+00	2.00000D-02	2.65000E+03	1.78400E-01	1.69460E+03
1.01325D+00	2.00000D-02	2.67500E+03	1.78776E-01	1.73839E+03
1.01325D+00	2.00000D-02	2.70000E+03	1.79157E-01	1.78264E+03
1.01325D+00	2.00000D-02	2.72500E+03	1.79545E-01	1.82737E+03
1.01325D+00	2.00000D-02	2.75000E+03	1.79939E-01	1.87261E+03
1.01325D+00	2.00000D-02	2.77500E+03	1.80339E-01	1.91838E+03
1.01325D+00	2.00000D-02	2.80000E+03	1.80747E-01	1.96471E+03
1.01325D+00	2.00000D-02	2.82500E+03	1.81163E-01	2.01164E+03
1.01325D+00	2.00000D-02	2.85000E+03	1.81590E-01	2.05923E+03
1.01325D+00	2.00000D-02	2.87500E+03	1.82030E-01	2.10753E+03
1.01325D+00	2.00000D-02	2.90000E+03	1.82485E-01	2.15664E+03
1.01325D+00	2.00000D-02	2.92500E+03	1.82961E-01	2.20665E+03
1.01325D+00	2.00000D-02	2.95000E+03	1.83462E-01	2.25769E+03
1.01325D+00	2.00000D-02	2.97500E+03	1.83995E-01	2.30993E+03
1.01325D+00	2.00000D-02	3.00000E+03	1.84570E-01	2.36355E+03
1.01325D+00	2.00000D-02	3.02500E+03	1.85195E-01	2.41881E+03
1.01325D+00	2.00000D-02	3.05000E+03	1.85885E-01	2.47598E+03
1.01325D+00	2.00000D-02	3.07500E+03	1.86654E-01	2.53542E+03
1.01325D+00	2.00000D-02	3.10000E+03	1.87523E-01	2.59756E+03
1.01325D+00	2.00000D-02	3.12500E+03	1.88513E-01	2.66292E+03
1.01325D+00	2.00000D-02	3.15000E+03	1.89655E-01	2.73211E+03
1.01325D+00	2.00000D-02	3.17500E+03	1.90981E-01	2.80588E+03
1.01325D+00	2.00000D-02	3.20000E+03	1.92532E-01	2.88509E+03
1.01325D+00	2.00000D-02	3.22500E+03	1.94359E-01	2.97081E+03
1.01325D+00	2.00000D-02	3.25000E+03	1.96520E-01	3.06427E+03
1.01325D+00	2.00000D-02	3.27500E+03	1.99086E-01	3.16694E+03
1.01325D+00	2.00000D-02	3.30000E+03	2.02144E-01	3.28054E+03
1.01325D+00	2.00000D-02	3.32500E+03	2.05796E-01	3.40712E+03
1.01325D+00	2.00000D-02	3.35000E+03	2.10167E-01	3.54906E+03
1.01325D+00	2.00000D-02	3.37500E+03	2.15405E-01	3.70913E+03
1.01325D+00	2.00000D-02	3.40000E+03	2.21692E-01	3.89057E+03
1.01325D+00	2.00000D-02	3.42500E+03	2.29245E-01	4.09714E+03
1.01325D+00	2.00000D-02	3.45000E+03	2.38331E-01	4.33317E+03
1.01325D+00	2.00000D-02	3.47500E+03	2.49273E-01	4.60364E+03
1.01325D+00	2.00000D-02	3.50000E+03	2.62471E-01	4.91425E+03
1.01325D+00	2.00000D-02	3.52500E+03	2.78416E-01	5.27148E+03
1.01325D+00	2.00000D-02	3.55000E+03	2.97722E-01	5.68263E+03
1.01325D+00	2.00000D-02	3.57500E+03	3.21163E-01	6.15589E+03
1.01325D+00	2.00000D-02	3.60000E+03	3.49722E-01	6.70033E+03
1.01325D+00	2.00000D-02	3.62500E+03	3.84671E-01	7.32591E+03
1.01325D+00	2.00000D-02	3.65000E+03	4.27678E-01	8.04339E+03
1.01325D+00	2.00000D-02	3.67500E+03	4.80972E-01	8.86419E+03
1.01325D+00	2.00000D-02	3.70000E+03	5.47607E-01	9.80019E+03
1.01325D+00	2.00000D-02	3.72500E+03	6.31870E-01	1.08634E+04
1.01325D+00	2.00000D-02	3.75000E+03	7.39979E-01	1.20653E+04
1.01325D+00	2.00000D-02	3.77500E+03	8.81306E-01	1.34166E+04
1.01325D+00	2.00000D-02	3.80000E+03	1.07067E+00	1.49259E+04
1.01325D+00	2.00000D-02	3.82500E+03	1.33296E+00	1.65988E+04
1.01325D+00	2.00000D-02	3.85000E+03	1.71337E+00	1.84364E+04
1.01325D+00	2.00000D-02	3.87500E+03	2.30337E+00	2.04333E+04
1.01325D+00	2.00000D-02	3.90000E+03	3.31952E+00	2.25745E+04
1.01325D+00	2.00000D-02	3.92500E+03	5.42442E+00	2.48293E+04
1.01325D+00	2.00000D-02	3.95000E+03	1.20270E+01	2.71318E+04
1.01325D+00	2.00000D-02	3.97500E+03	1.20270E+01	2.71318E+04
1.01325D+00	2.00000D-02	4.00000E+03	1.20270E+01	2.71318E+04
p (bar)	B'g	Temp (K)	B'c	Hw (kJ/kg)
1.01325D+00	4.00000D-02	2.50000E+02	5.68956E-02	-2.93709E+03
1.01325D+00	4.00000D-02	2.75000E+02	5.69534E-02	-2.91151E+03
1.01325D+00	4.00000D-02	3.00000E+02	5.70413E-02	-2.88564E+03
1.01325D+00	4.00000D-02	3.25000E+02	5.71624E-02	-2.85949E+03
1.01325D+00	4.00000D-02	3.50000E+02	5.73174E-02	-2.83306E+03
1.01325D+00	4.00000D-02	3.75000E+02	5.75052E-02	-2.80633E+03
1.01325D+00	4.00000D-02	4.00000E+02	5.77236E-02	-2.77930E+03
1.01325D+00	4.00000D-02	4.25000E+02	5.79705E-02	-2.75195E+03
1.01325D+00	4.00000D-02	4.50000E+02	5.82449E-02	-2.72424E+03
1.01325D+00	4.00000D-02	4.75000E+02	5.85475E-02	-2.69609E+03
1.01325D+00	4.00000D-02	5.00000E+02	5.88814E-02	-2.66741E+03
1.01325D+00	4.00000D-02	5.25000E+02	5.92527E-02	-2.63803E+03
1.01325D+00	4.00000D-02	5.50000E+02	5.96706E-02	-2.60776E+03
1.01325D+00	4.00000D-02	5.75000E+02	6.01493E-02	-2.57632E+03
1.01325D+00	4.00000D-02	6.00000E+02	6.07090E-02	-2.54331E+03
1.01325D+00	4.00000D-02	6.25000E+02	6.13791E-02	-2.50825E+03
1.01325D+00	4.00000D-02	6.50000E+02	6.22017E-02	-2.47042E+03
1.01325D+00	4.00000D-02	6.75000E+02	6.32368E-02	-2.42889E+03
1.01325D+00	4.00000D-02	7.00000E+02	6.45672E-02	-2.38240E+03
1.01325D+00	4.00000D-02	7.25000E+02	6.63045E-02	-2.32928E+03
1.01325D+00	4.00000D-02	7.50000E+02	6.85921E-02	-2.26741E+03
1.01325D+00	4.00000D-02	7.75000E+02	7.16054E-02	-2.19424E+03
1.01325D+00	4.00000D-02	8.00000E+02	7.55429E-02	-2.10696E+03
1.01325D+00	4.00000D-02	8.25000E+02	8.06052E-02	-2.00283E+03
1.01325D+00	4.00000D-02	8.50000E+02	8.69554E-02	-1.87986E+03
1.01325D+00	4.00000D-02	8.75000E+02	9.46578E-02	-1.73774E+03
1.01325D+00	4.00000D-02	9.00000E+02	1.03601E-01	-1.57882E+03
1.01325D+00	4.00000D-02	9.25000E+02	1.13431E-01	-1.40896E+03
1.01325D+00	4.00000D-02	9.50000E+02	1.23541E-01	-1.23720E+03
1.01325D+00	4.00000D-02	9.75000E+02	1.33175E-01	-1.07407E+03
1.01325D+00	4.00000D-02	1.00000E+03	1.41643E-01	-9.28578E+02
1.01325D+00	4.00000D-02	1.02500E+03	1.48528E-01	-8.05583E+02
1.01325D+00	4.00000D-02	1.05000E+03	1.53764E-01	-7.05220E+02
1.01325D+00	4.00000D-02	1.07500E+03	1.57550E-01	-6.24309E+02
1.01325D+00	4.00000D-02	1.10000E+03	1.60198E-01	-5.58413E+02
1.01325D+00	4.00000D-02	1.12500E+03	1.62015E-01	-5.03322E+02
1.01325D+00	4.00000D-02	1.15000E+03	1.63255E-01	-4.55679E+02
1.01325D+00	4.00000D-02	1.17500E+03	1.64101E-01	-4.13045E+02
1.01325D+00	4.00000D-02	1.20000E+03	1.64682E-01	-3.73740E+02
1.01325D+00	4.00000D-02	1.22500E+03	1.65085E-01	-3.36634E+02
1.01325D+00	4.00000D-02	1.25000E+03	1.65368E-01	-3.00978E+02
1.01325D+00	4.00000D-02	1.27500E+03	1.65570E-01	-2.66275E+02
1.01325D+00	4.00000D-02	1.30000E+03	1.65717E-01	-2.32194E+02
1.01325D+00	4.00000D-02	1.32500E+03	1.65825E-01	-1.98514E+02
1.01325D+00	4.00000D-02	1.35000E+03	1.65908E-01	-1.65084E+02
1.01325D+00	4.00000D-02	1.37500E+03	1.65972E-01	-1.31802E+02
1.01325D+00	4.00000D-02	1.40000E+03	1.66025E-01	-9.85961E+01
1.01325D+00	4.00000D-02	1.42500E+03	1.66069E-01	-6.54175E+01
1.01325D+00	4.00000D-02	1.45000E+03	1.66108E-01	-3.22299E+01
1.01325D+00	4.00000D-02	1.47500E+03	1.66144E-01	9.92839E-01
1.01325D+00	4.00000D-02	1.50000E+03	1.66180E-01	3.42702E+01
1.01325D+00	4.00000D-02	1.52500E+03	1.66215E-01	6.76174E+01
1.01325D+00	4.00000D-02	1.55000E+03	1.66252E-01	1.01046E+02
1.01325D+00	4.00000D-02	1.57500E+03	1.66290E-01	1.34567E+02
1.01325D+00	4.00000D-02	1.60000E+03	1.66332E-01	1.68189E+02
1.01325D+00	4.00000D-02	1.62500E+03	1.66378E-01	2.01919E+02
1.01325D+00	4.00000D-02	1.65000E+03	1.66428E-01	2.35766E+02
1.01325D+00	4.00000D-02	1.67500E+03	1.66483E-01	2.69736E+02
1.01325D+00	4.00000D-02	1.70000E+03	1.66544E-01	3.03838E+02
1.01325D+00	4.00000D-02	1.72500E+03	1.66610E-01	3.38078E+02
1.01325D+00	4.00000D-02	1.75000E+03	1.66684E-01	3.72466E+02
1.01325D+00	4.00000D-02	1.77500E+03	1.66765E-01	4.07009E+02
1.01325D+00	4.00000D-02	1.80000E+03	1.66855E-01	4.41716E+02
1.01325D+00	4.00000D-02	1.82500E+03	1.66952E-01	4.76596E+02
1.01325D+00	4.00000D-02	1.85000E+03	1.67059E-01	5.11661E+02
1.01325D+00	4.00000D-02	1.87500E+03	1.67176E-01	5.46920E+02
1.01325D+00	4.00000D-02	1.90000E+03	1.67303E-01	5.82385E+02
1.01325D+00	4.00000D-02	1.92500E+03	1.67441E-01	6.18067E+02
1.01325D+00	4.00000D-02	1.95000E+03	1.67591E-01	6.53981E+02
1.01325D+00	4.00000D-02	1.97500E+03	1.67753E-01	6.90138E+02
1.01325D+00	4.00000D-02	2.00000E+03	1.67928E-01	7.26553E+02
1.01325D+00	4.00000D-02	2.02500E+03	1.68115E-01	7.63242E+02
1.01325D+00	4.00000D-02	2.05000E+03	1.68317E-01	8.00218E+02
1.01325D+00	4.00000D-02	2.07500E+03	1.68533E-01	8.37500E+02
1.01325D+00	4.00000D-02	2.10000E+03	1.68765E-01	8.75102E+02
1.01325D+00	4.00000D-02	2.12500E+03	1.69011E-01	9.13044E+02
1.01325D+00	4.00000D-02	2.15000E+03	1.69274E-01	9.51342E+02
1.01325D+00	4.00000D-02	2.17500E+03	1.69553E-01	9.90015E+02
1.01325D+00	4.00000D-02	2.20000E+03	1.69848E-01	1.02908E+03
1.01325D+00	4.00000D-02	2.22500E+03	1.70161E-01	1.06856E+03
1.01325D+00	4.00000D-02	2.25000E+03	1.70491E-01	1.10848E+03
1.01325D+00	4.00000D-02	2.27500E+03	1.70840E-01	1.14884E+03
1.01325D+00	4.00000D-02	2.30000E+03	1.71206E-01	1.18968E+03
1.01325D+00	4.00000D-02	2.32500E+03	1.71590E-01	1.23101E+03
1.01325D+00	4.00000D-02	2.35000E+03	1.71992E-01	1.27286E+03
1.01325D+00	4.00000D-02	2.37500E+03	1.72413E-01	1.31523E+03
1.01325D+00	4.00000D-02	2.40000E+03	1.72852E-01	1.35816E+03
1.01325D+00	4.00000D-02	2.42500E+03	1.73309E-01	1.40166E+03
1.01325D+00	4.00000D-02	2.45000E+03	1.73784E-01	1.44575E+03
1.01325D+00	4.00000D-02	2.47500E+03	1.74277E-01	1.49045E+03
1.01325D+00	4.00000D-02	2.50000E+03	1.74787E-01	1.53577E+03
1.01325D+00	4.00000D-02	2.52500E+03	1.75314E-01	1.58174E+03
1.01325D+00	4.00000D-02	2.55000E+03	1.75858E-01	1.62836E+03
1.01325D+00	4.00000D-02	2.57500E+03	1.76418E-01	1.67567E+03
1.01325D+00	4.00000D-02	2.60000E+03	1.76994E-01	1.72366E+03
1.01325D+00	4.00000D-02	2.62500E+03	1.77585E-01	1.77237E+03
1.01325D+00	4.00000D-02	2.65000E+03	1.78190E-01	1.82180E+03
1.01325D+00	4.00000D-02	2.67500E+03	1.78810E-01	1.87197E+03
1.01325D+00	4.00000D-02	2.70000E+03	1.79443E-01	1.92291E+03
1.01325D+00	4.00000D-02	2.72500E+03	1.80089E-01	1.97462E+03
1.01325D+00	4.00000D-02	2.75000E+03	1.80749E-01	2.02714E+03
1.01325D+00	4.00000D-02	2.77500E+03	1.81422E-01	2.08049E+03
1.01325D+00	4.00000D-02	2.80000E+03	1.82109E-01	2.13471E+03
1.01325D+00	4.00000D-02	2.82500E+03	1.82810E-01	2.18983E+03
1.01325D+00	4.00000D-02	2.85000E+03	1.83527E-01	2.24590E+03
1.01325D+00	4.00000D-02	2.87500E+03	1.84261E-01	2.30299E+03
1.01325D+00	4.00000D-02	2.90000E+03	1.85015E-01	2.36116E+03
1.01325D+00	4.00000D-02	2.92500E+03	1.85793E-01	2.42053E+03
1.01325D+00	4.00000D-02	2.95000E+03	1.86599E-01	2.48119E+03
1.01325D+00	4.00000D-02	2.97500E+03	1.87440E-01	2.54331E+03
1.01325D+00	4.00000D-02	3.00000E+03	1.88323E-01	2.60706E+03
1.01325D+00	4.00000D-02	3.02500E+03	1.89259E-01	2.67267E+03
1.01325D+00	4.00000D-02	3.05000E+03	1.90260E-01	2.74040E+03
1.01325D+00	4.00000D-02	3.07500E+03	1.91341E-01	2.81061E+03
1.01325D+00	4.00000D-02	3.10000E+03	1.92523E-01	2.88369E+03
1.01325D+00	4.00000D-02	3.12500E+03	1.93828E-01	2.96014E+03
1.01325D+00	4.00000D-02	3.15000E+03	1.95285E-01	3.04056E+03
1.01325D+00	4.00000D-02	3.17500E+03	1.96930E-01	3.12567E+03
1.01325D+00	4.00000D-02	3.20000E+03	1.98805E-01	3.21634E+03
1.01325D+00	4.00000D-02	3.22500E+03	2.00960E-01	3.31359E+03
1.01325D+00	4.00000D-02	3.25000E+03	2.03459E-01	3.41866E+03
1.01325D+00	4.00000D-02	3.27500E+03	2.06377E-01	3.53299E+03
1.01325D+00	4.00000D-02	3.30000E+03	2.09802E-01	3.65832E+03
1.01325D+00	4.00000D-02	3.32500E+03	2.13844E-01	3.79667E+03
1.01325D+00	4.00000D-02	3.35000E+03	2.18635E-01	3.95041E+03
1.01325D+00	4.00000D-02	3.37500E+03	2.24330E-01	4.12233E+03
1.01325D+00	4.00000D-02	3.40000E+03	2.31123E-01	4.31567E+03
1.01325D+00	4.00000D-02	3.42500E+03	2.39243E-01	4.53418E+03
1.01325D+00	4.00000D-02	3.45000E+03	2.48972E-01	4.78219E+03
1.01325D+00	4.00000D-02	3.47500E+03	2.60654E-01	5.06467E+03
1.01325D+00	4.00000D-02	3.50000E+03	2.74710E-01	5.38730E+03
1.01325D+00	4.00000D-02	3.52500E+03	2.91663E-01	5.75651E+03
1.01325D+00	4.00000D-02	3.55000E+03	3.12162E-01	6.17953E+03
1.01325D+00	4.00000D-02	3.57500E+03	3.37026E-01	6.66444E+03
1.01325D+00	4.00000D-02	3.60000E+03	3.67299E-01	7.22013E+03
1.01325D+00	4.00000D-02	3.62500E+03	4.04327E-01	7.85628E+03
1.01325D+00	4.00000D-02	3.65000E+03	4.49877E-01	8.58329E+03
1.01325D+00	4.00000D-02	3.67500E+03	5.06314E-01	9.41204E+03
1.01325D+00	4.00000D-02	3.70000E+03	5.76873E-01	1.03537E+04
1.01325D+00	4.00000D-02	3.72500E+03	6.66098E-01	1.14193E+04
1.01325D+00	4.00000D-02	3.75000E+03	7.80582E-01	1.26193E+04
1.01325D+00	4.00000D-02	3.77500E+03	9.30262E-01	1.39625E+04
1.01325D+00	4.00000D-02	3.80000E+03	1.13085E+00	1.54559E+04
1.01325D+00	4.00000D-02	3.82500E+03	1.40873E+00	1.71026E+04
1.01325D+00	4.00000D-02	3.85000E+03	1.81183E+00	1.89013E+04
1.01325D+00	4.00000D-02	3.87500E+03	2.43710E+00	2.08436E+04
1.01325D+00	4.00000D-02	3.90000E+03	3.51404E+00	2.29115E+04
1.01325D+00	4.00000D-02	3.92500E+03	5.74432E+00	2.50717E+04
1.01325D+00	4.00000D-02	3.95000E+03	1.27324E+01	2.72575E+04
1.01325D+00	4.00000D-02	3.97500E+03	1.27324E+01	2.72575E+04
1.01325D+00	4.00000D-02	4.00000E+03	1.27324E+01	2.72575E+04
p (bar)	B'g	Temp (K)	B'c	Hw (kJ/kg)
1.01325D+00	7.00000D-02	2.50000E+02	3.40935E-02	-3.12596E+03
1.01325D+00	7.00000D-02	2.75000E+02	3.42888E-02	-3.09906E+03
1.01325D+00	7.00000D-02	3.00000E+02	3.45823E-02	-3.07167E+03
1.01325D+00	7.00000D-02	3.25000E+02	3.49805E-02	-3.04377E+03
1.01325D+00	7.00000D-02	3.50000E+02	3.54796E-02	-3.01537E+03
1.01325D+00	7.00000D-02	3.75000E+02	3.60681E-02	-2.98650E+03
1.01325D+00	7.00000D-02	4.00000E+02	3.67305E-02	-2.95717E+03
1.01325D+00	7.00000D-02	4.25000E+02	3.74505E-02	-2.92740E+03
1.01325D+00	7.00000D-02	4.50000E+02	3.82141E-02	-2.89715E+03
1.01325D+00	7.00000D-02	4.75000E+02	3.90109E-02	-2.86634E+03
1.01325D+00	7.00000D-02	5.00000E+02	3.98348E-02	-2.83485E+03
1.01325D+00	7.00000D-02	5.25000E+02	4.06842E-02	-2.80247E+03
1.01325D+00	7.00000D-02	5.50000E+02	4.15624E-02	-2.76895E+03
1.01325D+00	7.00000D-02	5.75000E+02	4.24789E-02	-2.73393E+03
1.01325D+00	7.00000D-02	6.00000E+02	4.34509E-02	-2.69697E+03
1.01325D+00	7.00000D-02	6.25000E+02	4.45071E-02	-2.65750E+03
1.01325D+00	7.00000D-02	6.50000E+02	4.56920E-02	-2.61477E+03
1.01325D+00	7.00000D-02	6.75000E+02	4.70709E-02	-2.56781E+03
1.01325D+00	7.00000D-02	7.00000E+02	4.87360E-02	-2.51533E+03
1.01325D+00	7.00000D-02	7.25000E+02	5.08110E-02	-2.45567E+03
1.01325D+00	7.00000D-02	7.50000E+02	5.34540E-02	-2.38673E+03
1.01325D+00	7.00000D-02	7.75000E+02	5.68557E-02	-2.30596E+03
1.01325D+00	7.00000D-02	8.00000E+02	6.12298E-02	-2.21056E+03
1.01325D+00	7.00000D-02	8.25000E+02	6.67907E-02	-2.09778E+03
1.01325D+00	7.00000D-02	8.50000E+02	7.37117E-02	-1.96566E+03
1.01325D+00	7.00000D-02	8.75000E+02	8.20612E-02	-1.81392E+03
1.01325D+00	7.00000D-02	9.00000E+02	9.17221E-02	-1.64505E+03
1.01325D+00	7.00000D-02	9.25000E+02	1.02320E-01	-1.46514E+03
1.01325D+00	7.00000D-02	9.50000E+02	1.13215E-01	-1.28359E+03
1.01325D+00	7.00000D-02	9.75000E+02	1.23606E-01	-1.11129E+03
1.01325D+00	7.00000D-02	1.00000E+03	1.32758E-01	-9.57578E+02
1.01325D+00	7.00000D-02	1.02500E+03	1.40222E-01	-8.27517E+02
1.01325D+00	7.00000D-02	1.05000E+03	1.45922E-01	-7.21278E+02
1.01325D+00	7.00000D-02	1.07500E+03	1.50062E-01	-6.35578E+02
1.01325D+00	7.00000D-02	1.10000E+03	1.52970E-01	-5.65805E+02
1.01325D+00	7.00000D-02	1.12500E+03	1.54977E-01	-5.07550E+02
1.01325D+00	7.00000D-02	1.15000E+03	1.56352E-01	-4.57279E+02
1.01325D+00	7.00000D-02	1.17500E+03	1.57294E-01	-4.12409E+02
1.01325D+00	7.00000D-02	1.20000E+03	1.57944E-01	-3.71151E+02
1.01325D+00	7.00000D-02	1.22500E+03	1.58397E-01	-3.32294E+02
1.01325D+00	7.00000D-02	1.25000E+03	1.58716E-01	-2.95030E+02
1.01325D+00	7.00000D-02	1.27500E+03	1.58945E-01	-2.58821E+02
1.01325D+00	7.00000D-02	1.30000E+03	1.59111E-01	-2.23306E+02
1.01325D+00	7.00000D-02	1.32500E+03	1.59236E-01	-1.88242E+02
1.01325D+00	7.00000D-02	1.35000E+03	1.59331E-01	-1.53463E+02
1.01325D+00	7.00000D-02	1.37500E+03	1.59406E-01	-1.18855E+02
1.01325D+00	7.00000D-02	1.40000E+03	1.59467E-01	-8.43373E+01
1.01325D+00	7.00000D-02	1.42500E+03	1.59520E-01	-4.98541E+01
1.01325D+00	7.00000D-02	1.45000E+03	1.59568E-01	-1.53639E+01
1.01325D+00	7.00000D-02	1.47500E+03	1.59613E-01	1.91635E+01
1.01325D+00	7.00000D-02	1.50000E+03	1.59657E-01	5.37514E+01
1.01325D+00	7.00000D-02	1.52500E+03	1.59701E-01	8.84181E+01
1.01325D+00	7.00000D-02	1.55000E+03	1.59748E-01	1.23178E+02
1.01325D+00	7.00000D-02	1.57500E+03	1.59799E-01	1.58045E+02
1.01325D+00	7.00000D-02	1.60000E+03	1.59853E-01	1.93029E+02
1.01325D+00	7.00000D-02	1.62500E+03	1.59913E-01	2.28142E+02
1.01325D+00	7.00000D-02	1.65000E+03	1.59979E-01	2.63393E+02
1.01325D+00	7.00000D-02	1.67500E+03	1.60051E-01	2.98792E+02
1.01325D+00	7.00000D-02	1.70000E+03	1.60131E-01	3.34350E+02
1.01325D+00	7.00000D-02	1.72500E+03	1.60220E-01	3.70077E+02
1.01325D+00	7.00000D-02	1.75000E+03	1.60318E-01	4.05985E+02
1.01325D+00	7.00000D-02	1.77500E+03	1.60426E-01	4.42084E+02
1.01325D+00	7.00000D-02	1.80000E+03	1.60545E-01	4.78387E+02
1.01325D+00	7.00000D-02	1.82500E+03	1.60676E-01	5.14908E+02
1.01325D+00	7.00000D-02	1.85000E+03	1.60819E-01	5.51660E+02
1.01325D+00	7.00000D-02	1.87500E+03	1.60975E-01	5.88658E+02
1.01325D+00	7.00000D-02	1.90000E+03	1.61146E-01	6.25917E+02
1.01325D+00	7.00000D-02	1.92500E+03	1.61331E-01	6.63456E+02
1.01325D+00	7.00000D-02	1.95000E+03	1.61533E-01	7.01290E+02
1.01325D+00	7.00000D-02	1.97500E+03	1.61751E-01	7.39440E+02
1.01325D+00	7.00000D-02	2.00000E+03	1.61986E-01	7.77924E+02
1.01325D+00	7.00000D-02	2.02500E+03	1.62240E-01	8.16764E+02
1.01325D+00	7.00000D-02	2.05000E+03	1.62514E-01	8.55982E+02
1.01325D+00	7.00000D-02	2.07500E+03	1.62807E-01	8.95600E+02
1.01325D+00	7.00000D-02	2.10000E+03	1.63121E-01	9.35642E+02
1.01325D+00	7.00000D-02	2.12500E+03	1.63457E-01	9.76134E+02
1.01325D+00	7.00000D-02	2.15000E+03	1.63816E-01	1.01710E+03
1.01325D+00	7.00000D-02	2.17500E+03	1.64197E-01	1.05857E+03
1.01325D+00	7.00000D-02	2.20000E+03	1.64603E-01	1.10057E+03
1.01325D+00	7.00000D-02	2.22500E+03	1.65033E-01	1.14312E+03
1.01325D+00	7.00000D-02	2.25000E+03	1.65489E-01	1.18626E+03
1.01325D+00	7.00000D-02	2.27500E+03	1.65970E-01	1.23002E+03
1.01325D+00	7.00000D-02	2.30000E+03	1.66478E-01	1.27442E+03
1.01325D+00	7.00000D-02	2.32500E+03	1.67013E-01	1.31949E+03
1.01325D+00	7.00000D-02	2.35000E+03	1.67575E-01	1.36528E+03
1.01325D+00	7.00000D-02	2.37500E+03	1.68164E-01	1.41180E+03
1.01325D+00	7.00000D-02	2.40000E+03	1.68781E-01	1.45909E+03
1.01325D+00	7.00000D-02	2.42500E+03	1.69426E-01	1.50717E+03
1.01325D+00	7.00000D-02	2.45000E+03	1.70099E-01	1.55608E+03
1.01325D+00	7.00000D-02	2.47500E+03	1.70800E-01	1.60586E+03
1.01325D+00	7.00000D-02	2.50000E+03	1.71529E-01	1.65651E+03
1.01325D+00	7.00000D-02	2.52500E+03	1.72286E-01	1.70809E+03
1.01325D+00	7.00000D-02	2.55000E+03	1.73070E-01	1.76061E+03
1.01325D+00	7.00000D-02	2.57500E+03	1.73881E-01	1.81410E+03
1.01325D+00	7.00000D-02	2.60000E+03	1.74719E-01	1.86860E+03
1.01325D+00	7.00000D-02	2.62500E+03	1.75583E-01	1.92412E+03
1.01325D+00	7.00000D-02	2.65000E+03	1.76472E-01	1.98070E+03
1.01325D+00	7.00000D-02	2.67500E+03	1.77387E-01	2.03836E+03
1.01325D+00	7.00000D-02	2.70000E+03	1.78326E-01	2.09713E+03
1.01325D+00	7.00000D-02	2.72500E+03	1.79290E-01	2.15704E+03
1.01325D+00	7.00000D-02	2.75000E+03	1.80277E-01	2.21812E+03
1.01325D+00	7.00000D-02	2.77500E+03	1.81288E-01	2.28041E+03
1.01325D+00	7.00000D-02	2.80000E+03	1.82323E-01	2.34394E+03
1.01325D+00	7.00000D-02	2.82500E+03	1.83383E-01	2.40877E+03
1.01325D+00	7.00000D-02	2.85000E+03	1.84467E-01	2.47494E+03
1.01325D+00	7.00000D-02	2.87500E+03	1.85579E-01	2.54252E+03
1.01325D+00	7.00000D-02	2.90000E+03	1.86719E-01	2.61159E+03
1.01325D+00	7.00000D-02	2.92500E+03	1.87892E-01	2.68225E+03
1.01325D+00	7.00000D-02	2.95000E+03	1.89102E-01	2.75460E+03
1.01325D+00	7.00000D-02	2.97500E+03	1.90354E-01	2.82880E+03
1.01325D+00	7.00000D-02	3.00000E+03	1.91657E-01	2.90503E+03
1.01325D+00	7.00000D-02	3.02500E+03	1.93020E-01	2.98349E+03
1.01325D+00	7.00000D-02	3.05000E+03	1.94455E-01	3.06447E+03
1.01325D+00	7.00000D-02	3.07500E+03	1.95979E-01	3.14828E+03
1.01325D+00	7.00000D-02	3.10000E+03	1.97611E-01	3.23533E+03
1.01325D+00	7.00000D-02	3.12500E+03	1.99375E-01	3.32610E+03
1.01325D+00	7.00000D-02	3.15000E+03	2.01302E-01	3.42118E+03
1.01325D+00	7.00000D-02	3.17500E+03	2.03427E-01	3.52128E+03
1.01325D+00	7.00000D-02	3.20000E+03	2.05796E-01	3.62725E+03
1.01325D+00	7.00000D-02	3.22500E+03	2.08462E-01	3.74011E+03
1.01325D+00	7.00000D-02	3.25000E+03	2.11492E-01	3.86108E+03
1.01325D+00	7.00000D-02	3.27500E+03	2.14966E-01	3.99160E+03
1.01325D+00	7.00000D-02	3.30000E+03	2.18979E-01	4.13338E+03
1.01325D+00	7.00000D-02	3.32500E+03	2.23648E-01	4.28845E+03
1.01325D+00	7.00000D-02	3.35000E+03	2.29113E-01	4.45917E+03
1.01325D+00	7.00000D-02	3.37500E+03	2.35545E-01	4.64832E+03
1.01325D+00	7.00000D-02	3.40000E+03	2.43148E-01	4.85912E+03
1.01325D+00	7.00000D-02	3.42500E+03	2.52173E-01	5.09532E+03
1.01325D+00	7.00000D-02	3.45000E+03	2.62923E-01	5.36122E+03
1.01325D+00	7.00000D-02	3.47500E+03	2.75769E-01	5.66175E+03
1.01325D+00	7.00000D-02	3.50000E+03	2.91167E-01	6.00255E+03
1.01325D+00	7.00000D-02	3.52500E+03	3.09683E-01	6.38994E+03
1.01325D+00	7.00000D-02	3.55000E+03	3.32019E-01	6.83104E+03
1.01325D+00	7.00000D-02	3.57500E+03	3.59063E-01	7.33371E+03
1.01325D+00	7.00000D-02	3.60000E+03	3.91944E-01	7.90656E+03
1.01325D+00	7.00000D-02	3.62500E+03	4.32121E-01	8.55886E+03
1.01325D+00	7.00000D-02	3.65000E+03	4.81511E-01	9.30043E+03
1.01325D+00	7.00000D-02	3.67500E+03	5.42677E-01	1.01414E+04
1.01325D+00	7.00000D-02	3.70000E+03	6.19125E-01	1.10919E+04
1.01325D+00	7.00000D-02	3.72500E+03	7.15786E-01	1.21617E+04
1.01325D+00	7.00000D-02	3.75000E+03	8.39810E-01	1.33593E+04
1.01325D+00	7.00000D-02	3.77500E+03	1.00198E+00	1.46918E+04
1.01325D+00	7.00000D-02	3.80000E+03	1.21934E+00	1.61632E+04
1.01325D+00	7.00000D-02	3.82500E+03	1.52052E+00	1.77740E+04
1.01325D+00	7.00000D-02	3.85000E+03	1.95753E+00	1.95193E+04
1.01325D+00	7.00000D-02	3.87500E+03	2.63554E+00	2.13873E+04
1.01325D+00	7.00000D-02	3.90000E+03	3.80338E+00	2.33564E+04
1.01325D+00	7.00000D-02	3.92500E+03	6.22119E+00	2.53904E+04
1.01325D+00	7.00000D-02	3.95000E+03	1.37856E+01	2.74222E+04
1.01325D+00	7.00000D-02	3.97500E+03	1.37856E+01	2.74222E+04
1.01325D+00	7.00000D-02	4.00000E+03	1.37856E+01	2.74222E+04
p (bar)	B'g	Temp (K)	B'c	Hw (kJ/kg)
1.01325D+00	1.00000D-01	2.50000E+02	1.14078E-02	-3.31196E+03
1.01325D+00	1.00000D-01	2.75000E+02	1.18513E-02	-3.28334E+03
1.01325D+00	1.00000D-01	3.00000E+02	1.25073E-02	-3.25383E+03
1.01325D+00	1.00000D-01	3.25000E+02	1.33788E-02	-3.22344E+03
1.01325D+00	1.00000D-01	3.50000E+02	1.44436E-02	-3.19224E+03
1.01325D+00	1.00000D-01	3.75000E+02	1.56628E-02	-3.16035E+03
1.01325D+00	1.00000D-01	4.00000E+02	1.69913E-02	-3.12788E+03
1.01325D+00	1.00000D-01	4.25000E+02	1.83867E-02	-3.09491E+03
1.01325D+00	1.00000D-01	4.50000E+02	1.98138E-02	-3.06145E+03
1.01325D+00	1.00000D-01	4.75000E+02	2.12463E-02	-3.02743E+03
1.01325D+00	1.00000D-01	5.00000E+02	2.26669E-02	-2.99272E+03
1.01325D+00	1.00000D-01	5.25000E+02	2.40657E-02	-2.95706E+03
1.01325D+00	1.00000D-01	5.50000E+02	2.54402E-02	-2.92016E+03
1.01325D+00	1.00000D-01	5.75000E+02	2.67962E-02	-2.88160E+03
1.01325D+00	1.00000D-01	6.00000E+02	2.81493E-02	-2.84086E+03
1.01325D+00	1.00000D-01	6.25000E+02	2.95296E-02	-2.79731E+03
1.01325D+00	1.00000D-01	6.50000E+02	3.09865E-02	-2.75014E+03
1.01325D+00	1.00000D-01	6.75000E+02	3.25949E-02	-2.69832E+03
1.01325D+00	1.00000D-01	7.00000E+02	3.44607E-02	-2.64052E+03
1.01325D+00	1.00000D-01	7.25000E+02	3.67255E-02	-2.57505E+03
1.01325D+00	1.00000D-01	7.50000E+02	3.95678E-02	-2.49977E+03
1.01325D+00	1.00000D-01	7.75000E+02	4.32003E-02	-2.41213E+03
1.01325D+00	1.00000D-01	8.00000E+02	4.78579E-02	-2.30929E+03
1.01325D+00	1.00000D-01	8.25000E+02	5.37733E-02	-2.18851E+03
1.01325D+00	1.00000D-01	8.50000E+02	6.11338E-02	-2.04782E+03
1.01325D+00	1.00000D-01	8.75000E+02	7.00137E-02	-1.88700E+03
1.01325D+00	1.00000D-01	9.00000E+02	8.02909E-02	-1.70868E+03
1.01325D+00	1.00000D-01	9.25000E+02	9.15713E-02	-1.51919E+03
1.01325D+00	1.00000D-01	9.50000E+02	1.03178E-01	-1.32825E+03
1.01325D+00	1.00000D-01	9.75000E+02	1.14267E-01	-1.14715E+03
1.01325D+00	1.00000D-01	1.00000E+03	1.24054E-01	-9.85547E+02
1.01325D+00	1.00000D-01	1.02500E+03	1.32059E-01	-8.48698E+02
1.01325D+00	1.00000D-01	1.05000E+03	1.38192E-01	-7.36813E+02
1.01325D+00	1.00000D-01	1.07500E+03	1.42661E-01	-6.46510E+02
1.01325D+00	1.00000D-01	1.10000E+03	1.45813E-01	-5.73005E+02
1.01325D+00	1.00000D-01	1.12500E+03	1.47994E-01	-5.11703E+02
1.01325D+00	1.00000D-01	1.15000E+03	1.49492E-01	-4.58898E+02
1.01325D+00	1.00000D-01	1.17500E+03	1.50522E-01	-4.11871E+02
1.01325D+00	1.00000D-01	1.20000E+03	1.51235E-01	-3.68727E+02
1.01325D+00	1.00000D-01	1.22500E+03	1.51732E-01	-3.28180E+02
1.01325D+00	1.00000D-01	1.25000E+03	1.52083E-01	-2.89365E+02
1.01325D+00	1.00000D-01	1.27500E+03	1.52335E-01	-2.51704E+02
1.01325D+00	1.00000D-01	1.30000E+03	1.52519E-01	-2.14807E+02
1.01325D+00	1.00000D-01	1.32500E+03	1.52656E-01	-1.78411E+02
1.01325D+00	1.00000D-01	1.35000E+03	1.52761E-01	-1.42334E+02
1.01325D+00	1.00000D-01	1.37500E+03	1.52845E-01	-1.06452E+02
1.01325D+00	1.00000D-01	1.40000E+03	1.52914E-01	-7.06767E+01
1.01325D+00	1.00000D-01	1.42500E+03	1.52973E-01	-3.49441E+01
1.01325D+00	1.00000D-01	1.45000E+03	1.53027E-01	7.91285E-01
1.01325D+00	1.00000D-01	1.47500E+03	1.53079E-01	3.65640E+01
1.01325D+00	1.00000D-01	1.50000E+03	1.53129E-01	7.24004E+01
1.01325D+00	1.00000D-01	1.52500E+03	1.53182E-01	1.08322E+02
1.01325D+00	1.00000D-01	1.55000E+03	1.53237E-01	1.44345E+02
1.01325D+00	1.00000D-01	1.57500E+03	1.53296E-01	1.80485E+02
1.01325D+00	1.00000D-01	1.60000E+03	1.53360E-01	2.16757E+02
1.01325D+00	1.00000D-01	1.62500E+03	1.53431E-01	2.53171E+02
1.01325D+00	1.00000D-01	1.65000E+03	1.53510E-01	2.89741E+02
1.01325D+00	1.00000D-01	1.67500E+03	1.53596E-01	3.26478E+02
1.01325D+00	1.00000D-01	1.70000E+03	1.53692E-01	3.63396E+02
1.01325D+00	1.00000D-01	1.72500E+03	1.53799E-01	4.00506E+02
1.01325D+00	1.00000D-01	1.75000E+03	1.53916E-01	4.37823E+02
1.01325D+00	1.00000D-01	1.77500E+03	1.54046E-01	4.75360E+02
1.01325D+00	1.00000D-01	1.80000E+03	1.54189E-01	5.13132E+02
1.01325D+00	1.00000D-01	1.82500E+03	1.54346E-01	5.51156E+02
1.01325D+00	1.00000D-01	1.85000E+03	1.54518E-01	5.89449E+02
1.01325D+00	1.00000D-01	1.87500E+03	1.54707E-01	6.28028E+02
1.01325D+00	1.00000D-01	1.90000E+03	1.54912E-01	6.66913E+02
1.01325D+00	1.00000D-01	1.92500E+03	1.55136E-01	7.06125E+02
1.01325D+00	1.00000D-01	1.95000E+03	1.55380E-01	7.45685E+02
1.01325D+00	1.00000D-01	1.97500E+03	1.55644E-01	7.85616E+02
1.01325D+00	1.00000D-01	2.00000E+03	1.55929E-01	8.25942E+02
1.01325D+00	1.00000D-01	2.02500E+03	1.56237E-01	8.66690E+02
1.01325D+00	1.00000D-01	2.05000E+03	1.56569E-01	9.07885E+02
1.01325D+00	1.00000D-01	2.07500E+03	1.56926E-01	9.49558E+02
1.01325D+00	1.00000D-01	2.10000E+03	1.57308E-01	9.91736E+02
1.01325D+00	1.00000D-01	2.12500E+03	1.57718E-01	1.03445E+03
1.01325D+00	1.00000D-01	2.15000E+03	1.58156E-01	1.07774E+03
1.01325D+00	1.00000D-01	2.17500E+03	1.58622E-01	1.12162E+03
1.01325D+00	1.00000D-01	2.20000E+03	1.59119E-01	1.16614E+03
1.01325D+00	1.00000D-01	2.22500E+03	1.59646E-01	1.21134E+03
1.01325D+00	1.00000D-01	2.25000E+03	1.60206E-01	1.25724E+03
1.01325D+00	1.00000D-01	2.27500E+03	1.60798E-01	1.30389E+03
1.01325D+00	1.00000D-01	2.30000E+03	1.61424E-01	1.35132E+03
1.01325D+00	1.00000D-01	2.32500E+03	1.62084E-01	1.39958E+03
1.01325D+00	1.00000D-01	2.35000E+03	1.62779E-01	1.44870E+03
1.01325D+00	1.00000D-01	2.37500E+03	1.63510E-01	1.49871E+03
1.01325D+00	1.00000D-01	2.40000E+03	1.64276E-01	1.54967E+03
1.01325D+00	1.00000D-01	2.42500E+03	1.65079E-01	1.60161E+03
1.01325D+00	1.00000D-01	2.45000E+03	1.65919E-01	1.65457E+03
1.01325D+00	1.00000D-01	2.47500E+03	1.66796E-01	1.70859E+03
1.01325D+00	1.00000D-01	2.50000E+03	1.67710E-01	1.76370E+03
1.01325D+00	1.00000D-01	2.52500E+03	1.68661E-01	1.81996E+03
1.01325D+00	1.00000D-01	2.55000E+03	1.69648E-01	1.87739E+03
1.01325D+00	1.00000D-01	2.57500E+03	1.70673E-01	1.93603E+03
1.01325D+00	1.00000D-01	2.60000E+03	1.71734E-01	1.99592E+03
1.01325D+00	1.00000D-01	2.62500E+03	1.72832E-01	2.05711E+03
1.01325D+00	1.00000D-01	2.65000E+03	1.73965E-01	2.11961E+03
1.01325D+00	1.00000D-01	2.67500E+03	1.75133E-01	2.18348E+03
1.01325D+00	1.00000D-01	2.70000E+03	1.76337E-01	2.24875E+03
1.01325D+00	1.00000D-01	2.72500E+03	1.77574E-01	2.31545E+03
1.01325D+00	1.00000D-01	2.75000E+03	1.78846E-01	2.38363E+03
1.01325D+00	1.00000D-01	2.77500E+03	1.80152E-01	2.45333E+03
1.01325D+00	1.00000D-01	2.80000E+03	1.81492E-01	2.52460E+03
1.01325D+00	1.00000D-01	2.82500E+03	1.82866E-01	2.59748E+03
1.01325D+00	1.00000D-01	2.85000E+03	1.84276E-01	2.67205E+03
1.01325D+00	1.00000D-01	2.87500E+03	1.85722E-01	2.74837E+03
1.01325D+00	1.00000D-01	2.90000E+03	1.87207E-01	2.82652E+03
1.01325D+00	1.00000D-01	2.92500E+03	1.88734E-01	2.90661E+03
1.01325D+00	1.00000D-01	2.95000E+03	1.90308E-01	2.98875E+03
1.01325D+00	1.00000D-01	2.97500E+03	1.91933E-01	3.07309E+03
1.01325D+00	1.00000D-01	3.00000E+03	1.93619E-01	3.15982E+03
1.01325D+00	1.00000D-01	3.02500E+03	1.95374E-01	3.24914E+03
1.01325D+00	1.00000D-01	3.05000E+03	1.97212E-01	3.34134E+03
1.01325D+00	1.00000D-01	3.07500E+03	1.99149E-01	3.43674E+03
1.01325D+00	1.00000D-01	3.10000E+03	2.01205E-01	3.53574E+03
1.01325D+00	1.00000D-01	3.12500E+03	2.03406E-01	3.63882E+03
1.01325D+00	1.00000D-01	3.15000E+03	2.05782E-01	3.74657E+03
1.01325D+00	1.00000D-01	3.17500E+03	2.08372E-01	3.85969E+03
1.01325D+00	1.00000D-01	3.20000E+03	2.11222E-01	3.97904E+03
1.01325D+00	1.00000D-01	3.22500E+03	2.14391E-01	4.10563E+03
1.01325D+00	1.00000D-01	3.25000E+03	2.17948E-01	4.24068E+03
1.01325D+00	1.00000D-01	3.27500E+03	2.21976E-01	4.38563E+03
1.01325D+00	1.00000D-01	3.30000E+03	2.26579E-01	4.54218E+03
1.01325D+00	1.00000D-01	3.32500E+03	2.31881E-01	4.71236E+03
1.01325D+00	1.00000D-01	3.35000E+03	2.38031E-01	4.89853E+03
1.01325D+00	1.00000D-01	3.37500E+03	2.45210E-01	5.10345E+03
1.01325D+00	1.00000D-01	3.40000E+03	2.53640E-01	5.33035E+03
1.01325D+00	1.00000D-01	3.42500E+03	2.63586E-01	5.58294E+03
1.01325D+00	1.00000D-01	3.45000E+03	2.75374E-01	5.86550E+03
1.01325D+00	1.00000D-01	3.47500E+03	2.89404E-01	6.18293E+03
1.01325D+00	1.00000D-01	3.50000E+03	3.06163E-01	6.54078E+03
1.01325D+00	1.00000D-01	3.52500E+03	3.26260E-01	6.94530E+03
1.01325D+00	1.00000D-01	3.55000E+03	3.50451E-01	7.40343E+03
1.01325D+00	1.00000D-01	3.57500E+03	3.79689E-01	7.92284E+03
1.01325D+00	1.00000D-01	3.60000E+03	4.15191E-01	8.51184E+03
1.01325D+00	1.00000D-01	3.62500E+03	4.58526E-01	9.17930E+03
1.01325D+00	1.00000D-01	3.65000E+03	5.11757E-01	9.93447E+03
1.01325D+00	1.00000D-01	3.67500E+03	5.77646E-01	1.07867E+04
1.01325D+00	1.00000D-01	3.70000E+03	6.59971E-01	1.17453E+04
1.01325D+00	1.00000D-01	3.72500E+03	7.64044E-01	1.28186E+04
1.01325D+00	1.00000D-01	3.75000E+03	8.97571E-01	1.40137E+04
1.01325D+00	1.00000D-01	3.77500E+03	1.07218E+00	1.53357E+04
1.01325D+00	1.00000D-01	3.80000E+03	1.30624E+00	1.67865E+04
1.01325D+00	1.00000D-01	3.82500E+03	1.63063E+00	1.83640E+04
1.01325D+00	1.00000D-01	3.85000E+03	2.10141E+00	2.00605E+04
1.01325D+00	1.00000D-01	3.87500E+03	2.83196E+00	2.18614E+04
1.01325D+00	1.00000D-01	3.90000E+03	4.09041E+00	2.37424E+04
1.01325D+00	1.00000D-01	3.92500E+03	6.69517E+00	2.56654E+04
1.01325D+00	1.00000D-01	3.95000E+03	1.48339E+01	2.75636E+04
1.01325D+00	1.00000D-01	3.97500E+03	1.48339E+01	2.75636E+04
1.01325D+00	1.00000D-01	4.00000E+03	1.48339E+01	2.75636E+04
p (bar)	B'g	Temp (K)	B'c	Hw (kJ/kg)
1.01325D+00	1.50000D-01	2.50000E+02	0.00000E+00	-3.61505E+03
1.01325D+00	1.50000D-01	2.75000E+02	0.00000E+00	-3.58209E+03
1.01325D+00	1.50000D-01	3.00000E+02	0.00000E+00	-3.54717E+03
1.01325D+00	1.50000D-01	3.25000E+02	0.00000E+00	-3.51051E+03
1.01325D+00	1.50000D-01	3.50000E+02	0.00000E+00	-3.47257E+03
1.01325D+00	1.50000D-01	3.75000E+02	0.00000E+00	-3.43380E+03
1.01325D+00	1.50000D-01	4.00000E+02	0.00000E+00	-3.39458E+03
1.01325D+00	1.50000D-01	4.25000E+02	0.00000E+00	-3.35513E+03
1.01325D+00	1.50000D-01	4.50000E+02	0.00000E+00	-3.31550E+03
1.01325D+00	1.50000D-01	4.75000E+02	0.00000E+00	-3.27563E+03
1.01325D+00	1.50000D-01	5.00000E+02	0.00000E+00	-3.23530E+03
1.01325D+00	1.50000D-01	5.25000E+02	0.00000E+00	-3.19419E+03
1.01325D+00	1.50000D-01	5.50000E+02	2.12693E-03	-3.15189E+03
1.01325D+00	1.50000D-01	5.75000E+02	4.12144E-03	-3.10786E+03
1.01325D+00	1.50000D-01	6.00000E+02	5.98328E-03	-3.06147E+03
1.01325D+00	1.50000D-01	6.25000E+02	7.74856E-03	-3.01196E+03
1.01325D+00	1.50000D-01	6.50000E+02	9.47826E-03	-2.95839E+03
1.01325D+00	1.50000D-01	6.75000E+02	1.12657E-02	-2.89961E+03
1.01325D+00	1.50000D-01	7.00000E+02	1.32434E-02	-2.83421E+03
1.01325D+00	1.50000D-01	7.25000E+02	1.55868E-02	-2.76036E+03
1.01325D+00	1.50000D-01	7.50000E+02	1.85146E-02	-2.67587E+03
1.01325D+00	1.50000D-01	7.75000E+02	2.22825E-02	-2.57810E+03
1.01325D+00	1.50000D-01	8.00000E+02	2.71679E-02	-2.46415E+03
1.01325D+00	1.50000D-01	8.25000E+02	3.34416E-02	-2.33125E+03
1.01325D+00	1.50000D-01	8.50000E+02	4.13191E-02	-2.17741E+03
1.01325D+00	1.50000D-01	8.75000E+02	5.08890E-02	-2.00250E+03
1.01325D+00	1.50000D-01	9.00000E+02	6.20224E-02	-1.80941E+03
1.01325D+00	1.50000D-01	9.25000E+02	7.42923E-02	-1.60484E+03
1.01325D+00	1.50000D-01	9.50000E+02	8.69626E-02	-1.39910E+03
1.01325D+00	1.50000D-01	9.75000E+02	9.91087E-02	-1.20409E+03
1.01325D+00	1.50000D-01	1.00000E+03	1.09870E-01	-1.03000E+03
1.01325D+00	1.50000D-01	1.02500E+03	1.18709E-01	-8.82415E+02
1.01325D+00	1.50000D-01	1.05000E+03	1.25509E-01	-7.61591E+02
1.01325D+00	1.50000D-01	1.07500E+03	1.30486E-01	-6.63996E+02
1.01325D+00	1.50000D-01	1.10000E+03	1.34009E-01	-5.84574E+02
1.01325D+00	1.50000D-01	1.12500E+03	1.36455E-01	-5.18433E+02
1.01325D+00	1.50000D-01	1.15000E+03	1.38141E-01	-4.61601E+02
1.01325D+00	1.50000D-01	1.17500E+03	1.39301E-01	-4.11144E+02
1.01325D+00	1.50000D-01	1.20000E+03	1.40105E-01	-3.65000E+02
1.01325D+00	1.50000D-01	1.22500E+03	1.40666E-01	-3.21761E+02
1.01325D+00	1.50000D-01	1.25000E+03	1.41062E-01	-2.80478E+02
1.01325D+00	1.50000D-01	1.27500E+03	1.41347E-01	-2.40507E+02
1.01325D+00	1.50000D-01	1.30000E+03	1.41554E-01	-2.01414E+02
1.01325D+00	1.50000D-01	1.32500E+03	1.41709E-01	-1.62902E+02
1.01325D+00	1.50000D-01	1.35000E+03	1.41828E-01	-1.24768E+02
1.01325D+00	1.50000D-01	1.37500E+03	1.41922E-01	-8.68670E+01
1.01325D+00	1.50000D-01	1.40000E+03	1.42000E-01	-4.90990E+01
1.01325D+00	1.50000D-01	1.42500E+03	1.42068E-01	-1.13907E+01
1.01325D+00	1.50000D-01	1.45000E+03	1.42130E-01	2.63117E+01
1.01325D+00	1.50000D-01	1.47500E+03	1.42190E-01	6.40487E+01
1.01325D+00	1.50000D-01	1.50000E+03	1.42249E-01	1.01852E+02
1.01325D+00	1.50000D-01	1.52500E+03	1.42311E-01	1.39746E+02
1.01325D+00	1.50000D-01	1.55000E+03	1.42377E-01	1.77753E+02
1.01325D+00	1.50000D-01	1.57500E+03	1.42448E-01	2.15890E+02
1.01325D+00	1.50000D-01	1.60000E+03	1.42526E-01	2.54175E+02
1.01325D+00	1.50000D-01	1.62500E+03	1.42612E-01	2.92622E+02
1.01325D+00	1.50000D-01	1.65000E+03	1.42707E-01	3.31247E+02
1.01325D+00	1.50000D-01	1.67500E+03	1.42813E-01	3.70065E+02
1.01325D+00	1.50000D-01	1.70000E+03	1.42930E-01	4.09092E+02
1.01325D+00	1.50000D-01	1.72500E+03	1.43060E-01	4.48342E+02
1.01325D+00	1.50000D-01	1.75000E+03	1.43205E-01	4.87834E+02
1.01325D+00	1.50000D-01	1.77500E+03	1.43365E-01	5.27584E+02
1.01325D+00	1.50000D-01	1.80000E+03	1.43541E-01	5.67611E+02
1.01325D+00	1.50000D-01	1.82500E+03	1.43735E-01	6.07936E+02
1.01325D+00	1.50000D-01	1.85000E+03	1.43948E-01	6.48579E+02
1.01325D+00	1.50000D-01	1.87500E+03	1.44181E-01	6.89563E+02
1.01325D+00	1.50000D-01	1.90000E+03	1.44436E-01	7.30911E+02
1.01325D+00	1.50000D-01	1.92500E+03	1.44714E-01	7.72651E+02
1.01325D+00	1.50000D-01	1.95000E+03	1.45016E-01	8.14808E+02
1.01325D+00	1.50000D-01	1.97500E+03	1.45344E-01	8.57412E+02
1.01325D+00	1.50000D-01	2.00000E+03	1.45700E-01	9.00492E+02
1.01325D+00	1.50000D-01	2.02500E+03	1.46084E-01	9.44083E+02
1.01325D+00	1.50000D-01	2.05000E+03	1.46499E-01	9.88216E+02
1.01325D+00	1.50000D-01	2.07500E+03	1.46945E-01	1.03293E+03
1.01325D+00	1.50000D-01	2.10000E+03	1.47424E-01	1.07826E+03
1.01325D+00	1.50000D-01	2.12500E+03	1.47938E-01	1.12424E+03
1.01325D+00	1.50000D-01	2.15000E+03	1.48488E-01	1.17092E+03
1.01325D+00	1.50000D-01	2.17500E+03	1.49075E-01	1.21834E+03
1.01325D+00	1.50000D-01	2.20000E+03	1.49701E-01	1.26654E+03
1.01325D+00	1.50000D-01	2.22500E+03	1.50367E-01	1.31557E+03
1.01325D+00	1.50000D-01	2.25000E+03	1.51075E-01	1.36548E+03
1.01325D+00	1.50000D-01	2.27500E+03	1.51826E-01	1.41631E+03
1.01325D+00	1.50000D-01	2.30000E+03	1.52621E-01	1.46810E+03
1.01325D+00	1.50000D-01	2.32500E+03	1.53461E-01	1.52093E+03
1.01325D+00	1.50000D-01	2.35000E+03	1.54347E-01	1.57482E+03
1.01325D+00	1.50000D-01	2.37500E+03	1.55281E-01	1.62984E+03
1.01325D+00	1.50000D-01	2.40000E+03	1.56263E-01	1.68604E+03
1.01325D+00	1.50000D-01	2.42500E+03	1.57294E-01	1.74346E+03
1.01325D+00	1.50000D-01	2.45000E+03	1.58375E-01	1.80217E+03
1.01325D+00	1.50000D-01	2.47500E+03	1.59507E-01	1.86222E+03
1.01325D+00	1.50000D-01	2.50000E+03	1.60689E-01	1.92365E+03
1.01325D+00	1.50000D-01	2.52500E+03	1.61922E-01	1.98652E+03
1.01325D+00	1.50000D-01	2.55000E+03	1.63207E-01	2.05089E+03
1.01325D+00	1.50000D-01	2.57500E+03	1.64544E-01	2.11679E+03
1.01325D+00	1.50000D-01	2.60000E+03	1.65932E-01	2.18430E+03
1.01325D+00	1.50000D-01	2.62500E+03	1.67372E-01	2.25345E+03
1.01325D+00	1.50000D-01	2.65000E+03	1.68863E-01	2.32430E+03
1.01325D+00	1.50000D-01	2.67500E+03	1.70405E-01	2.39689E+03
1.01325D+00	1.50000D-01	2.70000E+03	1.71998E-01	2.47128E+03
1.01325D+00	1.50000D-01	2.72500E+03	1.73641E-01	2.54751E+03
1.01325D+00	1.50000D-01	2.75000E+03	1.75335E-01	2.62565E+03
1.01325D+00	1.50000D-01	2.77500E+03	1.77079E-01	2.70575E+03
1.01325D+00	1.50000D-01	2.80000E+03	1.78873E-01	2.78786E+03
1.01325D+00	1.50000D-01	2.82500E+03	1.80718E-01	2.87205E+03
1.01325D+00	1.50000D-01	2.85000E+03	1.82615E-01	2.95839E+03
1.01325D+00	1.50000D-01	2.87500E+03	1.84565E-01	3.04697E+03
1.01325D+00	1.50000D-01	2.90000E+03	1.86570E-01	3.13786E+03
1.01325D+00	1.50000D-01	2.92500E+03	1.88634E-01	3.23120E+03
1.01325D+00	1.50000D-01	2.95000E+03	1.90761E-01	3.32709E+03
1.01325D+00	1.50000D-01	2.97500E+03	1.92957E-01	3.42571E+03
1.01325D+00	1.50000D-01	3.00000E+03	1.95231E-01	3.52724E+03
1.01325D+00	1.50000D-01	3.02500E+03	1.97592E-01	3.63190E+03
1.01325D+00	1.50000D-01	3.05000E+03	2.00054E-01	3.73997E+03
1.01325D+00	1.50000D-01	3.07500E+03	2.02635E-01	3.85179E+03
1.01325D+00	1.50000D-01	3.10000E+03	2.05356E-01	3.96775E+03
1.01325D+00	1.50000D-01	3.12500E+03	2.08244E-01	4.08835E+03
1.01325D+00	1.50000D-01	3.15000E+03	2.11333E-01	4.21418E+03
1.01325D+00	1.50000D-01	3.17500E+03	2.14664E-01	4.34595E+03
1.01325D+00	1.50000D-01	3.20000E+03	2.18289E-01	4.48451E+03
1.01325D+00	1.50000D-01	3.22500E+03	2.22269E-01	4.63089E+03
1.01325D+00	1.50000D-01	3.25000E+03	2.26680E-01	4.78630E+03
1.01325D+00	1.50000D-01	3.27500E+03	2.31616E-01	4.95219E+03
1.01325D+00	1.50000D-01	3.30000E+03	2.37188E-01	5.13026E+03
1.01325D+00	1.50000D-01	3.32500E+03	2.43533E-01	5.32255E+03
1.01325D+00	1.50000D-01	3.35000E+03	2.50817E-01	5.53140E+03
1.01325D+00	1.50000D-01	3.37500E+03	2.59239E-01	5.75958E+03
1.01325D+00	1.50000D-01	3.40000E+03	2.69044E-01	6.01027E+03
1.01325D+00	1.50000D-01	3.42500E+03	2.80527E-01	6.28718E+03
1.01325D+00	1.50000D-01	3.45000E+03	2.94050E-01	6.59453E+03
1.01325D+00	1.50000D-01	3.47500E+03	3.10057E-01	6.93713E+03
1.01325D+00	1.50000D-01	3.50000E+03	3.29091E-01	7.32043E+03
1.01325D+00	1.50000D-01	3.52500E+03	3.51829E-01	7.75047E+03
1.01325D+00	1.50000D-01	3.55000E+03	3.79114E-01	8.23398E+03
1.01325D+00	1.50000D-01	3.57500E+03	4.12010E-01	8.77825E+03
1.01325D+00	1.50000D-01	3.60000E+03	4.51875E-01	9.39110E+03
1.01325D+00	1.50000D-01	3.62500E+03	5.00464E-01	1.00807E+04
1.01325D+00	1.50000D-01	3.65000E+03	5.60081E-01	1.08555E+04
1.01325D+00	1.50000D-01	3.67500E+03	6.33815E-01	1.17237E+04
1.01325D+00	1.50000D-01	3.70000E+03	7.25894E-01	1.26930E+04
1.01325D+00	1.50000D-01	3.72500E+03	8.42264E-01	1.37699E+04
1.01325D+00	1.50000D-01	3.75000E+03	9.91554E-01	1.49593E+04
1.01325D+00	1.50000D-01	3.77500E+03	1.18678E+00	1.62636E+04
1.01325D+00	1.50000D-01	3.80000E+03	1.44855E+00	1.76816E+04
1.01325D+00	1.50000D-01	3.82500E+03	1.81143E+00	1.92076E+04
1.01325D+00	1.50000D-01	3.85000E+03	2.33825E+00	2.08305E+04
1.01325D+00	1.50000D-01	3.87500E+03	3.15602E+00	2.25321E+04
1.01325D+00	1.50000D-01	3.90000E+03	4.56493E+00	2.42851E+04
1.01325D+00	1.50000D-01	3.92500E+03	7.48017E+00	2.60495E+04
1.01325D+00	1.50000D-01	3.95000E+03	1.65723E+01	2.77599E+04
1.01325D+00	1.50000D-01	3.97500E+03	1.65723E+01	2.77599E+04
1.01325D+00	1.50000D-01	4.00000E+03	1.65723E+01	2.77599E+04
p (bar)	B'g	Temp (K)	B'c	Hw (kJ/kg)
1.01325D+00	2.00000D-01	2.50000E+02	0.00000E+00	-3.90768E+03
1.01325D+00	2.00000D-01	2.75000E+02	0.00000E+00	-3.86743E+03
1.01325D+00	2.00000D-01	3.00000E+02	0.00000E+00	-3.82392E+03
1.01325D+00	2.00000D-01	3.25000E+02	0.00000E+00	-3.77821E+03
1.01325D+00	2.00000D-01	3.50000E+02	0.00000E+00	-3.73140E+03
1.01325D+00	2.00000D-01	3.75000E+02	0.00000E+00	-3.68436E+03
1.01325D+00	2.00000D-01	4.00000E+02	0.00000E+00	-3.63759E+03
1.01325D+00	2.00000D-01	4.25000E+02	0.00000E+00	-3.59132E+03
1.01325D+00	2.00000D-01	4.50000E+02	0.00000E+00	-3.54553E+03
1.01325D+00	2.00000D-01	4.75000E+02	0.00000E+00	-3.50002E+03
1.01325D+00	2.00000D-01	5.00000E+02	0.00000E+00	-3.45447E+03
1.01325D+00	2.00000D-01	5.25000E+02	0.00000E+00	-3.40843E+03
1.01325D+00	2.00000D-01	5.50000E+02	0.00000E+00	-3.36137E+03
1.01325D+00	2.00000D-01	5.75000E+02	0.00000E+00	-3.31262E+03
1.01325D+00	2.00000D-01	6.00000E+02	0.00000E+00	-3.26145E+03
1.01325D+00	2.00000D-01	6.25000E+02	0.00000E+00	-3.20694E+03
1.01325D+00	2.00000D-01	6.50000E+02	0.00000E+00	-3.14806E+03
1.01325D+00	2.00000D-01	6.75000E+02	0.00000E+00	-3.08352E+03
1.01325D+00	2.00000D-01	7.00000E+02	0.00000E+00	-3.01177E+03
1.01325D+00	2.00000D-01	7.25000E+02	0.00000E+00	-2.93088E+03
1.01325D+00	2.00000D-01	7.50000E+02	0.00000E+00	-2.83853E+03
1.01325D+00	2.00000D-01	7.75000E+02	3.06557E-03	-2.73198E+03
1.01325D+00	2.00000D-01	8.00000E+02	7.96717E-03	-2.60824E+03
1.01325D+00	2.00000D-01	8.25000E+02	1.43939E-02	-2.46446E+03
1.01325D+00	2.00000D-01	8.50000E+02	2.25952E-02	-2.29868E+03
1.01325D+00	2.00000D-01	8.75000E+02	3.26778E-02	-2.11083E+03
1.01325D+00	2.00000D-01	9.00000E+02	4.45089E-02	-1.90404E+03
1.01325D+00	2.00000D-01	9.25000E+02	5.76301E-02	-1.68541E+03
1.01325D+00	2.00000D-01	9.50000E+02	7.12451E-02	-1.46582E+03
1.01325D+00	2.00000D-01	9.75000E+02	8.43501E-02	-1.25776E+03
1.01325D+00	2.00000D-01	1.00000E+03	9.60042E-02	-1.07195E+03
1.01325D+00	2.00000D-01	1.02500E+03	1.05609E-01	-9.14273E+02
1.01325D+00	2.00000D-01	1.05000E+03	1.13024E-01	-7.85050E+02
1.01325D+00	2.00000D-01	1.07500E+03	1.18467E-01	-6.80599E+02
1.01325D+00	2.00000D-01	1.10000E+03	1.22329E-01	-5.95608E+02
1.01325D+00	2.00000D-01	1.12500E+03	1.25016E-01	-5.24908E+02
1.01325D+00	2.00000D-01	1.15000E+03	1.26868E-01	-4.64278E+02
1.01325D+00	2.00000D-01	1.17500E+03	1.28145E-01	-4.10581E+02
1.01325D+00	2.00000D-01	1.20000E+03	1.29028E-01	-3.61603E+02
1.01325D+00	2.00000D-01	1.22500E+03	1.29643E-01	-3.15822E+02
1.01325D+00	2.00000D-01	1.25000E+03	1.30078E-01	-2.72206E+02
1.01325D+00	2.00000D-01	1.27500E+03	1.30388E-01	-2.30054E+02
1.01325D+00	2.00000D-01	1.30000E+03	1.30614E-01	-1.88888E+02
1.01325D+00	2.00000D-01	1.32500E+03	1.30782E-01	-1.48381E+02
1.01325D+00	2.00000D-01	1.35000E+03	1.30911E-01	-1.08307E+02
1.01325D+00	2.00000D-01	1.37500E+03	1.31013E-01	-6.85053E+01
1.01325D+00	2.00000D-01	1.40000E+03	1.31097E-01	-2.88630E+01
1.01325D+00	2.00000D-01	1.42500E+03	1.31171E-01	1.07022E+01
1.01325D+00	2.00000D-01	1.45000E+03	1.31239E-01	5.02513E+01
1.01325D+00	2.00000D-01	1.47500E+03	1.31304E-01	8.98305E+01
1.01325D+00	2.00000D-01	1.50000E+03	1.31370E-01	1.29476E+02
1.01325D+00	2.00000D-01	1.52500E+03	1.31439E-01	1.69216E+02
1.01325D+00	2.00000D-01	1.55000E+03	1.31513E-01	2.09076E+02
1.01325D+00	2.00000D-01	1.57500E+03	1.31593E-01	2.49077E+02
1.01325D+00	2.00000D-01	1.60000E+03	1.31682E-01	2.89237E+02
1.01325D+00	2.00000D-01	1.62500E+03	1.31780E-01	3.29576E+02
1.01325D+00	2.00000D-01	1.65000E+03	1.31889E-01	3.70110E+02
1.01325D+00	2.00000D-01	1.67500E+03	1.32011E-01	4.10857E+02
1.01325D+00	2.00000D-01	1.70000E+03	1.32146E-01	4.51834E+02
1.01325D+00	2.00000D-01	1.72500E+03	1.32297E-01	4.93062E+02
1.01325D+00	2.00000D-01	1.75000E+03	1.32464E-01	5.34557E+02
1.01325D+00	2.00000D-01	1.77500E+03	1.32649E-01	5.76342E+02
1.01325D+00	2.00000D-01	1.80000E+03	1.32853E-01	6.18438E+02
1.01325D+00	2.00000D-01	1.82500E+03	1.33078E-01	6.60868E+02
1.01325D+00	2.00000D-01	1.85000E+03	1.33326E-01	7.03656E+02
1.01325D+00	2.00000D-01	1.87500E+03	1.33598E-01	7.46829E+02
1.01325D+00	2.00000D-01	1.90000E+03	1.33895E-01	7.90415E+02
1.01325D+00	2.00000D-01	1.92500E+03	1.34219E-01	8.34444E+02
1.01325D+00	2.00000D-01	1.95000E+03	1.34572E-01	8.78947E+02
1.01325D+00	2.00000D-01	1.97500E+03	1.34956E-01	9.23957E+02
1.01325D+00	2.00000D-01	2.00000E+03	1.35372E-01	9.69512E+02
1.01325D+00	2.00000D-01	2.02500E+03	1.35822E-01	1.01565E+03
1.01325D+00	2.00000D-01	2.05000E+03	1.36307E-01	1.06240E+03
1.01325D+00	2.00000D-01	2.07500E+03	1.36831E-01	1.10982E+03
1.01325D+00	2.00000D-01	2.10000E+03	1.37394E-01	1.15795E+03
1.01325D+00	2.00000D-01	2.12500E+03	1.37998E-01	1.20683E+03
1.01325D+00	2.00000D-01	2.15000E+03	1.38646E-01	1.25651E+03
1.01325D+00	2.00000D-01	2.17500E+03	1.39338E-01	1.30704E+03
1.01325D+00	2.00000D-01	2.20000E+03	1.40077E-01	1.35847E+03
1.01325D+00	2.00000D-01	2.22500E+03	1.40865E-01	1.41086E+03
1.01325D+00	2.00000D-01	2.25000E+03	1.41703E-01	1.46426E+03
1.01325D+00	2.00000D-01	2.27500E+03	1.42592E-01	1.51873E+03
1.01325D+00	2.00000D-01	2.30000E+03	1.43536E-01	1.57432E+03
1.01325D+00	2.00000D-01	2.32500E+03	1.44534E-01	1.63111E+03
1.01325D+00	2.00000D-01	2.35000E+03	1.45589E-01	1.68914E+03
1.01325D+00	2.00000D-01	2.37500E+03	1.46702E-01	1.74848E+03
1.01325D+00	2.00000D-01	2.40000E+03	1.47875E-01	1.80919E+03
1.01325D+00	2.00000D-01	2.42500E+03	1.49108E-01	1.87134E+03
1.01325D+00	2.00000D-01	2.45000E+03	1.50403E-01	1.93500E+03
1.01325D+00	2.00000D-01	2.47500E+03	1.51760E-01	2.00021E+03
1.01325D+00	2.00000D-01	2.50000E+03	1.53181E-01	2.06705E+03
1.01325D+00	2.00000D-01	2.52500E+03	1.54666E-01	2.13559E+03
1.01325D+00	2.00000D-01	2.55000E+03	1.56216E-01	2.20588E+03
1.01325D+00	2.00000D-01	2.57500E+03	1.57832E-01	2.27799E+03
1.01325D+00	2.00000D-01	2.60000E+03	1.59513E-01	2.35198E+03
1.01325D+00	2.00000D-01	2.62500E+03	1.61259E-01	2.42792E+03
1.01325D+00	2.00000D-01	2.65000E+03	1.63072E-01	2.50586E+03
1.01325D+00	2.00000D-01	2.67500E+03	1.64950E-01	2.58587E+03
1.01325D+00	2.00000D-01	2.70000E+03	1.66895E-01	2.66800E+03
1.01325D+00	2.00000D-01	2.72500E+03	1.68905E-01	2.75233E+03
1.01325D+00	2.00000D-01	2.75000E+03	1.70981E-01	2.83892E+03
1.01325D+00	2.00000D-01	2.77500E+03	1.73122E-01	2.92782E+03
1.01325D+00	2.00000D-01	2.80000E+03	1.75330E-01	3.01912E+03
1.01325D+00	2.00000D-01	2.82500E+03	1.77605E-01	3.11289E+03
1.01325D+00	2.00000D-01	2.85000E+03	1.79947E-01	3.20920E+03
1.01325D+00	2.00000D-01	2.87500E+03	1.82359E-01	3.30815E+03
1.01325D+00	2.00000D-01	2.90000E+03	1.84842E-01	3.40983E+03
1.01325D+00	2.00000D-01	2.92500E+03	1.87401E-01	3.51438E+03
1.01325D+00	2.00000D-01	2.95000E+03	1.90040E-01	3.62193E+03
1.01325D+00	2.00000D-01	2.97500E+03	1.92765E-01	3.73264E+03
1.01325D+00	2.00000D-01	3.00000E+03	1.95586E-01	3.84671E+03
1.01325D+00	2.00000D-01	3.02500E+03	1.98512E-01	3.96437E+03
1.01325D+00	2.00000D-01	3.05000E+03	2.01560E-01	4.08591E+03
1.01325D+00	2.00000D-01	3.07500E+03	2.04747E-01	4.21166E+03
1.01325D+00	2.00000D-01	3.10000E+03	2.08096E-01	4.34205E+03
1.01325D+00	2.00000D-01	3.12500E+03	2.11637E-01	4.47756E+03
1.01325D+00	2.00000D-01	3.15000E+03	2.15405E-01	4.61880E+03
1.01325D+00	2.00000D-01	3.17500E+03	2.19446E-01	4.76649E+03
1.01325D+00	2.00000D-01	3.20000E+03	2.23815E-01	4.92148E+03
1.01325D+00	2.00000D-01	3.22500E+03	2.28579E-01	5.08481E+03
1.01325D+00	2.00000D-01	3.25000E+03	2.33821E-01	5.25769E+03
1.01325D+00	2.00000D-01	3.27500E+03	2.39641E-01	5.44159E+03
1.01325D+00	2.00000D-01	3.30000E+03	2.46162E-01	5.63822E+03
1.01325D+00	2.00000D-01	3.32500E+03	2.53533E-01	5.84959E+03
1.01325D+00	2.00000D-01	3.35000E+03	2.61935E-01	6.07805E+03
1.01325D+00	2.00000D-01	3.37500E+03	2.71587E-01	6.32637E+03
1.01325D+00	2.00000D-01	3.40000E+03	2.82756E-01	6.59771E+03
1.01325D+00	2.00000D-01	3.42500E+03	2.95767E-01	6.89572E+03
1.01325D+00	2.00000D-01	3.45000E+03	3.11017E-01	7.22460E+03
1.01325D+00	2.00000D-01	3.47500E+03	3.28993E-01	7.58905E+03
1.01325D+00	2.00000D-01	3.50000E+03	3.50295E-01	7.99439E+03
1.01325D+00	2.00000D-01	3.52500E+03	3.75666E-01	8.44651E+03
1.01325D+00	2.00000D-01	3.55000E+03	4.06037E-01	8.95184E+03
1.01325D+00	2.00000D-01	3.57500E+03	4.42581E-01	9.51736E+03
1.01325D+00	2.00000D-01	3.60000E+03	4.86796E-01	1.01504E+04
1.01325D+00	2.00000D-01	3.62500E+03	5.40618E-01	1.08585E+04
1.01325D+00	2.00000D-01	3.65000E+03	6.06596E-01	1.16493E+04
1.01325D+00	2.00000D-01	3.67500E+03	6.88142E-01	1.25298E+04
1.01325D+00	2.00000D-01	3.70000E+03	7.89930E-01	1.35066E+04
1.01325D+00	2.00000D-01	3.72500E+03	9.18537E-01	1.45844E+04
1.01325D+00	2.00000D-01	3.75000E+03	1.08351E+00	1.57663E+04
1.01325D+00	2.00000D-01	3.77500E+03	1.29927E+00	1.70522E+04
1.01325D+00	2.00000D-01	3.80000E+03	1.58859E+00	1.84387E+04
1.01325D+00	2.00000D-01	3.82500E+03	1.98979E+00	1.99173E+04
1.01325D+00	2.00000D-01	3.85000E+03	2.57241E+00	2.14742E+04
1.01325D+00	2.00000D-01	3.87500E+03	3.47704E+00	2.30888E+04
1.01325D+00	2.00000D-01	3.90000E+03	5.03583E+00	2.47321E+04
1.01325D+00	2.00000D-01	3.92500E+03	8.26039E+00	2.63634E+04
1.01325D+00	2.00000D-01	3.95000E+03	1.83017E+01	2.79191E+04
1.01325D+00	2.00000D-01	3.97500E+03	1.83017E+01	2.79191E+04
1.01325D+00	2.00000D-01	4.00000E+03	1.83017E+01	2.79191E+04
p (bar)	B'g	Temp (K)	B'c	Hw (kJ/kg)
1.01325D+00	2.50000D-01	2.50000E+02	0.00000E+00	-4.18470E+03
1.01325D+00	2.50000D-01	2.75000E+02	0.00000E+00	-4.13307E+03
1.01325D+00	2.50000D-01	3.00000E+02	0.00000E+00	-4.07819E+03
1.01325D+00	2.50000D-01	3.25000E+02	0.00000E+00	-4.02205E+03
1.01325D+00	2.50000D-01	3.50000E+02	0.00000E+00	-3.96607E+03
1.01325D+00	2.50000D-01	3.75000E+02	0.00000E+00	-3.91105E+03
1.01325D+00	2.50000D-01	4.00000E+02	0.00000E+00	-3.85734E+03
1.01325D+00	2.50000D-01	4.25000E+02	0.00000E+00	-3.80497E+03
1.01325D+00	2.50000D-01	4.50000E+02	0.00000E+00	-3.75376E+03
1.01325D+00	2.50000D-01	4.75000E+02	0.00000E+00	-3.70336E+03
1.01325D+00	2.50000D-01	5.00000E+02	0.00000E+00	-3.65332E+03
1.01325D+00	2.50000D-01	5.25000E+02	0.00000E+00	-3.60308E+03
1.01325D+00	2.50000D-01	5.50000E+02	0.00000E+00	-3.55197E+03
1.01325D+00	2.50000D-01	5.75000E+02	0.00000E+00	-3.49925E+03
1.01325D+00	2.50000D-01	6.00000E+02	0.00000E+00	-3.44405E+03
1.01325D+00	2.50000D-01	6.25000E+02	0.00000E+00	-3.38537E+03
1.01325D+00	2.50000D-01	6.50000E+02	0.00000E+00	-3.32204E+03
1.01325D+00	2.50000D-01	6.75000E+02	0.00000E+00	-3.25266E+03
1.01325D+00	2.50000D-01	7.00000E+02	0.00000E+00	-3.17555E+03
1.01325D+00	2.50000D-01	7.25000E+02	0.00000E+00	-3.08865E+03
1.01325D+00	2.50000D-01	7.50000E+02	0.00000E+00	-2.98950E+03
1.01325D+00	2.50000D-01	7.75000E+02	0.00000E+00	-2.87524E+03
1.01325D+00	2.50000D-01	8.00000E+02	0.00000E+00	-2.74278E+03
1.01325D+00	2.50000D-01	8.25000E+02	0.00000E+00	-2.58920E+03
1.01325D+00	2.50000D-01	8.50000E+02	4.68529E-03	-2.41249E+03
1.01325D+00	2.50000D-01	8.75000E+02	1.51539E-02	-2.21269E+03
1.01325D+00	2.50000D-01	9.00000E+02	2.75676E-02	-1.99314E+03
1.01325D+00	2.50000D-01	9.25000E+02	4.14381E-02	-1.76136E+03
1.01325D+00	2.50000D-01	9.50000E+02	5.59096E-02	-1.52875E+03
1.01325D+00	2.50000D-01	9.75000E+02	6.98986E-02	-1.30842E+03
1.01325D+00	2.50000D-01	1.00000E+03	8.23831E-02	-1.11158E+03
1.01325D+00	2.50000D-01	1.02500E+03	9.27044E-02	-9.44406E+02
1.01325D+00	2.50000D-01	1.05000E+03	1.00693E-01	-8.07275E+02
1.01325D+00	2.50000D-01	1.07500E+03	1.06570E-01	-6.96363E+02
1.01325D+00	2.50000D-01	1.10000E+03	1.10746E-01	-6.06122E+02
1.01325D+00	2.50000D-01	1.12500E+03	1.13654E-01	-5.31119E+02
1.01325D+00	2.50000D-01	1.15000E+03	1.15659E-01	-4.66902E+02
1.01325D+00	2.50000D-01	1.17500E+03	1.17039E-01	-4.10143E+02
1.01325D+00	2.50000D-01	1.20000E+03	1.17992E-01	-3.58484E+02
1.01325D+00	2.50000D-01	1.22500E+03	1.18655E-01	-3.10299E+02
1.01325D+00	2.50000D-01	1.25000E+03	1.19121E-01	-2.64478E+02
1.01325D+00	2.50000D-01	1.27500E+03	1.19453E-01	-2.20262E+02
1.01325D+00	2.50000D-01	1.30000E+03	1.19693E-01	-1.77137E+02
1.01325D+00	2.50000D-01	1.32500E+03	1.19871E-01	-1.34745E+02
1.01325D+00	2.50000D-01	1.35000E+03	1.20007E-01	-9.28392E+01
1.01325D+00	2.50000D-01	1.37500E+03	1.20114E-01	-5.12438E+01
1.01325D+00	2.50000D-01	1.40000E+03	1.20203E-01	-9.83412E+00
1.01325D+00	2.50000D-01	1.42500E+03	1.20281E-01	3.14810E+01
1.01325D+00	2.50000D-01	1.45000E+03	1.20352E-01	7.27691E+01
1.01325D+00	2.50000D-01	1.47500E+03	1.20422E-01	1.14082E+02
1.01325D+00	2.50000D-01	1.50000E+03	1.20493E-01	1.55459E+02
1.01325D+00	2.50000D-01	1.52500E+03	1.20567E-01	1.96934E+02
1.01325D+00	2.50000D-01	1.55000E+03	1.20648E-01	2.38533E+02
1.01325D+00	2.50000D-01	1.57500E+03	1.20736E-01	2.80281E+02
1.01325D+00	2.50000D-01	1.60000E+03	1.20833E-01	3.22199E+02
1.01325D+00	2.50000D-01	1.62500E+03	1.20942E-01	3.64307E+02
1.01325D+00	2.50000D-01	1.65000E+03	1.21063E-01	4.06625E+02
1.01325D+00	2.50000D-01	1.67500E+03	1.21199E-01	4.49173E+02
1.01325D+00	2.50000D-01	1.70000E+03	1.21350E-01	4.91970E+02
1.01325D+00	2.50000D-01	1.72500E+03	1.21518E-01	5.35037E+02
1.01325D+00	2.50000D-01	1.75000E+03	1.21705E-01	5.78396E+02
1.01325D+00	2.50000D-01	1.77500E+03	1.21912E-01	6.22071E+02
1.01325D+00	2.50000D-01	1.80000E+03	1.22141E-01	6.66084E+02
1.01325D+00	2.50000D-01	1.82500E+03	1.22394E-01	7.10462E+02
1.01325D+00	2.50000D-01	1.85000E+03	1.22672E-01	7.55232E+02
1.01325D+00	2.50000D-01	1.87500E+03	1.22978E-01	8.00424E+02
1.01325D+00	2.50000D-01	1.90000E+03	1.23312E-01	8.46069E+02
1.01325D+00	2.50000D-01	1.92500E+03	1.23678E-01	8.92201E+02
1.01325D+00	2.50000D-01	1.95000E+03	1.24076E-01	9.38855E+02
1.01325D+00	2.50000D-01	1.97500E+03	1.24510E-01	9.86068E+02
1.01325D+00	2.50000D-01	2.00000E+03	1.24980E-01	1.03388E+03
1.01325D+00	2.50000D-01	2.02500E+03	1.25489E-01	1.08234E+03
1.01325D+00	2.50000D-01	2.05000E+03	1.26039E-01	1.13148E+03
1.01325D+00	2.50000D-01	2.07500E+03	1.26632E-01	1.18136E+03
1.01325D+00	2.50000D-01	2.10000E+03	1.27271E-01	1.23202E+03
1.01325D+00	2.50000D-01	2.12500E+03	1.27957E-01	1.28351E+03
1.01325D+00	2.50000D-01	2.15000E+03	1.28693E-01	1.33590E+03
1.01325D+00	2.50000D-01	2.17500E+03	1.29480E-01	1.38923E+03
1.01325D+00	2.50000D-01	2.20000E+03	1.30322E-01	1.44356E+03
1.01325D+00	2.50000D-01	2.22500E+03	1.31220E-01	1.49897E+03
1.01325D+00	2.50000D-01	2.25000E+03	1.32176E-01	1.55550E+03
1.01325D+00	2.50000D-01	2.27500E+03	1.33192E-01	1.61322E+03
1.01325D+00	2.50000D-01	2.30000E+03	1.34271E-01	1.67221E+03
1.01325D+00	2.50000D-01	2.32500E+03	1.35413E-01	1.73252E+03
1.01325D+00	2.50000D-01	2.35000E+03	1.36623E-01	1.79424E+03
1.01325D+00	2.50000D-01	2.37500E+03	1.37900E-01	1.85742E+03
1.01325D+00	2.50000D-01	2.40000E+03	1.39247E-01	1.92215E+03
1.01325D+00	2.50000D-01	2.42500E+03	1.40665E-01	1.98848E+03
1.01325D+00	2.50000D-01	2.45000E+03	1.42156E-01	2.05651E+03
1.01325D+00	2.50000D-01	2.47500E+03	1.43721E-01	2.12630E+03
1.01325D+00	2.50000D-01	2.50000E+03	1.45362E-01	2.19792E+03
1.01325D+00	2.50000D-01	2.52500E+03	1.47079E-01	2.27145E+03
1.01325D+00	2.50000D-01	2.55000E+03	1.48874E-01	2.34696E+03
1.01325D+00	2.50000D-01	2.57500E+03	1.50747E-01	2.42453E+03
1.01325D+00	2.50000D-01	2.60000E+03	1.52699E-01	2.50423E+03
1.01325D+00	2.50000D-01	2.62500E+03	1.54730E-01	2.58613E+03
1.01325D+00	2.50000D-01	2.65000E+03	1.56841E-01	2.67030E+03
1.01325D+00	2.50000D-01	2.67500E+03	1.59031E-01	2.75682E+03
1.01325D+00	2.50000D-01	2.70000E+03	1.61303E-01	2.84575E+03
1.01325D+00	2.50000D-01	2.72500E+03	1.63654E-01	2.93717E+03
1.01325D+00	2.50000D-01	2.75000E+03	1.66086E-01	3.03115E+03
1.01325D+00	2.50000D-01	2.77500E+03	1.68600E-01	3.12777E+03
1.01325D+00	2.50000D-01	2.80000E+03	1.71194E-01	3.22711E+03
1.01325D+00	2.50000D-01	2.82500E+03	1.73871E-01	3.32924E+03
1.01325D+00	2.50000D-01	2.85000E+03	1.76632E-01	3.43427E+03
1.01325D+00	2.50000D-01	2.87500E+03	1.79477E-01	3.54229E+03
1.01325D+00	2.50000D-01	2.90000E+03	1.82411E-01	3.65340E+03
1.01325D+00	2.50000D-01	2.92500E+03	1.85437E-01	3.76775E+03
1.01325D+00	2.50000D-01	2.95000E+03	1.88560E-01	3.88547E+03
1.01325D+00	2.50000D-01	2.97500E+03	1.91786E-01	4.00674E+03
1.01325D+00	2.50000D-01	3.00000E+03	1.95126E-01	4.13175E+03
1.01325D+00	2.50000D-01	3.02500E+03	1.98591E-01	4.26077E+03
1.01325D+00	2.50000D-01	3.05000E+03	2.02197E-01	4.39407E+03
1.01325D+00	2.50000D-01	3.07500E+03	2.05964E-01	4.53200E+03
1.01325D+00	2.50000D-01	3.10000E+03	2.09916E-01	4.67499E+03
1.01325D+00	2.50000D-01	3.12500E+03	2.14084E-01	4.82354E+03
1.01325D+00	2.50000D-01	3.15000E+03	2.18508E-01	4.97826E+03
1.01325D+00	2.50000D-01	3.17500E+03	2.23236E-01	5.13987E+03
1.01325D+00	2.50000D-01	3.20000E+03	2.28327E-01	5.30924E+03
1.01325D+00	2.50000D-01	3.22500E+03	2.33854E-01	5.48741E+03
1.01325D+00	2.50000D-01	3.25000E+03	2.39906E-01	5.67561E+03
1.01325D+00	2.50000D-01	3.27500E+03	2.46592E-01	5.87530E+03
1.01325D+00	2.50000D-01	3.30000E+03	2.54046E-01	6.08819E+03
1.01325D+00	2.50000D-01	3.32500E+03	2.62427E-01	6.31631E+03
1.01325D+00	2.50000D-01	3.35000E+03	2.71933E-01	6.56199E+03
1.01325D+00	2.50000D-01	3.37500E+03	2.82801E-01	6.82799E+03
1.01325D+00	2.50000D-01	3.40000E+03	2.95322E-01	7.11744E+03
1.01325D+00	2.50000D-01	3.42500E+03	3.09849E-01	7.43397E+03
1.01325D+00	2.50000D-01	3.45000E+03	3.26815E-01	7.78169E+03
1.01325D+00	2.50000D-01	3.47500E+03	3.46751E-01	8.16524E+03
1.01325D+00	2.50000D-01	3.50000E+03	3.70310E-01	8.58980E+03
1.01325D+00	2.50000D-01	3.52500E+03	3.98305E-01	9.06107E+03
1.01325D+00	2.50000D-01	3.55000E+03	4.31750E-01	9.58524E+03
1.01325D+00	2.50000D-01	3.57500E+03	4.71929E-01	1.01689E+04
1.01325D+00	2.50000D-01	3.60000E+03	5.20478E-01	1.08190E+04
1.01325D+00	2.50000D-01	3.62500E+03	5.79516E-01	1.15425E+04
1.01325D+00	2.50000D-01	3.65000E+03	6.51832E-01	1.23461E+04
1.01325D+00	2.50000D-01	3.67500E+03	7.41160E-01	1.32361E+04
1.01325D+00	2.50000D-01	3.70000E+03	8.52622E-01	1.42176E+04
1.01325D+00	2.50000D-01	3.72500E+03	9.93420E-01	1.52941E+04
1.01325D+00	2.50000D-01	3.75000E+03	1.17402E+00	1.64669E+04
1.01325D+00	2.50000D-01	3.77500E+03	1.41022E+00	1.77342E+04
1.01325D+00	2.50000D-01	3.80000E+03	1.72701E+00	1.90903E+04
1.01325D+00	2.50000D-01	3.82500E+03	2.16638E+00	2.05248E+04
1.01325D+00	2.50000D-01	3.85000E+03	2.80461E+00	2.20220E+04
1.01325D+00	2.50000D-01	3.87500E+03	3.79583E+00	2.35596E+04
1.01325D+00	2.50000D-01	3.90000E+03	5.50405E+00	2.51075E+04
1.01325D+00	2.50000D-01	3.92500E+03	9.03697E+00	2.66251E+04
1.01325D+00	2.50000D-01	3.95000E+03	2.00241E+01	2.80510E+04
1.01325D+00	2.50000D-01	3.97500E+03	2.00241E+01	2.80510E+04
1.01325D+00	2.50000D-01	4.00000E+03	2.00241E+01	2.80510E+04
p (bar)	B'g	Temp (K)	B'c	Hw (kJ/kg)
1.01325D+00	3.20000D-01	2.50000E+02	0.00000E+00	-4.52258E+03
1.01325D+00	3.20000D-01	2.75000E+02	0.00000E+00	-4.45535E+03
1.01325D+00	3.20000D-01	3.00000E+02	0.00000E+00	-4.38736E+03
1.01325D+00	3.20000D-01	3.25000E+02	0.00000E+00	-4.32011E+03
1.01325D+00	3.20000D-01	3.50000E+02	0.00000E+00	-4.25458E+03
1.01325D+00	3.20000D-01	3.75000E+02	0.00000E+00	-4.19122E+03
1.01325D+00	3.20000D-01	4.00000E+02	0.00000E+00	-4.13015E+03
1.01325D+00	3.20000D-01	4.25000E+02	0.00000E+00	-4.07121E+03
1.01325D+00	3.20000D-01	4.50000E+02	0.00000E+00	-4.01406E+03
1.01325D+00	3.20000D-01	4.75000E+02	0.00000E+00	-3.95822E+03
1.01325D+00	3.20000D-01	5.00000E+02	0.00000E+00	-3.90313E+03
1.01325D+00	3.20000D-01	5.25000E+02	0.00000E+00	-3.84811E+03
1.01325D+00	3.20000D-01	5.50000E+02	0.00000E+00	-3.79239E+03
1.01325D+00	3.20000D-01	5.75000E+02	0.00000E+00	-3.73512E+03
1.01325D+00	3.20000D-01	6.00000E+02	0.00000E+00	-3.67531E+03
1.01325D+00	3.20000D-01	6.25000E+02	0.00000E+00	-3.61184E+03
1.01325D+00	3.20000D-01	6.50000E+02	0.00000E+00	-3.54340E+03
1.01325D+00	3.20000D-01	6.75000E+02	0.00000E+00	-3.46843E+03
1.01325D+00	3.20000D-01	7.00000E+02	0.00000E+00	-3.38507E+03
1.01325D+00	3.20000D-01	7.25000E+02	0.00000E+00	-3.29109E+03
1.01325D+00	3.20000D-01	7.50000E+02	0.00000E+00	-3.18382E+03
1.01325D+00	3.20000D-01	7.75000E+02	0.00000E+00	-3.06022E+03
1.01325D+00	3.20000D-01	8.00000E+02	0.00000E+00	-2.91702E+03
1.01325D+00	3.20000D-01	8.25000E+02	0.00000E+00	-2.75117E+03
1.01325D+00	3.20000D-01	8.50000E+02	0.00000E+00	-2.56062E+03
1.01325D+00	3.20000D-01	8.75000E+02	0.00000E+00	-2.34551E+03
1.01325D+00	3.20000D-01	9.00000E+02	4.57433E-03	-2.10950E+03
1.01325D+00	3.20000D-01	9.25000E+02	1.93679E-02	-1.86065E+03
1.01325D+00	3.20000D-01	9.50000E+02	3.49286E-02	-1.61110E+03
1.01325D+00	3.20000D-01	9.75000E+02	5.00611E-02	-1.37475E+03
1.01325D+00	3.20000D-01	1.00000E+03	6.36295E-02	-1.16351E+03
1.01325D+00	3.20000D-01	1.02500E+03	7.48890E-02	-9.83931E+02
1.01325D+00	3.20000D-01	1.05000E+03	8.36292E-02	-8.36470E+02
1.01325D+00	3.20000D-01	1.07500E+03	9.00726E-02	-7.17117E+02
1.01325D+00	3.20000D-01	1.10000E+03	9.46567E-02	-6.20009E+02
1.01325D+00	3.20000D-01	1.12500E+03	9.78486E-02	-5.39376E+02
1.01325D+00	3.20000D-01	1.15000E+03	1.00047E-01	-4.70459E+02
1.01325D+00	3.20000D-01	1.17500E+03	1.01557E-01	-4.09686E+02
1.01325D+00	3.20000D-01	1.20000E+03	1.02596E-01	-3.54513E+02
1.01325D+00	3.20000D-01	1.22500E+03	1.03316E-01	-3.03174E+02
1.01325D+00	3.20000D-01	1.25000E+03	1.03818E-01	-2.54459E+02
1.01325D+00	3.20000D-01	1.27500E+03	1.04174E-01	-2.07538E+02
1.01325D+00	3.20000D-01	1.30000E+03	1.04429E-01	-1.61844E+02
1.01325D+00	3.20000D-01	1.32500E+03	1.04617E-01	-1.16982E+02
1.01325D+00	3.20000D-01	1.35000E+03	1.04759E-01	-7.26769E+01
1.01325D+00	3.20000D-01	1.37500E+03	1.04870E-01	-2.87334E+01
1.01325D+00	3.20000D-01	1.40000E+03	1.04962E-01	1.49886E+01
1.01325D+00	3.20000D-01	1.42500E+03	1.05043E-01	5.85916E+01
1.01325D+00	3.20000D-01	1.45000E+03	1.05118E-01	1.02152E+02
1.01325D+00	3.20000D-01	1.47500E+03	1.05192E-01	1.45728E+02
1.01325D+00	3.20000D-01	1.50000E+03	1.05267E-01	1.89366E+02
1.01325D+00	3.20000D-01	1.52500E+03	1.05348E-01	2.33102E+02
1.01325D+00	3.20000D-01	1.55000E+03	1.05435E-01	2.76967E+02
1.01325D+00	3.20000D-01	1.57500E+03	1.05532E-01	3.20990E+02
1.01325D+00	3.20000D-01	1.60000E+03	1.05640E-01	3.65193E+02
1.01325D+00	3.20000D-01	1.62500E+03	1.05761E-01	4.09601E+02
1.01325D+00	3.20000D-01	1.65000E+03	1.05897E-01	4.54235E+02
1.01325D+00	3.20000D-01	1.67500E+03	1.06049E-01	4.99118E+02
1.01325D+00	3.20000D-01	1.70000E+03	1.06219E-01	5.44272E+02
1.01325D+00	3.20000D-01	1.72500E+03	1.06409E-01	5.89720E+02
1.01325D+00	3.20000D-01	1.75000E+03	1.06620E-01	6.35488E+02
1.01325D+00	3.20000D-01	1.77500E+03	1.06855E-01	6.81600E+02
1.01325D+00	3.20000D-01	1.80000E+03	1.07116E-01	7.28084E+02
1.01325D+00	3.20000D-01	1.82500E+03	1.07403E-01	7.74969E+02
1.01325D+00	3.20000D-01	1.85000E+03	1.07720E-01	8.22287E+02
1.01325D+00	3.20000D-01	1.87500E+03	1.08068E-01	8.70069E+02
1.01325D+00	3.20000D-01	1.90000E+03	1.08450E-01	9.18353E+02
1.01325D+00	3.20000D-01	1.92500E+03	1.08868E-01	9.67174E+02
1.01325D+00	3.20000D-01	1.95000E+03	1.09324E-01	1.01657E+03
1.01325D+00	3.20000D-01	1.97500E+03	1.09820E-01	1.06659E+03
1.01325D+00	3.20000D-01	2.00000E+03	1.10359E-01	1.11728E+03
1.01325D+00	3.20000D-01	2.02500E+03	1.10943E-01	1.16868E+03
1.01325D+00	3.20000D-01	2.05000E+03	1.11574E-01	1.22085E+03
1.01325D+00	3.20000D-01	2.07500E+03	1.12257E-01	1.27384E+03
1.01325D+00	3.20000D-01	2.10000E+03	1.12992E-01	1.32770E+03
1.01325D+00	3.20000D-01	2.12500E+03	1.13782E-01	1.38249E+03
1.01325D+00	3.20000D-01	2.15000E+03	1.14631E-01	1.43829E+03
1.01325D+00	3.20000D-01	2.17500E+03	1.15540E-01	1.49514E+03
1.01325D+00	3.20000D-01	2.20000E+03	1.16513E-01	1.55312E+03
1.01325D+00	3.20000D-01	2.22500E+03	1.17552E-01	1.61230E+03
1.01325D+00	3.20000D-01	2.25000E+03	1.18660E-01	1.67274E+03
1.01325D+00	3.20000D-01	2.27500E+03	1.19839E-01	1.73454E+03
1.01325D+00	3.20000D-01	2.30000E+03	1.21092E-01	1.79775E+03
1.01325D+00	3.20000D-01	2.32500E+03	1.22421E-01	1.86246E+03
1.01325D+00	3.20000D-01	2.35000E+03	1.23829E-01	1.92875E+03
1.01325D+00	3.20000D-01	2.37500E+03	1.25318E-01	1.99670E+03
1.01325D+00	3.20000D-01	2.40000E+03	1.26891E-01	2.06640E+03
1.01325D+00	3.20000D-01	2.42500E+03	1.28549E-01	2.13792E+03
1.01325D+00	3.20000D-01	2.45000E+03	1.30295E-01	2.21136E+03
1.01325D+00	3.20000D-01	2.47500E+03	1.32130E-01	2.28680E+03
1.01325D+00	3.20000D-01	2.50000E+03	1.34056E-01	2.36432E+03
1.01325D+00	3.20000D-01	2.52500E+03	1.36075E-01	2.44401E+03
1.01325D+00	3.20000D-01	2.55000E+03	1.38189E-01	2.52596E+03
1.01325D+00	3.20000D-01	2.57500E+03	1.40398E-01	2.61025E+03
1.01325D+00	3.20000D-01	2.60000E+03	1.42703E-01	2.69697E+03
1.01325D+00	3.20000D-01	2.62500E+03	1.45106E-01	2.78619E+03
1.01325D+00	3.20000D-01	2.65000E+03	1.47608E-01	2.87802E+03
1.01325D+00	3.20000D-01	2.67500E+03	1.50208E-01	2.97252E+03
1.01325D+00	3.20000D-01	2.70000E+03	1.52909E-01	3.06978E+03
1.01325D+00	3.20000D-01	2.72500E+03	1.55709E-01	3.16989E+03
1.01325D+00	3.20000D-01	2.75000E+03	1.58610E-01	3.27294E+03
1.01325D+00	3.20000D-01	2.77500E+03	1.61613E-01	3.37900E+03
1.01325D+00	3.20000D-01	2.80000E+03	1.64718E-01	3.48817E+03
1.01325D+00	3.20000D-01	2.82500E+03	1.67927E-01	3.60054E+03
1.01325D+00	3.20000D-01	2.85000E+03	1.71241E-01	3.71622E+03
1.01325D+00	3.20000D-01	2.87500E+03	1.74662E-01	3.83531E+03
1.01325D+00	3.20000D-01	2.90000E+03	1.78193E-01	3.95794E+03
1.01325D+00	3.20000D-01	2.92500E+03	1.81840E-01	4.08425E+03
1.01325D+00	3.20000D-01	2.95000E+03	1.85607E-01	4.21438E+03
1.01325D+00	3.20000D-01	2.97500E+03	1.89503E-01	4.34853E+03
1.01325D+00	3.20000D-01	3.00000E+03	1.93537E-01	4.48690E+03
1.01325D+00	3.20000D-01	3.02500E+03	1.97723E-01	4.62976E+03
1.01325D+00	3.20000D-01	3.05000E+03	2.02079E-01	4.77739E+03
1.01325D+00	3.20000D-01	3.07500E+03	2.06625E-01	4.93017E+03
1.01325D+00	3.20000D-01	3.10000E+03	2.11389E-01	5.08852E+03
1.01325D+00	3.20000D-01	3.12500E+03	2.16406E-01	5.25295E+03
1.01325D+00	3.20000D-01	3.15000E+03	2.21718E-01	5.42409E+03
1.01325D+00	3.20000D-01	3.17500E+03	2.27378E-01	5.60267E+03
1.01325D+00	3.20000D-01	3.20000E+03	2.33452E-01	5.78956E+03
1.01325D+00	3.20000D-01	3.22500E+03	2.40020E-01	5.98582E+03
1.01325D+00	3.20000D-01	3.25000E+03	2.47182E-01	6.19268E+03
1.01325D+00	3.20000D-01	3.27500E+03	2.55056E-01	6.41160E+03
1.01325D+00	3.20000D-01	3.30000E+03	2.63791E-01	6.64431E+03
1.01325D+00	3.20000D-01	3.32500E+03	2.73565E-01	6.89281E+03
1.01325D+00	3.20000D-01	3.35000E+03	2.84595E-01	7.15945E+03
1.01325D+00	3.20000D-01	3.37500E+03	2.97146E-01	7.44693E+03
1.01325D+00	3.20000D-01	3.40000E+03	3.11542E-01	7.75838E+03
1.01325D+00	3.20000D-01	3.42500E+03	3.28175E-01	8.09735E+03
1.01325D+00	3.20000D-01	3.45000E+03	3.47527E-01	8.46786E+03
1.01325D+00	3.20000D-01	3.47500E+03	3.70190E-01	8.87442E+03
1.01325D+00	3.20000D-01	3.50000E+03	3.96893E-01	9.32203E+03
1.01325D+00	3.20000D-01	3.52500E+03	4.28544E-01	9.81613E+03
1.01325D+00	3.20000D-01	3.55000E+03	4.66276E-01	1.03626E+04
1.01325D+00	3.20000D-01	3.57500E+03	5.11524E-01	1.09675E+04
1.01325D+00	3.20000D-01	3.60000E+03	5.66119E-01	1.16373E+04
1.01325D+00	3.20000D-01	3.62500E+03	6.32435E-01	1.23779E+04
1.01325D+00	3.20000D-01	3.65000E+03	7.13592E-01	1.31954E+04
1.01325D+00	3.20000D-01	3.67500E+03	8.13779E-01	1.40946E+04
1.01325D+00	3.20000D-01	3.70000E+03	9.38735E-01	1.50793E+04
1.01325D+00	3.20000D-01	3.72500E+03	1.09654E+00	1.61512E+04
1.01325D+00	3.20000D-01	3.75000E+03	1.29894E+00	1.73096E+04
1.01325D+00	3.20000D-01	3.77500E+03	1.56367E+00	1.85506E+04
1.01325D+00	3.20000D-01	3.80000E+03	1.91878E+00	1.98663E+04
1.01325D+00	3.20000D-01	3.82500E+03	2.41143E+00	2.12442E+04
1.01325D+00	3.20000D-01	3.85000E+03	3.12726E+00	2.26665E+04
1.01325D+00	3.20000D-01	3.87500E+03	4.23933E+00	2.41096E+04
1.01325D+00	3.20000D-01	3.90000E+03	6.15614E+00	2.55428E+04
1.01325D+00	3.20000D-01	3.92500E+03	1.01195E+01	2.69263E+04
1.01325D+00	3.20000D-01	3.95000E+03	2.24259E+01	2.82018E+04
1.01325D+00	3.20000D-01	3.97500E+03	2.24259E+01	2.82018E+04
1.01325D+00	3.20000D-01	4.00000E+03	2.24259E+01	2.82018E+04
p (bar)	B'g	Temp (K)	B'c	Hw (kJ/kg)
1.01325D+00	4.00000D-01	2.50000E+02	0.00000E+00	-4.81657E+03
1.01325D+00	4.00000D-01	2.75000E+02	0.00000E+00	-4.74927E+03
1.01325D+00	4.00000D-01	3.00000E+02	0.00000E+00	-4.67839E+03
1.01325D+00	4.00000D-01	3.25000E+02	0.00000E+00	-4.60675E+03
1.01325D+00	4.00000D-01	3.50000E+02	0.00000E+00	-4.53613E+03
1.01325D+00	4.00000D-01	3.75000E+02	0.00000E+00	-4.46749E+03
1.01325D+00	4.00000D-01	4.00000E+02	0.00000E+00	-4.40118E+03
1.01325D+00	4.00000D-01	4.25000E+02	0.00000E+00	-4.33718E+03
1.01325D+00	4.00000D-01	4.50000E+02	0.00000E+00	-4.27520E+03
1.01325D+00	4.00000D-01	4.75000E+02	0.00000E+00	-4.21478E+03
1.01325D+00	4.00000D-01	5.00000E+02	0.00000E+00	-4.15529E+03
1.01325D+00	4.00000D-01	5.25000E+02	0.00000E+00	-4.09604E+03
1.01325D+00	4.00000D-01	5.50000E+02	0.00000E+00	-4.03619E+03
1.01325D+00	4.00000D-01	5.75000E+02	0.00000E+00	-3.97480E+03
1.01325D+00	4.00000D-01	6.00000E+02	0.00000E+00	-3.91081E+03
1.01325D+00	4.00000D-01	6.25000E+02	0.00000E+00	-3.84298E+03
1.01325D+00	4.00000D-01	6.50000E+02	0.00000E+00	-3.76986E+03
1.01325D+00	4.00000D-01	6.75000E+02	0.00000E+00	-3.68975E+03
1.01325D+00	4.00000D-01	7.00000E+02	0.00000E+00	-3.60061E+03
1.01325D+00	4.00000D-01	7.25000E+02	0.00000E+00	-3.49998E+03
1.01325D+00	4.00000D-01	7.50000E+02	0.00000E+00	-3.38498E+03
1.01325D+00	4.00000D-01	7.75000E+02	0.00000E+00	-3.25233E+03
1.01325D+00	4.00000D-01	8.00000E+02	0.00000E+00	-3.09854E+03
1.01325D+00	4.00000D-01	8.25000E+02	0.00000E+00	-2.92038E+03
1.01325D+00	4.00000D-01	8.50000E+02	0.00000E+00	-2.71576E+03
1.01325D+00	4.00000D-01	8.75000E+02	0.00000E+00	-2.48492E+03
1.01325D+00	4.00000D-01	9.00000E+02	0.00000E+00	-2.23182E+03
1.01325D+00	4.00000D-01	9.25000E+02	0.00000E+00	-1.96514E+03
1.01325D+00	4.00000D-01	9.50000E+02	1.14727E-02	-1.69783E+03
1.01325D+00	4.00000D-01	9.75000E+02	2.78132E-02	-1.44467E+03
1.01325D+00	4.00000D-01	1.00000E+03	4.25370E-02	-1.21828E+03
1.01325D+00	4.00000D-01	1.02500E+03	5.48000E-02	-1.02566E+03
1.01325D+00	4.00000D-01	1.05000E+03	6.43440E-02	-8.67339E+02
1.01325D+00	4.00000D-01	1.07500E+03	7.13907E-02	-7.39107E+02
1.01325D+00	4.00000D-01	1.10000E+03	7.64063E-02	-6.34771E+02
1.01325D+00	4.00000D-01	1.12500E+03	7.98957E-02	-5.48207E+02
1.01325D+00	4.00000D-01	1.15000E+03	8.22944E-02	-4.74335E+02
1.01325D+00	4.00000D-01	1.17500E+03	8.39359E-02	-4.09328E+02
1.01325D+00	4.00000D-01	1.20000E+03	8.50602E-02	-3.50445E+02
1.01325D+00	4.00000D-01	1.22500E+03	8.58337E-02	-2.95776E+02
1.01325D+00	4.00000D-01	1.25000E+03	8.63698E-02	-2.44005E+02
1.01325D+00	4.00000D-01	1.27500E+03	8.67453E-02	-1.94229E+02
1.01325D+00	4.00000D-01	1.30000E+03	8.70124E-02	-1.45823E+02
1.01325D+00	4.00000D-01	1.32500E+03	8.72064E-02	-9.83556E+01
1.01325D+00	4.00000D-01	1.35000E+03	8.73515E-02	-5.15207E+01
1.01325D+00	4.00000D-01	1.37500E+03	8.74648E-02	-5.10250E+00
1.01325D+00	4.00000D-01	1.40000E+03	8.75579E-02	4.10551E+01
1.01325D+00	4.00000D-01	1.42500E+03	8.76396E-02	8.70666E+01
1.01325D+00	4.00000D-01	1.45000E+03	8.77159E-02	1.33018E+02
1.01325D+00	4.00000D-01	1.47500E+03	8.77917E-02	1.78973E+02
1.01325D+00	4.00000D-01	1.50000E+03	8.78707E-02	2.24986E+02
1.01325D+00	4.00000D-01	1.52500E+03	8.79559E-02	2.71096E+02
1.01325D+00	4.00000D-01	1.55000E+03	8.80497E-02	3.17339E+02
1.01325D+00	4.00000D-01	1.57500E+03	8.81545E-02	3.63746E+02
1.01325D+00	4.00000D-01	1.60000E+03	8.82723E-02	4.10344E+02
1.01325D+00	4.00000D-01	1.62500E+03	8.84051E-02	4.57159E+02
1.01325D+00	4.00000D-01	1.65000E+03	8.85547E-02	5.04215E+02
1.01325D+00	4.00000D-01	1.67500E+03	8.87231E-02	5.51537E+02
1.01325D+00	4.00000D-01	1.70000E+03	8.89122E-02	5.99151E+02
1.01325D+00	4.00000D-01	1.72500E+03	8.91239E-02	6.47082E+02
1.01325D+00	4.00000D-01	1.75000E+03	8.93602E-02	6.95357E+02
1.01325D+00	4.00000D-01	1.77500E+03	8.96233E-02	7.44004E+02
1.01325D+00	4.00000D-01	1.80000E+03	8.99153E-02	7.93055E+02
1.01325D+00	4.00000D-01	1.82500E+03	9.02383E-02	8.42541E+02
1.01325D+00	4.00000D-01	1.85000E+03	9.05948E-02	8.92497E+02
1.01325D+00	4.00000D-01	1.87500E+03	9.09871E-02	9.42959E+02
1.01325D+00	4.00000D-01	1.90000E+03	9.14176E-02	9.93966E+02
1.01325D+00	4.00000D-01	1.92500E+03	9.18890E-02	1.04556E+03
1.01325D+00	4.00000D-01	1.95000E+03	9.24039E-02	1.09779E+03
1.01325D+00	4.00000D-01	1.97500E+03	9.29651E-02	1.15070E+03
1.01325D+00	4.00000D-01	2.00000E+03	9.35752E-02	1.20433E+03
1.01325D+00	4.00000D-01	2.02500E+03	9.42373E-02	1.25875E+03
1.01325D+00	4.00000D-01	2.05000E+03	9.49541E-02	1.31401E+03
1.01325D+00	4.00000D-01	2.07500E+03	9.57289E-02	1.37017E+03
1.01325D+00	4.00000D-01	2.10000E+03	9.65645E-02	1.42730E+03
1.01325D+00	4.00000D-01	2.12500E+03	9.74642E-02	1.48545E+03
1.01325D+00	4.00000D-01	2.15000E+03	9.84310E-02	1.54470E+03
1.01325D+00	4.00000D-01	2.17500E+03	9.94682E-02	1.60513E+03
1.01325D+00	4.00000D-01	2.20000E+03	1.00579E-01	1.66680E+03
1.01325D+00	4.00000D-01	2.22500E+03	1.01766E-01	1.72979E+03
1.01325D+00	4.00000D-01	2.25000E+03	1.03034E-01	1.79419E+03
1.01325D+00	4.00000D-01	2.27500E+03	1.04384E-01	1.86008E+03
1.01325D+00	4.00000D-01	2.30000E+03	1.05821E-01	1.92754E+03
1.01325D+00	4.00000D-01	2.32500E+03	1.07347E-01	1.99667E+03
1.01325D+00	4.00000D-01	2.35000E+03	1.08965E-01	2.06756E+03
1.01325D+00	4.00000D-01	2.37500E+03	1.10679E-01	2.14029E+03
1.01325D+00	4.00000D-01	2.40000E+03	1.12491E-01	2.21496E+03
1.01325D+00	4.00000D-01	2.42500E+03	1.14403E-01	2.29167E+03
1.01325D+00	4.00000D-01	2.45000E+03	1.16420E-01	2.37052E+03
1.01325D+00	4.00000D-01	2.47500E+03	1.18542E-01	2.45159E+03
1.01325D+00	4.00000D-01	2.50000E+03	1.20773E-01	2.53499E+03
1.01325D+00	4.00000D-01	2.52500E+03	1.23114E-01	2.62082E+03
1.01325D+00	4.00000D-01	2.55000E+03	1.25568E-01	2.70917E+03
1.01325D+00	4.00000D-01	2.57500E+03	1.28136E-01	2.80014E+03
1.01325D+00	4.00000D-01	2.60000E+03	1.30820E-01	2.89383E+03
1.01325D+00	4.00000D-01	2.62500E+03	1.33622E-01	2.99033E+03
1.01325D+00	4.00000D-01	2.65000E+03	1.36542E-01	3.08974E+03
1.01325D+00	4.00000D-01	2.67500E+03	1.39583E-01	3.19215E+03
1.01325D+00	4.00000D-01	2.70000E+03	1.42744E-01	3.29767E+03
1.01325D+00	4.00000D-01	2.72500E+03	1.46028E-01	3.40638E+03
1.01325D+00	4.00000D-01	2.75000E+03	1.49435E-01	3.51838E+03
1.01325D+00	4.00000D-01	2.77500E+03	1.52966E-01	3.63377E+03
1.01325D+00	4.00000D-01	2.80000E+03	1.56623E-01	3.75266E+03
1.01325D+00	4.00000D-01	2.82500E+03	1.60407E-01	3.87513E+03
1.01325D+00	4.00000D-01	2.85000E+03	1.64320E-01	4.00132E+03
1.01325D+00	4.00000D-01	2.87500E+03	1.68366E-01	4.13133E+03
1.01325D+00	4.00000D-01	2.90000E+03	1.72547E-01	4.26531E+03
1.01325D+00	4.00000D-01	2.92500E+03	1.76870E-01	4.40339E+03
1.01325D+00	4.00000D-01	2.95000E+03	1.81340E-01	4.54574E+03
1.01325D+00	4.00000D-01	2.97500E+03	1.85966E-01	4.69256E+03
1.01325D+00	4.00000D-01	3.00000E+03	1.90760E-01	4.84407E+03
1.01325D+00	4.00000D-01	3.02500E+03	1.95737E-01	5.00053E+03
1.01325D+00	4.00000D-01	3.05000E+03	2.00915E-01	5.16226E+03
1.01325D+00	4.00000D-01	3.07500E+03	2.06319E-01	5.32961E+03
1.01325D+00	4.00000D-01	3.10000E+03	2.11978E-01	5.50304E+03
1.01325D+00	4.00000D-01	3.12500E+03	2.17932E-01	5.68307E+03
1.01325D+00	4.00000D-01	3.15000E+03	2.24227E-01	5.87032E+03
1.01325D+00	4.00000D-01	3.17500E+03	2.30922E-01	6.06553E+03
1.01325D+00	4.00000D-01	3.20000E+03	2.38090E-01	6.26961E+03
1.01325D+00	4.00000D-01	3.22500E+03	2.45819E-01	6.48358E+03
1.01325D+00	4.00000D-01	3.25000E+03	2.54220E-01	6.70871E+03
1.01325D+00	4.00000D-01	3.27500E+03	2.63425E-01	6.94646E+03
1.01325D+00	4.00000D-01	3.30000E+03	2.73599E-01	7.19854E+03
1.01325D+00	4.00000D-01	3.32500E+03	2.84939E-01	7.46695E+03
1.01325D+00	4.00000D-01	3.35000E+03	2.97688E-01	7.75402E+03
1.01325D+00	4.00000D-01	3.37500E+03	3.12141E-01	8.06243E+03
1.01325D+00	4.00000D-01	3.40000E+03	3.28657E-01	8.39524E+03
1.01325D+00	4.00000D-01	3.42500E+03	3.47676E-01	8.75594E+03
1.01325D+00	4.00000D-01	3.45000E+03	3.69734E-01	9.14844E+03
1.01325D+00	4.00000D-01	3.47500E+03	3.95494E-01	9.57710E+03
1.01325D+00	4.00000D-01	3.50000E+03	4.25771E-01	1.00467E+04
1.01325D+00	4.00000D-01	3.52500E+03	4.61580E-01	1.05624E+04
1.01325D+00	4.00000D-01	3.55000E+03	5.04190E-01	1.11297E+04
1.01325D+00	4.00000D-01	3.57500E+03	5.55209E-01	1.17543E+04
1.01325D+00	4.00000D-01	3.60000E+03	6.16689E-01	1.24417E+04
1.01325D+00	4.00000D-01	3.62500E+03	6.91292E-01	1.31974E+04
1.01325D+00	4.00000D-01	3.65000E+03	7.82520E-01	1.40262E+04
1.01325D+00	4.00000D-01	3.67500E+03	8.95075E-01	1.49317E+04
1.01325D+00	4.00000D-01	3.70000E+03	1.03540E+00	1.59164E+04
1.01325D+00	4.00000D-01	3.72500E+03	1.21259E+00	1.69804E+04
1.01325D+00	4.00000D-01	3.75000E+03	1.43982E+00	1.81210E+04
1.01325D+00	4.00000D-01	3.77500E+03	1.73705E+00	1.93325E+04
1.01325D+00	4.00000D-01	3.80000E+03	2.13582E+00	2.06051E+04
1.01325D+00	4.00000D-01	3.82500E+03	2.68917E+00	2.19246E+04
1.01325D+00	4.00000D-01	3.85000E+03	3.49343E+00	2.32718E+04
1.01325D+00	4.00000D-01	3.87500E+03	4.74322E+00	2.46222E+04
1.01325D+00	4.00000D-01	3.90000E+03	6.89771E+00	2.59453E+04
1.01325D+00	4.00000D-01	3.92500E+03	1.13514E+01	2.72025E+04
1.01325D+00	4.00000D-01	3.95000E+03	2.51599E+01	2.83390E+04
1.01325D+00	4.00000D-01	3.97500E+03	2.51599E+01	2.83390E+04
1.01325D+00	4.00000D-01	4.00000E+03	2.51599E+01	2.83390E+04
p (bar)	B'g	Temp (K)	B'c	Hw (kJ/kg)
1.01325D+00	5.00000D-01	2.50000E+02	0.00000E+00	-5.10821E+03
1.01325D+00	5.00000D-01	2.75000E+02	0.00000E+00	-5.04663E+03
1.01325D+00	5.00000D-01	3.00000E+02	0.00000E+00	-4.97863E+03
1.01325D+00	5.00000D-01	3.25000E+02	0.00000E+00	-4.90717E+03
1.01325D+00	5.00000D-01	3.50000E+02	0.00000E+00	-4.83478E+03
1.01325D+00	5.00000D-01	3.75000E+02	0.00000E+00	-4.76314E+03
1.01325D+00	5.00000D-01	4.00000E+02	0.00000E+00	-4.69315E+03
1.01325D+00	5.00000D-01	4.25000E+02	0.00000E+00	-4.62514E+03
1.01325D+00	5.00000D-01	4.50000E+02	0.00000E+00	-4.55903E+03
1.01325D+00	5.00000D-01	4.75000E+02	0.00000E+00	-4.49446E+03
1.01325D+00	5.00000D-01	5.00000E+02	0.00000E+00	-4.43088E+03
1.01325D+00	5.00000D-01	5.25000E+02	0.00000E+00	-4.36758E+03
1.01325D+00	5.00000D-01	5.50000E+02	0.00000E+00	-4.30372E+03
1.01325D+00	5.00000D-01	5.75000E+02	0.00000E+00	-4.23832E+03
1.01325D+00	5.00000D-01	6.00000E+02	0.00000E+00	-4.17022E+03
1.01325D+00	5.00000D-01	6.25000E+02	0.00000E+00	-4.09810E+03
1.01325D+00	5.00000D-01	6.50000E+02	0.00000E+00	-4.02038E+03
1.01325D+00	5.00000D-01	6.75000E+02	0.00000E+00	-3.93518E+03
1.01325D+00	5.00000D-01	7.00000E+02	0.00000E+00	-3.84025E+03
1.01325D+00	5.00000D-01	7.25000E+02	0.00000E+00	-3.73291E+03
1.01325D+00	5.00000D-01	7.50000E+02	0.00000E+00	-3.60998E+03
1.01325D+00	5.00000D-01	7.75000E+02	0.00000E+00	-3.46788E+03
1.01325D+00	5.00000D-01	8.00000E+02	0.00000E+00	-3.30284E+03
1.01325D+00	5.00000D-01	8.25000E+02	0.00000E+00	-3.11140E+03
1.01325D+00	5.00000D-01	8.50000E+02	0.00000E+00	-2.89134E+03
1.01325D+00	5.00000D-01	8.75000E+02	0.00000E+00	-2.64301E+03
1.01325D+00	5.00000D-01	9.00000E+02	0.00000E+00	-2.37076E+03
1.01325D+00	5.00000D-01	9.25000E+02	0.00000E+00	-2.08396E+03
1.01325D+00	5.00000D-01	9.50000E+02	0.00000E+00	-1.79653E+03
1.01325D+00	5.00000D-01	9.75000E+02	4.63305E-04	-1.52428E+03
1.01325D+00	5.00000D-01	1.00000E+03	1.65421E-02	-1.28070E+03
1.01325D+00	5.00000D-01	1.02500E+03	2.99857E-02	-1.07326E+03
1.01325D+00	5.00000D-01	1.05000E+03	4.04742E-02	-9.02595E+02
1.01325D+00	5.00000D-01	1.07500E+03	4.82273E-02	-7.64269E+02
1.01325D+00	5.00000D-01	1.10000E+03	5.37443E-02	-6.51713E+02
1.01325D+00	5.00000D-01	1.12500E+03	5.75760E-02	-5.58398E+02
1.01325D+00	5.00000D-01	1.15000E+03	6.02014E-02	-4.78883E+02
1.01325D+00	5.00000D-01	1.17500E+03	6.19893E-02	-4.09049E+02
1.01325D+00	5.00000D-01	1.20000E+03	6.32057E-02	-3.45935E+02
1.01325D+00	5.00000D-01	1.22500E+03	6.40352E-02	-2.87468E+02
1.01325D+00	5.00000D-01	1.25000E+03	6.46039E-02	-2.32212E+02
1.01325D+00	5.00000D-01	1.27500E+03	6.49972E-02	-1.79178E+02
1.01325D+00	5.00000D-01	1.30000E+03	6.52727E-02	-1.27682E+02
1.01325D+00	5.00000D-01	1.32500E+03	6.54695E-02	-7.72434E+01
1.01325D+00	5.00000D-01	1.35000E+03	6.56143E-02	-2.75263E+01
1.01325D+00	5.00000D-01	1.37500E+03	6.57258E-02	2.17102E+01
1.01325D+00	5.00000D-01	1.40000E+03	6.58169E-02	7.06402E+01
1.01325D+00	5.00000D-01	1.42500E+03	6.58968E-02	1.19392E+02
1.01325D+00	5.00000D-01	1.45000E+03	6.59723E-02	1.68061E+02
1.01325D+00	5.00000D-01	1.47500E+03	6.60485E-02	2.16721E+02
1.01325D+00	5.00000D-01	1.50000E+03	6.61293E-02	2.65431E+02
1.01325D+00	5.00000D-01	1.52500E+03	6.62181E-02	3.14236E+02
1.01325D+00	5.00000D-01	1.55000E+03	6.63175E-02	3.63177E+02
1.01325D+00	5.00000D-01	1.57500E+03	6.64299E-02	4.12287E+02
1.01325D+00	5.00000D-01	1.60000E+03	6.65576E-02	4.61597E+02
1.01325D+00	5.00000D-01	1.62500E+03	6.67027E-02	5.11136E+02
1.01325D+00	5.00000D-01	1.65000E+03	6.68673E-02	5.60931E+02
1.01325D+00	5.00000D-01	1.67500E+03	6.70534E-02	6.11010E+02
1.01325D+00	5.00000D-01	1.70000E+03	6.72633E-02	6.61400E+02
1.01325D+00	5.00000D-01	1.72500E+03	6.74991E-02	7.12131E+02
1.01325D+00	5.00000D-01	1.75000E+03	6.77630E-02	7.63231E+02
1.01325D+00	5.00000D-01	1.77500E+03	6.80575E-02	8.14732E+02
1.01325D+00	5.00000D-01	1.80000E+03	6.83849E-02	8.66668E+02
1.01325D+00	5.00000D-01	1.82500E+03	6.87478E-02	9.19074E+02
1.01325D+00	5.00000D-01	1.85000E+03	6.91489E-02	9.71989E+02
1.01325D+00	5.00000D-01	1.87500E+03	6.95909E-02	1.02545E+03
1.01325D+00	5.00000D-01	1.90000E+03	7.00766E-02	1.07951E+03
1.01325D+00	5.00000D-01	1.92500E+03	7.06091E-02	1.13420E+03
1.01325D+00	5.00000D-01	1.95000E+03	7.11914E-02	1.18958E+03
1.01325D+00	5.00000D-01	1.97500E+03	7.18267E-02	1.24570E+03
1.01325D+00	5.00000D-01	2.00000E+03	7.25183E-02	1.30262E+03
1.01325D+00	5.00000D-01	2.02500E+03	7.32695E-02	1.36039E+03
1.01325D+00	5.00000D-01	2.05000E+03	7.40838E-02	1.41908E+03
1.01325D+00	5.00000D-01	2.07500E+03	7.49648E-02	1.47875E+03
1.01325D+00	5.00000D-01	2.10000E+03	7.59160E-02	1.53948E+03
1.01325D+00	5.00000D-01	2.12500E+03	7.69413E-02	1.60134E+03
1.01325D+00	5.00000D-01	2.15000E+03	7.80443E-02	1.66441E+03
1.01325D+00	5.00000D-01	2.17500E+03	7.92288E-02	1.72876E+03
1.01325D+00	5.00000D-01	2.20000E+03	8.04987E-02	1.79448E+03
1.01325D+00	5.00000D-01	2.22500E+03	8.18579E-02	1.86166E+03
1.01325D+00	5.00000D-01	2.25000E+03	8.33101E-02	1.93039E+03
1.01325D+00	5.00000D-01	2.27500E+03	8.48594E-02	2.00076E+03
1.01325D+00	5.00000D-01	2.30000E+03	8.65095E-02	2.07287E+03
1.01325D+00	5.00000D-01	2.32500E+03	8.82643E-02	2.14682E+03
1.01325D+00	5.00000D-01	2.35000E+03	9.01275E-02	2.22271E+03
1.01325D+00	5.00000D-01	2.37500E+03	9.21028E-02	2.30064E+03
1.01325D+00	5.00000D-01	2.40000E+03	9.41939E-02	2.38073E+03
1.01325D+00	5.00000D-01	2.42500E+03	9.64041E-02	2.46307E+03
1.01325D+00	5.00000D-01	2.45000E+03	9.87369E-02	2.54778E+03
1.01325D+00	5.00000D-01	2.47500E+03	1.01196E-01	2.63496E+03
1.01325D+00	5.00000D-01	2.50000E+03	1.03783E-01	2.72473E+03
1.01325D+00	5.00000D-01	2.52500E+03	1.06502E-01	2.81719E+03
1.01325D+00	5.00000D-01	2.55000E+03	1.09356E-01	2.91246E+03
1.01325D+00	5.00000D-01	2.57500E+03	1.12347E-01	3.01064E+03
1.01325D+00	5.00000D-01	2.60000E+03	1.15477E-01	3.11185E+03
1.01325D+00	5.00000D-01	2.62500E+03	1.18749E-01	3.21620E+03
1.01325D+00	5.00000D-01	2.65000E+03	1.22164E-01	3.32378E+03
1.01325D+00	5.00000D-01	2.67500E+03	1.25725E-01	3.43472E+03
1.01325D+00	5.00000D-01	2.70000E+03	1.29432E-01	3.54911E+03
1.01325D+00	5.00000D-01	2.72500E+03	1.33289E-01	3.66707E+03
1.01325D+00	5.00000D-01	2.75000E+03	1.37295E-01	3.78870E+03
1.01325D+00	5.00000D-01	2.77500E+03	1.41454E-01	3.91411E+03
1.01325D+00	5.00000D-01	2.80000E+03	1.45767E-01	4.04341E+03
1.01325D+00	5.00000D-01	2.82500E+03	1.50236E-01	4.17673E+03
1.01325D+00	5.00000D-01	2.85000E+03	1.54864E-01	4.31418E+03
1.01325D+00	5.00000D-01	2.87500E+03	1.59654E-01	4.45589E+03
1.01325D+00	5.00000D-01	2.90000E+03	1.64612E-01	4.60201E+03
1.01325D+00	5.00000D-01	2.92500E+03	1.69743E-01	4.75269E+03
1.01325D+00	5.00000D-01	2.95000E+03	1.75055E-01	4.90812E+03
1.01325D+00	5.00000D-01	2.97500E+03	1.80557E-01	5.06848E+03
1.01325D+00	5.00000D-01	3.00000E+03	1.86265E-01	5.23402E+03
1.01325D+00	5.00000D-01	3.02500E+03	1.92192E-01	5.40501E+03
1.01325D+00	5.00000D-01	3.05000E+03	1.98363E-01	5.58177E+03
1.01325D+00	5.00000D-01	3.07500E+03	2.04802E-01	5.76467E+03
1.01325D+00	5.00000D-01	3.10000E+03	2.11546E-01	5.95417E+03
1.01325D+00	5.00000D-01	3.12500E+03	2.18635E-01	6.15080E+03
1.01325D+00	5.00000D-01	3.15000E+03	2.26124E-01	6.35519E+03
1.01325D+00	5.00000D-01	3.17500E+03	2.34078E-01	6.56811E+03
1.01325D+00	5.00000D-01	3.20000E+03	2.42580E-01	6.79043E+03
1.01325D+00	5.00000D-01	3.22500E+03	2.51728E-01	7.02323E+03
1.01325D+00	5.00000D-01	3.25000E+03	2.61646E-01	7.26773E+03
1.01325D+00	5.00000D-01	3.27500E+03	2.72484E-01	7.52542E+03
1.01325D+00	5.00000D-01	3.30000E+03	2.84426E-01	7.79799E+03
1.01325D+00	5.00000D-01	3.32500E+03	2.97696E-01	8.08743E+03
1.01325D+00	5.00000D-01	3.35000E+03	3.12566E-01	8.39604E+03
1.01325D+00	5.00000D-01	3.37500E+03	3.29369E-01	8.72644E+03
1.01325D+00	5.00000D-01	3.40000E+03	3.48510E-01	9.08165E+03
1.01325D+00	5.00000D-01	3.42500E+03	3.70486E-01	9.46504E+03
1.01325D+00	5.00000D-01	3.45000E+03	3.95904E-01	9.88039E+03
1.01325D+00	5.00000D-01	3.47500E+03	4.25512E-01	1.03319E+04
1.01325D+00	5.00000D-01	3.50000E+03	4.60232E-01	1.08240E+04
1.01325D+00	5.00000D-01	3.52500E+03	5.01214E-01	1.13617E+04
1.01325D+00	5.00000D-01	3.55000E+03	5.49898E-01	1.19498E+04
1.01325D+00	5.00000D-01	3.57500E+03	6.08103E-01	1.25936E+04
1.01325D+00	5.00000D-01	3.60000E+03	6.78160E-01	1.32979E+04
1.01325D+00	5.00000D-01	3.62500E+03	7.63088E-01	1.40672E+04
1.01325D+00	5.00000D-01	3.65000E+03	8.66868E-01	1.49052E+04
1.01325D+00	5.00000D-01	3.67500E+03	9.94838E-01	1.58144E+04
1.01325D+00	5.00000D-01	3.70000E+03	1.15433E+00	1.67956E+04
1.01325D+00	5.00000D-01	3.72500E+03	1.35566E+00	1.78472E+04
1.01325D+00	5.00000D-01	3.75000E+03	1.61386E+00	1.89650E+04
1.01325D+00	5.00000D-01	3.77500E+03	1.95159E+00	2.01412E+04
1.01325D+00	5.00000D-01	3.80000E+03	2.40479E+00	2.13645E+04
1.01325D+00	5.00000D-01	3.82500E+03	3.03381E+00	2.26191E+04
1.01325D+00	5.00000D-01	3.85000E+03	3.94832E+00	2.38851E+04
1.01325D+00	5.00000D-01	3.87500E+03	5.36981E+00	2.51376E+04
1.01325D+00	5.00000D-01	3.90000E+03	7.82060E+00	2.63467E+04
1.01325D+00	5.00000D-01	3.92500E+03	1.28854E+01	2.74756E+04
1.01325D+00	5.00000D-01	3.95000E+03	2.85646E+01	2.84738E+04
1.01325D+00	5.00000D-01	3.97500E+03	2.85646E+01	2.84738E+04
1.01325D+00	5.00000D-01	4.00000E+03	2.85646E+01	2.84738E+04
p (bar)	B'g	Temp (K)	B'c	Hw (kJ/kg)
1.01325D+00	6.00000D-01	2.50000E+02	0.00000E+00	-5.35731E+03
1.01325D+00	6.00000D-01	2.75000E+02	0.00000E+00	-5.29903E+03
1.01325D+00	6.00000D-01	3.00000E+02	0.00000E+00	-5.23362E+03
1.01325D+00	6.00000D-01	3.25000E+02	0.00000E+00	-5.16335E+03
1.01325D+00	6.00000D-01	3.50000E+02	0.00000E+00	-5.09073E+03
1.01325D+00	6.00000D-01	3.75000E+02	0.00000E+00	-5.01771E+03
1.01325D+00	6.00000D-01	4.00000E+02	0.00000E+00	-4.94557E+03
1.01325D+00	6.00000D-01	4.25000E+02	0.00000E+00	-4.87491E+03
1.01325D+00	6.00000D-01	4.50000E+02	0.00000E+00	-4.80586E+03
1.01325D+00	6.00000D-01	4.75000E+02	0.00000E+00	-4.73823E+03
1.01325D+00	6.00000D-01	5.00000E+02	0.00000E+00	-4.67152E+03
1.01325D+00	6.00000D-01	5.25000E+02	0.00000E+00	-4.60509E+03
1.01325D+00	6.00000D-01	5.50000E+02	0.00000E+00	-4.53808E+03
1.01325D+00	6.00000D-01	5.75000E+02	0.00000E+00	-4.46950E+03
1.01325D+00	6.00000D-01	6.00000E+02	0.00000E+00	-4.39815E+03
1.01325D+00	6.00000D-01	6.25000E+02	0.00000E+00	-4.32264E+03
1.01325D+00	6.00000D-01	6.50000E+02	0.00000E+00	-4.24128E+03
1.01325D+00	6.00000D-01	6.75000E+02	0.00000E+00	-4.15205E+03
1.01325D+00	6.00000D-01	7.00000E+02	0.00000E+00	-4.05252E+03
1.01325D+00	6.00000D-01	7.25000E+02	0.00000E+00	-3.93976E+03
1.01325D+00	6.00000D-01	7.50000E+02	0.00000E+00	-3.81035E+03
1.01325D+00	6.00000D-01	7.75000E+02	0.00000E+00	-3.66039E+03
1.01325D+00	6.00000D-01	8.00000E+02	0.00000E+00	-3.48582E+03
1.01325D+00	6.00000D-01	8.25000E+02	0.00000E+00	-3.28294E+03
1.01325D+00	6.00000D-01	8.50000E+02	0.00000E+00	-3.04941E+03
1.01325D+00	6.00000D-01	8.75000E+02	0.00000E+00	-2.78562E+03
1.01325D+00	6.00000D-01	9.00000E+02	0.00000E+00	-2.49628E+03
1.01325D+00	6.00000D-01	9.25000E+02	0.00000E+00	-2.19143E+03
1.01325D+00	6.00000D-01	9.50000E+02	0.00000E+00	-1.88587E+03
1.01325D+00	6.00000D-01	9.75000E+02	0.00000E+00	-1.59639E+03
1.01325D+00	6.00000D-01	1.00000E+03	0.00000E+00	-1.33725E+03
1.01325D+00	6.00000D-01	1.02500E+03	5.41078E-03	-1.11643E+03
1.01325D+00	6.00000D-01	1.05000E+03	1.67960E-02	-9.34600E+02
1.01325D+00	6.00000D-01	1.07500E+03	2.52170E-02	-7.87148E+02
1.01325D+00	6.00000D-01	1.10000E+03	3.12049E-02	-6.67157E+02
1.01325D+00	6.00000D-01	1.12500E+03	3.53550E-02	-5.67731E+02
1.01325D+00	6.00000D-01	1.15000E+03	3.81884E-02	-4.83105E+02
1.01325D+00	6.00000D-01	1.17500E+03	4.01078E-02	-4.08897E+02
1.01325D+00	6.00000D-01	1.20000E+03	4.14044E-02	-3.41948E+02
1.01325D+00	6.00000D-01	1.22500E+03	4.22806E-02	-2.80035E+02
1.01325D+00	6.00000D-01	1.25000E+03	4.28745E-02	-2.21619E+02
1.01325D+00	6.00000D-01	1.27500E+03	4.32794E-02	-1.65631E+02
1.01325D+00	6.00000D-01	1.30000E+03	4.35582E-02	-1.11332E+02
1.01325D+00	6.00000D-01	1.32500E+03	4.37537E-02	-5.82013E+01
1.01325D+00	6.00000D-01	1.35000E+03	4.38947E-02	-5.87274E+00
1.01325D+00	6.00000D-01	1.37500E+03	4.40015E-02	4.59163E+01
1.01325D+00	6.00000D-01	1.40000E+03	4.40878E-02	9.73563E+01
1.01325D+00	6.00000D-01	1.42500E+03	4.41636E-02	1.48588E+02
1.01325D+00	6.00000D-01	1.45000E+03	4.42361E-02	1.99715E+02
1.01325D+00	6.00000D-01	1.47500E+03	4.43108E-02	2.50821E+02
1.01325D+00	6.00000D-01	1.50000E+03	4.43916E-02	3.01968E+02
1.01325D+00	6.00000D-01	1.52500E+03	4.44822E-02	3.53207E+02
1.01325D+00	6.00000D-01	1.55000E+03	4.45853E-02	4.04583E+02
1.01325D+00	6.00000D-01	1.57500E+03	4.47035E-02	4.56131E+02
1.01325D+00	6.00000D-01	1.60000E+03	4.48392E-02	5.07887E+02
1.01325D+00	6.00000D-01	1.62500E+03	4.49946E-02	5.59880E+02
1.01325D+00	6.00000D-01	1.65000E+03	4.51720E-02	6.12141E+02
1.01325D+00	6.00000D-01	1.67500E+03	4.53737E-02	6.64700E+02
1.01325D+00	6.00000D-01	1.70000E+03	4.56019E-02	7.17587E+02
1.01325D+00	6.00000D-01	1.72500E+03	4.58592E-02	7.70832E+02
1.01325D+00	6.00000D-01	1.75000E+03	4.61479E-02	8.24468E+02
1.01325D+00	6.00000D-01	1.77500E+03	4.64706E-02	8.78528E+02
1.01325D+00	6.00000D-01	1.80000E+03	4.68302E-02	9.33048E+02
1.01325D+00	6.00000D-01	1.82500E+03	4.72293E-02	9.88067E+02
1.01325D+00	6.00000D-01	1.85000E+03	4.76711E-02	1.04363E+03
1.01325D+00	6.00000D-01	1.87500E+03	4.81585E-02	1.09977E+03
1.01325D+00	6.00000D-01	1.90000E+03	4.86949E-02	1.15654E+03
1.01325D+00	6.00000D-01	1.92500E+03	4.92834E-02	1.21399E+03
1.01325D+00	6.00000D-01	1.95000E+03	4.99278E-02	1.27218E+03
1.01325D+00	6.00000D-01	1.97500E+03	5.06314E-02	1.33115E+03
1.01325D+00	6.00000D-01	2.00000E+03	5.13981E-02	1.39098E+03
1.01325D+00	6.00000D-01	2.02500E+03	5.22318E-02	1.45172E+03
1.01325D+00	6.00000D-01	2.05000E+03	5.31363E-02	1.51345E+03
1.01325D+00	6.00000D-01	2.07500E+03	5.41158E-02	1.57623E+03
1.01325D+00	6.00000D-01	2.10000E+03	5.51744E-02	1.64014E+03
1.01325D+00	6.00000D-01	2.12500E+03	5.63165E-02	1.70526E+03
1.01325D+00	6.00000D-01	2.15000E+03	5.75462E-02	1.77168E+03
1.01325D+00	6.00000D-01	2.17500E+03	5.88681E-02	1.83949E+03
1.01325D+00	6.00000D-01	2.20000E+03	6.02867E-02	1.90877E+03
1.01325D+00	6.00000D-01	2.22500E+03	6.18063E-02	1.97962E+03
1.01325D+00	6.00000D-01	2.25000E+03	6.34317E-02	2.05214E+03
1.01325D+00	6.00000D-01	2.27500E+03	6.51672E-02	2.12643E+03
1.01325D+00	6.00000D-01	2.30000E+03	6.70176E-02	2.20260E+03
1.01325D+00	6.00000D-01	2.32500E+03	6.89872E-02	2.28075E+03
1.01325D+00	6.00000D-01	2.35000E+03	7.10806E-02	2.36101E+03
1.01325D+00	6.00000D-01	2.37500E+03	7.33022E-02	2.44347E+03
1.01325D+00	6.00000D-01	2.40000E+03	7.56563E-02	2.52827E+03
1.01325D+00	6.00000D-01	2.42500E+03	7.81472E-02	2.61550E+03
1.01325D+00	6.00000D-01	2.45000E+03	8.07789E-02	2.70530E+03
1.01325D+00	6.00000D-01	2.47500E+03	8.35555E-02	2.79779E+03
1.01325D+00	6.00000D-01	2.50000E+03	8.64807E-02	2.89307E+03
1.01325D+00	6.00000D-01	2.52500E+03	8.95581E-02	2.99129E+03
1.01325D+00	6.00000D-01	2.55000E+03	9.27912E-02	3.09254E+03
1.01325D+00	6.00000D-01	2.57500E+03	9.61833E-02	3.19697E+03
1.01325D+00	6.00000D-01	2.60000E+03	9.97373E-02	3.30468E+03
1.01325D+00	6.00000D-01	2.62500E+03	1.03456E-01	3.41580E+03
1.01325D+00	6.00000D-01	2.65000E+03	1.07342E-01	3.53044E+03
1.01325D+00	6.00000D-01	2.67500E+03	1.11399E-01	3.64873E+03
1.01325D+00	6.00000D-01	2.70000E+03	1.15627E-01	3.77077E+03
1.01325D+00	6.00000D-01	2.72500E+03	1.20030E-01	3.89670E+03
1.01325D+00	6.00000D-01	2.75000E+03	1.24610E-01	4.02662E+03
1.01325D+00	6.00000D-01	2.77500E+03	1.29369E-01	4.16066E+03
1.01325D+00	6.00000D-01	2.80000E+03	1.34310E-01	4.29893E+03
1.01325D+00	6.00000D-01	2.82500E+03	1.39436E-01	4.44156E+03
1.01325D+00	6.00000D-01	2.85000E+03	1.44750E-01	4.58869E+03
1.01325D+00	6.00000D-01	2.87500E+03	1.50257E-01	4.74045E+03
1.01325D+00	6.00000D-01	2.90000E+03	1.55962E-01	4.89699E+03
1.01325D+00	6.00000D-01	2.92500E+03	1.61872E-01	5.05848E+03
1.01325D+00	6.00000D-01	2.95000E+03	1.67996E-01	5.22511E+03
1.01325D+00	6.00000D-01	2.97500E+03	1.74345E-01	5.39707E+03
1.01325D+00	6.00000D-01	3.00000E+03	1.80935E-01	5.57463E+03
1.01325D+00	6.00000D-01	3.02500E+03	1.87784E-01	5.75804E+03
1.01325D+00	6.00000D-01	3.05000E+03	1.94916E-01	5.94765E+03
1.01325D+00	6.00000D-01	3.07500E+03	2.02362E-01	6.14384E+03
1.01325D+00	6.00000D-01	3.10000E+03	2.10159E-01	6.34706E+03
1.01325D+00	6.00000D-01	3.12500E+03	2.18355E-01	6.55785E+03
1.01325D+00	6.00000D-01	3.15000E+03	2.27009E-01	6.77686E+03
1.01325D+00	6.00000D-01	3.17500E+03	2.36194E-01	7.00485E+03
1.01325D+00	6.00000D-01	3.20000E+03	2.46000E-01	7.24270E+03
1.01325D+00	6.00000D-01	3.22500E+03	2.56540E-01	7.49149E+03
1.01325D+00	6.00000D-01	3.25000E+03	2.67949E-01	7.75244E+03
1.01325D+00	6.00000D-01	3.27500E+03	2.80394E-01	8.02703E+03
1.01325D+00	6.00000D-01	3.30000E+03	2.94079E-01	8.31694E+03
1.01325D+00	6.00000D-01	3.32500E+03	3.09254E-01	8.62413E+03
1.01325D+00	6.00000D-01	3.35000E+03	3.26221E-01	8.95088E+03
1.01325D+00	6.00000D-01	3.37500E+03	3.45351E-01	9.29976E+03
1.01325D+00	6.00000D-01	3.40000E+03	3.67095E-01	9.67371E+03
1.01325D+00	6.00000D-01	3.42500E+03	3.92007E-01	1.00760E+04
1.01325D+00	6.00000D-01	3.45000E+03	4.20763E-01	1.05103E+04
1.01325D+00	6.00000D-01	3.47500E+03	4.54197E-01	1.09806E+04
1.01325D+00	6.00000D-01	3.50000E+03	4.93341E-01	1.14911E+04
1.01325D+00	6.00000D-01	3.52500E+03	5.39475E-01	1.20464E+04
1.01325D+00	6.00000D-01	3.55000E+03	5.94209E-01	1.26511E+04
1.01325D+00	6.00000D-01	3.57500E+03	6.59579E-01	1.33098E+04
1.01325D+00	6.00000D-01	3.60000E+03	7.38188E-01	1.40267E+04
1.01325D+00	6.00000D-01	3.62500E+03	8.33415E-01	1.48055E+04
1.01325D+00	6.00000D-01	3.65000E+03	9.49714E-01	1.56491E+04
1.01325D+00	6.00000D-01	3.67500E+03	1.09306E+00	1.65587E+04
1.01325D+00	6.00000D-01	3.70000E+03	1.27167E+00	1.75339E+04
1.01325D+00	6.00000D-01	3.72500E+03	1.49710E+00	1.85719E+04
1.01325D+00	6.00000D-01	3.75000E+03	1.78619E+00	1.96669E+04
1.01325D+00	6.00000D-01	3.77500E+03	2.16435E+00	2.08101E+04
1.01325D+00	6.00000D-01	3.80000E+03	2.67185E+00	2.19888E+04
1.01325D+00	6.00000D-01	3.82500E+03	3.37639E+00	2.31865E+04
1.01325D+00	6.00000D-01	3.85000E+03	4.40090E+00	2.43826E+04
1.01325D+00	6.00000D-01	3.87500E+03	5.99370E+00	2.55525E+04
1.01325D+00	6.00000D-01	3.90000E+03	8.74011E+00	2.66674E+04
1.01325D+00	6.00000D-01	3.92500E+03	1.44144E+01	2.76923E+04
1.01325D+00	6.00000D-01	3.95000E+03	3.19582E+01	2.85799E+04
1.01325D+00	6.00000D-01	3.97500E+03	3.19582E+01	2.85799E+04
1.01325D+00	6.00000D-01	4.00000E+03	3.19582E+01	2.85799E+04
p (bar)	B'g	Temp (K)	B'c	Hw (kJ/kg)
1.01325D+00	7.00000D-01	2.50000E+02	0.00000E+00	-5.57702E+03
1.01325D+00	7.00000D-01	2.75000E+02	0.00000E+00	-5.52046E+03
1.01325D+00	7.00000D-01	3.00000E+02	0.00000E+00	-5.45664E+03
1.01325D+00	7.00000D-01	3.25000E+02	0.00000E+00	-5.38730E+03
1.01325D+00	7.00000D-01	3.50000E+02	0.00000E+00	-5.31471E+03
1.01325D+00	7.00000D-01	3.75000E+02	0.00000E+00	-5.24088E+03
1.01325D+00	7.00000D-01	4.00000E+02	0.00000E+00	-5.16725E+03
1.01325D+00	7.00000D-01	4.25000E+02	0.00000E+00	-5.09465E+03
1.01325D+00	7.00000D-01	4.50000E+02	0.00000E+00	-5.02337E+03
1.01325D+00	7.00000D-01	4.75000E+02	0.00000E+00	-4.95332E+03
1.01325D+00	7.00000D-01	5.00000E+02	0.00000E+00	-4.88411E+03
1.01325D+00	7.00000D-01	5.25000E+02	0.00000E+00	-4.81513E+03
1.01325D+00	7.00000D-01	5.50000E+02	0.00000E+00	-4.74555E+03
1.01325D+00	7.00000D-01	5.75000E+02	0.00000E+00	-4.67438E+03
1.01325D+00	7.00000D-01	6.00000E+02	0.00000E+00	-4.60039E+03
1.01325D+00	7.00000D-01	6.25000E+02	0.00000E+00	-4.52212E+03
1.01325D+00	7.00000D-01	6.50000E+02	0.00000E+00	-4.43781E+03
1.01325D+00	7.00000D-01	6.75000E+02	0.00000E+00	-4.34531E+03
1.01325D+00	7.00000D-01	7.00000E+02	0.00000E+00	-4.24203E+03
1.01325D+00	7.00000D-01	7.25000E+02	0.00000E+00	-4.12484E+03
1.01325D+00	7.00000D-01	7.50000E+02	0.00000E+00	-3.99003E+03
1.01325D+00	7.00000D-01	7.75000E+02	0.00000E+00	-3.83345E+03
1.01325D+00	7.00000D-01	8.00000E+02	0.00000E+00	-3.65072E+03
1.01325D+00	7.00000D-01	8.25000E+02	0.00000E+00	-3.43789E+03
1.01325D+00	7.00000D-01	8.50000E+02	0.00000E+00	-3.19247E+03
1.01325D+00	7.00000D-01	8.75000E+02	0.00000E+00	-2.91491E+03
1.01325D+00	7.00000D-01	9.00000E+02	0.00000E+00	-2.61024E+03
1.01325D+00	7.00000D-01	9.25000E+02	0.00000E+00	-2.28908E+03
1.01325D+00	7.00000D-01	9.50000E+02	0.00000E+00	-1.96710E+03
1.01325D+00	7.00000D-01	9.75000E+02	0.00000E+00	-1.66198E+03
1.01325D+00	7.00000D-01	1.00000E+03	0.00000E+00	-1.38873E+03
1.01325D+00	7.00000D-01	1.02500E+03	0.00000E+00	-1.15574E+03
1.01325D+00	7.00000D-01	1.05000E+03	0.00000E+00	-9.63769E+02
1.01325D+00	7.00000D-01	1.07500E+03	2.31919E-03	-8.08025E+02
1.01325D+00	7.00000D-01	1.10000E+03	8.75581E-03	-6.81276E+02
1.01325D+00	7.00000D-01	1.12500E+03	1.32068E-02	-5.76294E+02
1.01325D+00	7.00000D-01	1.15000E+03	1.62343E-02	-4.87018E+02
1.01325D+00	7.00000D-01	1.17500E+03	1.82743E-02	-4.08830E+02
1.01325D+00	7.00000D-01	1.20000E+03	1.96426E-02	-3.38388E+02
1.01325D+00	7.00000D-01	1.22500E+03	2.05586E-02	-2.73338E+02
1.01325D+00	7.00000D-01	1.25000E+03	2.11720E-02	-2.12043E+02
1.01325D+00	7.00000D-01	1.27500E+03	2.15840E-02	-1.53366E+02
1.01325D+00	7.00000D-01	1.30000E+03	2.18625E-02	-9.65147E+01
1.01325D+00	7.00000D-01	1.32500E+03	2.20535E-02	-4.09331E+01
1.01325D+00	7.00000D-01	1.35000E+03	2.21882E-02	1.37723E+01
1.01325D+00	7.00000D-01	1.37500E+03	2.22879E-02	6.78838E+01
1.01325D+00	7.00000D-01	1.40000E+03	2.23675E-02	1.21607E+02
1.01325D+00	7.00000D-01	1.42500E+03	2.24375E-02	1.75093E+02
1.01325D+00	7.00000D-01	1.45000E+03	2.25055E-02	2.28455E+02
1.01325D+00	7.00000D-01	1.47500E+03	2.25771E-02	2.81782E+02
1.01325D+00	7.00000D-01	1.50000E+03	2.26566E-02	3.35143E+02
1.01325D+00	7.00000D-01	1.52500E+03	2.27476E-02	3.88592E+02
1.01325D+00	7.00000D-01	1.55000E+03	2.28531E-02	4.42177E+02
1.01325D+00	7.00000D-01	1.57500E+03	2.29757E-02	4.95937E+02
1.01325D+00	7.00000D-01	1.60000E+03	2.31179E-02	5.49910E+02
1.01325D+00	7.00000D-01	1.62500E+03	2.32821E-02	6.04127E+02
1.01325D+00	7.00000D-01	1.65000E+03	2.34708E-02	6.58622E+02
1.01325D+00	7.00000D-01	1.67500E+03	2.36863E-02	7.13426E+02
1.01325D+00	7.00000D-01	1.70000E+03	2.39310E-02	7.68570E+02
1.01325D+00	7.00000D-01	1.72500E+03	2.42077E-02	8.24088E+02
1.01325D+00	7.00000D-01	1.75000E+03	2.45190E-02	8.80014E+02
1.01325D+00	7.00000D-01	1.77500E+03	2.48678E-02	9.36384E+02
1.01325D+00	7.00000D-01	1.80000E+03	2.52570E-02	9.93235E+02
1.01325D+00	7.00000D-01	1.82500E+03	2.56896E-02	1.05061E+03
1.01325D+00	7.00000D-01	1.85000E+03	2.61691E-02	1.10855E+03
1.01325D+00	7.00000D-01	1.87500E+03	2.66988E-02	1.16710E+03
1.01325D+00	7.00000D-01	1.90000E+03	2.72822E-02	1.22632E+03
1.01325D+00	7.00000D-01	1.92500E+03	2.79231E-02	1.28625E+03
1.01325D+00	7.00000D-01	1.95000E+03	2.86253E-02	1.34695E+03
1.01325D+00	7.00000D-01	1.97500E+03	2.93929E-02	1.40848E+03
1.01325D+00	7.00000D-01	2.00000E+03	3.02301E-02	1.47091E+03
1.01325D+00	7.00000D-01	2.02500E+03	3.11411E-02	1.53431E+03
1.01325D+00	7.00000D-01	2.05000E+03	3.21304E-02	1.59875E+03
1.01325D+00	7.00000D-01	2.07500E+03	3.32025E-02	1.66430E+03
1.01325D+00	7.00000D-01	2.10000E+03	3.43623E-02	1.73105E+03
1.01325D+00	7.00000D-01	2.12500E+03	3.56144E-02	1.79908E+03
1.01325D+00	7.00000D-01	2.15000E+03	3.69638E-02	1.86848E+03
1.01325D+00	7.00000D-01	2.17500E+03	3.84156E-02	1.93936E+03
1.01325D+00	7.00000D-01	2.20000E+03	3.99747E-02	2.01179E+03
1.01325D+00	7.00000D-01	2.22500E+03	4.16464E-02	2.08590E+03
1.01325D+00	7.00000D-01	2.25000E+03	4.34358E-02	2.16178E+03
1.01325D+00	7.00000D-01	2.27500E+03	4.53481E-02	2.23954E+03
1.01325D+00	7.00000D-01	2.30000E+03	4.73886E-02	2.31930E+03
1.01325D+00	7.00000D-01	2.32500E+03	4.95626E-02	2.40117E+03
1.01325D+00	7.00000D-01	2.35000E+03	5.18751E-02	2.48527E+03
1.01325D+00	7.00000D-01	2.37500E+03	5.43313E-02	2.57173E+03
1.01325D+00	7.00000D-01	2.40000E+03	5.69363E-02	2.66068E+03
1.01325D+00	7.00000D-01	2.42500E+03	5.96950E-02	2.75222E+03
1.01325D+00	7.00000D-01	2.45000E+03	6.26123E-02	2.84650E+03
1.01325D+00	7.00000D-01	2.47500E+03	6.56928E-02	2.94365E+03
1.01325D+00	7.00000D-01	2.50000E+03	6.89411E-02	3.04379E+03
1.01325D+00	7.00000D-01	2.52500E+03	7.23616E-02	3.14705E+03
1.01325D+00	7.00000D-01	2.55000E+03	7.59584E-02	3.25356E+03
1.01325D+00	7.00000D-01	2.57500E+03	7.97354E-02	3.36346E+03
1.01325D+00	7.00000D-01	2.60000E+03	8.36964E-02	3.47687E+03
1.01325D+00	7.00000D-01	2.62500E+03	8.78449E-02	3.59393E+03
1.01325D+00	7.00000D-01	2.65000E+03	9.21842E-02	3.71475E+03
1.01325D+00	7.00000D-01	2.67500E+03	9.67176E-02	3.83947E+03
1.01325D+00	7.00000D-01	2.70000E+03	1.01448E-01	3.96821E+03
1.01325D+00	7.00000D-01	2.72500E+03	1.06378E-01	4.10111E+03
1.01325D+00	7.00000D-01	2.75000E+03	1.11512E-01	4.23827E+03
1.01325D+00	7.00000D-01	2.77500E+03	1.16851E-01	4.37984E+03
1.01325D+00	7.00000D-01	2.80000E+03	1.22400E-01	4.52595E+03
1.01325D+00	7.00000D-01	2.82500E+03	1.28161E-01	4.67671E+03
1.01325D+00	7.00000D-01	2.85000E+03	1.34139E-01	4.83228E+03
1.01325D+00	7.00000D-01	2.87500E+03	1.40340E-01	4.99280E+03
1.01325D+00	7.00000D-01	2.90000E+03	1.46770E-01	5.15843E+03
1.01325D+00	7.00000D-01	2.92500E+03	1.53436E-01	5.32933E+03
1.01325D+00	7.00000D-01	2.95000E+03	1.60350E-01	5.50571E+03
1.01325D+00	7.00000D-01	2.97500E+03	1.67523E-01	5.68777E+03
1.01325D+00	7.00000D-01	3.00000E+03	1.74973E-01	5.87577E+03
1.01325D+00	7.00000D-01	3.02500E+03	1.82720E-01	6.06999E+03
1.01325D+00	7.00000D-01	3.05000E+03	1.90791E-01	6.27076E+03
1.01325D+00	7.00000D-01	3.07500E+03	1.99220E-01	6.47847E+03
1.01325D+00	7.00000D-01	3.10000E+03	2.08048E-01	6.69359E+03
1.01325D+00	7.00000D-01	3.12500E+03	2.17327E-01	6.91667E+03
1.01325D+00	7.00000D-01	3.15000E+03	2.27124E-01	7.14833E+03
1.01325D+00	7.00000D-01	3.17500E+03	2.37517E-01	7.38936E+03
1.01325D+00	7.00000D-01	3.20000E+03	2.48608E-01	7.64063E+03
1.01325D+00	7.00000D-01	3.22500E+03	2.60517E-01	7.90322E+03
1.01325D+00	7.00000D-01	3.25000E+03	2.73396E-01	8.17836E+03
1.01325D+00	7.00000D-01	3.27500E+03	2.87428E-01	8.46749E+03
1.01325D+00	7.00000D-01	3.30000E+03	3.02837E-01	8.77230E+03
1.01325D+00	7.00000D-01	3.32500E+03	3.19897E-01	9.09473E+03
1.01325D+00	7.00000D-01	3.35000E+03	3.38943E-01	9.43700E+03
1.01325D+00	7.00000D-01	3.37500E+03	3.60381E-01	9.80164E+03
1.01325D+00	7.00000D-01	3.40000E+03	3.84711E-01	1.01915E+04
1.01325D+00	7.00000D-01	3.42500E+03	4.12542E-01	1.06098E+04
1.01325D+00	7.00000D-01	3.45000E+03	4.44619E-01	1.10600E+04
1.01325D+00	7.00000D-01	3.47500E+03	4.81864E-01	1.15460E+04
1.01325D+00	7.00000D-01	3.50000E+03	5.25413E-01	1.20718E+04
1.01325D+00	7.00000D-01	3.52500E+03	5.76684E-01	1.26416E+04
1.01325D+00	7.00000D-01	3.55000E+03	6.37452E-01	1.32596E+04
1.01325D+00	7.00000D-01	3.57500E+03	7.09968E-01	1.39300E+04
1.01325D+00	7.00000D-01	3.60000E+03	7.97110E-01	1.46564E+04
1.01325D+00	7.00000D-01	3.62500E+03	9.02616E-01	1.54419E+04
1.01325D+00	7.00000D-01	3.65000E+03	1.03141E+00	1.62884E+04
1.01325D+00	7.00000D-01	3.67500E+03	1.19011E+00	1.71963E+04
1.01325D+00	7.00000D-01	3.70000E+03	1.38780E+00	1.81641E+04
1.01325D+00	7.00000D-01	3.72500E+03	1.63729E+00	1.91880E+04
1.01325D+00	7.00000D-01	3.75000E+03	1.95722E+00	2.02612E+04
1.01325D+00	7.00000D-01	3.77500E+03	2.37574E+00	2.13737E+04
1.01325D+00	7.00000D-01	3.80000E+03	2.93746E+00	2.25121E+04
1.01325D+00	7.00000D-01	3.82500E+03	3.71739E+00	2.36593E+04
1.01325D+00	7.00000D-01	3.85000E+03	4.85173E+00	2.47947E+04
1.01325D+00	7.00000D-01	3.87500E+03	6.61555E+00	2.58943E+04
1.01325D+00	7.00000D-01	3.90000E+03	9.65702E+00	2.69298E+04
1.01325D+00	7.00000D-01	3.92500E+03	1.59396E+01	2.78683E+04
1.01325D+00	7.00000D-01	3.95000E+03	3.53429E+01	2.86657E+04
1.01325D+00	7.00000D-01	3.97500E+03	3.53429E+01	2.86657E+04
1.01325D+00	7.00000D-01	4.00000E+03	3.53429E+01	2.86657E+04
p (bar)	B'g	Temp (K)	B'c	Hw (kJ/kg)
1.01325D+00	8.00000D-01	2.50000E+02	0.00000E+00	-5.77337E+03
1.01325D+00	8.00000D-01	2.75000E+02	0.00000E+00	-5.71769E+03
1.01325D+00	8.00000D-01	3.00000E+02	0.00000E+00	-5.65480E+03
1.01325D+00	8.00000D-01	3.25000E+02	0.00000E+00	-5.58604E+03
1.01325D+00	8.00000D-01	3.50000E+02	0.00000E+00	-5.51345E+03
1.01325D+00	8.00000D-01	3.75000E+02	0.00000E+00	-5.43899E+03
1.01325D+00	8.00000D-01	4.00000E+02	0.00000E+00	-5.36421E+03
1.01325D+00	8.00000D-01	4.25000E+02	0.00000E+00	-5.29005E+03
1.01325D+00	8.00000D-01	4.50000E+02	0.00000E+00	-5.21695E+03
1.01325D+00	8.00000D-01	4.75000E+02	0.00000E+00	-5.14491E+03
1.01325D+00	8.00000D-01	5.00000E+02	0.00000E+00	-5.07362E+03
1.01325D+00	8.00000D-01	5.25000E+02	0.00000E+00	-5.00252E+03
1.01325D+00	8.00000D-01	5.50000E+02	0.00000E+00	-4.93079E+03
1.01325D+00	8.00000D-01	5.75000E+02	0.00000E+00	-4.85745E+03
1.01325D+00	8.00000D-01	6.00000E+02	0.00000E+00	-4.78126E+03
1.01325D+00	8.00000D-01	6.25000E+02	0.00000E+00	-4.70070E+03
1.01325D+00	8.00000D-01	6.50000E+02	0.00000E+00	-4.61395E+03
1.01325D+00	8.00000D-01	6.75000E+02	0.00000E+00	-4.51876E+03
1.01325D+00	8.00000D-01	7.00000E+02	0.00000E+00	-4.41238E+03
1.01325D+00	8.00000D-01	7.25000E+02	0.00000E+00	-4.29148E+03
1.01325D+00	8.00000D-01	7.50000E+02	0.00000E+00	-4.15214E+03
1.01325D+00	8.00000D-01	7.75000E+02	0.00000E+00	-3.98990E+03
1.01325D+00	8.00000D-01	8.00000E+02	0.00000E+00	-3.80011E+03
1.01325D+00	8.00000D-01	8.25000E+02	0.00000E+00	-3.57855E+03
1.01325D+00	8.00000D-01	8.50000E+02	0.00000E+00	-3.32258E+03
1.01325D+00	8.00000D-01	8.75000E+02	0.00000E+00	-3.03268E+03
1.01325D+00	8.00000D-01	9.00000E+02	0.00000E+00	-2.71416E+03
1.01325D+00	8.00000D-01	9.25000E+02	0.00000E+00	-2.37821E+03
1.01325D+00	8.00000D-01	9.50000E+02	0.00000E+00	-2.04128E+03
1.01325D+00	8.00000D-01	9.75000E+02	0.00000E+00	-1.72189E+03
1.01325D+00	8.00000D-01	1.00000E+03	0.00000E+00	-1.43576E+03
1.01325D+00	8.00000D-01	1.02500E+03	0.00000E+00	-1.19167E+03
1.01325D+00	8.00000D-01	1.05000E+03	0.00000E+00	-9.90453E+02
1.01325D+00	8.00000D-01	1.07500E+03	0.00000E+00	-8.27142E+02
1.01325D+00	8.00000D-01	1.10000E+03	0.00000E+00	-6.94225E+02
1.01325D+00	8.00000D-01	1.12500E+03	0.00000E+00	-5.84169E+02
1.01325D+00	8.00000D-01	1.15000E+03	0.00000E+00	-4.90646E+02
1.01325D+00	8.00000D-01	1.17500E+03	0.00000E+00	-4.08820E+02
1.01325D+00	8.00000D-01	1.20000E+03	0.00000E+00	-3.35185E+02
1.01325D+00	8.00000D-01	1.22500E+03	0.00000E+00	-2.67268E+02
1.01325D+00	8.00000D-01	1.25000E+03	0.00000E+00	-2.03341E+02
1.01325D+00	8.00000D-01	1.27500E+03	0.00000E+00	-1.42205E+02
1.01325D+00	8.00000D-01	1.30000E+03	1.80964E-04	-8.30201E+01
1.01325D+00	8.00000D-01	1.32500E+03	3.65164E-04	-2.51982E+01
1.01325D+00	8.00000D-01	1.35000E+03	4.91448E-04	3.16793E+01
1.01325D+00	8.00000D-01	1.37500E+03	5.82490E-04	8.79127E+01
1.01325D+00	8.00000D-01	1.40000E+03	6.53950E-04	1.43721E+02
1.01325D+00	8.00000D-01	1.42500E+03	7.16829E-04	1.99266E+02
1.01325D+00	8.00000D-01	1.45000E+03	7.79029E-04	2.54669E+02
1.01325D+00	8.00000D-01	1.47500E+03	8.46403E-04	3.10023E+02
1.01325D+00	8.00000D-01	1.50000E+03	9.23460E-04	3.65403E+02
1.01325D+00	8.00000D-01	1.52500E+03	1.01383E-03	4.20868E+02
1.01325D+00	8.00000D-01	1.55000E+03	1.12060E-03	4.76467E+02
1.01325D+00	8.00000D-01	1.57500E+03	1.24653E-03	5.32243E+02
1.01325D+00	8.00000D-01	1.60000E+03	1.39418E-03	5.88235E+02
1.01325D+00	8.00000D-01	1.62500E+03	1.56607E-03	6.44478E+02
1.01325D+00	8.00000D-01	1.65000E+03	1.76471E-03	7.01006E+02
1.01325D+00	8.00000D-01	1.67500E+03	1.99265E-03	7.57852E+02
1.01325D+00	8.00000D-01	1.70000E+03	2.25254E-03	8.15049E+02
1.01325D+00	8.00000D-01	1.72500E+03	2.54715E-03	8.72633E+02
1.01325D+00	8.00000D-01	1.75000E+03	2.87937E-03	9.30639E+02
1.01325D+00	8.00000D-01	1.77500E+03	3.25227E-03	9.89105E+02
1.01325D+00	8.00000D-01	1.80000E+03	3.66905E-03	1.04807E+03
1.01325D+00	8.00000D-01	1.82500E+03	4.13307E-03	1.10758E+03
1.01325D+00	8.00000D-01	1.85000E+03	4.64789E-03	1.16768E+03
1.01325D+00	8.00000D-01	1.87500E+03	5.21723E-03	1.22841E+03
1.01325D+00	8.00000D-01	1.90000E+03	5.84498E-03	1.28983E+03
1.01325D+00	8.00000D-01	1.92500E+03	6.53520E-03	1.35200E+03
1.01325D+00	8.00000D-01	1.95000E+03	7.29215E-03	1.41498E+03
1.01325D+00	8.00000D-01	1.97500E+03	8.12025E-03	1.47882E+03
1.01325D+00	8.00000D-01	2.00000E+03	9.02408E-03	1.54360E+03
1.01325D+00	8.00000D-01	2.02500E+03	1.00084E-02	1.60939E+03
1.01325D+00	8.00000D-01	2.05000E+03	1.10781E-02	1.67627E+03
1.01325D+00	8.00000D-01	2.07500E+03	1.22383E-02	1.74431E+03
1.01325D+00	8.00000D-01	2.10000E+03	1.34942E-02	1.81361E+03
1.01325D+00	8.00000D-01	2.12500E+03	1.48512E-02	1.88425E+03
1.01325D+00	8.00000D-01	2.15000E+03	1.63147E-02	1.95633E+03
1.01325D+00	8.00000D-01	2.17500E+03	1.78902E-02	2.02995E+03
1.01325D+00	8.00000D-01	2.20000E+03	1.95836E-02	2.10522E+03
1.01325D+00	8.00000D-01	2.22500E+03	2.14006E-02	2.18223E+03
1.01325D+00	8.00000D-01	2.25000E+03	2.33469E-02	2.26111E+03
1.01325D+00	8.00000D-01	2.27500E+03	2.54285E-02	2.34197E+03
1.01325D+00	8.00000D-01	2.30000E+03	2.76513E-02	2.42493E+03
1.01325D+00	8.00000D-01	2.32500E+03	3.00212E-02	2.51012E+03
1.01325D+00	8.00000D-01	2.35000E+03	3.25440E-02	2.59766E+03
1.01325D+00	8.00000D-01	2.37500E+03	3.52256E-02	2.68767E+03
1.01325D+00	8.00000D-01	2.40000E+03	3.80718E-02	2.78031E+03
1.01325D+00	8.00000D-01	2.42500E+03	4.10882E-02	2.87569E+03
1.01325D+00	8.00000D-01	2.45000E+03	4.42805E-02	2.97395E+03
1.01325D+00	8.00000D-01	2.47500E+03	4.76539E-02	3.07524E+03
1.01325D+00	8.00000D-01	2.50000E+03	5.12139E-02	3.17968E+03
1.01325D+00	8.00000D-01	2.52500E+03	5.49655E-02	3.28742E+03
1.01325D+00	8.00000D-01	2.55000E+03	5.89135E-02	3.39860E+03
1.01325D+00	8.00000D-01	2.57500E+03	6.30626E-02	3.51335E+03
1.01325D+00	8.00000D-01	2.60000E+03	6.74172E-02	3.63181E+03
1.01325D+00	8.00000D-01	2.62500E+03	7.19817E-02	3.75412E+03
1.01325D+00	8.00000D-01	2.65000E+03	7.67600E-02	3.88042E+03
1.01325D+00	8.00000D-01	2.67500E+03	8.17559E-02	4.01084E+03
1.01325D+00	8.00000D-01	2.70000E+03	8.69732E-02	4.14550E+03
1.01325D+00	8.00000D-01	2.72500E+03	9.24154E-02	4.28456E+03
1.01325D+00	8.00000D-01	2.75000E+03	9.80863E-02	4.42813E+03
1.01325D+00	8.00000D-01	2.77500E+03	1.03989E-01	4.57636E+03
1.01325D+00	8.00000D-01	2.80000E+03	1.10129E-01	4.72938E+03
1.01325D+00	8.00000D-01	2.82500E+03	1.16509E-01	4.88732E+03
1.01325D+00	8.00000D-01	2.85000E+03	1.23135E-01	5.05034E+03
1.01325D+00	8.00000D-01	2.87500E+03	1.30012E-01	5.21859E+03
1.01325D+00	8.00000D-01	2.90000E+03	1.37149E-01	5.39222E+03
1.01325D+00	8.00000D-01	2.92500E+03	1.44554E-01	5.57143E+03
1.01325D+00	8.00000D-01	2.95000E+03	1.52239E-01	5.75640E+03
1.01325D+00	8.00000D-01	2.97500E+03	1.60218E-01	5.94735E+03
1.01325D+00	8.00000D-01	3.00000E+03	1.68509E-01	6.14454E+03
1.01325D+00	8.00000D-01	3.02500E+03	1.77136E-01	6.34826E+03
1.01325D+00	8.00000D-01	3.05000E+03	1.86128E-01	6.55884E+03
1.01325D+00	8.00000D-01	3.07500E+03	1.95522E-01	6.77668E+03
1.01325D+00	8.00000D-01	3.10000E+03	2.05363E-01	7.00225E+03
1.01325D+00	8.00000D-01	3.12500E+03	2.15708E-01	7.23610E+03
1.01325D+00	8.00000D-01	3.15000E+03	2.26629E-01	7.47886E+03
1.01325D+00	8.00000D-01	3.17500E+03	2.38214E-01	7.73130E+03
1.01325D+00	8.00000D-01	3.20000E+03	2.50570E-01	7.99433E+03
1.01325D+00	8.00000D-01	3.22500E+03	2.63833E-01	8.26898E+03
1.01325D+00	8.00000D-01	3.25000E+03	2.78165E-01	8.55650E+03
1.01325D+00	8.00000D-01	3.27500E+03	2.93767E-01	8.85831E+03
1.01325D+00	8.00000D-01	3.30000E+03	3.10883E-01	9.17609E+03
1.01325D+00	8.00000D-01	3.32500E+03	3.29814E-01	9.51174E+03
1.01325D+00	8.00000D-01	3.35000E+03	3.50923E-01	9.86746E+03
1.01325D+00	8.00000D-01	3.37500E+03	3.74656E-01	1.02457E+04
1.01325D+00	8.00000D-01	3.40000E+03	4.01557E-01	1.06493E+04
1.01325D+00	8.00000D-01	3.42500E+03	4.32292E-01	1.10813E+04
1.01325D+00	8.00000D-01	3.45000E+03	4.67677E-01	1.15452E+04
1.01325D+00	8.00000D-01	3.47500E+03	5.08719E-01	1.20444E+04
1.01325D+00	8.00000D-01	3.50000E+03	5.56661E-01	1.25830E+04
1.01325D+00	8.00000D-01	3.52500E+03	6.13054E-01	1.31648E+04
1.01325D+00	8.00000D-01	3.55000E+03	6.79843E-01	1.37937E+04
1.01325D+00	8.00000D-01	3.57500E+03	7.59491E-01	1.44734E+04
1.01325D+00	8.00000D-01	3.60000E+03	8.55152E-01	1.52071E+04
1.01325D+00	8.00000D-01	3.62500E+03	9.70919E-01	1.59971E+04
1.01325D+00	8.00000D-01	3.65000E+03	1.11219E+00	1.68447E+04
1.01325D+00	8.00000D-01	3.67500E+03	1.28622E+00	1.77496E+04
1.01325D+00	8.00000D-01	3.70000E+03	1.50298E+00	1.87093E+04
1.01325D+00	8.00000D-01	3.72500E+03	1.77649E+00	1.97192E+04
1.01325D+00	8.00000D-01	3.75000E+03	2.12722E+00	2.07715E+04
1.01325D+00	8.00000D-01	3.77500E+03	2.58605E+00	2.18557E+04
1.01325D+00	8.00000D-01	3.80000E+03	3.20193E+00	2.29576E+04
1.01325D+00	8.00000D-01	3.82500E+03	4.05715E+00	2.40599E+04
1.01325D+00	8.00000D-01	3.85000E+03	5.30118E+00	2.51422E+04
1.01325D+00	8.00000D-01	3.87500E+03	7.23578E+00	2.61807E+04
1.01325D+00	8.00000D-01	3.90000E+03	1.05719E+01	2.71487E+04
1.01325D+00	8.00000D-01	3.92500E+03	1.74616E+01	2.80144E+04
1.01325D+00	8.00000D-01	3.95000E+03	3.87203E+01	2.87365E+04
1.01325D+00	8.00000D-01	3.97500E+03	3.87203E+01	2.87365E+04
1.01325D+00	8.00000D-01	4.00000E+03	3.87203E+01	2.87365E+04
p (bar)	B'g	Temp (K)	B'c	Hw (kJ/kg)
1.01325D+00	9.00000D-01	2.50000E+02	0.00000E+00	-5.95026E+03
1.01325D+00	9.00000D-01	2.75000E+02	0.00000E+00	-5.89503E+03
1.01325D+00	9.00000D-01	3.00000E+02	0.00000E+00	-5.83265E+03
1.01325D+00	9.00000D-01	3.25000E+02	0.00000E+00	-5.76420E+03
1.01325D+00	9.00000D-01	3.50000E+02	0.00000E+00	-5.69151E+03
1.01325D+00	9.00000D-01	3.75000E+02	0.00000E+00	-5.61650E+03
1.01325D+00	9.00000D-01	4.00000E+02	0.00000E+00	-5.54074E+03
1.01325D+00	9.00000D-01	4.25000E+02	0.00000E+00	-5.46528E+03
1.01325D+00	9.00000D-01	4.50000E+02	0.00000E+00	-5.39063E+03
1.01325D+00	9.00000D-01	4.75000E+02	0.00000E+00	-5.31690E+03
1.01325D+00	9.00000D-01	5.00000E+02	0.00000E+00	-5.24384E+03
1.01325D+00	9.00000D-01	5.25000E+02	0.00000E+00	-5.17091E+03
1.01325D+00	9.00000D-01	5.50000E+02	0.00000E+00	-5.09735E+03
1.01325D+00	9.00000D-01	5.75000E+02	0.00000E+00	-5.02216E+03
1.01325D+00	9.00000D-01	6.00000E+02	0.00000E+00	-4.94409E+03
1.01325D+00	9.00000D-01	6.25000E+02	0.00000E+00	-4.86161E+03
1.01325D+00	9.00000D-01	6.50000E+02	0.00000E+00	-4.77281E+03
1.01325D+00	9.00000D-01	6.75000E+02	0.00000E+00	-4.67537E+03
1.01325D+00	9.00000D-01	7.00000E+02	0.00000E+00	-4.56639E+03
1.01325D+00	9.00000D-01	7.25000E+02	0.00000E+00	-4.44238E+03
1.01325D+00	9.00000D-01	7.50000E+02	0.00000E+00	-4.29917E+03
1.01325D+00	9.00000D-01	7.75000E+02	0.00000E+00	-4.13206E+03
1.01325D+00	9.00000D-01	8.00000E+02	0.00000E+00	-3.93609E+03
1.01325D+00	9.00000D-01	8.25000E+02	0.00000E+00	-3.70682E+03
1.01325D+00	9.00000D-01	8.50000E+02	0.00000E+00	-3.44142E+03
1.01325D+00	9.00000D-01	8.75000E+02	0.00000E+00	-3.14039E+03
1.01325D+00	9.00000D-01	9.00000E+02	0.00000E+00	-2.80930E+03
1.01325D+00	9.00000D-01	9.25000E+02	0.00000E+00	-2.45987E+03
1.01325D+00	9.00000D-01	9.50000E+02	0.00000E+00	-2.10927E+03
1.01325D+00	9.00000D-01	9.75000E+02	0.00000E+00	-1.77683E+03
1.01325D+00	9.00000D-01	1.00000E+03	0.00000E+00	-1.47890E+03
1.01325D+00	9.00000D-01	1.02500E+03	0.00000E+00	-1.22464E+03
1.01325D+00	9.00000D-01	1.05000E+03	0.00000E+00	-1.01495E+03
1.01325D+00	9.00000D-01	1.07500E+03	0.00000E+00	-8.44705E+02
1.01325D+00	9.00000D-01	1.10000E+03	0.00000E+00	-7.06136E+02
1.01325D+00	9.00000D-01	1.12500E+03	0.00000E+00	-5.91430E+02
1.01325D+00	9.00000D-01	1.15000E+03	0.00000E+00	-4.94012E+02
1.01325D+00	9.00000D-01	1.17500E+03	0.00000E+00	-4.08849E+02
1.01325D+00	9.00000D-01	1.20000E+03	0.00000E+00	-3.32286E+02
1.01325D+00	9.00000D-01	1.22500E+03	0.00000E+00	-2.61737E+02
1.01325D+00	9.00000D-01	1.25000E+03	0.00000E+00	-1.95395E+02
1.01325D+00	9.00000D-01	1.27500E+03	0.00000E+00	-1.32001E+02
1.01325D+00	9.00000D-01	1.30000E+03	0.00000E+00	-7.06760E+01
1.01325D+00	9.00000D-01	1.32500E+03	0.00000E+00	-1.07987E+01
1.01325D+00	9.00000D-01	1.35000E+03	0.00000E+00	4.80713E+01
1.01325D+00	9.00000D-01	1.37500E+03	0.00000E+00	1.06251E+02
1.01325D+00	9.00000D-01	1.40000E+03	0.00000E+00	1.63971E+02
1.01325D+00	9.00000D-01	1.42500E+03	0.00000E+00	2.21404E+02
1.01325D+00	9.00000D-01	1.45000E+03	0.00000E+00	2.78676E+02
1.01325D+00	9.00000D-01	1.47500E+03	0.00000E+00	3.35889E+02
1.01325D+00	9.00000D-01	1.50000E+03	0.00000E+00	3.93119E+02
1.01325D+00	9.00000D-01	1.52500E+03	0.00000E+00	4.50429E+02
1.01325D+00	9.00000D-01	1.55000E+03	0.00000E+00	5.07873E+02
1.01325D+00	9.00000D-01	1.57500E+03	0.00000E+00	5.65494E+02
1.01325D+00	9.00000D-01	1.60000E+03	0.00000E+00	6.23333E+02
1.01325D+00	9.00000D-01	1.62500E+03	0.00000E+00	6.81429E+02
1.01325D+00	9.00000D-01	1.65000E+03	0.00000E+00	7.39815E+02
1.01325D+00	9.00000D-01	1.67500E+03	0.00000E+00	7.98527E+02
1.01325D+00	9.00000D-01	1.70000E+03	0.00000E+00	8.57600E+02
1.01325D+00	9.00000D-01	1.72500E+03	0.00000E+00	9.17070E+02
1.01325D+00	9.00000D-01	1.75000E+03	0.00000E+00	9.76975E+02
1.01325D+00	9.00000D-01	1.77500E+03	0.00000E+00	1.03735E+03
1.01325D+00	9.00000D-01	1.80000E+03	0.00000E+00	1.09825E+03
1.01325D+00	9.00000D-01	1.82500E+03	0.00000E+00	1.15970E+03
1.01325D+00	9.00000D-01	1.85000E+03	0.00000E+00	1.22176E+03
1.01325D+00	9.00000D-01	1.87500E+03	0.00000E+00	1.28448E+03
1.01325D+00	9.00000D-01	1.90000E+03	0.00000E+00	1.34791E+03
1.01325D+00	9.00000D-01	1.92500E+03	0.00000E+00	1.41212E+03
1.01325D+00	9.00000D-01	1.95000E+03	0.00000E+00	1.47715E+03
1.01325D+00	9.00000D-01	1.97500E+03	0.00000E+00	1.54309E+03
1.01325D+00	9.00000D-01	2.00000E+03	0.00000E+00	1.61000E+03
1.01325D+00	9.00000D-01	2.02500E+03	0.00000E+00	1.67796E+03
1.01325D+00	9.00000D-01	2.05000E+03	0.00000E+00	1.74705E+03
1.01325D+00	9.00000D-01	2.07500E+03	0.00000E+00	1.81734E+03
1.01325D+00	9.00000D-01	2.10000E+03	0.00000E+00	1.88895E+03
1.01325D+00	9.00000D-01	2.12500E+03	0.00000E+00	1.96195E+03
1.01325D+00	9.00000D-01	2.15000E+03	0.00000E+00	2.03644E+03
1.01325D+00	9.00000D-01	2.17500E+03	0.00000E+00	2.11255E+03
1.01325D+00	9.00000D-01	2.20000E+03	0.00000E+00	2.19036E+03
1.01325D+00	9.00000D-01	2.22500E+03	1.08461E-03	2.27000E+03
1.01325D+00	9.00000D-01	2.25000E+03	3.18207E-03	2.35158E+03
1.01325D+00	9.00000D-01	2.27500E+03	5.42680E-03	2.43523E+03
1.01325D+00	9.00000D-01	2.30000E+03	7.82535E-03	2.52107E+03
1.01325D+00	9.00000D-01	2.32500E+03	1.03843E-02	2.60923E+03
1.01325D+00	9.00000D-01	2.35000E+03	1.31103E-02	2.69985E+03
1.01325D+00	9.00000D-01	2.37500E+03	1.60097E-02	2.79306E+03
1.01325D+00	9.00000D-01	2.40000E+03	1.90892E-02	2.88900E+03
1.01325D+00	9.00000D-01	2.42500E+03	2.23551E-02	2.98782E+03
1.01325D+00	9.00000D-01	2.45000E+03	2.58137E-02	3.08965E+03
1.01325D+00	9.00000D-01	2.47500E+03	2.94711E-02	3.19465E+03
1.01325D+00	9.00000D-01	2.50000E+03	3.33334E-02	3.30294E+03
1.01325D+00	9.00000D-01	2.52500E+03	3.74062E-02	3.41469E+03
1.01325D+00	9.00000D-01	2.55000E+03	4.16953E-02	3.53004E+03
1.01325D+00	9.00000D-01	2.57500E+03	4.62061E-02	3.64913E+03
1.01325D+00	9.00000D-01	2.60000E+03	5.09435E-02	3.77211E+03
1.01325D+00	9.00000D-01	2.62500E+03	5.59127E-02	3.89912E+03
1.01325D+00	9.00000D-01	2.65000E+03	6.11182E-02	4.03031E+03
1.01325D+00	9.00000D-01	2.67500E+03	6.65648E-02	4.16581E+03
1.01325D+00	9.00000D-01	2.70000E+03	7.22566E-02	4.30576E+03
1.01325D+00	9.00000D-01	2.72500E+03	7.81981E-02	4.45031E+03
1.01325D+00	9.00000D-01	2.75000E+03	8.43936E-02	4.59960E+03
1.01325D+00	9.00000D-01	2.77500E+03	9.08474E-02	4.75377E+03
1.01325D+00	9.00000D-01	2.80000E+03	9.75642E-02	4.91295E+03
1.01325D+00	9.00000D-01	2.82500E+03	1.04549E-01	5.07729E+03
1.01325D+00	9.00000D-01	2.85000E+03	1.11808E-01	5.24695E+03
1.01325D+00	9.00000D-01	2.87500E+03	1.19349E-01	5.42208E+03
1.01325D+00	9.00000D-01	2.90000E+03	1.27178E-01	5.60284E+03
1.01325D+00	9.00000D-01	2.92500E+03	1.35307E-01	5.78943E+03
1.01325D+00	9.00000D-01	2.95000E+03	1.43748E-01	5.98204E+03
1.01325D+00	9.00000D-01	2.97500E+03	1.52518E-01	6.18089E+03
1.01325D+00	9.00000D-01	3.00000E+03	1.61636E-01	6.38625E+03
1.01325D+00	9.00000D-01	3.02500E+03	1.71128E-01	6.59841E+03
1.01325D+00	9.00000D-01	3.05000E+03	1.81026E-01	6.81770E+03
1.01325D+00	9.00000D-01	3.07500E+03	1.91369E-01	7.04453E+03
1.01325D+00	9.00000D-01	3.10000E+03	2.02208E-01	7.27937E+03
1.01325D+00	9.00000D-01	3.12500E+03	2.13604E-01	7.52275E+03
1.01325D+00	9.00000D-01	3.15000E+03	2.25635E-01	7.77534E+03
1.01325D+00	9.00000D-01	3.17500E+03	2.38397E-01	8.03789E+03
1.01325D+00	9.00000D-01	3.20000E+03	2.52006E-01	8.31129E+03
1.01325D+00	9.00000D-01	3.22500E+03	2.66607E-01	8.59660E+03
1.01325D+00	9.00000D-01	3.25000E+03	2.82379E-01	8.89503E+03
1.01325D+00	9.00000D-01	3.27500E+03	2.99537E-01	9.20802E+03
1.01325D+00	9.00000D-01	3.30000E+03	3.18348E-01	9.53719E+03
1.01325D+00	9.00000D-01	3.32500E+03	3.39136E-01	9.88445E+03
1.01325D+00	9.00000D-01	3.35000E+03	3.62296E-01	1.02519E+04
1.01325D+00	9.00000D-01	3.37500E+03	3.88311E-01	1.06421E+04
1.01325D+00	9.00000D-01	3.40000E+03	4.17772E-01	1.10576E+04
1.01325D+00	9.00000D-01	3.42500E+03	4.51400E-01	1.15015E+04
1.01325D+00	9.00000D-01	3.45000E+03	4.90081E-01	1.19771E+04
1.01325D+00	9.00000D-01	3.47500E+03	5.34909E-01	1.24877E+04
1.01325D+00	9.00000D-01	3.50000E+03	5.87233E-01	1.30372E+04
1.01325D+00	9.00000D-01	3.52500E+03	6.48738E-01	1.36291E+04
1.01325D+00	9.00000D-01	3.55000E+03	7.21537E-01	1.42669E+04
1.01325D+00	9.00000D-01	3.57500E+03	8.08305E-01	1.49541E+04
1.01325D+00	9.00000D-01	3.60000E+03	9.12472E-01	1.56933E+04
1.01325D+00	9.00000D-01	3.62500E+03	1.03849E+00	1.64864E+04
1.01325D+00	9.00000D-01	3.65000E+03	1.19223E+00	1.73339E+04
1.01325D+00	9.00000D-01	3.67500E+03	1.38157E+00	1.82349E+04
1.01325D+00	9.00000D-01	3.70000E+03	1.61736E+00	1.91862E+04
1.01325D+00	9.00000D-01	3.72500E+03	1.91489E+00	2.01823E+04
1.01325D+00	9.00000D-01	3.75000E+03	2.29638E+00	2.12150E+04
1.01325D+00	9.00000D-01	3.77500E+03	2.79549E+00	2.22729E+04
1.01325D+00	9.00000D-01	3.80000E+03	3.46547E+00	2.33417E+04
1.01325D+00	9.00000D-01	3.82500E+03	4.39591E+00	2.44039E+04
1.01325D+00	9.00000D-01	3.85000E+03	5.74950E+00	2.54392E+04
1.01325D+00	9.00000D-01	3.87500E+03	7.85470E+00	2.64245E+04
1.01325D+00	9.00000D-01	3.90000E+03	1.14850E+01	2.73340E+04
1.01325D+00	9.00000D-01	3.92500E+03	1.89810E+01	2.81375E+04
1.01325D+00	9.00000D-01	3.95000E+03	4.20917E+01	2.87960E+04
1.01325D+00	9.00000D-01	3.97500E+03	4.20917E+01	2.87960E+04
1.01325D+00	9.00000D-01	4.00000E+03	4.20917E+01	2.87960E+04
p (bar)	B'g	Temp (K)	B'c	Hw (kJ/kg)
1.01325D+00	1.00000D+00	2.50000E+02	0.00000E+00	-6.11061E+03
1.01325D+00	1.00000D+00	2.75000E+02	0.00000E+00	-6.05556E+03
1.01325D+00	1.00000D+00	3.00000E+02	0.00000E+00	-5.99343E+03
1.01325D+00	1.00000D+00	3.25000E+02	0.00000E+00	-5.92510E+03
1.01325D+00	1.00000D+00	3.50000E+02	0.00000E+00	-5.85224E+03
1.01325D+00	1.00000D+00	3.75000E+02	0.00000E+00	-5.77671E+03
1.01325D+00	1.00000D+00	4.00000E+02	0.00000E+00	-5.70009E+03
1.01325D+00	1.00000D+00	4.25000E+02	0.00000E+00	-5.62349E+03
1.01325D+00	1.00000D+00	4.50000E+02	0.00000E+00	-5.54750E+03
1.01325D+00	1.00000D+00	4.75000E+02	0.00000E+00	-5.47229E+03
1.01325D+00	1.00000D+00	5.00000E+02	0.00000E+00	-5.39768E+03
1.01325D+00	1.00000D+00	5.25000E+02	0.00000E+00	-5.32316E+03
1.01325D+00	1.00000D+00	5.50000E+02	0.00000E+00	-5.24800E+03
1.01325D+00	1.00000D+00	5.75000E+02	0.00000E+00	-5.17121E+03
1.01325D+00	1.00000D+00	6.00000E+02	0.00000E+00	-5.09153E+03
1.01325D+00	1.00000D+00	6.25000E+02	0.00000E+00	-5.00740E+03
1.01325D+00	1.00000D+00	6.50000E+02	0.00000E+00	-4.91687E+03
1.01325D+00	1.00000D+00	6.75000E+02	0.00000E+00	-4.81752E+03
1.01325D+00	1.00000D+00	7.00000E+02	0.00000E+00	-4.70635E+03
1.01325D+00	1.00000D+00	7.25000E+02	0.00000E+00	-4.57968E+03
1.01325D+00	1.00000D+00	7.50000E+02	0.00000E+00	-4.43316E+03
1.01325D+00	1.00000D+00	7.75000E+02	0.00000E+00	-4.26180E+03
1.01325D+00	1.00000D+00	8.00000E+02	0.00000E+00	-4.06041E+03
1.01325D+00	1.00000D+00	8.25000E+02	0.00000E+00	-3.82426E+03
1.01325D+00	1.00000D+00	8.50000E+02	0.00000E+00	-3.55039E+03
1.01325D+00	1.00000D+00	8.75000E+02	0.00000E+00	-3.23928E+03
1.01325D+00	1.00000D+00	9.00000E+02	0.00000E+00	-2.89673E+03
1.01325D+00	1.00000D+00	9.25000E+02	0.00000E+00	-2.53496E+03
1.01325D+00	1.00000D+00	9.50000E+02	0.00000E+00	-2.17183E+03
1.01325D+00	1.00000D+00	9.75000E+02	0.00000E+00	-1.82738E+03
1.01325D+00	1.00000D+00	1.00000E+03	0.00000E+00	-1.51861E+03
1.01325D+00	1.00000D+00	1.02500E+03	0.00000E+00	-1.25500E+03
1.01325D+00	1.00000D+00	1.05000E+03	0.00000E+00	-1.03751E+03
1.01325D+00	1.00000D+00	1.07500E+03	0.00000E+00	-8.60894E+02
1.01325D+00	1.00000D+00	1.10000E+03	0.00000E+00	-7.17126E+02
1.01325D+00	1.00000D+00	1.12500E+03	0.00000E+00	-5.98142E+02
1.01325D+00	1.00000D+00	1.15000E+03	0.00000E+00	-4.97140E+02
1.01325D+00	1.00000D+00	1.17500E+03	0.00000E+00	-4.08906E+02
1.01325D+00	1.00000D+00	1.20000E+03	0.00000E+00	-3.29646E+02
1.01325D+00	1.00000D+00	1.22500E+03	0.00000E+00	-2.56674E+02
1.01325D+00	1.00000D+00	1.25000E+03	0.00000E+00	-1.88108E+02
1.01325D+00	1.00000D+00	1.27500E+03	0.00000E+00	-1.22636E+02
1.01325D+00	1.00000D+00	1.30000E+03	0.00000E+00	-5.93396E+01
1.01325D+00	1.00000D+00	1.32500E+03	0.00000E+00	2.43013E+00
1.01325D+00	1.00000D+00	1.35000E+03	0.00000E+00	6.31343E+01
1.01325D+00	1.00000D+00	1.37500E+03	0.00000E+00	1.23105E+02
1.01325D+00	1.00000D+00	1.40000E+03	0.00000E+00	1.82585E+02
1.01325D+00	1.00000D+00	1.42500E+03	0.00000E+00	2.41754E+02
1.01325D+00	1.00000D+00	1.45000E+03	0.00000E+00	3.00747E+02
1.01325D+00	1.00000D+00	1.47500E+03	0.00000E+00	3.59668E+02
1.01325D+00	1.00000D+00	1.50000E+03	0.00000E+00	4.18599E+02
1.01325D+00	1.00000D+00	1.52500E+03	0.00000E+00	4.77606E+02
1.01325D+00	1.00000D+00	1.55000E+03	0.00000E+00	5.36744E+02
1.01325D+00	1.00000D+00	1.57500E+03	0.00000E+00	5.96061E+02
1.01325D+00	1.00000D+00	1.60000E+03	0.00000E+00	6.55597E+02
1.01325D+00	1.00000D+00	1.62500E+03	0.00000E+00	7.15393E+02
1.01325D+00	1.00000D+00	1.65000E+03	0.00000E+00	7.75486E+02
1.01325D+00	1.00000D+00	1.67500E+03	0.00000E+00	8.35910E+02
1.01325D+00	1.00000D+00	1.70000E+03	0.00000E+00	8.96704E+02
1.01325D+00	1.00000D+00	1.72500E+03	0.00000E+00	9.57903E+02
1.01325D+00	1.00000D+00	1.75000E+03	0.00000E+00	1.01955E+03
1.01325D+00	1.00000D+00	1.77500E+03	0.00000E+00	1.08168E+03
1.01325D+00	1.00000D+00	1.80000E+03	0.00000E+00	1.14434E+03
1.01325D+00	1.00000D+00	1.82500E+03	0.00000E+00	1.20757E+03
1.01325D+00	1.00000D+00	1.85000E+03	0.00000E+00	1.27143E+03
1.01325D+00	1.00000D+00	1.87500E+03	0.00000E+00	1.33596E+03
1.01325D+00	1.00000D+00	1.90000E+03	0.00000E+00	1.40123E+03
1.01325D+00	1.00000D+00	1.92500E+03	0.00000E+00	1.46729E+03
1.01325D+00	1.00000D+00	1.95000E+03	0.00000E+00	1.53421E+03
1.01325D+00	1.00000D+00	1.97500E+03	0.00000E+00	1.60206E+03
1.01325D+00	1.00000D+00	2.00000E+03	0.00000E+00	1.67091E+03
1.01325D+00	1.00000D+00	2.02500E+03	0.00000E+00	1.74085E+03
1.01325D+00	1.00000D+00	2.05000E+03	0.00000E+00	1.81194E+03
1.01325D+00	1.00000D+00	2.07500E+03	0.00000E+00	1.88429E+03
1.01325D+00	1.00000D+00	2.10000E+03	0.00000E+00	1.95799E+03
1.01325D+00	1.00000D+00	2.12500E+03	0.00000E+00	2.03313E+03
1.01325D+00	1.00000D+00	2.15000E+03	0.00000E+00	2.10983E+03
1.01325D+00	1.00000D+00	2.17500E+03	0.00000E+00	2.18818E+03
1.01325D+00	1.00000D+00	2.20000E+03	0.00000E+00	2.26830E+03
1.01325D+00	1.00000D+00	2.22500E+03	0.00000E+00	2.35031E+03
1.01325D+00	1.00000D+00	2.25000E+03	0.00000E+00	2.43434E+03
1.01325D+00	1.00000D+00	2.27500E+03	0.00000E+00	2.52051E+03
1.01325D+00	1.00000D+00	2.30000E+03	0.00000E+00	2.60896E+03
1.01325D+00	1.00000D+00	2.32500E+03	0.00000E+00	2.69981E+03
1.01325D+00	1.00000D+00	2.35000E+03	0.00000E+00	2.79322E+03
1.01325D+00	1.00000D+00	2.37500E+03	0.00000E+00	2.88931E+03
1.01325D+00	1.00000D+00	2.40000E+03	7.83316E-06	2.98825E+03
1.01325D+00	1.00000D+00	2.42500E+03	3.51627E-03	3.09017E+03
1.01325D+00	1.00000D+00	2.45000E+03	7.23396E-03	3.19522E+03
1.01325D+00	1.00000D+00	2.47500E+03	1.11678E-02	3.30355E+03
1.01325D+00	1.00000D+00	2.50000E+03	1.53245E-02	3.41533E+03
1.01325D+00	1.00000D+00	2.52500E+03	1.97105E-02	3.53069E+03
1.01325D+00	1.00000D+00	2.55000E+03	2.43322E-02	3.64980E+03
1.01325D+00	1.00000D+00	2.57500E+03	2.91957E-02	3.77279E+03
1.01325D+00	1.00000D+00	2.60000E+03	3.43069E-02	3.89984E+03
1.01325D+00	1.00000D+00	2.62500E+03	3.96714E-02	4.03108E+03
1.01325D+00	1.00000D+00	2.65000E+03	4.52945E-02	4.16666E+03
1.01325D+00	1.00000D+00	2.67500E+03	5.11817E-02	4.30673E+03
1.01325D+00	1.00000D+00	2.70000E+03	5.73378E-02	4.45144E+03
1.01325D+00	1.00000D+00	2.72500E+03	6.37680E-02	4.60094E+03
1.01325D+00	1.00000D+00	2.75000E+03	7.04772E-02	4.75536E+03
1.01325D+00	1.00000D+00	2.77500E+03	7.74706E-02	4.91486E+03
1.01325D+00	1.00000D+00	2.80000E+03	8.47536E-02	5.07958E+03
1.01325D+00	1.00000D+00	2.82500E+03	9.23321E-02	5.24967E+03
1.01325D+00	1.00000D+00	2.85000E+03	1.00213E-01	5.42528E+03
1.01325D+00	1.00000D+00	2.87500E+03	1.08404E-01	5.60658E+03
1.01325D+00	1.00000D+00	2.90000E+03	1.16914E-01	5.79375E+03
1.01325D+00	1.00000D+00	2.92500E+03	1.25755E-01	5.98695E+03
1.01325D+00	1.00000D+00	2.95000E+03	1.34940E-01	6.18641E+03
1.01325D+00	1.00000D+00	2.97500E+03	1.44488E-01	6.39235E+03
1.01325D+00	1.00000D+00	3.00000E+03	1.54421E-01	6.60503E+03
1.01325D+00	1.00000D+00	3.02500E+03	1.64765E-01	6.82474E+03
1.01325D+00	1.00000D+00	3.05000E+03	1.75556E-01	7.05183E+03
1.01325D+00	1.00000D+00	3.07500E+03	1.86837E-01	7.28670E+03
1.01325D+00	1.00000D+00	3.10000E+03	1.98661E-01	7.52981E+03
1.01325D+00	1.00000D+00	3.12500E+03	2.11096E-01	7.78173E+03
1.01325D+00	1.00000D+00	3.15000E+03	2.24225E-01	8.04309E+03
1.01325D+00	1.00000D+00	3.17500E+03	2.38150E-01	8.31465E+03
1.01325D+00	1.00000D+00	3.20000E+03	2.53000E-01	8.59730E+03
1.01325D+00	1.00000D+00	3.22500E+03	2.68928E-01	8.89210E+03
1.01325D+00	1.00000D+00	3.25000E+03	2.86128E-01	9.20024E+03
1.01325D+00	1.00000D+00	3.27500E+03	3.04831E-01	9.52315E+03
1.01325D+00	1.00000D+00	3.30000E+03	3.25326E-01	9.86244E+03
1.01325D+00	1.00000D+00	3.32500E+03	3.47960E-01	1.02200E+04
1.01325D+00	1.00000D+00	3.35000E+03	3.73161E-01	1.05979E+04
1.01325D+00	1.00000D+00	3.37500E+03	4.01448E-01	1.09985E+04
1.01325D+00	1.00000D+00	3.40000E+03	4.33458E-01	1.14245E+04
1.01325D+00	1.00000D+00	3.42500E+03	4.69969E-01	1.18788E+04
1.01325D+00	1.00000D+00	3.45000E+03	5.11938E-01	1.23646E+04
1.01325D+00	1.00000D+00	3.47500E+03	5.60541E-01	1.28851E+04
1.01325D+00	1.00000D+00	3.50000E+03	6.17239E-01	1.34439E+04
1.01325D+00	1.00000D+00	3.52500E+03	6.83847E-01	1.40443E+04
1.01325D+00	1.00000D+00	3.55000E+03	7.62646E-01	1.46897E+04
1.01325D+00	1.00000D+00	3.57500E+03	8.56525E-01	1.53829E+04
1.01325D+00	1.00000D+00	3.60000E+03	9.69189E-01	1.61263E+04
1.01325D+00	1.00000D+00	3.62500E+03	1.10544E+00	1.69213E+04
1.01325D+00	1.00000D+00	3.65000E+03	1.27163E+00	1.77678E+04
1.01325D+00	1.00000D+00	3.67500E+03	1.47628E+00	1.86643E+04
1.01325D+00	1.00000D+00	3.70000E+03	1.73110E+00	1.96071E+04
1.01325D+00	1.00000D+00	3.72500E+03	2.05260E+00	2.05900E+04
1.01325D+00	1.00000D+00	3.75000E+03	2.46485E+00	2.16041E+04
1.01325D+00	1.00000D+00	3.77500E+03	3.00419E+00	2.26379E+04
1.01325D+00	1.00000D+00	3.80000E+03	3.72823E+00	2.36765E+04
1.01325D+00	1.00000D+00	3.82500E+03	4.73383E+00	2.47026E+04
1.01325D+00	1.00000D+00	3.85000E+03	6.19690E+00	2.56961E+04
1.01325D+00	1.00000D+00	3.87500E+03	8.47253E+00	2.66346E+04
1.01325D+00	1.00000D+00	3.90000E+03	1.23968E+01	2.74930E+04
1.01325D+00	1.00000D+00	3.92500E+03	2.04983E+01	2.82427E+04
1.01325D+00	1.00000D+00	3.95000E+03	4.54579E+01	2.88466E+04
1.01325D+00	1.00000D+00	3.97500E+03	4.54579E+01	2.88466E+04
1.01325D+00	1.00000D+00	4.00000E+03	4.54579E+01	2.88466E+04
p (bar)	B'g	Temp (K)	B'c	Hw (kJ/kg)
1.01325D+00	1.20000D+00	2.50000E+02	0.00000E+00	-6.39036E+03
1.01325D+00	1.20000D+00	2.75000E+02	0.00000E+00	-6.33529E+03
1.01325D+00	1.20000D+00	3.00000E+02	0.00000E+00	-6.27323E+03
1.01325D+00	1.20000D+00	3.25000E+02	0.00000E+00	-6.20481E+03
1.01325D+00	1.20000D+00	3.50000E+02	0.00000E+00	-6.13146E+03
1.01325D+00	1.20000D+00	3.75000E+02	0.00000E+00	-6.05493E+03
1.01325D+00	1.20000D+00	4.00000E+02	0.00000E+00	-5.97680E+03
1.01325D+00	1.20000D+00	4.25000E+02	0.00000E+00	-5.89826E+03
1.01325D+00	1.20000D+00	4.50000E+02	0.00000E+00	-5.82001E+03
1.01325D+00	1.20000D+00	4.75000E+02	0.00000E+00	-5.74233E+03
1.01325D+00	1.20000D+00	5.00000E+02	0.00000E+00	-5.66512E+03
1.01325D+00	1.20000D+00	5.25000E+02	0.00000E+00	-5.58795E+03
1.01325D+00	1.20000D+00	5.50000E+02	0.00000E+00	-5.51014E+03
1.01325D+00	1.20000D+00	5.75000E+02	0.00000E+00	-5.43070E+03
1.01325D+00	1.20000D+00	6.00000E+02	0.00000E+00	-5.34839E+03
1.01325D+00	1.20000D+00	6.25000E+02	0.00000E+00	-5.26160E+03
1.01325D+00	1.20000D+00	6.50000E+02	0.00000E+00	-5.16828E+03
1.01325D+00	1.20000D+00	6.75000E+02	0.00000E+00	-5.06590E+03
1.01325D+00	1.20000D+00	7.00000E+02	0.00000E+00	-4.95123E+03
1.01325D+00	1.20000D+00	7.25000E+02	0.00000E+00	-4.82032E+03
1.01325D+00	1.20000D+00	7.50000E+02	0.00000E+00	-4.66841E+03
1.01325D+00	1.20000D+00	7.75000E+02	0.00000E+00	-4.49007E+03
1.01325D+00	1.20000D+00	8.00000E+02	0.00000E+00	-4.27959E+03
1.01325D+00	1.20000D+00	8.25000E+02	0.00000E+00	-4.03175E+03
1.01325D+00	1.20000D+00	8.50000E+02	0.00000E+00	-3.74327E+03
1.01325D+00	1.20000D+00	8.75000E+02	0.00000E+00	-3.41459E+03
1.01325D+00	1.20000D+00	9.00000E+02	0.00000E+00	-3.05192E+03
1.01325D+00	1.20000D+00	9.25000E+02	0.00000E+00	-2.66836E+03
1.01325D+00	1.20000D+00	9.50000E+02	0.00000E+00	-2.28301E+03
1.01325D+00	1.20000D+00	9.75000E+02	0.00000E+00	-1.91727E+03
1.01325D+00	1.20000D+00	1.00000E+03	0.00000E+00	-1.58923E+03
1.01325D+00	1.20000D+00	1.02500E+03	0.00000E+00	-1.30900E+03
1.01325D+00	1.20000D+00	1.05000E+03	0.00000E+00	-1.07768E+03
1.01325D+00	1.20000D+00	1.07500E+03	0.00000E+00	-8.89732E+02
1.01325D+00	1.20000D+00	1.10000E+03	0.00000E+00	-7.36727E+02
1.01325D+00	1.20000D+00	1.12500E+03	0.00000E+00	-6.10139E+02
1.01325D+00	1.20000D+00	1.15000E+03	0.00000E+00	-5.02765E+02
1.01325D+00	1.20000D+00	1.17500E+03	0.00000E+00	-4.09069E+02
1.01325D+00	1.20000D+00	1.20000E+03	0.00000E+00	-3.25012E+02
1.01325D+00	1.20000D+00	1.22500E+03	0.00000E+00	-2.47728E+02
1.01325D+00	1.20000D+00	1.25000E+03	0.00000E+00	-1.75204E+02
1.01325D+00	1.20000D+00	1.27500E+03	0.00000E+00	-1.06034E+02
1.01325D+00	1.20000D+00	1.30000E+03	0.00000E+00	-3.92295E+01
1.01325D+00	1.20000D+00	1.32500E+03	0.00000E+00	2.59073E+01
1.01325D+00	1.20000D+00	1.35000E+03	0.00000E+00	8.98745E+01
1.01325D+00	1.20000D+00	1.37500E+03	0.00000E+00	1.53031E+02
1.01325D+00	1.20000D+00	1.40000E+03	0.00000E+00	2.15641E+02
1.01325D+00	1.20000D+00	1.42500E+03	0.00000E+00	2.77897E+02
1.01325D+00	1.20000D+00	1.45000E+03	0.00000E+00	3.39947E+02
1.01325D+00	1.20000D+00	1.47500E+03	0.00000E+00	4.01904E+02
1.01325D+00	1.20000D+00	1.50000E+03	0.00000E+00	4.63857E+02
1.01325D+00	1.20000D+00	1.52500E+03	0.00000E+00	5.25877E+02
1.01325D+00	1.20000D+00	1.55000E+03	0.00000E+00	5.88024E+02
1.01325D+00	1.20000D+00	1.57500E+03	0.00000E+00	6.50349E+02
1.01325D+00	1.20000D+00	1.60000E+03	0.00000E+00	7.12897E+02
1.01325D+00	1.20000D+00	1.62500E+03	0.00000E+00	7.75709E+02
1.01325D+00	1.20000D+00	1.65000E+03	0.00000E+00	8.38825E+02
1.01325D+00	1.20000D+00	1.67500E+03	0.00000E+00	9.02284E+02
1.01325D+00	1.20000D+00	1.70000E+03	0.00000E+00	9.66124E+02
1.01325D+00	1.20000D+00	1.72500E+03	0.00000E+00	1.03039E+03
1.01325D+00	1.20000D+00	1.75000E+03	0.00000E+00	1.09511E+03
1.01325D+00	1.20000D+00	1.77500E+03	0.00000E+00	1.16034E+03
1.01325D+00	1.20000D+00	1.80000E+03	0.00000E+00	1.22611E+03
1.01325D+00	1.20000D+00	1.82500E+03	0.00000E+00	1.29249E+03
1.01325D+00	1.20000D+00	1.85000E+03	0.00000E+00	1.35952E+03
1.01325D+00	1.20000D+00	1.87500E+03	0.00000E+00	1.42726E+03
1.01325D+00	1.20000D+00	1.90000E+03	0.00000E+00	1.49576E+03
1.01325D+00	1.20000D+00	1.92500E+03	0.00000E+00	1.56510E+03
1.01325D+00	1.20000D+00	1.95000E+03	0.00000E+00	1.63533E+03
1.01325D+00	1.20000D+00	1.97500E+03	0.00000E+00	1.70654E+03
1.01325D+00	1.20000D+00	2.00000E+03	0.00000E+00	1.77880E+03
1.01325D+00	1.20000D+00	2.02500E+03	0.00000E+00	1.85220E+03
1.01325D+00	1.20000D+00	2.05000E+03	0.00000E+00	1.92683E+03
1.01325D+00	1.20000D+00	2.07500E+03	0.00000E+00	2.00277E+03
1.01325D+00	1.20000D+00	2.10000E+03	0.00000E+00	2.08014E+03
1.01325D+00	1.20000D+00	2.12500E+03	0.00000E+00	2.15903E+03
1.01325D+00	1.20000D+00	2.15000E+03	0.00000E+00	2.23956E+03
1.01325D+00	1.20000D+00	2.17500E+03	0.00000E+00	2.32184E+03
1.01325D+00	1.20000D+00	2.20000E+03	0.00000E+00	2.40600E+03
1.01325D+00	1.20000D+00	2.22500E+03	0.00000E+00	2.49216E+03
1.01325D+00	1.20000D+00	2.25000E+03	0.00000E+00	2.58046E+03
1.01325D+00	1.20000D+00	2.27500E+03	0.00000E+00	2.67102E+03
1.01325D+00	1.20000D+00	2.30000E+03	0.00000E+00	2.76400E+03
1.01325D+00	1.20000D+00	2.32500E+03	0.00000E+00	2.85954E+03
1.01325D+00	1.20000D+00	2.35000E+03	0.00000E+00	2.95779E+03
1.01325D+00	1.20000D+00	2.37500E+03	0.00000E+00	3.05890E+03
1.01325D+00	1.20000D+00	2.40000E+03	0.00000E+00	3.16302E+03
1.01325D+00	1.20000D+00	2.42500E+03	0.00000E+00	3.27032E+03
1.01325D+00	1.20000D+00	2.45000E+03	0.00000E+00	3.38096E+03
1.01325D+00	1.20000D+00	2.47500E+03	0.00000E+00	3.49509E+03
1.01325D+00	1.20000D+00	2.50000E+03	0.00000E+00	3.61289E+03
1.01325D+00	1.20000D+00	2.52500E+03	0.00000E+00	3.73451E+03
1.01325D+00	1.20000D+00	2.55000E+03	0.00000E+00	3.86012E+03
1.01325D+00	1.20000D+00	2.57500E+03	0.00000E+00	3.98989E+03
1.01325D+00	1.20000D+00	2.60000E+03	6.35476E-04	4.12396E+03
1.01325D+00	1.20000D+00	2.62500E+03	6.76757E-03	4.26252E+03
1.01325D+00	1.20000D+00	2.65000E+03	1.32023E-02	4.40570E+03
1.01325D+00	1.20000D+00	2.67500E+03	1.99462E-02	4.55369E+03
1.01325D+00	1.20000D+00	2.70000E+03	2.70059E-02	4.70662E+03
1.01325D+00	1.20000D+00	2.72500E+03	3.43877E-02	4.86465E+03
1.01325D+00	1.20000D+00	2.75000E+03	4.20981E-02	5.02794E+03
1.01325D+00	1.20000D+00	2.77500E+03	5.01436E-02	5.19665E+03
1.01325D+00	1.20000D+00	2.80000E+03	5.85313E-02	5.37093E+03
1.01325D+00	1.20000D+00	2.82500E+03	6.72685E-02	5.55093E+03
1.01325D+00	1.20000D+00	2.85000E+03	7.63638E-02	5.73682E+03
1.01325D+00	1.20000D+00	2.87500E+03	8.58267E-02	5.92877E+03
1.01325D+00	1.20000D+00	2.90000E+03	9.56687E-02	6.12696E+03
1.01325D+00	1.20000D+00	2.92500E+03	1.05903E-01	6.33157E+03
1.01325D+00	1.20000D+00	2.95000E+03	1.16548E-01	6.54283E+03
1.01325D+00	1.20000D+00	2.97500E+03	1.27622E-01	6.76096E+03
1.01325D+00	1.20000D+00	3.00000E+03	1.39153E-01	6.98622E+03
1.01325D+00	1.20000D+00	3.02500E+03	1.51171E-01	7.21892E+03
1.01325D+00	1.20000D+00	3.05000E+03	1.63718E-01	7.45941E+03
1.01325D+00	1.20000D+00	3.07500E+03	1.76843E-01	7.70808E+03
1.01325D+00	1.20000D+00	3.10000E+03	1.90608E-01	7.96541E+03
1.01325D+00	1.20000D+00	3.12500E+03	2.05089E-01	8.23194E+03
1.01325D+00	1.20000D+00	3.15000E+03	2.20384E-01	8.50832E+03
1.01325D+00	1.20000D+00	3.17500E+03	2.36609E-01	8.79530E+03
1.01325D+00	1.20000D+00	3.20000E+03	2.53909E-01	9.09377E+03
1.01325D+00	1.20000D+00	3.22500E+03	2.72463E-01	9.40476E+03
1.01325D+00	1.20000D+00	3.25000E+03	2.92490E-01	9.72945E+03
1.01325D+00	1.20000D+00	3.27500E+03	3.14257E-01	1.00692E+04
1.01325D+00	1.20000D+00	3.30000E+03	3.38091E-01	1.04257E+04
1.01325D+00	1.20000D+00	3.32500E+03	3.64392E-01	1.08006E+04
1.01325D+00	1.20000D+00	3.35000E+03	3.93648E-01	1.11961E+04
1.01325D+00	1.20000D+00	3.37500E+03	4.26453E-01	1.16143E+04
1.01325D+00	1.20000D+00	3.40000E+03	4.63538E-01	1.20579E+04
1.01325D+00	1.20000D+00	3.42500E+03	5.05792E-01	1.25295E+04
1.01325D+00	1.20000D+00	3.45000E+03	5.54311E-01	1.30322E+04
1.01325D+00	1.20000D+00	3.47500E+03	6.10446E-01	1.35689E+04
1.01325D+00	1.20000D+00	3.50000E+03	6.75867E-01	1.41427E+04
1.01325D+00	1.20000D+00	3.52500E+03	7.52658E-01	1.47568E+04
1.01325D+00	1.20000D+00	3.55000E+03	8.43435E-01	1.54138E+04
1.01325D+00	1.20000D+00	3.57500E+03	9.51515E-01	1.61160E+04
1.01325D+00	1.20000D+00	3.60000E+03	1.08115E+00	1.68651E+04
1.01325D+00	1.20000D+00	3.62500E+03	1.23785E+00	1.76615E+04
1.01325D+00	1.20000D+00	3.65000E+03	1.42892E+00	1.85044E+04
1.01325D+00	1.20000D+00	3.67500E+03	1.66414E+00	1.93912E+04
1.01325D+00	1.20000D+00	3.70000E+03	1.95697E+00	2.03172E+04
1.01325D+00	1.20000D+00	3.72500E+03	2.32640E+00	2.12753E+04
1.01325D+00	1.20000D+00	3.75000E+03	2.80009E+00	2.22558E+04
1.01325D+00	1.20000D+00	3.77500E+03	3.41983E+00	2.32465E+04
1.01325D+00	1.20000D+00	3.80000E+03	4.25189E+00	2.42325E+04
1.01325D+00	1.20000D+00	3.82500E+03	5.40766E+00	2.51963E+04
1.01325D+00	1.20000D+00	3.85000E+03	7.08944E+00	2.61187E+04
1.01325D+00	1.20000D+00	3.87500E+03	9.70555E+00	2.69784E+04
1.01325D+00	1.20000D+00	3.90000E+03	1.42170E+01	2.77520E+04
1.01325D+00	1.20000D+00	3.92500E+03	2.35276E+01	2.84132E+04
1.01325D+00	1.20000D+00	3.95000E+03	5.21777E+01	2.89282E+04
1.01325D+00	1.20000D+00	3.97500E+03	5.21777E+01	2.89282E+04
1.01325D+00	1.20000D+00	4.00000E+03	5.21777E+01	2.89282E+04
p (bar)	B'g	Temp (K)	B'c	Hw (kJ/kg)
1.01325D+00	1.50000D+00	2.50000E+02	0.00000E+00	-6.73112E+03
1.01325D+00	1.50000D+00	2.75000E+02	0.00000E+00	-6.67561E+03
1.01325D+00	1.50000D+00	3.00000E+02	0.00000E+00	-6.61318E+03
1.01325D+00	1.50000D+00	3.25000E+02	0.00000E+00	-6.54423E+03
1.01325D+00	1.50000D+00	3.50000E+02	0.00000E+00	-6.46998E+03
1.01325D+00	1.50000D+00	3.75000E+02	0.00000E+00	-6.39207E+03
1.01325D+00	1.50000D+00	4.00000E+02	0.00000E+00	-6.31204E+03
1.01325D+00	1.50000D+00	4.25000E+02	0.00000E+00	-6.23116E+03
1.01325D+00	1.50000D+00	4.50000E+02	0.00000E+00	-6.15023E+03
1.01325D+00	1.50000D+00	4.75000E+02	0.00000E+00	-6.06964E+03
1.01325D+00	1.50000D+00	5.00000E+02	0.00000E+00	-5.98940E+03
1.01325D+00	1.50000D+00	5.25000E+02	0.00000E+00	-5.90916E+03
1.01325D+00	1.50000D+00	5.50000E+02	0.00000E+00	-5.82829E+03
1.01325D+00	1.50000D+00	5.75000E+02	0.00000E+00	-5.74586E+03
1.01325D+00	1.50000D+00	6.00000E+02	0.00000E+00	-5.66060E+03
1.01325D+00	1.50000D+00	6.25000E+02	0.00000E+00	-5.57088E+03
1.01325D+00	1.50000D+00	6.50000E+02	0.00000E+00	-5.47458E+03
1.01325D+00	1.50000D+00	6.75000E+02	0.00000E+00	-5.36897E+03
1.01325D+00	1.50000D+00	7.00000E+02	0.00000E+00	-5.25060E+03
1.01325D+00	1.50000D+00	7.25000E+02	0.00000E+00	-5.11515E+03
1.01325D+00	1.50000D+00	7.50000E+02	0.00000E+00	-4.95738E+03
1.01325D+00	1.50000D+00	7.75000E+02	0.00000E+00	-4.77124E+03
1.01325D+00	1.50000D+00	8.00000E+02	0.00000E+00	-4.55033E+03
1.01325D+00	1.50000D+00	8.25000E+02	0.00000E+00	-4.28879E+03
1.01325D+00	1.50000D+00	8.50000E+02	0.00000E+00	-3.98283E+03
1.01325D+00	1.50000D+00	8.75000E+02	0.00000E+00	-3.63283E+03
1.01325D+00	1.50000D+00	9.00000E+02	0.00000E+00	-3.24545E+03
1.01325D+00	1.50000D+00	9.25000E+02	0.00000E+00	-2.83491E+03
1.01325D+00	1.50000D+00	9.50000E+02	0.00000E+00	-2.42193E+03
1.01325D+00	1.50000D+00	9.75000E+02	0.00000E+00	-2.02964E+03
1.01325D+00	1.50000D+00	1.00000E+03	0.00000E+00	-1.67754E+03
1.01325D+00	1.50000D+00	1.02500E+03	0.00000E+00	-1.37657E+03
1.01325D+00	1.50000D+00	1.05000E+03	0.00000E+00	-1.12795E+03
1.01325D+00	1.50000D+00	1.07500E+03	0.00000E+00	-9.25867E+02
1.01325D+00	1.50000D+00	1.10000E+03	0.00000E+00	-7.61325E+02
1.01325D+00	1.50000D+00	1.12500E+03	0.00000E+00	-6.25237E+02
1.01325D+00	1.50000D+00	1.15000E+03	0.00000E+00	-5.09897E+02
1.01325D+00	1.50000D+00	1.17500E+03	0.00000E+00	-4.09370E+02
1.01325D+00	1.50000D+00	1.20000E+03	0.00000E+00	-3.19312E+02
1.01325D+00	1.50000D+00	1.22500E+03	0.00000E+00	-2.36632E+02
1.01325D+00	1.50000D+00	1.25000E+03	0.00000E+00	-1.59155E+02
1.01325D+00	1.50000D+00	1.27500E+03	0.00000E+00	-8.53563E+01
1.01325D+00	1.50000D+00	1.30000E+03	0.00000E+00	-1.41621E+01
1.01325D+00	1.50000D+00	1.32500E+03	0.00000E+00	5.51879E+01
1.01325D+00	1.50000D+00	1.35000E+03	0.00000E+00	1.23237E+02
1.01325D+00	1.50000D+00	1.37500E+03	0.00000E+00	1.90379E+02
1.01325D+00	1.50000D+00	1.40000E+03	0.00000E+00	2.56901E+02
1.01325D+00	1.50000D+00	1.42500E+03	0.00000E+00	3.23016E+02
1.01325D+00	1.50000D+00	1.45000E+03	0.00000E+00	3.88887E+02
1.01325D+00	1.50000D+00	1.47500E+03	0.00000E+00	4.54637E+02
1.01325D+00	1.50000D+00	1.50000E+03	0.00000E+00	5.20363E+02
1.01325D+00	1.50000D+00	1.52500E+03	0.00000E+00	5.86144E+02
1.01325D+00	1.50000D+00	1.55000E+03	0.00000E+00	6.52045E+02
1.01325D+00	1.50000D+00	1.57500E+03	0.00000E+00	7.18121E+02
1.01325D+00	1.50000D+00	1.60000E+03	0.00000E+00	7.84422E+02
1.01325D+00	1.50000D+00	1.62500E+03	0.00000E+00	8.50992E+02
1.01325D+00	1.50000D+00	1.65000E+03	0.00000E+00	9.17873E+02
1.01325D+00	1.50000D+00	1.67500E+03	0.00000E+00	9.85108E+02
1.01325D+00	1.50000D+00	1.70000E+03	0.00000E+00	1.05274E+03
1.01325D+00	1.50000D+00	1.72500E+03	0.00000E+00	1.12080E+03
1.01325D+00	1.50000D+00	1.75000E+03	0.00000E+00	1.18935E+03
1.01325D+00	1.50000D+00	1.77500E+03	0.00000E+00	1.25842E+03
1.01325D+00	1.50000D+00	1.80000E+03	0.00000E+00	1.32806E+03
1.01325D+00	1.50000D+00	1.82500E+03	0.00000E+00	1.39834E+03
1.01325D+00	1.50000D+00	1.85000E+03	0.00000E+00	1.46929E+03
1.01325D+00	1.50000D+00	1.87500E+03	0.00000E+00	1.54099E+03
1.01325D+00	1.50000D+00	1.90000E+03	0.00000E+00	1.61349E+03
1.01325D+00	1.50000D+00	1.92500E+03	0.00000E+00	1.68686E+03
1.01325D+00	1.50000D+00	1.95000E+03	0.00000E+00	1.76119E+03
1.01325D+00	1.50000D+00	1.97500E+03	0.00000E+00	1.83653E+03
1.01325D+00	1.50000D+00	2.00000E+03	0.00000E+00	1.91300E+03
1.01325D+00	1.50000D+00	2.02500E+03	0.00000E+00	1.99066E+03
1.01325D+00	1.50000D+00	2.05000E+03	0.00000E+00	2.06961E+03
1.01325D+00	1.50000D+00	2.07500E+03	0.00000E+00	2.14997E+03
1.01325D+00	1.50000D+00	2.10000E+03	0.00000E+00	2.23183E+03
1.01325D+00	1.50000D+00	2.12500E+03	0.00000E+00	2.31531E+03
1.01325D+00	1.50000D+00	2.15000E+03	0.00000E+00	2.40053E+03
1.01325D+00	1.50000D+00	2.17500E+03	0.00000E+00	2.48761E+03
1.01325D+00	1.50000D+00	2.20000E+03	0.00000E+00	2.57669E+03
1.01325D+00	1.50000D+00	2.22500E+03	0.00000E+00	2.66790E+03
1.01325D+00	1.50000D+00	2.25000E+03	0.00000E+00	2.76139E+03
1.01325D+00	1.50000D+00	2.27500E+03	0.00000E+00	2.85730E+03
1.01325D+00	1.50000D+00	2.30000E+03	0.00000E+00	2.95579E+03
1.01325D+00	1.50000D+00	2.32500E+03	0.00000E+00	3.05701E+03
1.01325D+00	1.50000D+00	2.35000E+03	0.00000E+00	3.16113E+03
1.01325D+00	1.50000D+00	2.37500E+03	0.00000E+00	3.26831E+03
1.01325D+00	1.50000D+00	2.40000E+03	0.00000E+00	3.37873E+03
1.01325D+00	1.50000D+00	2.42500E+03	0.00000E+00	3.49254E+03
1.01325D+00	1.50000D+00	2.45000E+03	0.00000E+00	3.60993E+03
1.01325D+00	1.50000D+00	2.47500E+03	0.00000E+00	3.73108E+03
1.01325D+00	1.50000D+00	2.50000E+03	0.00000E+00	3.85615E+03
1.01325D+00	1.50000D+00	2.52500E+03	0.00000E+00	3.98533E+03
1.01325D+00	1.50000D+00	2.55000E+03	0.00000E+00	4.11880E+03
1.01325D+00	1.50000D+00	2.57500E+03	0.00000E+00	4.25672E+03
1.01325D+00	1.50000D+00	2.60000E+03	0.00000E+00	4.39928E+03
1.01325D+00	1.50000D+00	2.62500E+03	0.00000E+00	4.54665E+03
1.01325D+00	1.50000D+00	2.65000E+03	0.00000E+00	4.69900E+03
1.01325D+00	1.50000D+00	2.67500E+03	0.00000E+00	4.85651E+03
1.01325D+00	1.50000D+00	2.70000E+03	0.00000E+00	5.01933E+03
1.01325D+00	1.50000D+00	2.72500E+03	0.00000E+00	5.18764E+03
1.01325D+00	1.50000D+00	2.75000E+03	0.00000E+00	5.36161E+03
1.01325D+00	1.50000D+00	2.77500E+03	8.04782E-03	5.54140E+03
1.01325D+00	1.50000D+00	2.80000E+03	1.80394E-02	5.72716E+03
1.01325D+00	1.50000D+00	2.82500E+03	2.84607E-02	5.91908E+03
1.01325D+00	1.50000D+00	2.85000E+03	3.93228E-02	6.11732E+03
1.01325D+00	1.50000D+00	2.87500E+03	5.06381E-02	6.32205E+03
1.01325D+00	1.50000D+00	2.90000E+03	6.24212E-02	6.53347E+03
1.01325D+00	1.50000D+00	2.92500E+03	7.46895E-02	6.75176E+03
1.01325D+00	1.50000D+00	2.95000E+03	8.74638E-02	6.97716E+03
1.01325D+00	1.50000D+00	2.97500E+03	1.00770E-01	7.20989E+03
1.01325D+00	1.50000D+00	3.00000E+03	1.14639E-01	7.45022E+03
1.01325D+00	1.50000D+00	3.02500E+03	1.29110E-01	7.69846E+03
1.01325D+00	1.50000D+00	3.05000E+03	1.44232E-01	7.95496E+03
1.01325D+00	1.50000D+00	3.07500E+03	1.60064E-01	8.22011E+03
1.01325D+00	1.50000D+00	3.10000E+03	1.76681E-01	8.49439E+03
1.01325D+00	1.50000D+00	3.12500E+03	1.94175E-01	8.77834E+03
1.01325D+00	1.50000D+00	3.15000E+03	2.12661E-01	9.07260E+03
1.01325D+00	1.50000D+00	3.17500E+03	2.32277E-01	9.37790E+03
1.01325D+00	1.50000D+00	3.20000E+03	2.53198E-01	9.69513E+03
1.01325D+00	1.50000D+00	3.22500E+03	2.75635E-01	1.00253E+04
1.01325D+00	1.50000D+00	3.25000E+03	2.99849E-01	1.03695E+04
1.01325D+00	1.50000D+00	3.27500E+03	3.26157E-01	1.07292E+04
1.01325D+00	1.50000D+00	3.30000E+03	3.54949E-01	1.11058E+04
1.01325D+00	1.50000D+00	3.32500E+03	3.86699E-01	1.15011E+04
1.01325D+00	1.50000D+00	3.35000E+03	4.21988E-01	1.19170E+04
1.01325D+00	1.50000D+00	3.37500E+03	4.61524E-01	1.23557E+04
1.01325D+00	1.50000D+00	3.40000E+03	5.06173E-01	1.28194E+04
1.01325D+00	1.50000D+00	3.42500E+03	5.56997E-01	1.33109E+04
1.01325D+00	1.50000D+00	3.45000E+03	6.15298E-01	1.38326E+04
1.01325D+00	1.50000D+00	3.47500E+03	6.82685E-01	1.43873E+04
1.01325D+00	1.50000D+00	3.50000E+03	7.61150E-01	1.49776E+04
1.01325D+00	1.50000D+00	3.52500E+03	8.53174E-01	1.56062E+04
1.01325D+00	1.50000D+00	3.55000E+03	9.61877E-01	1.62750E+04
1.01325D+00	1.50000D+00	3.57500E+03	1.09121E+00	1.69856E+04
1.01325D+00	1.50000D+00	3.60000E+03	1.24626E+00	1.77387E+04
1.01325D+00	1.50000D+00	3.62500E+03	1.43360E+00	1.85340E+04
1.01325D+00	1.50000D+00	3.65000E+03	1.66192E+00	1.93694E+04
1.01325D+00	1.50000D+00	3.67500E+03	1.94294E+00	2.02413E+04
1.01325D+00	1.50000D+00	3.70000E+03	2.29273E+00	2.11439E+04
1.01325D+00	1.50000D+00	3.72500E+03	2.73397E+00	2.20692E+04
1.01325D+00	1.50000D+00	3.75000E+03	3.29972E+00	2.30067E+04
1.01325D+00	1.50000D+00	3.77500E+03	4.03994E+00	2.39439E+04
1.01325D+00	1.50000D+00	3.80000E+03	5.03384E+00	2.48656E+04
1.01325D+00	1.50000D+00	3.82500E+03	6.41459E+00	2.57550E+04
1.01325D+00	1.50000D+00	3.85000E+03	8.42403E+00	2.65938E+04
1.01325D+00	1.50000D+00	3.87500E+03	1.15501E+01	2.73622E+04
1.01325D+00	1.50000D+00	3.90000E+03	1.69407E+01	2.80392E+04
1.01325D+00	1.50000D+00	3.92500E+03	2.80614E+01	2.86009E+04
1.01325D+00	1.50000D+00	3.95000E+03	6.22332E+01	2.90175E+04
1.01325D+00	1.50000D+00	3.97500E+03	6.22332E+01	2.90175E+04
1.01325D+00	1.50000D+00	4.00000E+03	6.22332E+01	2.90175E+04
p (bar)	B'g	Temp (K)	B'c	Hw (kJ/kg)
1.01325D+00	1.90000D+00	2.50000E+02	0.00000E+00	-7.08174E+03
1.01325D+00	1.90000D+00	2.75000E+02	0.00000E+00	-7.02548E+03
1.01325D+00	1.90000D+00	3.00000E+02	0.00000E+00	-6.96231E+03
1.01325D+00	1.90000D+00	3.25000E+02	0.00000E+00	-6.89246E+03
1.01325D+00	1.90000D+00	3.50000E+02	0.00000E+00	-6.81702E+03
1.01325D+00	1.90000D+00	3.75000E+02	0.00000E+00	-6.73748E+03
1.01325D+00	1.90000D+00	4.00000E+02	0.00000E+00	-6.65541E+03
1.01325D+00	1.90000D+00	4.25000E+02	0.00000E+00	-6.57209E+03
1.01325D+00	1.90000D+00	4.50000E+02	0.00000E+00	-6.48842E+03
1.01325D+00	1.90000D+00	4.75000E+02	0.00000E+00	-6.40491E+03
1.01325D+00	1.90000D+00	5.00000E+02	0.00000E+00	-6.32164E+03
1.01325D+00	1.90000D+00	5.25000E+02	0.00000E+00	-6.23837E+03
1.01325D+00	1.90000D+00	5.50000E+02	0.00000E+00	-6.15453E+03
1.01325D+00	1.90000D+00	5.75000E+02	0.00000E+00	-6.06923E+03
1.01325D+00	1.90000D+00	6.00000E+02	0.00000E+00	-5.98122E+03
1.01325D+00	1.90000D+00	6.25000E+02	0.00000E+00	-5.88883E+03
1.01325D+00	1.90000D+00	6.50000E+02	0.00000E+00	-5.78986E+03
1.01325D+00	1.90000D+00	6.75000E+02	0.00000E+00	-5.68145E+03
1.01325D+00	1.90000D+00	7.00000E+02	0.00000E+00	-5.55987E+03
1.01325D+00	1.90000D+00	7.25000E+02	0.00000E+00	-5.42045E+03
1.01325D+00	1.90000D+00	7.50000E+02	0.00000E+00	-5.25741E+03
1.01325D+00	1.90000D+00	7.75000E+02	0.00000E+00	-5.06405E+03
1.01325D+00	1.90000D+00	8.00000E+02	0.00000E+00	-4.83318E+03
1.01325D+00	1.90000D+00	8.25000E+02	0.00000E+00	-4.55816E+03
1.01325D+00	1.90000D+00	8.50000E+02	0.00000E+00	-4.23463E+03
1.01325D+00	1.90000D+00	8.75000E+02	0.00000E+00	-3.86279E+03
1.01325D+00	1.90000D+00	9.00000E+02	0.00000E+00	-3.44977E+03
1.01325D+00	1.90000D+00	9.25000E+02	0.00000E+00	-3.01099E+03
1.01325D+00	1.90000D+00	9.50000E+02	0.00000E+00	-2.56892E+03
1.01325D+00	1.90000D+00	9.75000E+02	0.00000E+00	-2.14859E+03
1.01325D+00	1.90000D+00	1.00000E+03	0.00000E+00	-1.77106E+03
1.01325D+00	1.90000D+00	1.02500E+03	0.00000E+00	-1.44815E+03
1.01325D+00	1.90000D+00	1.05000E+03	0.00000E+00	-1.18125E+03
1.01325D+00	1.90000D+00	1.07500E+03	0.00000E+00	-9.64206E+02
1.01325D+00	1.90000D+00	1.10000E+03	0.00000E+00	-7.87462E+02
1.01325D+00	1.90000D+00	1.12500E+03	0.00000E+00	-6.41321E+02
1.01325D+00	1.90000D+00	1.15000E+03	0.00000E+00	-5.17550E+02
1.01325D+00	1.90000D+00	1.17500E+03	0.00000E+00	-4.09788E+02
1.01325D+00	1.90000D+00	1.20000E+03	0.00000E+00	-3.13372E+02
1.01325D+00	1.90000D+00	1.22500E+03	0.00000E+00	-2.24974E+02
1.01325D+00	1.90000D+00	1.25000E+03	0.00000E+00	-1.42247E+02
1.01325D+00	1.90000D+00	1.27500E+03	0.00000E+00	-6.35422E+01
1.01325D+00	1.90000D+00	1.30000E+03	0.00000E+00	1.23049E+01
1.01325D+00	1.90000D+00	1.32500E+03	0.00000E+00	8.61199E+01
1.01325D+00	1.90000D+00	1.35000E+03	0.00000E+00	1.58495E+02
1.01325D+00	1.90000D+00	1.37500E+03	0.00000E+00	2.29858E+02
1.01325D+00	1.90000D+00	1.40000E+03	0.00000E+00	3.00523E+02
1.01325D+00	1.90000D+00	1.42500E+03	0.00000E+00	3.70724E+02
1.01325D+00	1.90000D+00	1.45000E+03	0.00000E+00	4.40638E+02
1.01325D+00	1.90000D+00	1.47500E+03	0.00000E+00	5.10400E+02
1.01325D+00	1.90000D+00	1.50000E+03	0.00000E+00	5.80117E+02
1.01325D+00	1.90000D+00	1.52500E+03	0.00000E+00	6.49873E+02
1.01325D+00	1.90000D+00	1.55000E+03	0.00000E+00	7.19740E+02
1.01325D+00	1.90000D+00	1.57500E+03	0.00000E+00	7.89778E+02
1.01325D+00	1.90000D+00	1.60000E+03	0.00000E+00	8.60040E+02
1.01325D+00	1.90000D+00	1.62500E+03	0.00000E+00	9.30573E+02
1.01325D+00	1.90000D+00	1.65000E+03	0.00000E+00	1.00142E+03
1.01325D+00	1.90000D+00	1.67500E+03	0.00000E+00	1.07264E+03
1.01325D+00	1.90000D+00	1.70000E+03	0.00000E+00	1.14425E+03
1.01325D+00	1.90000D+00	1.72500E+03	0.00000E+00	1.21632E+03
1.01325D+00	1.90000D+00	1.75000E+03	0.00000E+00	1.28889E+03
1.01325D+00	1.90000D+00	1.77500E+03	0.00000E+00	1.36199E+03
1.01325D+00	1.90000D+00	1.80000E+03	0.00000E+00	1.43570E+03
1.01325D+00	1.90000D+00	1.82500E+03	0.00000E+00	1.51005E+03
1.01325D+00	1.90000D+00	1.85000E+03	0.00000E+00	1.58512E+03
1.01325D+00	1.90000D+00	1.87500E+03	0.00000E+00	1.66096E+03
1.01325D+00	1.90000D+00	1.90000E+03	0.00000E+00	1.73764E+03
1.01325D+00	1.90000D+00	1.92500E+03	0.00000E+00	1.81523E+03
1.01325D+00	1.90000D+00	1.95000E+03	0.00000E+00	1.89382E+03
1.01325D+00	1.90000D+00	1.97500E+03	0.00000E+00	1.97348E+03
1.01325D+00	1.90000D+00	2.00000E+03	0.00000E+00	2.05431E+03
1.01325D+00	1.90000D+00	2.02500E+03	0.00000E+00	2.13640E+03
1.01325D+00	1.90000D+00	2.05000E+03	0.00000E+00	2.21985E+03
1.01325D+00	1.90000D+00	2.07500E+03	0.00000E+00	2.30478E+03
1.01325D+00	1.90000D+00	2.10000E+03	0.00000E+00	2.39130E+03
1.01325D+00	1.90000D+00	2.12500E+03	0.00000E+00	2.47952E+03
1.01325D+00	1.90000D+00	2.15000E+03	0.00000E+00	2.56959E+03
1.01325D+00	1.90000D+00	2.17500E+03	0.00000E+00	2.66162E+03
1.01325D+00	1.90000D+00	2.20000E+03	0.00000E+00	2.75578E+03
1.01325D+00	1.90000D+00	2.22500E+03	0.00000E+00	2.85219E+03
1.01325D+00	1.90000D+00	2.25000E+03	0.00000E+00	2.95102E+03
1.01325D+00	1.90000D+00	2.27500E+03	0.00000E+00	3.05242E+03
1.01325D+00	1.90000D+00	2.30000E+03	0.00000E+00	3.15657E+03
1.01325D+00	1.90000D+00	2.32500E+03	0.00000E+00	3.26362E+03
1.01325D+00	1.90000D+00	2.35000E+03	0.00000E+00	3.37376E+03
1.01325D+00	1.90000D+00	2.37500E+03	0.00000E+00	3.48716E+03
1.01325D+00	1.90000D+00	2.40000E+03	0.00000E+00	3.60401E+03
1.01325D+00	1.90000D+00	2.42500E+03	0.00000E+00	3.72449E+03
1.01325D+00	1.90000D+00	2.45000E+03	0.00000E+00	3.84879E+03
1.01325D+00	1.90000D+00	2.47500E+03	0.00000E+00	3.97709E+03
1.01325D+00	1.90000D+00	2.50000E+03	0.00000E+00	4.10960E+03
1.01325D+00	1.90000D+00	2.52500E+03	0.00000E+00	4.24649E+03
1.01325D+00	1.90000D+00	2.55000E+03	0.00000E+00	4.38796E+03
1.01325D+00	1.90000D+00	2.57500E+03	0.00000E+00	4.53421E+03
1.01325D+00	1.90000D+00	2.60000E+03	0.00000E+00	4.68542E+03
1.01325D+00	1.90000D+00	2.62500E+03	0.00000E+00	4.84178E+03
1.01325D+00	1.90000D+00	2.65000E+03	0.00000E+00	5.00347E+03
1.01325D+00	1.90000D+00	2.67500E+03	0.00000E+00	5.17067E+03
1.01325D+00	1.90000D+00	2.70000E+03	0.00000E+00	5.34357E+03
1.01325D+00	1.90000D+00	2.72500E+03	0.00000E+00	5.52235E+03
1.01325D+00	1.90000D+00	2.75000E+03	0.00000E+00	5.70718E+03
1.01325D+00	1.90000D+00	2.77500E+03	0.00000E+00	5.89823E+03
1.01325D+00	1.90000D+00	2.80000E+03	0.00000E+00	6.09569E+03
1.01325D+00	1.90000D+00	2.82500E+03	0.00000E+00	6.29972E+03
1.01325D+00	1.90000D+00	2.85000E+03	0.00000E+00	6.51050E+03
1.01325D+00	1.90000D+00	2.87500E+03	1.93592E-03	6.72823E+03
1.01325D+00	1.90000D+00	2.90000E+03	1.62313E-02	6.95308E+03
1.01325D+00	1.90000D+00	2.92500E+03	3.11341E-02	7.18527E+03
1.01325D+00	1.90000D+00	2.95000E+03	4.66709E-02	7.42501E+03
1.01325D+00	1.90000D+00	2.97500E+03	6.28741E-02	7.67255E+03
1.01325D+00	1.90000D+00	3.00000E+03	7.97829E-02	7.92815E+03
1.01325D+00	1.90000D+00	3.02500E+03	9.74456E-02	8.19212E+03
1.01325D+00	1.90000D+00	3.05000E+03	1.15922E-01	8.46481E+03
1.01325D+00	1.90000D+00	3.07500E+03	1.35286E-01	8.74662E+03
1.01325D+00	1.90000D+00	3.10000E+03	1.55628E-01	9.03801E+03
1.01325D+00	1.90000D+00	3.12500E+03	1.77061E-01	9.33951E+03
1.01325D+00	1.90000D+00	3.15000E+03	1.99724E-01	9.65176E+03
1.01325D+00	1.90000D+00	3.17500E+03	2.23787E-01	9.97548E+03
1.01325D+00	1.90000D+00	3.20000E+03	2.49460E-01	1.03115E+04
1.01325D+00	1.90000D+00	3.22500E+03	2.77001E-01	1.06608E+04
1.01325D+00	1.90000D+00	3.25000E+03	3.06725E-01	1.10246E+04
1.01325D+00	1.90000D+00	3.27500E+03	3.39017E-01	1.14040E+04
1.01325D+00	1.90000D+00	3.30000E+03	3.74350E-01	1.18006E+04
1.01325D+00	1.90000D+00	3.32500E+03	4.13299E-01	1.22160E+04
1.01325D+00	1.90000D+00	3.35000E+03	4.56567E-01	1.26520E+04
1.01325D+00	1.90000D+00	3.37500E+03	5.05013E-01	1.31105E+04
1.01325D+00	1.90000D+00	3.40000E+03	5.59687E-01	1.35939E+04
1.01325D+00	1.90000D+00	3.42500E+03	6.21876E-01	1.41042E+04
1.01325D+00	1.90000D+00	3.45000E+03	6.93163E-01	1.46440E+04
1.01325D+00	1.90000D+00	3.47500E+03	7.75497E-01	1.52154E+04
1.01325D+00	1.90000D+00	3.50000E+03	8.71297E-01	1.58207E+04
1.01325D+00	1.90000D+00	3.52500E+03	9.83578E-01	1.64618E+04
1.01325D+00	1.90000D+00	3.55000E+03	1.11613E+00	1.71402E+04
1.01325D+00	1.90000D+00	3.57500E+03	1.27376E+00	1.78567E+04
1.01325D+00	1.90000D+00	3.60000E+03	1.46263E+00	1.86110E+04
1.01325D+00	1.90000D+00	3.62500E+03	1.69075E+00	1.94019E+04
1.01325D+00	1.90000D+00	3.65000E+03	1.96870E+00	2.02263E+04
1.01325D+00	1.90000D+00	3.67500E+03	2.31072E+00	2.10796E+04
1.01325D+00	1.90000D+00	3.70000E+03	2.73636E+00	2.19552E+04
1.01325D+00	1.90000D+00	3.72500E+03	3.27326E+00	2.28441E+04
1.01325D+00	1.90000D+00	3.75000E+03	3.96163E+00	2.37355E+04
1.01325D+00	1.90000D+00	3.77500E+03	4.86233E+00	2.46165E+04
1.01325D+00	1.90000D+00	3.80000E+03	6.07179E+00	2.54723E+04
1.01325D+00	1.90000D+00	3.82500E+03	7.75217E+00	2.62868E+04
1.01325D+00	1.90000D+00	3.85000E+03	1.01979E+01	2.70429E+04
1.01325D+00	1.90000D+00	3.87500E+03	1.40030E+01	2.77225E+04
1.01325D+00	1.90000D+00	3.90000E+03	2.05639E+01	2.83067E+04
1.01325D+00	1.90000D+00	3.92500E+03	3.40931E+01	2.87746E+04
1.01325D+00	1.90000D+00	3.95000E+03	7.56083E+01	2.90996E+04
1.01325D+00	1.90000D+00	3.97500E+03	7.56083E+01	2.90996E+04
1.01325D+00	1.90000D+00	4.00000E+03	7.56083E+01	2.90996E+04
p (bar)	B'g	Temp (K)	B'c	Hw (kJ/kg)
1.01325D+00	2.40000D+00	2.50000E+02	0.00000E+00	-7.40955E+03
1.01325D+00	2.40000D+00	2.75000E+02	0.00000E+00	-7.35238E+03
1.01325D+00	2.40000D+00	3.00000E+02	0.00000E+00	-7.28829E+03
1.01325D+00	2.40000D+00	3.25000E+02	0.00000E+00	-7.21737E+03
1.01325D+00	2.40000D+00	3.50000E+02	0.00000E+00	-7.14059E+03
1.01325D+00	2.40000D+00	3.75000E+02	0.00000E+00	-7.05939E+03
1.01325D+00	2.40000D+00	4.00000E+02	0.00000E+00	-6.97530E+03
1.01325D+00	2.40000D+00	4.25000E+02	0.00000E+00	-6.88965E+03
1.01325D+00	2.40000D+00	4.50000E+02	0.00000E+00	-6.80343E+03
1.01325D+00	2.40000D+00	4.75000E+02	0.00000E+00	-6.71721E+03
1.01325D+00	2.40000D+00	5.00000E+02	0.00000E+00	-6.63117E+03
1.01325D+00	2.40000D+00	5.25000E+02	0.00000E+00	-6.54516E+03
1.01325D+00	2.40000D+00	5.50000E+02	0.00000E+00	-6.45867E+03
1.01325D+00	2.40000D+00	5.75000E+02	0.00000E+00	-6.37085E+03
1.01325D+00	2.40000D+00	6.00000E+02	0.00000E+00	-6.28048E+03
1.01325D+00	2.40000D+00	6.25000E+02	0.00000E+00	-6.18588E+03
1.01325D+00	2.40000D+00	6.50000E+02	0.00000E+00	-6.08478E+03
1.01325D+00	2.40000D+00	6.75000E+02	0.00000E+00	-5.97418E+03
1.01325D+00	2.40000D+00	7.00000E+02	0.00000E+00	-5.85015E+03
1.01325D+00	2.40000D+00	7.25000E+02	0.00000E+00	-5.70764E+03
1.01325D+00	2.40000D+00	7.50000E+02	0.00000E+00	-5.54038E+03
1.01325D+00	2.40000D+00	7.75000E+02	0.00000E+00	-5.34100E+03
1.01325D+00	2.40000D+00	8.00000E+02	0.00000E+00	-5.10152E+03
1.01325D+00	2.40000D+00	8.25000E+02	0.00000E+00	-4.81451E+03
1.01325D+00	2.40000D+00	8.50000E+02	0.00000E+00	-4.47495E+03
1.01325D+00	2.40000D+00	8.75000E+02	0.00000E+00	-4.08280E+03
1.01325D+00	2.40000D+00	9.00000E+02	0.00000E+00	-3.64563E+03
1.01325D+00	2.40000D+00	9.25000E+02	0.00000E+00	-3.18001E+03
1.01325D+00	2.40000D+00	9.50000E+02	0.00000E+00	-2.71012E+03
1.01325D+00	2.40000D+00	9.75000E+02	0.00000E+00	-2.26291E+03
1.01325D+00	2.40000D+00	1.00000E+03	0.00000E+00	-1.86097E+03
1.01325D+00	2.40000D+00	1.02500E+03	0.00000E+00	-1.51699E+03
1.01325D+00	2.40000D+00	1.05000E+03	0.00000E+00	-1.23253E+03
1.01325D+00	2.40000D+00	1.07500E+03	0.00000E+00	-1.00113E+03
1.01325D+00	2.40000D+00	1.10000E+03	0.00000E+00	-8.12662E+02
1.01325D+00	2.40000D+00	1.12500E+03	0.00000E+00	-6.56864E+02
1.01325D+00	2.40000D+00	1.15000E+03	0.00000E+00	-5.24989E+02
1.01325D+00	2.40000D+00	1.17500E+03	0.00000E+00	-4.10272E+02
1.01325D+00	2.40000D+00	1.20000E+03	0.00000E+00	-3.07740E+02
1.01325D+00	2.40000D+00	1.22500E+03	0.00000E+00	-2.13841E+02
1.01325D+00	2.40000D+00	1.25000E+03	0.00000E+00	-1.26062E+02
1.01325D+00	2.40000D+00	1.27500E+03	0.00000E+00	-4.26356E+01
1.01325D+00	2.40000D+00	1.30000E+03	0.00000E+00	3.76890E+01
1.01325D+00	2.40000D+00	1.32500E+03	0.00000E+00	1.15800E+02
1.01325D+00	2.40000D+00	1.35000E+03	0.00000E+00	1.92336E+02
1.01325D+00	2.40000D+00	1.37500E+03	0.00000E+00	2.67759E+02
1.01325D+00	2.40000D+00	1.40000E+03	0.00000E+00	3.42409E+02
1.01325D+00	2.40000D+00	1.42500E+03	0.00000E+00	4.16538E+02
1.01325D+00	2.40000D+00	1.45000E+03	0.00000E+00	4.90337E+02
1.01325D+00	2.40000D+00	1.47500E+03	0.00000E+00	5.63953E+02
1.01325D+00	2.40000D+00	1.50000E+03	0.00000E+00	6.37501E+02
1.01325D+00	2.40000D+00	1.52500E+03	0.00000E+00	7.11073E+02
1.01325D+00	2.40000D+00	1.55000E+03	0.00000E+00	7.84745E+02
1.01325D+00	2.40000D+00	1.57500E+03	0.00000E+00	8.58582E+02
1.01325D+00	2.40000D+00	1.60000E+03	0.00000E+00	9.32640E+02
1.01325D+00	2.40000D+00	1.62500E+03	0.00000E+00	1.00697E+03
1.01325D+00	2.40000D+00	1.65000E+03	0.00000E+00	1.08162E+03
1.01325D+00	2.40000D+00	1.67500E+03	0.00000E+00	1.15664E+03
1.01325D+00	2.40000D+00	1.70000E+03	0.00000E+00	1.23207E+03
1.01325D+00	2.40000D+00	1.72500E+03	0.00000E+00	1.30796E+03
1.01325D+00	2.40000D+00	1.75000E+03	0.00000E+00	1.38436E+03
1.01325D+00	2.40000D+00	1.77500E+03	0.00000E+00	1.46132E+03
1.01325D+00	2.40000D+00	1.80000E+03	0.00000E+00	1.53889E+03
1.01325D+00	2.40000D+00	1.82500E+03	0.00000E+00	1.61714E+03
1.01325D+00	2.40000D+00	1.85000E+03	0.00000E+00	1.69611E+03
1.01325D+00	2.40000D+00	1.87500E+03	0.00000E+00	1.77589E+03
1.01325D+00	2.40000D+00	1.90000E+03	0.00000E+00	1.85654E+03
1.01325D+00	2.40000D+00	1.92500E+03	0.00000E+00	1.93813E+03
1.01325D+00	2.40000D+00	1.95000E+03	0.00000E+00	2.02075E+03
1.01325D+00	2.40000D+00	1.97500E+03	0.00000E+00	2.10450E+03
1.01325D+00	2.40000D+00	2.00000E+03	0.00000E+00	2.18945E+03
1.01325D+00	2.40000D+00	2.02500E+03	0.00000E+00	2.27572E+03
1.01325D+00	2.40000D+00	2.05000E+03	0.00000E+00	2.36342E+03
1.01325D+00	2.40000D+00	2.07500E+03	0.00000E+00	2.45265E+03
1.01325D+00	2.40000D+00	2.10000E+03	0.00000E+00	2.54355E+03
1.01325D+00	2.40000D+00	2.12500E+03	0.00000E+00	2.63623E+03
1.01325D+00	2.40000D+00	2.15000E+03	0.00000E+00	2.73084E+03
1.01325D+00	2.40000D+00	2.17500E+03	0.00000E+00	2.82753E+03
1.01325D+00	2.40000D+00	2.20000E+03	0.00000E+00	2.92643E+03
1.01325D+00	2.40000D+00	2.22500E+03	0.00000E+00	3.02771E+03
1.01325D+00	2.40000D+00	2.25000E+03	0.00000E+00	3.13153E+03
1.01325D+00	2.40000D+00	2.27500E+03	0.00000E+00	3.23807E+03
1.01325D+00	2.40000D+00	2.30000E+03	0.00000E+00	3.34749E+03
1.01325D+00	2.40000D+00	2.32500E+03	0.00000E+00	3.45998E+03
1.01325D+00	2.40000D+00	2.35000E+03	0.00000E+00	3.57573E+03
1.01325D+00	2.40000D+00	2.37500E+03	0.00000E+00	3.69492E+03
1.01325D+00	2.40000D+00	2.40000E+03	0.00000E+00	3.81775E+03
1.01325D+00	2.40000D+00	2.42500E+03	0.00000E+00	3.94443E+03
1.01325D+00	2.40000D+00	2.45000E+03	0.00000E+00	4.07514E+03
1.01325D+00	2.40000D+00	2.47500E+03	0.00000E+00	4.21010E+03
1.01325D+00	2.40000D+00	2.50000E+03	0.00000E+00	4.34950E+03
1.01325D+00	2.40000D+00	2.52500E+03	0.00000E+00	4.49356E+03
1.01325D+00	2.40000D+00	2.55000E+03	0.00000E+00	4.64247E+03
1.01325D+00	2.40000D+00	2.57500E+03	0.00000E+00	4.79644E+03
1.01325D+00	2.40000D+00	2.60000E+03	0.00000E+00	4.95567E+03
1.01325D+00	2.40000D+00	2.62500E+03	0.00000E+00	5.12037E+03
1.01325D+00	2.40000D+00	2.65000E+03	0.00000E+00	5.29072E+03
1.01325D+00	2.40000D+00	2.67500E+03	0.00000E+00	5.46692E+03
1.01325D+00	2.40000D+00	2.70000E+03	0.00000E+00	5.64917E+03
1.01325D+00	2.40000D+00	2.72500E+03	0.00000E+00	5.83766E+03
1.01325D+00	2.40000D+00	2.75000E+03	0.00000E+00	6.03256E+03
1.01325D+00	2.40000D+00	2.77500E+03	0.00000E+00	6.23406E+03
1.01325D+00	2.40000D+00	2.80000E+03	0.00000E+00	6.44235E+03
1.01325D+00	2.40000D+00	2.82500E+03	0.00000E+00	6.65761E+03
1.01325D+00	2.40000D+00	2.85000E+03	0.00000E+00	6.88003E+03
1.01325D+00	2.40000D+00	2.87500E+03	0.00000E+00	7.10979E+03
1.01325D+00	2.40000D+00	2.90000E+03	0.00000E+00	7.34709E+03
1.01325D+00	2.40000D+00	2.92500E+03	0.00000E+00	7.59214E+03
1.01325D+00	2.40000D+00	2.95000E+03	0.00000E+00	7.84516E+03
1.01325D+00	2.40000D+00	2.97500E+03	1.31384E-02	8.10640E+03
1.01325D+00	2.40000D+00	3.00000E+03	3.37590E-02	8.37612E+03
1.01325D+00	2.40000D+00	3.02500E+03	5.53232E-02	8.65463E+03
1.01325D+00	2.40000D+00	3.05000E+03	7.79051E-02	8.94228E+03
1.01325D+00	2.40000D+00	3.07500E+03	1.01596E-01	9.23945E+03
1.01325D+00	2.40000D+00	3.10000E+03	1.26507E-01	9.54661E+03
1.01325D+00	2.40000D+00	3.12500E+03	1.52777E-01	9.86428E+03
1.01325D+00	2.40000D+00	3.15000E+03	1.80576E-01	1.01931E+04
1.01325D+00	2.40000D+00	3.17500E+03	2.10113E-01	1.05337E+04
1.01325D+00	2.40000D+00	3.20000E+03	2.41644E-01	1.08869E+04
1.01325D+00	2.40000D+00	3.22500E+03	2.75482E-01	1.12538E+04
1.01325D+00	2.40000D+00	3.25000E+03	3.12014E-01	1.16353E+04
1.01325D+00	2.40000D+00	3.27500E+03	3.51709E-01	1.20327E+04
1.01325D+00	2.40000D+00	3.30000E+03	3.95142E-01	1.24474E+04
1.01325D+00	2.40000D+00	3.32500E+03	4.43015E-01	1.28808E+04
1.01325D+00	2.40000D+00	3.35000E+03	4.96185E-01	1.33348E+04
1.01325D+00	2.40000D+00	3.37500E+03	5.55699E-01	1.38111E+04
1.01325D+00	2.40000D+00	3.40000E+03	6.22837E-01	1.43117E+04
1.01325D+00	2.40000D+00	3.42500E+03	6.99169E-01	1.48386E+04
1.01325D+00	2.40000D+00	3.45000E+03	7.86624E-01	1.53938E+04
1.01325D+00	2.40000D+00	3.47500E+03	8.87583E-01	1.59793E+04
1.01325D+00	2.40000D+00	3.50000E+03	1.00499E+00	1.65968E+04
1.01325D+00	2.40000D+00	3.52500E+03	1.14254E+00	1.72477E+04
1.01325D+00	2.40000D+00	3.55000E+03	1.30485E+00	1.79329E+04
1.01325D+00	2.40000D+00	3.57500E+03	1.49778E+00	1.86524E+04
1.01325D+00	2.40000D+00	3.60000E+03	1.72888E+00	1.94053E+04
1.01325D+00	2.40000D+00	3.62500E+03	2.00792E+00	2.01893E+04
1.01325D+00	2.40000D+00	3.65000E+03	2.34784E+00	2.10007E+04
1.01325D+00	2.40000D+00	3.67500E+03	2.76604E+00	2.18339E+04
1.01325D+00	2.40000D+00	3.70000E+03	3.28643E+00	2.26817E+04
1.01325D+00	2.40000D+00	3.72500E+03	3.94280E+00	2.35345E+04
1.01325D+00	2.40000D+00	3.75000E+03	4.78433E+00	2.43812E+04
1.01325D+00	2.40000D+00	3.77500E+03	5.88545E+00	2.52090E+04
1.01325D+00	2.40000D+00	3.80000E+03	7.36412E+00	2.60034E+04
1.01325D+00	2.40000D+00	3.82500E+03	9.41869E+00	2.67494E+04
1.01325D+00	2.40000D+00	3.85000E+03	1.24093E+01	2.74309E+04
1.01325D+00	2.40000D+00	3.87500E+03	1.70620E+01	2.80317E+04
1.01325D+00	2.40000D+00	3.90000E+03	2.50837E+01	2.85348E+04
1.01325D+00	2.40000D+00	3.92500E+03	4.16181E+01	2.89216E+04
1.01325D+00	2.40000D+00	3.95000E+03	9.22919E+01	2.91687E+04
1.01325D+00	2.40000D+00	3.97500E+03	9.22919E+01	2.91687E+04
1.01325D+00	2.40000D+00	4.00000E+03	9.22919E+01	2.91687E+04
p (bar)	B'g	Temp (K)	B'c	Hw (kJ/kg)
1.01325D+00	3.00000D+00	2.50000E+02	0.00000E+00	-7.69922E+03
1.01325D+00	3.00000D+00	2.75000E+02	0.00000E+00	-7.64115E+03
1.01325D+00	3.00000D+00	3.00000E+02	0.00000E+00	-7.57609E+03
1.01325D+00	3.00000D+00	3.25000E+02	0.00000E+00	-7.50408E+03
1.01325D+00	3.00000D+00	3.50000E+02	0.00000E+00	-7.42598E+03
1.01325D+00	3.00000D+00	3.75000E+02	0.00000E+00	-7.34320E+03
1.01325D+00	3.00000D+00	4.00000E+02	0.00000E+00	-7.25725E+03
1.01325D+00	3.00000D+00	4.25000E+02	0.00000E+00	-7.16951E+03
1.01325D+00	3.00000D+00	4.50000E+02	0.00000E+00	-7.08101E+03
1.01325D+00	3.00000D+00	4.75000E+02	0.00000E+00	-6.99240E+03
1.01325D+00	3.00000D+00	5.00000E+02	0.00000E+00	-6.90396E+03
1.01325D+00	3.00000D+00	5.25000E+02	0.00000E+00	-6.81558E+03
1.01325D+00	3.00000D+00	5.50000E+02	0.00000E+00	-6.72683E+03
1.01325D+00	3.00000D+00	5.75000E+02	0.00000E+00	-6.63691E+03
1.01325D+00	3.00000D+00	6.00000E+02	0.00000E+00	-6.54462E+03
1.01325D+00	3.00000D+00	6.25000E+02	0.00000E+00	-6.44827E+03
1.01325D+00	3.00000D+00	6.50000E+02	0.00000E+00	-6.34556E+03
1.01325D+00	3.00000D+00	6.75000E+02	0.00000E+00	-6.23337E+03
1.01325D+00	3.00000D+00	7.00000E+02	0.00000E+00	-6.10758E+03
1.01325D+00	3.00000D+00	7.25000E+02	0.00000E+00	-5.96284E+03
1.01325D+00	3.00000D+00	7.50000E+02	0.00000E+00	-5.79241E+03
1.01325D+00	3.00000D+00	7.75000E+02	0.00000E+00	-5.58830E+03
1.01325D+00	3.00000D+00	8.00000E+02	0.00000E+00	-5.34181E+03
1.01325D+00	3.00000D+00	8.25000E+02	0.00000E+00	-5.04470E+03
1.01325D+00	3.00000D+00	8.50000E+02	0.00000E+00	-4.69131E+03
1.01325D+00	3.00000D+00	8.75000E+02	0.00000E+00	-4.28133E+03
1.01325D+00	3.00000D+00	9.00000E+02	0.00000E+00	-3.82269E+03
1.01325D+00	3.00000D+00	9.25000E+02	0.00000E+00	-3.33298E+03
1.01325D+00	3.00000D+00	9.50000E+02	0.00000E+00	-2.83803E+03
1.01325D+00	3.00000D+00	9.75000E+02	0.00000E+00	-2.36650E+03
1.01325D+00	3.00000D+00	1.00000E+03	0.00000E+00	-1.94246E+03
1.01325D+00	3.00000D+00	1.02500E+03	0.00000E+00	-1.57940E+03
1.01325D+00	3.00000D+00	1.05000E+03	0.00000E+00	-1.27905E+03
1.01325D+00	3.00000D+00	1.07500E+03	0.00000E+00	-1.03463E+03
1.01325D+00	3.00000D+00	1.10000E+03	0.00000E+00	-8.35555E+02
1.01325D+00	3.00000D+00	1.12500E+03	0.00000E+00	-6.71010E+02
1.01325D+00	3.00000D+00	1.15000E+03	0.00000E+00	-5.31792E+02
1.01325D+00	3.00000D+00	1.17500E+03	0.00000E+00	-4.10769E+02
1.01325D+00	3.00000D+00	1.20000E+03	0.00000E+00	-3.02693E+02
1.01325D+00	3.00000D+00	1.22500E+03	0.00000E+00	-2.03804E+02
1.01325D+00	3.00000D+00	1.25000E+03	0.00000E+00	-1.11442E+02
1.01325D+00	3.00000D+00	1.27500E+03	0.00000E+00	-2.37326E+01
1.01325D+00	3.00000D+00	1.30000E+03	0.00000E+00	6.06537E+01
1.01325D+00	3.00000D+00	1.32500E+03	0.00000E+00	1.42662E+02
1.01325D+00	3.00000D+00	1.35000E+03	0.00000E+00	2.22972E+02
1.01325D+00	3.00000D+00	1.37500E+03	0.00000E+00	3.02076E+02
1.01325D+00	3.00000D+00	1.40000E+03	0.00000E+00	3.80338E+02
1.01325D+00	3.00000D+00	1.42500E+03	0.00000E+00	4.58026E+02
1.01325D+00	3.00000D+00	1.45000E+03	0.00000E+00	5.35345E+02
1.01325D+00	3.00000D+00	1.47500E+03	0.00000E+00	6.12452E+02
1.01325D+00	3.00000D+00	1.50000E+03	0.00000E+00	6.89469E+02
1.01325D+00	3.00000D+00	1.52500E+03	0.00000E+00	7.66494E+02
1.01325D+00	3.00000D+00	1.55000E+03	0.00000E+00	8.43609E+02
1.01325D+00	3.00000D+00	1.57500E+03	0.00000E+00	9.20880E+02
1.01325D+00	3.00000D+00	1.60000E+03	0.00000E+00	9.98369E+02
1.01325D+00	3.00000D+00	1.62500E+03	0.00000E+00	1.07613E+03
1.01325D+00	3.00000D+00	1.65000E+03	0.00000E+00	1.15421E+03
1.01325D+00	3.00000D+00	1.67500E+03	0.00000E+00	1.23266E+03
1.01325D+00	3.00000D+00	1.70000E+03	0.00000E+00	1.31153E+03
1.01325D+00	3.00000D+00	1.72500E+03	0.00000E+00	1.39087E+03
1.01325D+00	3.00000D+00	1.75000E+03	0.00000E+00	1.47072E+03
1.01325D+00	3.00000D+00	1.77500E+03	0.00000E+00	1.55114E+03
1.01325D+00	3.00000D+00	1.80000E+03	0.00000E+00	1.63219E+03
1.01325D+00	3.00000D+00	1.82500E+03	0.00000E+00	1.71393E+03
1.01325D+00	3.00000D+00	1.85000E+03	0.00000E+00	1.79641E+03
1.01325D+00	3.00000D+00	1.87500E+03	0.00000E+00	1.87972E+03
1.01325D+00	3.00000D+00	1.90000E+03	0.00000E+00	1.96392E+03
1.01325D+00	3.00000D+00	1.92500E+03	0.00000E+00	2.04909E+03
1.01325D+00	3.00000D+00	1.95000E+03	0.00000E+00	2.13532E+03
1.01325D+00	3.00000D+00	1.97500E+03	0.00000E+00	2.22271E+03
1.01325D+00	3.00000D+00	2.00000E+03	0.00000E+00	2.31135E+03
1.01325D+00	3.00000D+00	2.02500E+03	0.00000E+00	2.40134E+03
1.01325D+00	3.00000D+00	2.05000E+03	0.00000E+00	2.49281E+03
1.01325D+00	3.00000D+00	2.07500E+03	0.00000E+00	2.58587E+03
1.01325D+00	3.00000D+00	2.10000E+03	0.00000E+00	2.68065E+03
1.01325D+00	3.00000D+00	2.12500E+03	0.00000E+00	2.77729E+03
1.01325D+00	3.00000D+00	2.15000E+03	0.00000E+00	2.87594E+03
1.01325D+00	3.00000D+00	2.17500E+03	0.00000E+00	2.97673E+03
1.01325D+00	3.00000D+00	2.20000E+03	0.00000E+00	3.07983E+03
1.01325D+00	3.00000D+00	2.22500E+03	0.00000E+00	3.18541E+03
1.01325D+00	3.00000D+00	2.25000E+03	0.00000E+00	3.29364E+03
1.01325D+00	3.00000D+00	2.27500E+03	0.00000E+00	3.40470E+03
1.01325D+00	3.00000D+00	2.30000E+03	0.00000E+00	3.51877E+03
1.01325D+00	3.00000D+00	2.32500E+03	0.00000E+00	3.63605E+03
1.01325D+00	3.00000D+00	2.35000E+03	0.00000E+00	3.75673E+03
1.01325D+00	3.00000D+00	2.37500E+03	0.00000E+00	3.88102E+03
1.01325D+00	3.00000D+00	2.40000E+03	0.00000E+00	4.00912E+03
1.01325D+00	3.00000D+00	2.42500E+03	0.00000E+00	4.14124E+03
1.01325D+00	3.00000D+00	2.45000E+03	0.00000E+00	4.27760E+03
1.01325D+00	3.00000D+00	2.47500E+03	0.00000E+00	4.41840E+03
1.01325D+00	3.00000D+00	2.50000E+03	0.00000E+00	4.56386E+03
1.01325D+00	3.00000D+00	2.52500E+03	0.00000E+00	4.71421E+03
1.01325D+00	3.00000D+00	2.55000E+03	0.00000E+00	4.86966E+03
1.01325D+00	3.00000D+00	2.57500E+03	0.00000E+00	5.03041E+03
1.01325D+00	3.00000D+00	2.60000E+03	0.00000E+00	5.19669E+03
1.01325D+00	3.00000D+00	2.62500E+03	0.00000E+00	5.36871E+03
1.01325D+00	3.00000D+00	2.65000E+03	0.00000E+00	5.54667E+03
1.01325D+00	3.00000D+00	2.67500E+03	0.00000E+00	5.73078E+03
1.01325D+00	3.00000D+00	2.70000E+03	0.00000E+00	5.92124E+03
1.01325D+00	3.00000D+00	2.72500E+03	0.00000E+00	6.11825E+03
1.01325D+00	3.00000D+00	2.75000E+03	0.00000E+00	6.32201E+03
1.01325D+00	3.00000D+00	2.77500E+03	0.00000E+00	6.53270E+03
1.01325D+00	3.00000D+00	2.80000E+03	0.00000E+00	6.75052E+03
1.01325D+00	3.00000D+00	2.82500E+03	0.00000E+00	6.97565E+03
1.01325D+00	3.00000D+00	2.85000E+03	0.00000E+00	7.20829E+03
1.01325D+00	3.00000D+00	2.87500E+03	0.00000E+00	7.44863E+03
1.01325D+00	3.00000D+00	2.90000E+03	0.00000E+00	7.69688E+03
1.01325D+00	3.00000D+00	2.92500E+03	0.00000E+00	7.95324E+03
1.01325D+00	3.00000D+00	2.95000E+03	0.00000E+00	8.21793E+03
1.01325D+00	3.00000D+00	2.97500E+03	0.00000E+00	8.49121E+03
1.01325D+00	3.00000D+00	3.00000E+03	0.00000E+00	8.77334E+03
1.01325D+00	3.00000D+00	3.02500E+03	2.15663E-03	9.06462E+03
1.01325D+00	3.00000D+00	3.05000E+03	2.95759E-02	9.36539E+03
1.01325D+00	3.00000D+00	3.07500E+03	5.83699E-02	9.67604E+03
1.01325D+00	3.00000D+00	3.10000E+03	8.86762E-02	9.99702E+03
1.01325D+00	3.00000D+00	3.12500E+03	1.20664E-01	1.03288E+04
1.01325D+00	3.00000D+00	3.15000E+03	1.54540E-01	1.06721E+04
1.01325D+00	3.00000D+00	3.17500E+03	1.90560E-01	1.10274E+04
1.01325D+00	3.00000D+00	3.20000E+03	2.29036E-01	1.13957E+04
1.01325D+00	3.00000D+00	3.22500E+03	2.70351E-01	1.17778E+04
1.01325D+00	3.00000D+00	3.25000E+03	3.14973E-01	1.21747E+04
1.01325D+00	3.00000D+00	3.27500E+03	3.63473E-01	1.25877E+04
1.01325D+00	3.00000D+00	3.30000E+03	4.16551E-01	1.30179E+04
1.01325D+00	3.00000D+00	3.32500E+03	4.75060E-01	1.34669E+04
1.01325D+00	3.00000D+00	3.35000E+03	5.40042E-01	1.39362E+04
1.01325D+00	3.00000D+00	3.37500E+03	6.12769E-01	1.44275E+04
1.01325D+00	3.00000D+00	3.40000E+03	6.94799E-01	1.49426E+04
1.01325D+00	3.00000D+00	3.42500E+03	7.88039E-01	1.54832E+04
1.01325D+00	3.00000D+00	3.45000E+03	8.94837E-01	1.60511E+04
1.01325D+00	3.00000D+00	3.47500E+03	1.01809E+00	1.66479E+04
1.01325D+00	3.00000D+00	3.50000E+03	1.16138E+00	1.72749E+04
1.01325D+00	3.00000D+00	3.52500E+03	1.32919E+00	1.79330E+04
1.01325D+00	3.00000D+00	3.55000E+03	1.52715E+00	1.86225E+04
1.01325D+00	3.00000D+00	3.57500E+03	1.76240E+00	1.93429E+04
1.01325D+00	3.00000D+00	3.60000E+03	2.04412E+00	2.00925E+04
1.01325D+00	3.00000D+00	3.62500E+03	2.38422E+00	2.08684E+04
1.01325D+00	3.00000D+00	3.65000E+03	2.79845E+00	2.16661E+04
1.01325D+00	3.00000D+00	3.67500E+03	3.30800E+00	2.24796E+04
1.01325D+00	3.00000D+00	3.70000E+03	3.94202E+00	2.33008E+04
1.01325D+00	3.00000D+00	3.72500E+03	4.74166E+00	2.41202E+04
1.01325D+00	3.00000D+00	3.75000E+03	5.76687E+00	2.49263E+04
1.01325D+00	3.00000D+00	3.77500E+03	7.10835E+00	2.57065E+04
1.01325D+00	3.00000D+00	3.80000E+03	8.90986E+00	2.64471E+04
1.01325D+00	3.00000D+00	3.82500E+03	1.14131E+01	2.71336E+04
1.01325D+00	3.00000D+00	3.85000E+03	1.50569E+01	2.77513E+04
1.01325D+00	3.00000D+00	3.87500E+03	2.07259E+01	2.82855E+04
1.01325D+00	3.00000D+00	3.90000E+03	3.04983E+01	2.87209E+04
1.01325D+00	3.00000D+00	3.92500E+03	5.06335E+01	2.90409E+04
1.01325D+00	3.00000D+00	3.95000E+03	5.06335E+01	2.90409E+04
1.01325D+00	3.00000D+00	3.97500E+03	5.06335E+01	2.90409E+04
1.01325D+00	3.00000D+00	4.00000E+03	5.06335E+01	2.90409E+04
p (bar)	B'g	Temp (K)	B'c	Hw (kJ/kg)
1.01325D+00	4.00000D+00	2.50000E+02	0.00000E+00	-8.03271E+03
1.01325D+00	4.00000D+00	2.75000E+02	0.00000E+00	-7.97349E+03
1.01325D+00	4.00000D+00	3.00000E+02	0.00000E+00	-7.90720E+03
1.01325D+00	4.00000D+00	3.25000E+02	0.00000E+00	-7.83379E+03
1.01325D+00	4.00000D+00	3.50000E+02	0.00000E+00	-7.75405E+03
1.01325D+00	4.00000D+00	3.75000E+02	0.00000E+00	-7.66934E+03
1.01325D+00	4.00000D+00	4.00000E+02	0.00000E+00	-7.58118E+03
1.01325D+00	4.00000D+00	4.25000E+02	0.00000E+00	-7.49097E+03
1.01325D+00	4.00000D+00	4.50000E+02	0.00000E+00	-7.39982E+03
1.01325D+00	4.00000D+00	4.75000E+02	0.00000E+00	-7.30847E+03
1.01325D+00	4.00000D+00	5.00000E+02	0.00000E+00	-7.21728E+03
1.01325D+00	4.00000D+00	5.25000E+02	0.00000E+00	-7.12623E+03
1.01325D+00	4.00000D+00	5.50000E+02	0.00000E+00	-7.03497E+03
1.01325D+00	4.00000D+00	5.75000E+02	0.00000E+00	-6.94276E+03
1.01325D+00	4.00000D+00	6.00000E+02	0.00000E+00	-6.84843E+03
1.01325D+00	4.00000D+00	6.25000E+02	0.00000E+00	-6.75030E+03
1.01325D+00	4.00000D+00	6.50000E+02	0.00000E+00	-6.64604E+03
1.01325D+00	4.00000D+00	6.75000E+02	0.00000E+00	-6.53241E+03
1.01325D+00	4.00000D+00	7.00000E+02	0.00000E+00	-6.40507E+03
1.01325D+00	4.00000D+00	7.25000E+02	0.00000E+00	-6.25831E+03
1.01325D+00	4.00000D+00	7.50000E+02	0.00000E+00	-6.08488E+03
1.01325D+00	4.00000D+00	7.75000E+02	0.00000E+00	-5.87604E+03
1.01325D+00	4.00000D+00	8.00000E+02	0.00000E+00	-5.62216E+03
1.01325D+00	4.00000D+00	8.25000E+02	0.00000E+00	-5.31402E+03
1.01325D+00	4.00000D+00	8.50000E+02	0.00000E+00	-4.94512E+03
1.01325D+00	4.00000D+00	8.75000E+02	0.00000E+00	-4.51478E+03
1.01325D+00	4.00000D+00	9.00000E+02	0.00000E+00	-4.03126E+03
1.01325D+00	4.00000D+00	9.25000E+02	0.00000E+00	-3.51342E+03
1.01325D+00	4.00000D+00	9.50000E+02	0.00000E+00	-2.98901E+03
1.01325D+00	4.00000D+00	9.75000E+02	0.00000E+00	-2.48884E+03
1.01325D+00	4.00000D+00	1.00000E+03	0.00000E+00	-2.03872E+03
1.01325D+00	4.00000D+00	1.02500E+03	0.00000E+00	-1.65313E+03
1.01325D+00	4.00000D+00	1.05000E+03	0.00000E+00	-1.33402E+03
1.01325D+00	4.00000D+00	1.07500E+03	0.00000E+00	-1.07426E+03
1.01325D+00	4.00000D+00	1.10000E+03	0.00000E+00	-8.62653E+02
1.01325D+00	4.00000D+00	1.12500E+03	0.00000E+00	-6.87781E+02
1.01325D+00	4.00000D+00	1.15000E+03	0.00000E+00	-5.39892E+02
1.01325D+00	4.00000D+00	1.17500E+03	0.00000E+00	-4.11420E+02
1.01325D+00	4.00000D+00	1.20000E+03	0.00000E+00	-2.96791E+02
1.01325D+00	4.00000D+00	1.22500E+03	0.00000E+00	-1.92004E+02
1.01325D+00	4.00000D+00	1.25000E+03	0.00000E+00	-9.42255E+01
1.01325D+00	4.00000D+00	1.27500E+03	0.00000E+00	-1.45187E+00
1.01325D+00	4.00000D+00	1.30000E+03	0.00000E+00	8.77362E+01
1.01325D+00	4.00000D+00	1.32500E+03	0.00000E+00	1.74351E+02
1.01325D+00	4.00000D+00	1.35000E+03	0.00000E+00	2.59121E+02
1.01325D+00	4.00000D+00	1.37500E+03	0.00000E+00	3.42576E+02
1.01325D+00	4.00000D+00	1.40000E+03	0.00000E+00	4.25104E+02
1.01325D+00	4.00000D+00	1.42500E+03	0.00000E+00	5.06997E+02
1.01325D+00	4.00000D+00	1.45000E+03	0.00000E+00	5.88472E+02
1.01325D+00	4.00000D+00	1.47500E+03	0.00000E+00	6.69698E+02
1.01325D+00	4.00000D+00	1.50000E+03	0.00000E+00	7.50808E+02
1.01325D+00	4.00000D+00	1.52500E+03	0.00000E+00	8.31905E+02
1.01325D+00	4.00000D+00	1.55000E+03	0.00000E+00	9.13076E+02
1.01325D+00	4.00000D+00	1.57500E+03	0.00000E+00	9.94395E+02
1.01325D+00	4.00000D+00	1.60000E+03	0.00000E+00	1.07592E+03
1.01325D+00	4.00000D+00	1.62500E+03	0.00000E+00	1.15772E+03
1.01325D+00	4.00000D+00	1.65000E+03	0.00000E+00	1.23983E+03
1.01325D+00	4.00000D+00	1.67500E+03	0.00000E+00	1.32232E+03
1.01325D+00	4.00000D+00	1.70000E+03	0.00000E+00	1.40523E+03
1.01325D+00	4.00000D+00	1.72500E+03	0.00000E+00	1.48860E+03
1.01325D+00	4.00000D+00	1.75000E+03	0.00000E+00	1.57251E+03
1.01325D+00	4.00000D+00	1.77500E+03	0.00000E+00	1.65699E+03
1.01325D+00	4.00000D+00	1.80000E+03	0.00000E+00	1.74210E+03
1.01325D+00	4.00000D+00	1.82500E+03	0.00000E+00	1.82792E+03
1.01325D+00	4.00000D+00	1.85000E+03	0.00000E+00	1.91451E+03
1.01325D+00	4.00000D+00	1.87500E+03	0.00000E+00	2.00193E+03
1.01325D+00	4.00000D+00	1.90000E+03	0.00000E+00	2.09027E+03
1.01325D+00	4.00000D+00	1.92500E+03	0.00000E+00	2.17961E+03
1.01325D+00	4.00000D+00	1.95000E+03	0.00000E+00	2.27004E+03
1.01325D+00	4.00000D+00	1.97500E+03	0.00000E+00	2.36165E+03
1.01325D+00	4.00000D+00	2.00000E+03	0.00000E+00	2.45456E+03
1.01325D+00	4.00000D+00	2.02500E+03	0.00000E+00	2.54887E+03
1.01325D+00	4.00000D+00	2.05000E+03	0.00000E+00	2.64471E+03
1.01325D+00	4.00000D+00	2.07500E+03	0.00000E+00	2.74219E+03
1.01325D+00	4.00000D+00	2.10000E+03	0.00000E+00	2.84147E+03
1.01325D+00	4.00000D+00	2.12500E+03	0.00000E+00	2.94267E+03
1.01325D+00	4.00000D+00	2.15000E+03	0.00000E+00	3.04595E+03
1.01325D+00	4.00000D+00	2.17500E+03	0.00000E+00	3.15147E+03
1.01325D+00	4.00000D+00	2.20000E+03	0.00000E+00	3.25941E+03
1.01325D+00	4.00000D+00	2.22500E+03	0.00000E+00	3.36993E+03
1.01325D+00	4.00000D+00	2.25000E+03	0.00000E+00	3.48321E+03
1.01325D+00	4.00000D+00	2.27500E+03	0.00000E+00	3.59946E+03
1.01325D+00	4.00000D+00	2.30000E+03	0.00000E+00	3.71886E+03
1.01325D+00	4.00000D+00	2.32500E+03	0.00000E+00	3.84162E+03
1.01325D+00	4.00000D+00	2.35000E+03	0.00000E+00	3.96795E+03
1.01325D+00	4.00000D+00	2.37500E+03	0.00000E+00	4.09807E+03
1.01325D+00	4.00000D+00	2.40000E+03	0.00000E+00	4.23219E+03
1.01325D+00	4.00000D+00	2.42500E+03	0.00000E+00	4.37054E+03
1.01325D+00	4.00000D+00	2.45000E+03	0.00000E+00	4.51334E+03
1.01325D+00	4.00000D+00	2.47500E+03	0.00000E+00	4.66083E+03
1.01325D+00	4.00000D+00	2.50000E+03	0.00000E+00	4.81322E+03
1.01325D+00	4.00000D+00	2.52500E+03	0.00000E+00	4.97076E+03
1.01325D+00	4.00000D+00	2.55000E+03	0.00000E+00	5.13368E+03
1.01325D+00	4.00000D+00	2.57500E+03	0.00000E+00	5.30220E+03
1.01325D+00	4.00000D+00	2.60000E+03	0.00000E+00	5.47654E+03
1.01325D+00	4.00000D+00	2.62500E+03	0.00000E+00	5.65694E+03
1.01325D+00	4.00000D+00	2.65000E+03	0.00000E+00	5.84362E+03
1.01325D+00	4.00000D+00	2.67500E+03	0.00000E+00	6.03679E+03
1.01325D+00	4.00000D+00	2.70000E+03	0.00000E+00	6.23667E+03
1.01325D+00	4.00000D+00	2.72500E+03	0.00000E+00	6.44346E+03
1.01325D+00	4.00000D+00	2.75000E+03	0.00000E+00	6.65737E+03
1.01325D+00	4.00000D+00	2.77500E+03	0.00000E+00	6.87861E+03
1.01325D+00	4.00000D+00	2.80000E+03	0.00000E+00	7.10737E+03
1.01325D+00	4.00000D+00	2.82500E+03	0.00000E+00	7.34385E+03
1.01325D+00	4.00000D+00	2.85000E+03	0.00000E+00	7.58824E+03
1.01325D+00	4.00000D+00	2.87500E+03	0.00000E+00	7.84075E+03
1.01325D+00	4.00000D+00	2.90000E+03	0.00000E+00	8.10158E+03
1.01325D+00	4.00000D+00	2.92500E+03	0.00000E+00	8.37094E+03
1.01325D+00	4.00000D+00	2.95000E+03	0.00000E+00	8.64906E+03
1.01325D+00	4.00000D+00	2.97500E+03	0.00000E+00	8.93619E+03
1.01325D+00	4.00000D+00	3.00000E+03	0.00000E+00	9.23258E+03
1.01325D+00	4.00000D+00	3.02500E+03	0.00000E+00	9.53854E+03
1.01325D+00	4.00000D+00	3.05000E+03	0.00000E+00	9.85440E+03
1.01325D+00	4.00000D+00	3.07500E+03	0.00000E+00	1.01805E+04
1.01325D+00	4.00000D+00	3.10000E+03	2.08723E-02	1.05174E+04
1.01325D+00	4.00000D+00	3.12500E+03	6.22491E-02	1.08654E+04
1.01325D+00	4.00000D+00	3.15000E+03	1.06117E-01	1.12252E+04
1.01325D+00	4.00000D+00	3.17500E+03	1.52808E-01	1.15975E+04
1.01325D+00	4.00000D+00	3.20000E+03	2.02728E-01	1.19829E+04
1.01325D+00	4.00000D+00	3.22500E+03	2.56374E-01	1.23824E+04
1.01325D+00	4.00000D+00	3.25000E+03	3.14354E-01	1.27968E+04
1.01325D+00	4.00000D+00	3.27500E+03	3.77408E-01	1.32274E+04
1.01325D+00	4.00000D+00	3.30000E+03	4.46444E-01	1.36752E+04
1.01325D+00	4.00000D+00	3.32500E+03	5.22567E-01	1.41416E+04
1.01325D+00	4.00000D+00	3.35000E+03	6.07127E-01	1.46281E+04
1.01325D+00	4.00000D+00	3.37500E+03	7.01774E-01	1.51360E+04
1.01325D+00	4.00000D+00	3.40000E+03	8.08524E-01	1.56670E+04
1.01325D+00	4.00000D+00	3.42500E+03	9.29852E-01	1.62225E+04
1.01325D+00	4.00000D+00	3.45000E+03	1.06880E+00	1.68040E+04
1.01325D+00	4.00000D+00	3.47500E+03	1.22912E+00	1.74125E+04
1.01325D+00	4.00000D+00	3.50000E+03	1.41546E+00	1.80489E+04
1.01325D+00	4.00000D+00	3.52500E+03	1.63363E+00	1.87137E+04
1.01325D+00	4.00000D+00	3.55000E+03	1.89094E+00	1.94063E+04
1.01325D+00	4.00000D+00	3.57500E+03	2.19666E+00	2.01256E+04
1.01325D+00	4.00000D+00	3.60000E+03	2.56267E+00	2.08693E+04
1.01325D+00	4.00000D+00	3.62500E+03	3.00446E+00	2.16335E+04
1.01325D+00	4.00000D+00	3.65000E+03	3.54247E+00	2.24133E+04
1.01325D+00	4.00000D+00	3.67500E+03	4.20420E+00	2.32017E+04
1.01325D+00	4.00000D+00	3.70000E+03	5.02751E+00	2.39904E+04
1.01325D+00	4.00000D+00	3.72500E+03	6.06582E+00	2.47695E+04
1.01325D+00	4.00000D+00	3.75000E+03	7.39702E+00	2.55277E+04
1.01325D+00	4.00000D+00	3.77500E+03	9.13888E+00	2.62526E+04
1.01325D+00	4.00000D+00	3.80000E+03	1.14781E+01	2.69314E+04
1.01325D+00	4.00000D+00	3.82500E+03	1.47287E+01	2.75507E+04
1.01325D+00	4.00000D+00	3.85000E+03	1.94603E+01	2.80973E+04
1.01325D+00	4.00000D+00	3.87500E+03	2.68214E+01	2.85580E+04
1.01325D+00	4.00000D+00	3.90000E+03	3.95084E+01	2.89195E+04
1.01325D+00	4.00000D+00	3.92500E+03	6.56368E+01	2.91673E+04
1.01325D+00	4.00000D+00	3.95000E+03	6.56368E+01	2.91673E+04
1.01325D+00	4.00000D+00	3.97500E+03	6.56368E+01	2.91673E+04
1.01325D+00	4.00000D+00	4.00000E+03	6.56368E+01	2.91673E+04
p (bar)	B'g	Temp (K)	B'c	Hw (kJ/kg)
1.01325D+00	5.50000D+00	2.50000E+02	0.00000E+00	-8.34559E+03
1.01325D+00	5.50000D+00	2.75000E+02	0.00000E+00	-8.28523E+03
1.01325D+00	5.50000D+00	3.00000E+02	0.00000E+00	-8.21768E+03
1.01325D+00	5.50000D+00	3.25000E+02	0.00000E+00	-8.14284E+03
1.01325D+00	5.50000D+00	3.50000E+02	0.00000E+00	-8.06146E+03
1.01325D+00	5.50000D+00	3.75000E+02	0.00000E+00	-7.97484E+03
1.01325D+00	5.50000D+00	4.00000E+02	0.00000E+00	-7.88453E+03
1.01325D+00	5.50000D+00	4.25000E+02	0.00000E+00	-7.79195E+03
1.01325D+00	5.50000D+00	4.50000E+02	0.00000E+00	-7.69829E+03
1.01325D+00	5.50000D+00	4.75000E+02	0.00000E+00	-7.60436E+03
1.01325D+00	5.50000D+00	5.00000E+02	0.00000E+00	-7.51061E+03
1.01325D+00	5.50000D+00	5.25000E+02	0.00000E+00	-7.41711E+03
1.01325D+00	5.50000D+00	5.50000E+02	0.00000E+00	-7.32357E+03
1.01325D+00	5.50000D+00	5.75000E+02	0.00000E+00	-7.22932E+03
1.01325D+00	5.50000D+00	6.00000E+02	0.00000E+00	-7.13324E+03
1.01325D+00	5.50000D+00	6.25000E+02	0.00000E+00	-7.03367E+03
1.01325D+00	5.50000D+00	6.50000E+02	0.00000E+00	-6.92823E+03
1.01325D+00	5.50000D+00	6.75000E+02	0.00000E+00	-6.81361E+03
1.01325D+00	5.50000D+00	7.00000E+02	0.00000E+00	-6.68527E+03
1.01325D+00	5.50000D+00	7.25000E+02	0.00000E+00	-6.53717E+03
1.01325D+00	5.50000D+00	7.50000E+02	0.00000E+00	-6.36155E+03
1.01325D+00	5.50000D+00	7.75000E+02	0.00000E+00	-6.14895E+03
1.01325D+00	5.50000D+00	8.00000E+02	0.00000E+00	-5.88883E+03
1.01325D+00	5.50000D+00	8.25000E+02	0.00000E+00	-5.57096E+03
1.01325D+00	5.50000D+00	8.50000E+02	0.00000E+00	-5.18795E+03
1.01325D+00	5.50000D+00	8.75000E+02	0.00000E+00	-4.73867E+03
1.01325D+00	5.50000D+00	9.00000E+02	0.00000E+00	-4.23168E+03
1.01325D+00	5.50000D+00	9.25000E+02	0.00000E+00	-3.68704E+03
1.01325D+00	5.50000D+00	9.50000E+02	0.00000E+00	-3.13440E+03
1.01325D+00	5.50000D+00	9.75000E+02	0.00000E+00	-2.60670E+03
1.01325D+00	5.50000D+00	1.00000E+03	0.00000E+00	-2.13148E+03
1.01325D+00	5.50000D+00	1.02500E+03	0.00000E+00	-1.72420E+03
1.01325D+00	5.50000D+00	1.05000E+03	0.00000E+00	-1.38702E+03
1.01325D+00	5.50000D+00	1.07500E+03	0.00000E+00	-1.11248E+03
1.01325D+00	5.50000D+00	1.10000E+03	0.00000E+00	-8.88815E+02
1.01325D+00	5.50000D+00	1.12500E+03	0.00000E+00	-7.03997E+02
1.01325D+00	5.50000D+00	1.15000E+03	0.00000E+00	-5.47754E+02
1.01325D+00	5.50000D+00	1.17500E+03	0.00000E+00	-4.12105E+02
1.01325D+00	5.50000D+00	1.20000E+03	0.00000E+00	-2.91158E+02
1.01325D+00	5.50000D+00	1.22500E+03	0.00000E+00	-1.80685E+02
1.01325D+00	5.50000D+00	1.25000E+03	0.00000E+00	-7.76817E+01
1.01325D+00	5.50000D+00	1.27500E+03	0.00000E+00	1.99757E+01
1.01325D+00	5.50000D+00	1.30000E+03	0.00000E+00	1.13795E+02
1.01325D+00	5.50000D+00	1.32500E+03	0.00000E+00	2.04852E+02
1.01325D+00	5.50000D+00	1.35000E+03	0.00000E+00	2.93922E+02
1.01325D+00	5.50000D+00	1.37500E+03	0.00000E+00	3.81570E+02
1.01325D+00	5.50000D+00	1.40000E+03	0.00000E+00	4.68210E+02
1.01325D+00	5.50000D+00	1.42500E+03	0.00000E+00	5.54151E+02
1.01325D+00	5.50000D+00	1.45000E+03	0.00000E+00	6.39628E+02
1.01325D+00	5.50000D+00	1.47500E+03	0.00000E+00	7.24820E+02
1.01325D+00	5.50000D+00	1.50000E+03	0.00000E+00	8.09866E+02
1.01325D+00	5.50000D+00	1.52500E+03	0.00000E+00	8.94878E+02
1.01325D+00	5.50000D+00	1.55000E+03	0.00000E+00	9.79948E+02
1.01325D+00	5.50000D+00	1.57500E+03	0.00000E+00	1.06515E+03
1.01325D+00	5.50000D+00	1.60000E+03	0.00000E+00	1.15056E+03
1.01325D+00	5.50000D+00	1.62500E+03	0.00000E+00	1.23622E+03
1.01325D+00	5.50000D+00	1.65000E+03	0.00000E+00	1.32220E+03
1.01325D+00	5.50000D+00	1.67500E+03	0.00000E+00	1.40855E+03
1.01325D+00	5.50000D+00	1.70000E+03	0.00000E+00	1.49532E+03
1.01325D+00	5.50000D+00	1.72500E+03	0.00000E+00	1.58256E+03
1.01325D+00	5.50000D+00	1.75000E+03	0.00000E+00	1.67033E+03
1.01325D+00	5.50000D+00	1.77500E+03	0.00000E+00	1.75868E+03
1.01325D+00	5.50000D+00	1.80000E+03	0.00000E+00	1.84767E+03
1.01325D+00	5.50000D+00	1.82500E+03	0.00000E+00	1.93738E+03
1.01325D+00	5.50000D+00	1.85000E+03	0.00000E+00	2.02786E+03
1.01325D+00	5.50000D+00	1.87500E+03	0.00000E+00	2.11919E+03
1.01325D+00	5.50000D+00	1.90000E+03	0.00000E+00	2.21145E+03
1.01325D+00	5.50000D+00	1.92500E+03	0.00000E+00	2.30473E+03
1.01325D+00	5.50000D+00	1.95000E+03	0.00000E+00	2.39913E+03
1.01325D+00	5.50000D+00	1.97500E+03	0.00000E+00	2.49474E+03
1.01325D+00	5.50000D+00	2.00000E+03	0.00000E+00	2.59167E+03
1.01325D+00	5.50000D+00	2.02500E+03	0.00000E+00	2.69005E+03
1.01325D+00	5.50000D+00	2.05000E+03	0.00000E+00	2.78999E+03
1.01325D+00	5.50000D+00	2.07500E+03	0.00000E+00	2.89162E+03
1.01325D+00	5.50000D+00	2.10000E+03	0.00000E+00	2.99510E+03
1.01325D+00	5.50000D+00	2.12500E+03	0.00000E+00	3.10057E+03
1.01325D+00	5.50000D+00	2.15000E+03	0.00000E+00	3.20820E+03
1.01325D+00	5.50000D+00	2.17500E+03	0.00000E+00	3.31814E+03
1.01325D+00	5.50000D+00	2.20000E+03	0.00000E+00	3.43057E+03
1.01325D+00	5.50000D+00	2.22500E+03	0.00000E+00	3.54569E+03
1.01325D+00	5.50000D+00	2.25000E+03	0.00000E+00	3.66369E+03
1.01325D+00	5.50000D+00	2.27500E+03	0.00000E+00	3.78476E+03
1.01325D+00	5.50000D+00	2.30000E+03	0.00000E+00	3.90911E+03
1.01325D+00	5.50000D+00	2.32500E+03	0.00000E+00	4.03696E+03
1.01325D+00	5.50000D+00	2.35000E+03	0.00000E+00	4.16854E+03
1.01325D+00	5.50000D+00	2.37500E+03	0.00000E+00	4.30407E+03
1.01325D+00	5.50000D+00	2.40000E+03	0.00000E+00	4.44378E+03
1.01325D+00	5.50000D+00	2.42500E+03	0.00000E+00	4.58790E+03
1.01325D+00	5.50000D+00	2.45000E+03	0.00000E+00	4.73669E+03
1.01325D+00	5.50000D+00	2.47500E+03	0.00000E+00	4.89038E+03
1.01325D+00	5.50000D+00	2.50000E+03	0.00000E+00	5.04922E+03
1.01325D+00	5.50000D+00	2.52500E+03	0.00000E+00	5.21344E+03
1.01325D+00	5.50000D+00	2.55000E+03	0.00000E+00	5.38330E+03
1.01325D+00	5.50000D+00	2.57500E+03	0.00000E+00	5.55904E+03
1.01325D+00	5.50000D+00	2.60000E+03	0.00000E+00	5.74090E+03
1.01325D+00	5.50000D+00	2.62500E+03	0.00000E+00	5.92912E+03
1.01325D+00	5.50000D+00	2.65000E+03	0.00000E+00	6.12393E+03
1.01325D+00	5.50000D+00	2.67500E+03	0.00000E+00	6.32556E+03
1.01325D+00	5.50000D+00	2.70000E+03	0.00000E+00	6.53423E+03
1.01325D+00	5.50000D+00	2.72500E+03	0.00000E+00	6.75018E+03
1.01325D+00	5.50000D+00	2.75000E+03	0.00000E+00	6.97361E+03
1.01325D+00	5.50000D+00	2.77500E+03	0.00000E+00	7.20473E+03
1.01325D+00	5.50000D+00	2.80000E+03	0.00000E+00	7.44375E+03
1.01325D+00	5.50000D+00	2.82500E+03	0.00000E+00	7.69088E+03
1.01325D+00	5.50000D+00	2.85000E+03	0.00000E+00	7.94632E+03
1.01325D+00	5.50000D+00	2.87500E+03	0.00000E+00	8.21028E+03
1.01325D+00	5.50000D+00	2.90000E+03	0.00000E+00	8.48296E+03
1.01325D+00	5.50000D+00	2.92500E+03	0.00000E+00	8.76457E+03
1.01325D+00	5.50000D+00	2.95000E+03	0.00000E+00	9.05535E+03
1.01325D+00	5.50000D+00	2.97500E+03	0.00000E+00	9.35553E+03
1.01325D+00	5.50000D+00	3.00000E+03	0.00000E+00	9.66538E+03
1.01325D+00	5.50000D+00	3.02500E+03	0.00000E+00	9.98519E+03
1.01325D+00	5.50000D+00	3.05000E+03	0.00000E+00	1.03153E+04
1.01325D+00	5.50000D+00	3.07500E+03	0.00000E+00	1.06560E+04
1.01325D+00	5.50000D+00	3.10000E+03	0.00000E+00	1.10078E+04
1.01325D+00	5.50000D+00	3.12500E+03	0.00000E+00	1.13711E+04
1.01325D+00	5.50000D+00	3.15000E+03	2.58878E-02	1.17465E+04
1.01325D+00	5.50000D+00	3.17500E+03	8.83921E-02	1.21346E+04
1.01325D+00	5.50000D+00	3.20000E+03	1.55290E-01	1.25362E+04
1.01325D+00	5.50000D+00	3.22500E+03	2.27251E-01	1.29519E+04
1.01325D+00	5.50000D+00	3.25000E+03	3.05092E-01	1.33827E+04
1.01325D+00	5.50000D+00	3.27500E+03	3.89809E-01	1.38297E+04
1.01325D+00	5.50000D+00	3.30000E+03	4.82621E-01	1.42938E+04
1.01325D+00	5.50000D+00	3.32500E+03	5.85011E-01	1.47763E+04
1.01325D+00	5.50000D+00	3.35000E+03	6.98792E-01	1.52785E+04
1.01325D+00	5.50000D+00	3.37500E+03	8.26180E-01	1.58016E+04
1.01325D+00	5.50000D+00	3.40000E+03	9.69881E-01	1.63470E+04
1.01325D+00	5.50000D+00	3.42500E+03	1.13322E+00	1.69157E+04
1.01325D+00	5.50000D+00	3.45000E+03	1.32027E+00	1.75089E+04
1.01325D+00	5.50000D+00	3.47500E+03	1.53609E+00	1.81273E+04
1.01325D+00	5.50000D+00	3.50000E+03	1.78691E+00	1.87714E+04
1.01325D+00	5.50000D+00	3.52500E+03	2.08054E+00	1.94408E+04
1.01325D+00	5.50000D+00	3.55000E+03	2.42679E+00	2.01347E+04
1.01325D+00	5.50000D+00	3.57500E+03	2.83812E+00	2.08511E+04
1.01325D+00	5.50000D+00	3.60000E+03	3.33051E+00	2.15871E+04
1.01325D+00	5.50000D+00	3.62500E+03	3.92477E+00	2.23383E+04
1.01325D+00	5.50000D+00	3.65000E+03	4.64836E+00	2.30988E+04
1.01325D+00	5.50000D+00	3.67500E+03	5.53828E+00	2.38616E+04
1.01325D+00	5.50000D+00	3.70000E+03	6.64540E+00	2.46178E+04
1.01325D+00	5.50000D+00	3.72500E+03	8.04161E+00	2.53575E+04
1.01325D+00	5.50000D+00	3.75000E+03	9.83160E+00	2.60695E+04
1.01325D+00	5.50000D+00	3.77500E+03	1.21738E+01	2.67421E+04
1.01325D+00	5.50000D+00	3.80000E+03	1.53192E+01	2.73631E+04
1.01325D+00	5.50000D+00	3.82500E+03	1.96900E+01	2.79204E+04
1.01325D+00	5.50000D+00	3.85000E+03	2.60522E+01	2.84020E+04
1.01325D+00	5.50000D+00	3.87500E+03	3.59493E+01	2.87966E+04
1.01325D+00	5.50000D+00	3.90000E+03	5.30038E+01	2.90923E+04
1.01325D+00	5.50000D+00	3.92500E+03	8.81105E+01	2.92767E+04
1.01325D+00	5.50000D+00	3.95000E+03	8.81105E+01	2.92767E+04
1.01325D+00	5.50000D+00	3.97500E+03	8.81105E+01	2.92767E+04
1.01325D+00	5.50000D+00	4.00000E+03	8.81105E+01	2.92767E+04
p (bar)	B'g	Temp (K)	B'c	Hw (kJ/kg)
1.01325D+00	7.50000D+00	2.50000E+02	0.00000E+00	-8.59446E+03
1.01325D+00	7.50000D+00	2.75000E+02	0.00000E+00	-8.53314E+03
1.01325D+00	7.50000D+00	3.00000E+02	0.00000E+00	-8.46454E+03
1.01325D+00	7.50000D+00	3.25000E+02	0.00000E+00	-8.38851E+03
1.01325D+00	7.50000D+00	3.50000E+02	0.00000E+00	-8.30575E+03
1.01325D+00	7.50000D+00	3.75000E+02	0.00000E+00	-8.21757E+03
1.01325D+00	7.50000D+00	4.00000E+02	0.00000E+00	-8.12549E+03
1.01325D+00	7.50000D+00	4.25000E+02	0.00000E+00	-8.03100E+03
1.01325D+00	7.50000D+00	4.50000E+02	0.00000E+00	-7.93532E+03
1.01325D+00	7.50000D+00	4.75000E+02	0.00000E+00	-7.83934E+03
1.01325D+00	7.50000D+00	5.00000E+02	0.00000E+00	-7.74356E+03
1.01325D+00	7.50000D+00	5.25000E+02	0.00000E+00	-7.64814E+03
1.01325D+00	7.50000D+00	5.50000E+02	0.00000E+00	-7.55283E+03
1.01325D+00	7.50000D+00	5.75000E+02	0.00000E+00	-7.45704E+03
1.01325D+00	7.50000D+00	6.00000E+02	0.00000E+00	-7.35967E+03
1.01325D+00	7.50000D+00	6.25000E+02	0.00000E+00	-7.25909E+03
1.01325D+00	7.50000D+00	6.50000E+02	0.00000E+00	-7.15291E+03
1.01325D+00	7.50000D+00	6.75000E+02	0.00000E+00	-7.03775E+03
1.01325D+00	7.50000D+00	7.00000E+02	0.00000E+00	-6.90893E+03
1.01325D+00	7.50000D+00	7.25000E+02	0.00000E+00	-6.76014E+03
1.01325D+00	7.50000D+00	7.50000E+02	0.00000E+00	-6.58321E+03
1.01325D+00	7.50000D+00	7.75000E+02	0.00000E+00	-6.36810E+03
1.01325D+00	7.50000D+00	8.00000E+02	0.00000E+00	-6.10350E+03
1.01325D+00	7.50000D+00	8.25000E+02	0.00000E+00	-5.77833E+03
1.01325D+00	7.50000D+00	8.50000E+02	0.00000E+00	-5.38441E+03
1.01325D+00	7.50000D+00	8.75000E+02	0.00000E+00	-4.92020E+03
1.01325D+00	7.50000D+00	9.00000E+02	0.00000E+00	-4.39446E+03
1.01325D+00	7.50000D+00	9.25000E+02	0.00000E+00	-3.82822E+03
1.01325D+00	7.50000D+00	9.50000E+02	0.00000E+00	-3.25271E+03
1.01325D+00	7.50000D+00	9.75000E+02	0.00000E+00	-2.70264E+03
1.01325D+00	7.50000D+00	1.00000E+03	0.00000E+00	-2.20700E+03
1.01325D+00	7.50000D+00	1.02500E+03	0.00000E+00	-1.78208E+03
1.01325D+00	7.50000D+00	1.05000E+03	0.00000E+00	-1.43020E+03
1.01325D+00	7.50000D+00	1.07500E+03	0.00000E+00	-1.14363E+03
1.01325D+00	7.50000D+00	1.10000E+03	0.00000E+00	-9.10149E+02
1.01325D+00	7.50000D+00	1.12500E+03	0.00000E+00	-7.17237E+02
1.01325D+00	7.50000D+00	1.15000E+03	0.00000E+00	-5.54194E+02
1.01325D+00	7.50000D+00	1.17500E+03	0.00000E+00	-4.12699E+02
1.01325D+00	7.50000D+00	1.20000E+03	0.00000E+00	-2.86608E+02
1.01325D+00	7.50000D+00	1.22500E+03	0.00000E+00	-1.71502E+02
1.01325D+00	7.50000D+00	1.25000E+03	0.00000E+00	-6.42422E+01
1.01325D+00	7.50000D+00	1.27500E+03	0.00000E+00	3.73940E+01
1.01325D+00	7.50000D+00	1.30000E+03	0.00000E+00	1.34986E+02
1.01325D+00	7.50000D+00	1.32500E+03	0.00000E+00	2.29661E+02
1.01325D+00	7.50000D+00	1.35000E+03	0.00000E+00	3.22234E+02
1.01325D+00	7.50000D+00	1.37500E+03	0.00000E+00	4.13295E+02
1.01325D+00	7.50000D+00	1.40000E+03	0.00000E+00	5.03282E+02
1.01325D+00	7.50000D+00	1.42500E+03	0.00000E+00	5.92518E+02
1.01325D+00	7.50000D+00	1.45000E+03	0.00000E+00	6.81249E+02
1.01325D+00	7.50000D+00	1.47500E+03	0.00000E+00	7.69664E+02
1.01325D+00	7.50000D+00	1.50000E+03	0.00000E+00	8.57909E+02
1.01325D+00	7.50000D+00	1.52500E+03	0.00000E+00	9.46100E+02
1.01325D+00	7.50000D+00	1.55000E+03	0.00000E+00	1.03433E+03
1.01325D+00	7.50000D+00	1.57500E+03	0.00000E+00	1.12269E+03
1.01325D+00	7.50000D+00	1.60000E+03	0.00000E+00	1.21124E+03
1.01325D+00	7.50000D+00	1.62500E+03	0.00000E+00	1.30003E+03
1.01325D+00	7.50000D+00	1.65000E+03	0.00000E+00	1.38914E+03
1.01325D+00	7.50000D+00	1.67500E+03	0.00000E+00	1.47861E+03
1.01325D+00	7.50000D+00	1.70000E+03	0.00000E+00	1.56850E+03
1.01325D+00	7.50000D+00	1.72500E+03	0.00000E+00	1.65886E+03
1.01325D+00	7.50000D+00	1.75000E+03	0.00000E+00	1.74974E+03
1.01325D+00	7.50000D+00	1.77500E+03	0.00000E+00	1.84120E+03
1.01325D+00	7.50000D+00	1.80000E+03	0.00000E+00	1.93331E+03
1.01325D+00	7.50000D+00	1.82500E+03	0.00000E+00	2.02613E+03
1.01325D+00	7.50000D+00	1.85000E+03	0.00000E+00	2.11973E+03
1.01325D+00	7.50000D+00	1.87500E+03	0.00000E+00	2.21419E+03
1.01325D+00	7.50000D+00	1.90000E+03	0.00000E+00	2.30960E+03
1.01325D+00	7.50000D+00	1.92500E+03	0.00000E+00	2.40603E+03
1.01325D+00	7.50000D+00	1.95000E+03	0.00000E+00	2.50358E+03
1.01325D+00	7.50000D+00	1.97500E+03	0.00000E+00	2.60237E+03
1.01325D+00	7.50000D+00	2.00000E+03	0.00000E+00	2.70250E+03
1.01325D+00	7.50000D+00	2.02500E+03	0.00000E+00	2.80410E+03
1.01325D+00	7.50000D+00	2.05000E+03	0.00000E+00	2.90729E+03
1.01325D+00	7.50000D+00	2.07500E+03	0.00000E+00	3.01221E+03
1.01325D+00	7.50000D+00	2.10000E+03	0.00000E+00	3.11901E+03
1.01325D+00	7.50000D+00	2.12500E+03	0.00000E+00	3.22784E+03
1.01325D+00	7.50000D+00	2.15000E+03	0.00000E+00	3.33888E+03
1.01325D+00	7.50000D+00	2.17500E+03	0.00000E+00	3.45229E+03
1.01325D+00	7.50000D+00	2.20000E+03	0.00000E+00	3.56827E+03
1.01325D+00	7.50000D+00	2.22500E+03	0.00000E+00	3.68700E+03
1.01325D+00	7.50000D+00	2.25000E+03	0.00000E+00	3.80868E+03
1.01325D+00	7.50000D+00	2.27500E+03	0.00000E+00	3.93353E+03
1.01325D+00	7.50000D+00	2.30000E+03	0.00000E+00	4.06176E+03
1.01325D+00	7.50000D+00	2.32500E+03	0.00000E+00	4.19360E+03
1.01325D+00	7.50000D+00	2.35000E+03	0.00000E+00	4.32928E+03
1.01325D+00	7.50000D+00	2.37500E+03	0.00000E+00	4.46904E+03
1.01325D+00	7.50000D+00	2.40000E+03	0.00000E+00	4.61312E+03
1.01325D+00	7.50000D+00	2.42500E+03	0.00000E+00	4.76177E+03
1.01325D+00	7.50000D+00	2.45000E+03	0.00000E+00	4.91524E+03
1.01325D+00	7.50000D+00	2.47500E+03	0.00000E+00	5.07380E+03
1.01325D+00	7.50000D+00	2.50000E+03	0.00000E+00	5.23768E+03
1.01325D+00	7.50000D+00	2.52500E+03	0.00000E+00	5.40715E+03
1.01325D+00	7.50000D+00	2.55000E+03	0.00000E+00	5.58248E+03
1.01325D+00	7.50000D+00	2.57500E+03	0.00000E+00	5.76390E+03
1.01325D+00	7.50000D+00	2.60000E+03	0.00000E+00	5.95168E+03
1.01325D+00	7.50000D+00	2.62500E+03	0.00000E+00	6.14606E+03
1.01325D+00	7.50000D+00	2.65000E+03	0.00000E+00	6.34729E+03
1.01325D+00	7.50000D+00	2.67500E+03	0.00000E+00	6.55562E+03
1.01325D+00	7.50000D+00	2.70000E+03	0.00000E+00	6.77127E+03
1.01325D+00	7.50000D+00	2.72500E+03	0.00000E+00	6.99448E+03
1.01325D+00	7.50000D+00	2.75000E+03	0.00000E+00	7.22548E+03
1.01325D+00	7.50000D+00	2.77500E+03	0.00000E+00	7.46447E+03
1.01325D+00	7.50000D+00	2.80000E+03	0.00000E+00	7.71169E+03
1.01325D+00	7.50000D+00	2.82500E+03	0.00000E+00	7.96733E+03
1.01325D+00	7.50000D+00	2.85000E+03	0.00000E+00	8.23161E+03
1.01325D+00	7.50000D+00	2.87500E+03	0.00000E+00	8.50473E+03
1.01325D+00	7.50000D+00	2.90000E+03	0.00000E+00	8.78692E+03
1.01325D+00	7.50000D+00	2.92500E+03	0.00000E+00	9.07837E+03
1.01325D+00	7.50000D+00	2.95000E+03	0.00000E+00	9.37932E+03
1.01325D+00	7.50000D+00	2.97500E+03	0.00000E+00	9.69002E+03
1.01325D+00	7.50000D+00	3.00000E+03	0.00000E+00	1.00107E+04
1.01325D+00	7.50000D+00	3.02500E+03	0.00000E+00	1.03417E+04
1.01325D+00	7.50000D+00	3.05000E+03	0.00000E+00	1.06832E+04
1.01325D+00	7.50000D+00	3.07500E+03	0.00000E+00	1.10357E+04
1.01325D+00	7.50000D+00	3.10000E+03	0.00000E+00	1.13996E+04
1.01325D+00	7.50000D+00	3.12500E+03	0.00000E+00	1.17752E+04
1.01325D+00	7.50000D+00	3.15000E+03	0.00000E+00	1.21632E+04
1.01325D+00	7.50000D+00	3.17500E+03	0.00000E+00	1.25641E+04
1.01325D+00	7.50000D+00	3.20000E+03	8.29439E-02	1.29785E+04
1.01325D+00	7.50000D+00	3.22500E+03	1.79137E-01	1.34073E+04
1.01325D+00	7.50000D+00	3.25000E+03	2.83281E-01	1.38513E+04
1.01325D+00	7.50000D+00	3.27500E+03	3.96713E-01	1.43113E+04
1.01325D+00	7.50000D+00	3.30000E+03	5.21065E-01	1.47884E+04
1.01325D+00	7.50000D+00	3.32500E+03	6.58328E-01	1.52837E+04
1.01325D+00	7.50000D+00	3.35000E+03	8.10931E-01	1.57983E+04
1.01325D+00	7.50000D+00	3.37500E+03	9.81844E-01	1.63333E+04
1.01325D+00	7.50000D+00	3.40000E+03	1.17470E+00	1.68897E+04
1.01325D+00	7.50000D+00	3.42500E+03	1.39394E+00	1.74686E+04
1.01325D+00	7.50000D+00	3.45000E+03	1.64504E+00	1.80706E+04
1.01325D+00	7.50000D+00	3.47500E+03	1.93477E+00	1.86963E+04
1.01325D+00	7.50000D+00	3.50000E+03	2.27148E+00	1.93455E+04
1.01325D+00	7.50000D+00	3.52500E+03	2.66566E+00	2.00177E+04
1.01325D+00	7.50000D+00	3.55000E+03	3.13044E+00	2.07115E+04
1.01325D+00	7.50000D+00	3.57500E+03	3.68253E+00	2.14243E+04
1.01325D+00	7.50000D+00	3.60000E+03	4.34338E+00	2.21528E+04
1.01325D+00	7.50000D+00	3.62500E+03	5.14088E+00	2.28920E+04
1.01325D+00	7.50000D+00	3.65000E+03	6.11188E+00	2.36358E+04
1.01325D+00	7.50000D+00	3.67500E+03	7.30599E+00	2.43767E+04
1.01325D+00	7.50000D+00	3.70000E+03	8.79149E+00	2.51057E+04
1.01325D+00	7.50000D+00	3.72500E+03	1.06648E+01	2.58128E+04
1.01325D+00	7.50000D+00	3.75000E+03	1.30664E+01	2.64872E+04
1.01325D+00	7.50000D+00	3.77500E+03	1.62087E+01	2.71177E+04
1.01325D+00	7.50000D+00	3.80000E+03	2.04288E+01	2.76928E+04
1.01325D+00	7.50000D+00	3.82500E+03	2.62927E+01	2.82013E+04
1.01325D+00	7.50000D+00	3.85000E+03	3.48278E+01	2.86324E+04
1.01325D+00	7.50000D+00	3.87500E+03	4.81040E+01	2.89759E+04
1.01325D+00	7.50000D+00	3.90000E+03	7.09772E+01	2.92216E+04
1.01325D+00	7.50000D+00	3.92500E+03	7.09772E+01	2.92216E+04
1.01325D+00	7.50000D+00	3.95000E+03	7.09772E+01	2.92216E+04
1.01325D+00	7.50000D+00	3.97500E+03	7.09772E+01	2.92216E+04
1.01325D+00	7.50000D+00	4.00000E+03	7.09772E+01	2.92216E+04
p (bar)	B'g	Temp (K)	B'c	Hw (kJ/kg)
1.01325D+00	1.00000D+01	2.50000E+02	0.00000E+00	-8.78029E+03
1.01325D+00	1.00000D+01	2.75000E+02	0.00000E+00	-8.71824E+03
1.01325D+00	1.00000D+01	3.00000E+02	0.00000E+00	-8.64882E+03
1.01325D+00	1.00000D+01	3.25000E+02	0.00000E+00	-8.57187E+03
1.01325D+00	1.00000D+01	3.50000E+02	0.00000E+00	-8.48805E+03
1.01325D+00	1.00000D+01	3.75000E+02	0.00000E+00	-8.39866E+03
1.01325D+00	1.00000D+01	4.00000E+02	0.00000E+00	-8.30524E+03
1.01325D+00	1.00000D+01	4.25000E+02	0.00000E+00	-8.20930E+03
1.01325D+00	1.00000D+01	4.50000E+02	0.00000E+00	-8.11211E+03
1.01325D+00	1.00000D+01	4.75000E+02	0.00000E+00	-8.01459E+03
1.01325D+00	1.00000D+01	5.00000E+02	0.00000E+00	-7.91730E+03
1.01325D+00	1.00000D+01	5.25000E+02	0.00000E+00	-7.82046E+03
1.01325D+00	1.00000D+01	5.50000E+02	0.00000E+00	-7.72386E+03
1.01325D+00	1.00000D+01	5.75000E+02	0.00000E+00	-7.62695E+03
1.01325D+00	1.00000D+01	6.00000E+02	0.00000E+00	-7.52869E+03
1.01325D+00	1.00000D+01	6.25000E+02	0.00000E+00	-7.42744E+03
1.01325D+00	1.00000D+01	6.50000E+02	0.00000E+00	-7.32082E+03
1.01325D+00	1.00000D+01	6.75000E+02	0.00000E+00	-7.20539E+03
1.01325D+00	1.00000D+01	7.00000E+02	0.00000E+00	-7.07638E+03
1.01325D+00	1.00000D+01	7.25000E+02	0.00000E+00	-6.92729E+03
1.01325D+00	1.00000D+01	7.50000E+02	0.00000E+00	-6.74964E+03
1.01325D+00	1.00000D+01	7.75000E+02	0.00000E+00	-6.53294E+03
1.01325D+00	1.00000D+01	8.00000E+02	0.00000E+00	-6.26529E+03
1.01325D+00	1.00000D+01	8.25000E+02	0.00000E+00	-5.93492E+03
1.01325D+00	1.00000D+01	8.50000E+02	0.00000E+00	-5.53306E+03
1.01325D+00	1.00000D+01	8.75000E+02	0.00000E+00	-5.05778E+03
1.01325D+00	1.00000D+01	9.00000E+02	0.00000E+00	-4.51799E+03
1.01325D+00	1.00000D+01	9.25000E+02	0.00000E+00	-3.93546E+03
1.01325D+00	1.00000D+01	9.50000E+02	0.00000E+00	-3.34263E+03
1.01325D+00	1.00000D+01	9.75000E+02	0.00000E+00	-2.77558E+03
1.01325D+00	1.00000D+01	1.00000E+03	0.00000E+00	-2.26443E+03
1.01325D+00	1.00000D+01	1.02500E+03	0.00000E+00	-1.82609E+03
1.01325D+00	1.00000D+01	1.05000E+03	0.00000E+00	-1.46304E+03
1.01325D+00	1.00000D+01	1.07500E+03	0.00000E+00	-1.16733E+03
1.01325D+00	1.00000D+01	1.10000E+03	0.00000E+00	-9.26389E+02
1.01325D+00	1.00000D+01	1.12500E+03	0.00000E+00	-7.27324E+02
1.01325D+00	1.00000D+01	1.15000E+03	0.00000E+00	-5.59111E+02
1.01325D+00	1.00000D+01	1.17500E+03	0.00000E+00	-4.13173E+02
1.01325D+00	1.00000D+01	1.20000E+03	0.00000E+00	-2.83169E+02
1.01325D+00	1.00000D+01	1.22500E+03	0.00000E+00	-1.64539E+02
1.01325D+00	1.00000D+01	1.25000E+03	0.00000E+00	-5.40413E+01
1.01325D+00	1.00000D+01	1.27500E+03	0.00000E+00	5.06214E+01
1.01325D+00	1.00000D+01	1.30000E+03	0.00000E+00	1.51082E+02
1.01325D+00	1.00000D+01	1.32500E+03	0.00000E+00	2.48509E+02
1.01325D+00	1.00000D+01	1.35000E+03	0.00000E+00	3.43745E+02
1.01325D+00	1.00000D+01	1.37500E+03	0.00000E+00	4.37401E+02
1.01325D+00	1.00000D+01	1.40000E+03	0.00000E+00	5.29930E+02
1.01325D+00	1.00000D+01	1.42500E+03	0.00000E+00	6.21669E+02
1.01325D+00	1.00000D+01	1.45000E+03	0.00000E+00	7.12871E+02
1.01325D+00	1.00000D+01	1.47500E+03	0.00000E+00	8.03732E+02
1.01325D+00	1.00000D+01	1.50000E+03	0.00000E+00	8.94402E+02
1.01325D+00	1.00000D+01	1.52500E+03	0.00000E+00	9.85003E+02
1.01325D+00	1.00000D+01	1.55000E+03	0.00000E+00	1.07563E+03
1.01325D+00	1.00000D+01	1.57500E+03	0.00000E+00	1.16637E+03
1.01325D+00	1.00000D+01	1.60000E+03	0.00000E+00	1.25730E+03
1.01325D+00	1.00000D+01	1.62500E+03	0.00000E+00	1.34846E+03
1.01325D+00	1.00000D+01	1.65000E+03	0.00000E+00	1.43993E+03
1.01325D+00	1.00000D+01	1.67500E+03	0.00000E+00	1.53176E+03
1.01325D+00	1.00000D+01	1.70000E+03	0.00000E+00	1.62399E+03
1.01325D+00	1.00000D+01	1.72500E+03	0.00000E+00	1.71670E+03
1.01325D+00	1.00000D+01	1.75000E+03	0.00000E+00	1.80992E+03
1.01325D+00	1.00000D+01	1.77500E+03	0.00000E+00	1.90372E+03
1.01325D+00	1.00000D+01	1.80000E+03	0.00000E+00	1.99817E+03
1.01325D+00	1.00000D+01	1.82500E+03	0.00000E+00	2.09333E+03
1.01325D+00	1.00000D+01	1.85000E+03	0.00000E+00	2.18926E+03
1.01325D+00	1.00000D+01	1.87500E+03	0.00000E+00	2.28606E+03
1.01325D+00	1.00000D+01	1.90000E+03	0.00000E+00	2.38380E+03
1.01325D+00	1.00000D+01	1.92500E+03	0.00000E+00	2.48257E+03
1.01325D+00	1.00000D+01	1.95000E+03	0.00000E+00	2.58248E+03
1.01325D+00	1.00000D+01	1.97500E+03	0.00000E+00	2.68362E+03
1.01325D+00	1.00000D+01	2.00000E+03	0.00000E+00	2.78612E+03
1.01325D+00	1.00000D+01	2.02500E+03	0.00000E+00	2.89010E+03
1.01325D+00	1.00000D+01	2.05000E+03	0.00000E+00	2.99569E+03
1.01325D+00	1.00000D+01	2.07500E+03	0.00000E+00	3.10303E+03
1.01325D+00	1.00000D+01	2.10000E+03	0.00000E+00	3.21227E+03
1.01325D+00	1.00000D+01	2.12500E+03	0.00000E+00	3.32358E+03
1.01325D+00	1.00000D+01	2.15000E+03	0.00000E+00	3.43713E+03
1.01325D+00	1.00000D+01	2.17500E+03	0.00000E+00	3.55309E+03
1.01325D+00	1.00000D+01	2.20000E+03	0.00000E+00	3.67165E+03
1.01325D+00	1.00000D+01	2.22500E+03	0.00000E+00	3.79302E+03
1.01325D+00	1.00000D+01	2.25000E+03	0.00000E+00	3.91739E+03
1.01325D+00	1.00000D+01	2.27500E+03	0.00000E+00	4.04500E+03
1.01325D+00	1.00000D+01	2.30000E+03	0.00000E+00	4.17606E+03
1.01325D+00	1.00000D+01	2.32500E+03	0.00000E+00	4.31081E+03
1.01325D+00	1.00000D+01	2.35000E+03	0.00000E+00	4.44948E+03
1.01325D+00	1.00000D+01	2.37500E+03	0.00000E+00	4.59233E+03
1.01325D+00	1.00000D+01	2.40000E+03	0.00000E+00	4.73961E+03
1.01325D+00	1.00000D+01	2.42500E+03	0.00000E+00	4.89157E+03
1.01325D+00	1.00000D+01	2.45000E+03	0.00000E+00	5.04847E+03
1.01325D+00	1.00000D+01	2.47500E+03	0.00000E+00	5.21058E+03
1.01325D+00	1.00000D+01	2.50000E+03	0.00000E+00	5.37816E+03
1.01325D+00	1.00000D+01	2.52500E+03	0.00000E+00	5.55149E+03
1.01325D+00	1.00000D+01	2.55000E+03	0.00000E+00	5.73083E+03
1.01325D+00	1.00000D+01	2.57500E+03	0.00000E+00	5.91644E+03
1.01325D+00	1.00000D+01	2.60000E+03	0.00000E+00	6.10858E+03
1.01325D+00	1.00000D+01	2.62500E+03	0.00000E+00	6.30752E+03
1.01325D+00	1.00000D+01	2.65000E+03	0.00000E+00	6.51352E+03
1.01325D+00	1.00000D+01	2.67500E+03	0.00000E+00	6.72681E+03
1.01325D+00	1.00000D+01	2.70000E+03	0.00000E+00	6.94765E+03
1.01325D+00	1.00000D+01	2.72500E+03	0.00000E+00	7.17628E+03
1.01325D+00	1.00000D+01	2.75000E+03	0.00000E+00	7.41292E+03
1.01325D+00	1.00000D+01	2.77500E+03	0.00000E+00	7.65781E+03
1.01325D+00	1.00000D+01	2.80000E+03	0.00000E+00	7.91117E+03
1.01325D+00	1.00000D+01	2.82500E+03	0.00000E+00	8.17321E+03
1.01325D+00	1.00000D+01	2.85000E+03	0.00000E+00	8.44414E+03
1.01325D+00	1.00000D+01	2.87500E+03	0.00000E+00	8.72419E+03
1.01325D+00	1.00000D+01	2.90000E+03	0.00000E+00	9.01355E+03
1.01325D+00	1.00000D+01	2.92500E+03	0.00000E+00	9.31245E+03
1.01325D+00	1.00000D+01	2.95000E+03	0.00000E+00	9.62112E+03
1.01325D+00	1.00000D+01	2.97500E+03	0.00000E+00	9.93979E+03
1.01325D+00	1.00000D+01	3.00000E+03	0.00000E+00	1.02687E+04
1.01325D+00	1.00000D+01	3.02500E+03	0.00000E+00	1.06082E+04
1.01325D+00	1.00000D+01	3.05000E+03	0.00000E+00	1.09585E+04
1.01325D+00	1.00000D+01	3.07500E+03	0.00000E+00	1.13199E+04
1.01325D+00	1.00000D+01	3.10000E+03	0.00000E+00	1.16930E+04
1.01325D+00	1.00000D+01	3.12500E+03	0.00000E+00	1.20780E+04
1.01325D+00	1.00000D+01	3.15000E+03	0.00000E+00	1.24755E+04
1.01325D+00	1.00000D+01	3.17500E+03	0.00000E+00	1.28862E+04
1.01325D+00	1.00000D+01	3.20000E+03	0.00000E+00	1.33105E+04
1.01325D+00	1.00000D+01	3.22500E+03	1.09975E-01	1.37492E+04
1.01325D+00	1.00000D+01	3.25000E+03	2.46850E-01	1.42031E+04
1.01325D+00	1.00000D+01	3.27500E+03	3.96038E-01	1.46730E+04
1.01325D+00	1.00000D+01	3.30000E+03	5.59690E-01	1.51600E+04
1.01325D+00	1.00000D+01	3.32500E+03	7.40430E-01	1.56649E+04
1.01325D+00	1.00000D+01	3.35000E+03	9.41459E-01	1.61887E+04
1.01325D+00	1.00000D+01	3.37500E+03	1.16669E+00	1.67325E+04
1.01325D+00	1.00000D+01	3.40000E+03	1.42090E+00	1.72972E+04
1.01325D+00	1.00000D+01	3.42500E+03	1.70995E+00	1.78835E+04
1.01325D+00	1.00000D+01	3.45000E+03	2.04106E+00	1.84919E+04
1.01325D+00	1.00000D+01	3.47500E+03	2.42313E+00	1.91226E+04
1.01325D+00	1.00000D+01	3.50000E+03	2.86718E+00	1.97753E+04
1.01325D+00	1.00000D+01	3.52500E+03	3.38700E+00	2.04491E+04
1.01325D+00	1.00000D+01	3.55000E+03	3.99994E+00	2.11421E+04
1.01325D+00	1.00000D+01	3.57500E+03	4.72798E+00	2.18515E+04
1.01325D+00	1.00000D+01	3.60000E+03	5.59940E+00	2.25736E+04
1.01325D+00	1.00000D+01	3.62500E+03	6.65095E+00	2.33030E+04
1.01325D+00	1.00000D+01	3.65000E+03	7.93121E+00	2.40334E+04
1.01325D+00	1.00000D+01	3.67500E+03	9.50557E+00	2.47569E+04
1.01325D+00	1.00000D+01	3.70000E+03	1.14640E+01	2.54647E+04
1.01325D+00	1.00000D+01	3.72500E+03	1.39337E+01	2.61468E+04
1.01325D+00	1.00000D+01	3.75000E+03	1.70996E+01	2.67926E+04
1.01325D+00	1.00000D+01	3.77500E+03	2.12421E+01	2.73913E+04
1.01325D+00	1.00000D+01	3.80000E+03	2.68051E+01	2.79320E+04
1.01325D+00	1.00000D+01	3.82500E+03	3.45348E+01	2.84042E+04
1.01325D+00	1.00000D+01	3.85000E+03	4.57853E+01	2.87982E+04
1.01325D+00	1.00000D+01	3.87500E+03	6.32836E+01	2.91045E+04
1.01325D+00	1.00000D+01	3.90000E+03	9.34264E+01	2.93137E+04
1.01325D+00	1.00000D+01	3.92500E+03	9.34264E+01	2.93137E+04
1.01325D+00	1.00000D+01	3.95000E+03	9.34264E+01	2.93137E+04
1.01325D+00	1.00000D+01	3.97500E+03	9.34264E+01	2.93137E+04
1.01325D+00	1.00000D+01	4.00000E+03	9.34264E+01	2.93137E+04